schema,table,row_count,captured_at_utc,database,baseline_count,difference,status
public,causes,24,2026-09-29T23:41:23.579444+00:00,UGSTank,,,BASELINE
public,cert_of_installations,9,2026-09-29T23:41:23.579444+00:00,UGSTank,,,BASELINE
public,chemical_list,774,2026-09-29T23:41:23.579444+00:00,UGSTank,,,BASELINE
public,compartment_statuses,8,2026-09-29T23:41:23.579444+00:00,UGSTank,,,BASELINE
public,coordinate_sources,6,2026-09-29T23:41:23.579444+00:00,UGSTank,,,BASELINE
public,corrective_action_strategies,39,2026-09-29T23:41:23.579444+00:00,UGSTank,,,BASELINE
public,cui_exclusions,4517,2026-09-29T23:41:23.579444+00:00,UGSTank,,,BASELINE
public,dispenser_udc_wall_types,3,2026-09-29T23:41:23.579444+00:00,UGSTank,,,BASELINE
public,epa_regions,56,2026-09-29T23:41:23.579444+00:00,UGSTank,,,BASELINE
public,facility_types,25,2026-09-29T23:41:23.579444+00:00,UGSTank,,,BASELINE
public,generated_table_sort_order,4,2026-09-29T23:41:23.579444+00:00,UGSTank,,,BASELINE
public,how_release_detected,13,2026-09-29T23:41:23.579444+00:00,UGSTank,,,BASELINE
public,mapped_table_types,7,2026-09-29T23:41:23.579444+00:00,UGSTank,,,BASELINE
public,oust_release_value_mapping,193,2026-09-29T23:41:23.579444+00:00,UGSTank,,,BASELINE
public,oust_ust_value_mapping,0,2026-09-29T23:41:23.579444+00:00,UGSTank,,,BASELINE
public,owner_types,9,2026-09-29T23:41:23.579444+00:00,UGSTank,,,BASELINE
public,performance_measures_release,56,2026-09-29T23:41:23.579444+00:00,UGSTank,,,BASELINE
public,performance_measures_ust,56,2026-09-29T23:41:23.579444+00:00,UGSTank,,,BASELINE
public,pipe_tank_top_sump_wall_types,3,2026-09-29T23:41:23.579444+00:00,UGSTank,,,BASELINE
public,piping_styles,9,2026-09-29T23:41:23.579444+00:00,UGSTank,,,BASELINE
public,piping_wall_types,3,2026-09-29T23:41:23.579444+00:00,UGSTank,,,BASELINE
public,release_control,22,2026-09-29T23:41:23.579444+00:00,UGSTank,,,BASELINE
public,release_discovered,19,2026-09-29T23:41:23.579444+00:00,UGSTank,,,BASELINE
public,release_element_allowed_values,18,2026-09-29T23:41:23.579444+00:00,UGSTank,,,BASELINE
public,release_element_lookup_tables,4,2026-09-29T23:41:23.579444+00:00,UGSTank,,,BASELINE
public,release_element_mapping,387,2026-09-29T23:41:23.579444+00:00,UGSTank,,,BASELINE
public,release_element_table_sort_order,5,2026-09-29T23:41:23.579444+00:00,UGSTank,,,BASELINE
public,release_element_value_mapping,1286,2026-09-29T23:41:23.579444+00:00,UGSTank,,,BASELINE
public,release_elements,43,2026-09-29T23:41:23.579444+00:00,UGSTank,,,BASELINE
public,release_elements_tables,47,2026-09-29T23:41:23.579444+00:00,UGSTank,,,BASELINE
public,release_required_view_columns,10,2026-09-29T23:41:23.579444+00:00,UGSTank,,,BASELINE
public,release_statuses,8,2026-09-29T23:41:23.579444+00:00,UGSTank,,,BASELINE
public,release_template_data_tables,5,2026-09-29T23:41:23.579444+00:00,UGSTank,,,BASELINE
public,release_template_lookup_tables,6,2026-09-29T23:41:23.579444+00:00,UGSTank,,,BASELINE
public,release_view_key_columns,9,2026-09-29T23:41:23.579444+00:00,UGSTank,,,BASELINE
public,sources,8,2026-09-29T23:41:23.579444+00:00,UGSTank,,,BASELINE
public,spill_bucket_wall_types,3,2026-09-29T23:41:23.579444+00:00,UGSTank,,,BASELINE
public,state_hazardous_substances,0,2026-09-29T23:41:23.579444+00:00,UGSTank,,,BASELINE
public,states,57,2026-09-29T23:41:23.579444+00:00,UGSTank,,,BASELINE
public,substances,78,2026-09-29T23:41:23.579444+00:00,UGSTank,,,BASELINE
public,tank_locations,6,2026-09-29T23:41:23.579444+00:00,UGSTank,,,BASELINE
public,tank_material_descriptions,12,2026-09-29T23:41:23.579444+00:00,UGSTank,,,BASELINE
public,tank_secondary_containments,9,2026-09-29T23:41:23.579444+00:00,UGSTank,,,BASELINE
public,tank_statuses,8,2026-09-29T23:41:23.579444+00:00,UGSTank,,,BASELINE
public,tx_analysis_chemical,0,2026-09-29T23:41:23.579444+00:00,UGSTank,,,BASELINE
public,tx_analysis_chemical_hazard,0,2026-09-29T23:41:23.579444+00:00,UGSTank,,,BASELINE
public,ust_compartment,549607,2026-09-29T23:41:23.579444+00:00,UGSTank,,,BASELINE
public,ust_compartment_dispenser,43148,2026-09-29T23:41:23.579444+00:00,UGSTank,,,BASELINE
public,ust_compartment_substance,287581,2026-09-29T23:41:23.579444+00:00,UGSTank,,,BASELINE
public,ust_control,29,2026-09-29T23:41:23.579444+00:00,UGSTank,,,BASELINE
public,ust_element_allowed_values,227,2026-09-29T23:41:23.579444+00:00,UGSTank,,,BASELINE
public,ust_element_lookup_tables,16,2026-09-29T23:41:23.579444+00:00,UGSTank,,,BASELINE
public,ust_element_mapping,2146,2026-09-29T23:41:23.579444+00:00,UGSTank,,,BASELINE
public,ust_element_table_sort_order,9,2026-09-29T23:41:23.579444+00:00,UGSTank,,,BASELINE
public,ust_element_value_mapping,3050,2026-09-29T23:41:23.579444+00:00,UGSTank,,,BASELINE
public,ust_elements,134,2026-09-29T23:41:23.579444+00:00,UGSTank,,,BASELINE
public,ust_elements_tables,169,2026-09-29T23:41:23.579444+00:00,UGSTank,,,BASELINE
public,ust_facility,187500,2026-09-29T23:41:23.579444+00:00,UGSTank,,,BASELINE
public,ust_facility_dispenser,39319,2026-09-29T23:41:23.579444+00:00,UGSTank,,,BASELINE
public,ust_facility_geocode,0,2026-09-29T23:41:23.579444+00:00,UGSTank,,,BASELINE
public,ust_piping,509104,2026-09-29T23:41:23.579444+00:00,UGSTank,,,BASELINE
public,ust_release,67779,2026-09-29T23:41:23.579444+00:00,UGSTank,,,BASELINE
public,ust_release_cause,16293,2026-09-29T23:41:23.579444+00:00,UGSTank,,,BASELINE
public,ust_release_corrective_action_strategy,5649,2026-09-29T23:41:23.579444+00:00,UGSTank,,,BASELINE
public,ust_release_geocode,0,2026-09-29T23:41:23.579444+00:00,UGSTank,,,BASELINE
public,ust_release_source,13081,2026-09-29T23:41:23.579444+00:00,UGSTank,,,BASELINE
public,ust_release_substance,16502,2026-09-29T23:41:23.579444+00:00,UGSTank,,,BASELINE
public,ust_required_view_columns,29,2026-09-29T23:41:23.579444+00:00,UGSTank,,,BASELINE
public,ust_tank,538715,2026-09-29T23:41:23.579444+00:00,UGSTank,,,BASELINE
public,ust_tank_dispenser,20347,2026-09-29T23:41:23.579444+00:00,UGSTank,,,BASELINE
public,ust_tank_substance,543642,2026-09-29T23:41:23.579444+00:00,UGSTank,,,BASELINE
public,ust_template_data_tables,9,2026-09-29T23:41:23.579444+00:00,UGSTank,,,BASELINE
public,ust_template_lookup_tables,3,2026-09-29T23:41:23.579444+00:00,UGSTank,,,BASELINE
public,ust_view_key_columns,26,2026-09-29T23:41:23.579444+00:00,UGSTank,,,BASELINE
