id,status,r1,date_rep,date_close,image,site_name,resp_party,street,city,zip_code,county,latitude,longitude,township,range,section,secq1,acreage,instctrls,material,amount,units,spill_cat,site_type,proptype,sor_type,regulated,cause_type,atp_no,prcfnumber,ag_no,solidwaste,microroll,siteid
82.017,"C",LB,7/26/1982,2/16/1993,True,"Spill near Fort Pierre Fire Station","Fort Pierre","Ft. Pierre Fire Station",Fort Pierre,57532,Stanley,44.3565,-100.373474,,,,"","0.00","","Diesel                                            ","95.00000",gallons,"Petroleum","Other(See Case File)","Commercial","Truck Tank","False","Damage",,"null",,"","",77
84.034,"C",BL,4/24/1984,9/20/1995,True,"Dittman's Well","Unknown","Dittman's",Hayes,57537,Stanley,44.3721161,-101.0216,,,,"","0.00","","Gasoline                                          ","0.00000",,"Petroleum","Source Water","Residential","AST","False","Handling",,"null",,"","",205
88.052,"C",KM,4/18/1988,6/30/2000,True,"Pierre Farmers Elevator - Leaking Transport Tank","Pierre Farmers Elevator","Antelope Creek Rd.",Fort Pierre,57532,Stanley,44.3155823,-100.333931,,,,"","0.00","","Fertilizer                                        ","500.00000",gallons,"Agri Chem","Other(See Case File)","Other(See Case File)","Transport Tank","False","Leakage",,"null",,"","",656
88.270,"C",DM,11/7/1988,6/30/2000,True,"SD DOT Maintenance Shop -  Line Leak","SD Department of Transportation (SD DOT)","Hwy. 14/34",Hayes,57537,Stanley,44.3714371,-101.021866,5N,26E,30,"N","0.00","","Petroleum                                         ","0.00000",,"Petroleum","Other(See Case File)","Public","UST","True","Line Leak",,"0013",,"","",869
89.166,"C",BL,7/25/1989,2/3/1992,True,"Christy Lumber Incorporated - Pump Damage","Christy Lumber Incorporated","Highway 34 / 14 near 1406",Fort Pierre,57532,Stanley,44.3724937,-100.393456,,,,"","0.00","","Gasoline                                          ","0.00000",,"Petroleum","Other(See Case File)","Commercial","UST","True","Dispenser Leak",,"0558",,"","",1055
90.418,"C",TK,9/8/1990,2/25/1991,True,"Fort Pierre - Jim Haugh","City of Fort Pierre","Verendrye Drive",Fort Pierre,57532,Stanley,44.35677,-100.379425,,,,"","0.00","","Asphalt Emulsion                                  ","20.00000",gallons,"Oil","Other(See Case File)","Other(See Case File)","Transport Truck","False","Spillage",,"null",,"","",1653
90.511,"C",MV,10/24/1990,6/7/1995,True,"Forney Oil Company","Paul Forney","4th & Deadwood",Fort Pierre,57532,Stanley,44.3572426,-100.373016,,,,"","0.00","","Petroleum                                         ","0.00000",,"Petroleum","Other(See Case File)","Commercial","UST","True","Spillage",,"1208",,"","",1746
91.053,"C",SH,2/8/1991,8/3/1995,True,"Oahe Marina","Oahe Marina and Resort Inc","Oahe Campground",Fort Pierre,57532,Stanley,44.4393349,-100.389748,,,,"","0.00","","Petroleum                                         ","0.00000",,"Petroleum","Other(See Case File)","Commercial","UST","True","Leakage",,"1380",,"","",1943
91.137,"NFA",NS,4/11/1991,7/8/2003,True,"Stanley County Highway Shop - Tank Removals","Stanley County","SE at Sale Barn & Stanley Road",Fort Pierre,57532,Stanley,44.3644257,-100.381912,,,,"","0.00","","Petroleum                                         ","0.00000",,"Petroleum","Other(See Case File)","Public","UST","True","Leakage",,"1443",,"","218",2027
91.280,"C",KM,6/24/1991,6/25/1992,True,"Fish Kill - Hayes Lake","Unknown","Hayes Lake, N side of bridge.",Hayes,57537,Stanley,44.37224,-101.018715,,,,"","0.00","","unknown                                           ","0.00000",,"Other(See Case File)","Other(See Case File)","Other(See Case File)","Unknown(See Case File)","False","Unknown",,"null",,"","",2170
91.343,"C",KM,8/5/1991,8/12/1991,True,"Foam on the Missouri River","Unknown","120 E. 2nd Ave.",Fort Pierre,57532,Stanley,44.3560371,-100.369263,,,,"","0.00","","Unknown foam                                      ","0.00000",,"Other(See Case File)","Other(See Case File)","Other(See Case File)","Unknown(See Case File)","False","Unknown",,"null",,"","",2233
91.440,"C",KM,9/13/1991,9/16/1991,True,"Lower Brule - Irrigation Site","Lower Brule Sioux Tribe","4-5 miles down river of Antelope Creek",Fort Pierre,57532,Stanley,44.30902,-100.103882,,,,"","0.00","","Diesel                                            ","200.00000",gallons,"Petroleum","Other(See Case File)","Agricultural","AST","False","Leakage",,"1642",,"","",2330
91.673,"C",BL,12/26/1991,4/1/1993,True,"Keytrol Site -  Haskins Property","Midwest Cooperatives","Hwy 1806 & Sansarcrd",Fort Pierre,57532,Stanley,44.4992256,-100.7362,,,,"","0.00","","petroleum                                         ","0.00000",,"Petroleum","Other(See Case File)","Commercial","AST","True","Spillage",,"1980",,"","",2563
91.675,"C",BL,12/26/1991,4/1/1993,True,"Keytrol Site - Stoeser Property","Midwest Cooperatives","Highway 63",Hayes,57537,Stanley,44.49943,-101.136414,6N,25E,7,"NE","0.00","","gasoline                                          ","0.00000",,"Petroleum","Other(See Case File)","Commercial","UST","True","Spillage",,"1982",,"","",2565
91.701,"NFA",TK ,3/11/1991,4/9/1991,True,"1991 Tank Removals - Recorded Jun 2017","Stanley County","Rolling Green Place, N of Hwy 34",Hayes,57537,Stanley,44.373333,-101.024796,,,,"null","null","null","Fuel Oil                                          ","null",,"Petroleum","Other(See Case File)","Other(See Case File)","UST","False","Spillage",,"null",,"null","null",14028
92.019,"NFA",KH,1/17/1992,3/26/2002,True,"Keytrol Site - Hayes (Oasis II)","Midwest Cooperatives","Hwy 14",Hayes,57537,Stanley,44.37139,-101.021149,5N,26,30,"NE","0.00","","Petroleum                                         ","0.00000",,"Petroleum","Other(See Case File)","Commercial","AST","True","Leakage",,"2004",,"","237, 259",2609
92.064,"C",KM,3/5/1992,8/1/1994,True,"Hoffman Trucking Transport Event","Hoffman Trucking","10 miles S. & 9 East",Fort Pierre,57532,Stanley,44.2093124,-100.235054,,,,"","0.00","","Diesel                                            ","100.00000",gallons,"Petroleum","Other(See Case File)","Other(See Case File)","Truck Tank","False","Transport Accident",,"null",,"","",2654
92.094,"C",TK,4/1/1992,8/23/1993,True,"Oil spill at irrigation pump","J. Forney - Bob Wilcox","Frontier Road",Fort Pierre,57532,Stanley,44.4501228,-100.441383,,,,"","0.00","","Oil                                               ","0.00000",,"Oil","Other(See Case File)","Agricultural","Drums","False","Leakage",,"null",,"","",2684
92.270,"C",RC,8/6/1992,10/9/1992,True,"Brad Clark Electric - Former Station Site","Brad Clark","103 S. 1st Street (Main & 1st)",Fort Pierre,57532,Stanley,44.3533669,-100.373886,,,,"","0.00","","Diesel                                            ","0.00000",,"Petroleum","Other(See Case File)","Commercial","UST","True","Spillage",,"2240",,"","",2860
92.335,"C",TK,9/28/1992,7/12/1993,True,"Ice Spray Service Transport Event","Ice Spray Service","Hwy 1806 (.5 m S of Lower Brule Farm Hdqtrs)",Fort Pierre,57532,Stanley,44.2311325,-99.93063,,,,"","0.00","","Pesticide 2,4-D                                   ","5.00000",,"Agri Chem","Other(See Case File)","Other(See Case File)","Containers","False","Spillage",,"null",,"","",2925
92.426,"C",NS ,9/5/1992,1/11/1993,True,"1992 Tank Removal - recorded Jan 2017","Sivage Farms","Hwy 14/63, SW of Hwy 34 junction",Hayes,57537,Stanley,44.3671036,-101.126289,,,,"null","null","null","Petroleum                                         ","null",,"Petroleum","Other(See Case File)","Other(See Case File)","UST","True","Spillage",,"null",,"null","null",13877
93.083,"C",KM,4/15/1993,4/30/1993,True,"Harry's Oil Company Transport Event","Keith Harry","Kirley Rd., 1 mi W. of Highway 63",Hayes,57537,Stanley,44.5239258,-101.154869,,,,"","0.00","","Gasoline                                          ","15.00000",gallons,"Petroleum","Other(See Case File)","Other(See Case File)","Transport Truck","False","Venting",,"null",,"","",3098
93.098,"C",KM,4/27/1993,6/9/1993,True,"Suspected Pesticide Spill","Fort Pierre Development Corporation","Highway 83",Fort Pierre,57532,Stanley,44.3580055,-100.375328,,,,"","0.00","","pesticide                                         ","0.00000",,"Agri Chem","Other(See Case File)","Agricultural","Unknown(See Case File)","False","Unknown",,"null",,"","",3113
93.160,"C",TK,6/10/1993,1/26/1994,True,"Chuckwagon - Vandalism","Armond Ballard","112 Deadwood Ave.",Fort Pierre,57532,Stanley,44.3546066,-100.370491,,,,"","0.00","","Used Cooking Grease                               ","0.00000",,"Other(See Case File)","Other(See Case File)","Commercial","Containers","False","Overturned",,"null",,"","",3175
93.288,"C",RC,9/8/1993,10/22/1993,True,"Paul Nordstrom - Former Station Site","Paul Nordstrom","NW corner of 2nd Ave & Deadwood St",Fort Pierre,57532,Stanley,44.3553925,-100.372063,,,,"","0.00","","Gasoline                                          ","0.00000",,"Petroleum","Other(See Case File)","Commercial","UST","True","Corrosion",,"2543",,"","",3303
94.202,"C",KH,7/8/1994,4/23/1996,True,"School Maintenance Shop - Tank Removal","Stanley County School","10 East Main",Fort Pierre,57532,Stanley,44.35352,-100.372566,,,,"","0.00","","Fuel Oil                                          ","0.00000",,"Petroleum","Other(See Case File)","Public","UST","False","Leakage",,"2698",,"","",3737
94.332,"O",AF,4/29/1994,,True,"CERCLIS - DOD/FUD Rapid City Precision Bombing Range #2 #b08sd0866","U.S. Army Corps of Engineers - Missouri River Division","11 miles South of Fort Pierre",Fort Pierre,57532,Stanley,44.1821861,-100.385971,3N,31E,27,"","0.00","","black powder spotting charges                     ","0.00000",,"Chemical","CERCLIS","Other(See Case File)","Munitions","False","Handling",,"null",,"","",3867
96.221,"C",TK,7/31/1996,8/1/1996,True,"Transportation Accident","Anderson Contractors","Highway 34 (near bridge)",Fort Pierre,57532,Stanley,44.37016,-100.372681,,,,"","0.00","","diesel fuel                                       ","10.00000",gallons,"Petroleum","Other(See Case File)","Other(See Case File)","Truck Tank","False","Transport Accident",,"null",,"","",4531
96.300,"C",NS,10/21/1996,12/30/1997,True,"Lower Brule Tank Removal","Lower Brule Farm Corporation","Hwy 1806 & Wakpa Place @ Lake Sharpe",Fort Pierre,57532,Stanley,44.2625122,-99.9278946,109,76W,11,"N","0.00","","Diesel Fuel                                       ","0.00000",,"Petroleum","Other(See Case File)","Agricultural","UST","True","Line Leak",,"3112",,"","",4610
97.050,"C",RC,3/3/1997,8/5/1997,True,"Stoeser Keytrol Site - Damaged Line","Harvest States Cooperative","Highway 63",Hayes,57537,Stanley,44.4995232,-101.136368,,,,"","0.00","","Unleaded Gasoline                                 ","1800.00000",gallons,"Petroleum","Other(See Case File)","Commercial","UST","True","Line Leak",,"3161",,"","",4738
97.274,"NFA",KH,8/18/1997,1/2/2002,True,"Texaco Food Shop - Assessments","Day Enterprises - Derek Day","Deadwood Street",Fort Pierre,57532,Stanley,44.3584442,-100.375435,,,,"","0.00","","petroleum                                         ","0.00000",,"Petroleum","Other(See Case File)","Commercial","UST","True","Leakage",,"3268",,"","",4962
99.334,"NFA",GMS,12/15/1999,11/2/2020,True,"Morris Irrigation - Former Mortar Pump Shop","Morris Irrigation","Highway 14/ 34",Fort Pierre,57532,Stanley,44.3710938,-100.385414,5N,31E,28,"NW","0.00","","petroleum                                         ","0.00000",,"Petroleum","Other(See Case File)","Commercial","UST","True","Leakage",,"3880",,"","",5881
2000.003,"C",KM,1/4/2000,8/17/2000,True,"Irrigation Pump Site - Easement #DACW 45-2-78-6079","Bill Thompson - Mike Durkin","Irrigation Pump Site",Fort Pierre,57538,Stanley,44.28463,-100.044449,110N,77W,35,"NE","0.00","","diesel fuel                                       ","0.00000",,"Petroleum","Other(See Case File)","Agricultural","Portable Tank","False","Leakage",,"null",,"","197",5901
2000.240,"C",LAS,7/30/2000,10/23/2000,True,"Hwy 14 Fuel Truck Accident","Cenex Harvest States","Highway 14, 2 miles West of Hayes",Hayes,57537,Stanley,44.37159,-101.0751,,,,"","0.00","","Diesel                                            ","0.00000",,"Petroleum","Other(See Case File)","Other(See Case File)","Truck Tank","False","Transport Accident",,"null",,"","203",6138
2000.337,"C",NS,11/2/2000,12/1/2000,True,"Brilz Property - Line Leak","Ken Brilz","301 Scotty Philips Avenue",Fort Pierre,57532,Stanley,44.34747,-100.368172,,,,"","0.00","","Fuel oil                                          ","175.00000",gallons,"Petroleum","Other(See Case File)","Residential","AST","False","Line Leak",,"null",,"","",6235
2001.056,"C",LAS,4/2/2001,5/4/2001,True,"Pup-trailer accident - Midwest Cooperatives","Midwest Cooperatives","N of junction Highways 63 and 34",Hayes,57537,Stanley,44.3725548,-101.135124,,,,"","0.00","","urea                                              ","6.00000",tons,"Agri Chem","Other(See Case File)","Other(See Case File)","Transport Trailer","False","Overturned",,"null",01JJ052902,"","203",6341
2001.095,"C",LAS,5/26/2001,4/13/2005,True,"Sivage Property - Fertilizer Spill","Midwest CO-OP","Hwy 14 (S of 4-Corners)",Hayes,57537,Stanley,44.36676,-101.1266,5,25,29,"NE","0.00","","32% Nitrogen fertilizer                           ","600.00000",gallons,"Agri Chem","Other(See Case File)","Agricultural","AST","False","Valve Leak",,"null",,"","239",6380
2001.195,"C",BM,7/18/2001,7/26/2001,True,"EnviroTech - Hydraulic Oil Release","EnviroTech","Streets of Marion Gardens",Fort Pierre,57532,Stanley,44.3716927,-100.38,,,,"","0.00","","hydraulic oil                                     ","0.00000",,"Oil","Other(See Case File)","Residential","Truck","False","Equipment Failure",,"null",,"","203",6480
2001.212,"C",BM,7/25/2001,9/4/2001,True,"Ft. Pierre Railroad Property - Grass Kill","Unknown","West side of Highway 83, South of elevator",Fort Pierre,57532,Stanley,44.35831,-100.37606,,,,"","0.00","","Unknown                                           ","0.00000",,"Other","Other(See Case File)","Industrial","Unknown(See Case File)","False","No Release",,"null",,"","203, 225,",6496
2001.742,"C",KM,12/27/2001,1/28/2002,True,"ATP - Parkview Building - Gym","Stanley County School District","Highway 83",Fort Pierre,57532,Stanley,44.35292,-100.373329,,,,"","0.00","","fuel oil                                          ","0.00000",,"Petroleum","ATP","Public","UST","False","Spillage",1719,"5671",,"","207",7024
2001.744,"C",KM,10/17/2001,1/28/2002,True,"ATP - Osterkamp Property","Nick Osterkamp","102 West Wandel Avenue",Fort Pierre,57532,Stanley,44.3480759,-100.372063,,,,"","0.00","","fuel oil                                          ","0.00000",,"Petroleum","ATP","Residential","UST","False","Leakage",2105,"6061",,"","219",7026
2001.768,"C",KM,12/26/2001,2/25/2002,True,"ATP - Johnson & Rodgers Apartments","Ed Rodgers","212 East Wandel Avenue",Fort Pierre,57532,Stanley,44.34876,-100.369347,,,,"","0.00","","fuel oil                                          ","0.00000",,"Petroleum","ATP","Other(See Case File)","UST","False","Leakage",1028,"4826",,"","207",7050
2001.780,"C",KM,12/27/2001,1/28/2002,True,"ATP - Former Don's Oasis","Dodie Schmitz-Garrity","25493 US Highway 14/34",Hayes,57537,Stanley,44.3713722,-101.0148,,,,"","0.00","","Petroleum                                         ","0.00000",,"Petroleum","ATP","Commercial","UST","True","Spillage",426,"4357",,"","207",7062
2001.854,"C",KM,1/31/2002,3/4/2002,True,"ATP- Doud Ranch","Richard Doud","25112 223rd Street",Midland,57552,Stanley,44.16922,-101.102676,3N,25E,34,"SW","0.00","","Petroleum                                         ","0.00000",,"Petroleum","ATP","Agricultural","UST","False","Leakage",1261,"5188",,"","207",7136
2001.917,"NFA",TF,1/8/2002,2/22/2016,True,"ATP - Former Dittman's","Tom Rose","25440 US Highway 14/34",Hayes,57537,Stanley,44.3721581,-101.021606,,,,"","0.00","","Petroleum                                         ","0.00000",,"Petroleum","ATP","Commercial","UST","True","Corrosion",744,"4683",,"","302",7199
2002.190,"C",KM,8/14/2002,10/23/2002,True,"ATP - Stoeser Property #2","Gene Stoeser","20011 SD Highway 63 North",Hayes,57537,Stanley,44.49067,-101.134483,,,,"","0.00","","Petroleum                                         ","0.00000",,"Petroleum","ATP","Agricultural","UST","False","Spillage",2311,"6282",,"","219",7471
2002.330,"NFA",KM,1/31/2003,5/9/2003,True,"ATP - Schimkat Property","Jerry Schimkat","606 Marion Street",Fort Pierre,57532,Stanley,44.36197,-100.370689,,,,"","0.00","","fuel oil                                          ","0.00000",,"Petroleum","ATP","Residential","UST","False","Spillage",2647,"6589",,"","217",7611
2002.336,"NFA",KM,1/28/2003,5/9/2003,True,"ATP - Stoeser Property #1","Gene Stoeser","Hayes Road",Hayes,57537,Stanley,44.56521,-101.113564,7N,25E,16,"SW","0.00","","petroleum                                         ","0.00000",,"Petroleum","ATP","Agricultural","UST","False","Leakage",2310,"6281",,"","217",7617
2003.025,"NFA",TF,3/11/2003,7/9/2004,True,"Keytrol Pump  (Haskin's site) - Line Leak","Midwest Cooperatives","SW of intersection at Sansarc & Willow Creek Roads",Mission Ridge,57557,Stanley,44.499218,-100.736122,6N,28E,9,"NE","0.00","","Diesel Fuel                                       ","2000.00000",gallons,"Petroleum","Other(See Case File)","Commercial","AST","True","Line Leak",,"6700",,"","237",7672
2003.152,"NFA",DM,9/12/2003,1/26/2009,True,"Hop Scotch Bar - Tank Removal","MG Oil","118 N. Deadwood",Fort Pierre,57532,Stanley,44.35528,-100.370949,5N,80W,27,"SE","0.00","","fuel oil                                          ","0.00000",,"Petroleum","Other(See Case File)","Commercial","UST","False","Leaks and Spills",,"6791",,"","262",7799
2003.211,"NFA",KH,12/9/2003,1/16/2004,True,"ATP -  Former R & W Excavating","Frank Mille","1326 Salebarn Road",Fort Pierre,57532,Stanley,44.3677177,-100.383255,,,,"","0.00","","Petroleum                                         ","0.00000",,"Petroleum","ATP","Commercial","UST","True","Leakage",2785,"6772",,"","225,",7858
2004.196,"C",RL,12/8/2004,5/18/2005,True,"Alleged chemical burial - Buchmann Property","Unknown","25969 213th Street",Hayes,57537,Stanley,44.3133278,-100.895195,,,,"","0.00","","unknown                                           ","0.00000",,"Other","Other(See Case File)","Agricultural","Combined(See Case File)","False","Handling",,"null",,"","239",8081
2005.024,"NFA",KH,1/26/2005,2/8/2005,True,"ATP - C & J Stoeser Ranch","Clayton Stoeser","25414 196th Street",Hayes,57537,Stanley,44.56111,-101.029518,,,,"","0.00","","Fuel Oil                                          ","0.00000",,"Petroleum","ATP","Agricultural","UST","False","Leakage",2809,"6811",,"","236",8118
2005.060,"C",BM,4/6/2005,4/19/2005,True,"Transport Oil Spill - Hwy 83","Don Hagen & Sons Trucking","1 mile N of Lyman / Stanley Co. line on Hwy 83",Fort Pierre,57532,Stanley,44.2113342,-100.345909,,,,"","0.00","","Lubricating Oil                                   ","24.00000",Gal,"Oil","Other(See Case File)","Other(See Case File)","Containers","False","Unsecured",,"null",,"","238",8154
2005.108,"C",RL,6/8/2005,7/18/2005,True,"Regulator Oil Spill - Storm Event","West Central Electric","Hwy 14 (S of 4-Corners)",Hayes,57537,Stanley,44.3642464,-101.124695,5N,25E,29,"","0.00","","Mineral Oil                                       ","180.00000",gal,"Oil","Other(See Case File)","Other(See Case File)","Transformer","False","Storm Event",,"null",,"","239",8202
2005.250,"NFA",KH,12/20/2005,1/6/2006,True,"ATP - Fenton Place","Lower Brule Farm Corporation","31252 Wakpa Place",Fort Pierre,57532,Stanley,44.2476349,-99.9137,,,,"","0.00","","Gasoline                                          ","0.00000",,"Petroleum","ATP","Agricultural","UST","True","Leakage",2899,"6944",,"","242",10417
2005.251,"NFA",KH,12/20/2005,1/9/2006,True,"ATP - Old Farm Shop","Lower Brule Sioux Tribe","Old Tribal Farm Shop - 31.7m W of LB on 1806",Fort Pierre,57532,Stanley,44.22319,-99.93016,,,,"","0.00","","Gasoline                                          ","0.00000",,"Petroleum","ATP","Agricultural","UST","False","Leakage",2898,"6945",,"","244",10418
2005.257,"C",BM,12/28/2005,1/25/2006,True,"Anderson Tire - Oil Runoff","Anderson Tire - Scott Urvig","4 East 4th Avenue",Fort Pierre,57532,Stanley,44.35745,-100.374176,,,,"","0.00","","waste oil                                         ","0.00000",,"Oil","Other(See Case File)","Commercial","AST","False","Spillage",,"null",,"","242",10429
2006.062,"C",RL,5/12/2006,6/5/2006,True,"Diesel Spill - GF&P, Oahe","SD Game Fish & Parks  SD  GF&P","Road ditch & Oahe emergency spillway",Fort Pierre,57532,Stanley,44.44368,-100.41452,,,,"","0.00","","Diesel                                            ","30.00000",gal,"Petroleum","Other(See Case File)","Public","Equipment","False","Overturned",,"7085",,"","244",10500
2007.076,"C",RL,6/18/2007,7/6/2007,True,"Diesel Spill @ Transport Fire Event","Jellema Transportation LLC","Hwy 83, near MM 118",Fort Pierre,57532,Stanley,44.3428955,-100.366562,,,,"","0.00","","Diesel                                            ","25.00000",gallons,"Petroleum","Other(See Case File)","Other(See Case File)","Truck Tank","False","Fire Event",,"7202",,"","252",10916
2007.179,"C",RL,11/7/2007,12/28/2007,True,"Equipment Leaks - Nelscott Construction","Nelscott Construction Development LLC","Island Drive  (AmericInn Site)",Fort Pierre,57532,Stanley,44.3675423,-100.372765,,,,"","0.00","","Diesel                                            ","0.00000",,"Petroleum","Other(See Case File)","Commercial","Equipment","False","Leakage",,"null",,"","255",11028
2008.084,"NFA",KM,5/13/2008,11/12/2010,True,"Tar Disposal Site - Hanson Property","Dennis Hanson (property owner)","W of Scotty Phillips Cemetery - 207 Street",Fort Pierre,57532,Stanley,44.40029,-100.408546,,,,"","0.00","","Tar                                               ","0.00000",,"Oil","Other(See Case File)","Agricultural","Materials","False","Handling",,"null",,"","277",11168
2010.147,"C",BM,7/16/2010,10/4/2010,True,"Overturned Transport","Troska Steel Construction - Bruce Troska","Between MM 213&214 - 15 mi. W. of Ft. Pierre",Fort Pierre,57532,Stanley,44.38637,-100.648888,,,,"","0.00","","Diesel Fuel                                       ","50.00000",gallons,"Petroleum","Other(See Case File)","Other(See Case File)","Truck Tank","False","Transport Accident",,"7529",,"","276",11735
2010.251,"NFA",BM,11/10/2010,11/15/2012,True,"Rail Corridor Assessment - Canadian Pacific","Candian Pacific Railway","Center of Rail Yard",Fort Pierre,57532,Stanley,44.35939,-100.376289,5N,31E,28,"","0.00","","Petroleum                                         ","0.00000",,"Petroleum","Other(See Case File)","Industrial","Equipment","False","Leaks and Spills",,"7572",,"","288,290",11861
2011.098,"NFA",RL,6/7/2011,11/1/2011,True,"Temporary Tank - Open Valve Spill","Wilbur-Ellis Company","Ag land near Greenfield Road",Hayes,57537,Stanley,44.4707146,-100.84198,6N,27E,15,"","0.00","","Liquid Fertilizer                                 ","1500.00000",gallons,"Agri Chem","Other(See Case File)","Agricultural","Portable Tank","False","Open Valve",,"null",11DB060813,"","281",12008
2011.176,"NFA",TF,10/18/2011,1/3/2012,True,"ATP - Zay Norman Property","Zay Norman","25026 192nd Street",Hayes,57537,Stanley,44.6250534,-101.107124,,,,"","0.00","","Diesel, Gasoline                                  ","0.00000",,"Petroleum","ATP","Agricultural","UST","True","Leakage",3189,"7570",,"","281",12089
2011.177,"NFA",TF,10/18/2011,1/23/2012,True,"ATP - Mitch Norman Property","Mitch Norman","24903 Foster Bay Road",Hayes,57537,Stanley,44.40155,-101.132965,,,,"","0.00","","Diesel, Gasoline                                  ","0.00000",,"Petroleum","ATP","Agricultural","UST","False","Leaks and Spills",3187,"7566",,"","",12090
2011.178,"C",TF,10/18/2011,1/4/2012,True,"ATP - Carlson Property","Chris Carlson","108 East Park Avenue",Fort Pierre,57532,Stanley,44.34928,-100.371269,,,,"","0.00","","heating fuel                                      ","0.00000",,"Petroleum","ATP","Residential","UST","False","Leakage",3196,"7593",,"","281",12091
2012.036,"C",BM,3/4/2012,3/8/2012,True,"Transport Event","Jody Hurtig","MM 115 Northbound Highway 83",Fort Pierre,57532,Stanley,44.3026,-100.338066,,,,"","0.00","","Diesel Fuel                                       ","40.00000",gallons,"Petroleum","Other(See Case File)","Other(See Case File)","Truck","False","Transport Accident",,"null",,"","286",12186
2012.058,"NFA",RL,4/17/2012,4/17/2012,True,"Complaint - NRC Report #1008870","M & M Auto Repair","Sale Barn Road",Fort Pierre,57532,Stanley,44.3677979,-100.383865,,,,"","0.00","","Unknown Oil                                       ","0.00000",,"Oil","Other(See Case File)","Commercial","Salvage Inventory","False","Handling",,"null",,"","286",12312
2012.128,"NFA",KM,6/20/2012,6/29/2012,True,"Drums - Contents Unknown - No Spill","Stacy Miller","1510 US Hwy 83",Fort Pierre,57532,Stanley,44.3455162,-100.370506,,,,"","0.00","","Stormwater                                        ","200.00000",gallons,"Other(See Case File)","Other(See Case File)","Agricultural","Drums","False","No Release",,"null",,"","286",12390
2012.145,"C",BM,7/12/2012,11/27/2012,True,"Derail Event","Canadian Pacific","1 M. west of Bunkhouse Road",Wendte,57532,Stanley,44.21366,-100.723145,,,,"","0.00","","Diesel Fuel                                       ","40.00000",gallons,"Petroleum","Other(See Case File)","Other(See Case File)","Railcar","False","Derail",,"null",,"","288",12411
2012.225,"NFA",JPA,11/2/2012,3/12/2014,True,"ATP - Stanley County Elementary (see comments)","Stanley County School District","10 Main Street",Fort Pierre,57532,Stanley,44.3542137,-100.371689,,,,"","0.00","","Fuel Oil                                          ","0.00000",,"Petroleum","ATP","Other(See Case File)","UST","False","Leakage",3273,"7754",,"","296",12509
2012.251,"C",DM ,11/27/2012,2/14/2018,True,"Main Street Trench - LUST Investigation (also see 2012.225)","Unknown","West Main Street",Fort Pierre,57532,Stanley,44.3541336,-100.371704,,,,"null","null","null","Gasoline                                          ","null",,"Petroleum","Lust Trust","Other(See Case File)","UST","True","Leakage",,"null",,"null","null",14199
2013.106,"C",RL,6/10/2013,10/9/2013,True,"Sprayer Overfill - Wilber Ellis","Wilber Ellis","Red Willow Place",Fort Pierre,57532,Stanley,44.48079,-100.792572,6N,27E,13,"NE","0.00","","Liquid Fertilizer 28%                             ","750.00000",gallons,"Agri Chem","Other(See Case File)","Agricultural","Sprayer","False","Overfill",,"null",13DB061114,"","295",12669
2013.108,"C",KN,6/13/2013,7/18/2013,True,"Dry Fertilizer Spill - Transport Event","Midwest Coop - CHS","Hwy 63, approx MM 141",Hayes,57537,Stanley,44.68294,-101.152863,,,,"","0.00","","Dry Fertilizer                                    ","0.00000",,"Agri Chem","Other(See Case File)","Other(See Case File)","Transport Trailer","False","Transport Accident",,"null",13N061314,"","294",12671
2013.197,"C",RL,9/4/2013,11/26/2013,True,"Road Sealant Runoff - Storm Event","Sharpe Enterprises","Missouri River at Island Drive",Fort Pierre,57532,Stanley,44.3683739,-100.373314,,,,"","0.00","","Emulsified Asphalt                                ","0.00000",,"Oil","Other(See Case File)","Other(See Case File)","Applied Material","False","Runoff",,"null",,"","295",12770
2014.030,"C",RL,2/21/2014,2/28/2014,True,"Transformer Leak - Oahe Campground","SD Game Fish & Parks","Campground #1",Fort Pierre,57532,Stanley,44.43482,-100.393021,,,,"","0.00","","Transformer Oil                                   ","38.00000",gallons,"Oil","Other(See Case File)","Other(See Case File)","Transformer","False","Leakage",,"null",,"","296",12952
2014.181,"C",KM,8/22/2014,8/25/2014,True,"Lower Oahe Shooting Range","SD Game Fish & Parks","Hwy 1806",Fort Pierre,57532,Stanley,44.4304428,-100.411873,,,,"","0.00","","Lead                                              ","0.00000",,"Other(See Case File)","Federal","Other(See Case File)","Bullets and Shot","False","Past Practices",,"null",,"","297",13116
2015.026,"NFA",GMS,2/13/2015,3/26/2015,True,"Truck Leak","Rex Haskins","Highway 14 ",Fort Pierre,57532,Stanley,44.3700638,-100.385,,,,"null","null","null","Diesel                                            ","20.00000",gallons,"Petroleum","Other(See Case File)","Commercial","Transport Tank","False","Equipment Failure",,"null",,"null","300",13301
2015.127,"C",RL ,7/7/2015,8/4/2015,True,"Transformer Oil Spill - Storm Event","West Central Electric","Hwy 14",Hayes,57537,Stanley,44.3686256,-101.04615,,,,"null","null","null","Transformer Oil Non-PCB                           ","25.00000",gallons,"Oil","Other(See Case File)","Other(See Case File)","Transformer","False","Storm Event",,"null",,"null","301",13415
2015.142,"NFA",JPA,7/24/2015,8/19/2015,True,"Tank Removal - Triple U Buffalo Ranch","Triple U Enterprises","26312 Tatanka Place",Fort Pierre,57532,Stanley,44.58285,-100.8523,,,,"null","null","null","Gasoline                                          ","null",,"Petroleum","Other(See Case File)","Other(See Case File)","UST","False","Equipment Failure",,"8128",,"null","301",13431
2016.016,"NFA",RL ,1/22/2016,6/27/2016,True,"Fire Event - Transport vs Snowmobile","Unknown","Hwy 63, 4 - 5 miles north of 4 Corners intersection",Hayes,57537,Stanley,44.4372368,-101.135376,,,,"null","null","null","Diesel                                            ","65.00000",gallons,"Petroleum","Other(See Case File)","Other(See Case File)","Truck Tank","False","Transport Accident",,"8182",,"null","null",13599
2016.195,"C",TF ,10/24/2016,1/11/2017,True,"ATP - Hayes DOT Shop","SD Department of Transportation","25441 US Hwy 14/34",Hayes,57537,Stanley,44.3712158,-101.021835,,,,"null","null","null","Petroleum                                         ","null",,"Petroleum","ATP","Other(See Case File)","UST","True","Spillage",3492,"8111",,"null","null",13796
2017.058,"C",TK ,5/5/2017,7/17/2018,True,"Paddleboat Spill at Oahe Marina","Caleb Gilkerson","Oahe Marina",Fort Pierre,57532,Stanley,44.4402,-100.391136,,,,"null","null","null","Paint, oil, fuel, etc.","20.00000",Gallons,"Other(See Case File)","Other(See Case File)","Public","Fuel Tank","False","Immersed ",,"null",,"null","null",13979
2018.151,"NFA",MSB,8/14/2018,12/26/2019,True,"Don's Short Stop - Tank Leak","Don's Sinclair / Matt Mitchell","508 West Highway 34",Fort Pierre,57532,Stanley,44.3714752,-100.388374,,,,"null","null","null","Diesel                                            ","350.00000",gallons,"Petroleum","Other(See Case File)","Commercial","UST","True","Leakage",,"8400",,"null","null",14336
2019.230,"C",BH,12/7/2019,1/21/2020,True,"Motor Oil - Fort Pierre National Grasslands","Unknown","Antelope Creek North Big Pasture",Fort Pierre,57532,Stanley,44.2447739,-100.273933,,,,"null","null","null","Motor Oil                                         ","null",,"Oil","Other(See Case File)","Public","Vehicle","False","Unknown",,"null",,"null","null",14680
2020.005,"C",JAM,1/18/2020,2/3/2020,True,"Paddleboat in Bad River - Steamboat's Inc.","Steamboat's Inc.","2 Rivers Street",Fort Pierre,57532,Stanley,44.3528938,-100.369461,,,,"null","null","null","null","null",,"Unknown(See Case File)","Surface Water","Commercial","Boat","False","No Release",,"null",,"null","null",14687
2020.079,"NFA",BH,6/22/2020,10/13/2020,True,"Dakota Mill- Liquid Fertilizer Release","Dakota Mill","Fort Pierre National Grassland, Warcreek Road",Fort Pierre,57532,Stanley,44.201107,-100.417038,,,,"null","null","null","Liquid Fertilizer                                 ","1000.00000",Gallons,"Agri Chem","Other(See Case File)","Agricultural","Portable Tank","False","Dispenser Leak",,"null",20JK062202,"null","null",14772
2021.079,"C",GK,6/8/2021,7/19/2021,True,"Dakota Prairie Bank - Diesel Release","Briggs Construction","1204 Yellowstone Street",Fort Pierre,57532,Stanley,44.3676567,-100.376854,,,,"null","null","null","Diesel                                            ","50.00000",gallons,"Oil","Other(See Case File)","Commercial","Truck","False","Pump Leak",,"null",,"null","null",14989
2022.067,"NFA",JAM,4/27/2022,12/8/2022,True,"CHS River Plains Dry Fertilizer Accident","CHS River Plains","Highway 34 and Highway 63",Hayes,57537,Stanley,44.3722954,-101.13533,,,,"null","null","null","Dry Fertilizer                                    ","12.00000",tons,"Agri Chem","Other(See Case File)","Public","Transport Trailer","False","Transport Accident",,"null",22JM042705,"null","null",15211
2022.109,"C",GK,6/27/2022,2/24/2023,True,"Ft. Pierre Diesel Football Field","Ft. Pierre School District","112 1st street",Fort Pierre,57532,Stanley,44.3534355,-100.371635,5N,31E,33,"null","null","null","Diesel                                            ","100.00000",gallons,"Petroleum","Other(See Case File)","Public","Transport Tank","False","Storm Event",,"null",,"null","null",15256
9999.250,"W",,,,True,"Withdrawn ATP - SD DOT Hayes Maintenance Shop","SD Department of Transportation","25441 US Hwy 14/34",Hayes,57537,Stanley,44.3713036,-101.022018,,,,"null","null","null","null","null",,"Other(See Case File)","Withdrawn ATP","Other(See Case File)","UST","False","null",3478,"8082",,"null","300",13389
88001.000,"C",RH,8/4/1988,8/4/1988,True,"Brad Clark Electric","Brad Clark","Main and Highway 83",Fort Pierre,57532,Stanley,44.3533821,-100.37394,,,,"","0.00","","                                                  ","0.00000",,"Other(See Case File)","Clean Site","Commercial","UST","True","No Release",,"null",,"","",8209
93025.000,"C",RC,2/2/1993,3/22/1993,True,"U.S. West Radio Tower","U.S. West Communications","U.S. West Radio Tower",Fort Pierre,57532,Stanley,44.1925163,-100.515274,,,,"","0.00","","                                                  ","0.00000",,"Other(See Case File)","Clean Site","Other(See Case File)","UST","True","No Release",,"null",,"","",8471
94047.000,"C",JA,11/10/1994,1/4/1995,True,"Stanley County School","Stanley County School  District","51 East 2nd Avenue",Fort Pierre,57532,Stanley,44.354496,-100.372856,,,,"","0.00","","                                                  ","0.00000",,"Other(See Case File)","Clean Site","Public","UST","False","No Release",,"2690",,"","",8550
2001653.000,"C",KM,12/27/2001,1/28/2002,True,"ATP - Former Clair Motors (no tank found)","Bernard Duffy","East Main Avenue",Fort Pierre,57532,Stanley,44.35416,-100.371666,,,,"","0.00","","                                                  ","0.00000",,"Other(See Case File)","ATP","Commercial","UST","False","No Tank Found",1732,"5690",,"","249",9517
2001732.000,"C",KM,12/26/2001,1/28/2002,True,"Clean ATP - Osterkamp Property","Nick Osterkamp","106 West Wandel Avenue",Fort Pierre,57532,Stanley,44.34805,-100.372345,,,,"","0.00","","                                                  ","0.00000",,"Other(See Case File)","ATP","Residential","UST","False","No Release",2121,"6061",,"","220",9596
2001733.000,"C",KM,12/31/2001,1/28/2002,True,"Clean ATP - Springview Ranch","Todd Mortenson","25109 Foster Bay Road",Hayes,57537,Stanley,44.7185173,-101.106468,,,,"","0.00","","                                                  ","0.00000",,"Other(See Case File)","ATP","Agricultural","UST","False","No Release",1135,"4909",,"","204,255,257",9597
2002240.000,"C",KM,2/3/2003,6/20/2003,True,"Clean ATP - Norman Property #1 (North)","Gaylord Norman","Hwy 63 & 196th",Hayes,57537,Stanley,44.5604858,-101.13485,7N,25E,17,"SW","0.00","","                                                  ","0.00000",,"Other(See Case File)","ATP","Agricultural","UST","False","No Release",2560,"6490",,"","220",10097
2002241.000,"C",KM,2/3/2003,6/20/2003,True,"Clean ATP - Norman Property #2 (South)","Gaylord Norman","Hwy 63 & 196th",Hayes,57537,Stanley,44.5598755,-101.1348,7N,25E,20,"NW","0.00","","                                                  ","0.00000",,"Other(See Case File)","ATP","Agricultural","UST","False","No Release",2561,"6489",,"","220",10098
2011007.000,"C",TF,10/18/2011,12/30/2011,True,"Clean ATP - Mitch Norman Property","Mitch Norman","24903 Foster Bay Road",Hayes,57537,Stanley,44.6787758,-101.131912,,,,"","0.00","","                                                  ","0.00000",,"Other(See Case File)","ATP","Agricultural","UST","True","No Release",3186,"7567",,"","281",12095
2013011.000,"C",DM,5/30/2013,6/7/2013,True,"Oahe Marina Tank Removal","SD Game Fish & Parks (SD GF&P)","20422 Marina Loop",Fort Pierre,57532,Stanley,44.4388962,-100.389336,,,,"","0.00","","                                                  ","0.00000",,"Other(See Case File)","Clean Site","Commercial","Other(See Case File)","False","No Release",,"null",,"","290",12660