id,status,r1,date_rep,date_close,image,site_name,resp_party,street,city,zip_code,county,latitude,longitude,township,range,section,secq1,acreage,instctrls,material,amount,units,spill_cat,site_type,proptype,sor_type,regulated,cause_type,atp_no,prcfnumber,ag_no,solidwaste,microroll,siteid
84.053,"C",TK,6/17/1984,4/28/1994,True,"Burlington Northern Railroad (BNSF) - Derail Event","(BNSF) Burlington Northern Santa Fe","1.5 mi. W. of Parker",Parker,57053,Turner,43.3955841,-97.1519852,,,,"","0.00","","Diesel                                            ","600.00000",gallons,"Petroleum","Other(See Case File)","Other(See Case File)","Locomotive","False","Overturned",,"null",,"","",224
86.001,"C",KM,1/14/1986,2/23/1993,True,"Radon Detection","Kathleen Marmet","Residence",Centerville,57014,Turner,43.1194077,-96.95987,,,,"","0.00","","Radon Gas                                         ","0.00000",,"Other(See Case File)","Other(See Case File)","Residential","Other(See Case File)","False","Naturally Occurring",,"null",,"","267",366
86.041,"C",KM,6/2/1986,2/23/1993,True,"Treflan in ditch","Unknown","Road Ditch",Hurley,57036,Turner,43.27878,-97.09227,,,,"","0.00","","Treflan                                           ","2.00000",gallons,"Agri Chem","Other(See Case File)","Other(See Case File)","Unknown(See Case File)","False","Unknown",,"null",,"","267",406
87.071,"C",TK,7/26/1987,6/30/1992,True,"Northern States Power NSP - Transformer Spill","Northern States Power","Monroe Substation",Monroe,57047,Turner,43.4833832,-97.21146,,,,"","0.00","","Transformer Oil                                   ","18.00000",gallons,"Oil","Other(See Case File)","Other(See Case File)","Transformer","False","Equipment Failure",,"null",,"","",536
88.147,"NFA",GH,8/22/1988,10/27/2004,True,"Turner Co. Courthouse - Leaking Tank","Turner County Courthouse","S. End of Main St.",Parker,57053,Turner,43.393116,-97.13684,,,,"","0.00","","Fuel Oil                                          ","0.00000",,"Petroleum","Other(See Case File)","Public","UST","False","Leakage",,"null",,"","",751
88.186,"C",SH,10/4/1988,7/1/1994,True,"Tom`s Service","Tom Christensen","Lincoln & Broadway",Centerville,57014,Turner,43.1185875,-96.961525,96N,52W,22,"SE","0.00","","Gasoline                                          ","0.00000",,"Petroleum","Other(See Case File)","Commercial","UST","True","Corrosion",,"0082",,"","244",788
88.292,"C",KM,5/13/1988,7/20/2000,True,"Waste Oil Spill","Myrl & Roys Asphalt Pavers","272nd Street near Vermillion River",Parker,57053,Turner,43.44514,-97.11205,,,,"","0.00","","waste oil                                         ","500.00000",gallons,"Oil","Other(See Case File)","Agricultural","AST","False","Overfill",,"null",,"","237",891
89.023,"C",SB,3/6/1989,6/30/2000,True,"Becker Brothers Earthmoving - Tank Release","Duane Becker","Center Street",Marion,57043,Turner,43.4287262,-97.25698,,,,"","0.00","","Diesel                                            ","5000.00000",gallons,"Petroleum","Other(See Case File)","Other(See Case File)","AST","True","Open Valve",,"618",,"","234",913
89.109,"C",KM,6/1/1989,1/20/1993,True,"2,4-D Spill","Marion Grain Company","Hwy 44,  near Vermillion River",Parker,57053,Turner,43.3730469,-97.0621948,,,,"","0.00","","Herbicide                                         ","60.00000",gallons,"Agri Chem","Other(See Case File)","Agricultural","Sprayer","False","Spillage",,"null",,"","",998
89.128,"C",KM,6/1/1989,10/15/1993,True,"Transport Event","Kenneth Plucker","East of town near Vermillion River bridge",Parker,57053,Turner,43.4019,-97.0991,99,53,10,"SW","0.00","","Dicamba  2,4-D                                    ","50.00000",gallons,"Agri Chem","Other(See Case File)","Other(See Case File)","Sprayer","False","Damage",,"null",,"","",1017
89.169,"C",KD,7/24/1989,1/30/1990,True,"U.S. West - Tank Removal","U.S. West","506 Broadway",Centerville,57014,Turner,43.1180458,-96.96087,,,,"","0.00","","Fuel Oil                                          ","0.00000",,"Petroleum","Other(See Case File)","Commercial","UST","True","Leaks and Spills",,"0286",,"","",1058
89.204,"C",SH,8/22/1989,6/30/2000,True,"Tom's Service Site (see 88.186)","Tom's Service","451 Broadway",Centerville,57014,Turner,43.1184,-96.9616,,,,"","0.00","","Gasoline                                          ","0.00000",,"Petroleum","Other(See Case File)","Commercial","UST","True","Leakage",,"null",,"","",1092
89.274,"C",SH,10/25/1989,4/7/1994,True,"Subway Garage","Roger Hanson","Broadway & Railroad",Centerville,57014,Turner,43.1152534,-96.96105,96N,52W,23,"","0.00","","Diesel, Gasoline                                  ","0.00000",,"Petroleum","Other(See Case File)","Commercial","UST","True","Leaks and Spills",,"109",,"","",1162
90.002,"C",SB,1/8/1990,8/31/1993,True,"Department of Transportation (SD DOT) - Tank Removals","SD Department of Transportation (SD DOT)","Juniper Street & Railroad",Parker,57053,Turner,43.3956032,-97.13814,99N,53W,17,"NW","0.00","","Petroleum                                         ","0.00000",,"Petroleum","Other(See Case File)","Public","UST","True","Leaks and Spills",,"0574",,"","",1237
90.012,"C",SH,1/23/1990,11/6/2003,True,"Viborg Co-op Elevator - Complaint","Viborg Coop Elevator","Former bulk facility, Sorenson Street",Viborg,57070,Turner,43.1683121,-97.08242,,,,"","0.00","","Fertilizer, Pesticide                            ","0.00000",,"Agri Chem","Other(See Case File)","Commercial","Bulk Chemical","False","Runoff",,"null",,"","226",1247
90.200,"C",LB,5/28/1990,5/29/1990,True,"Viborg Coop Elevator - Sprayer Spill","Viborg Coop Elevator","2.5 miles W of Viborg on Co. Rd. 42",Viborg,57070,Turner,43.1700935,-97.13124,,,,"","0.00","","Pesticide                                         ","3.00000",gallons,"Agri Chem","Other(See Case File)","Other(See Case File)","Sprayer","False","Equipment Failure",,"null",,"","",1435
90.240,"C",KM,6/14/1990,7/25/1991,True,"Don's Feed and Spraying Site","Don's Feed and Spraying  Inc","817 Main Street",Centerville,57014,Turner,43.11668,-96.96039,,,,"","0.00","","Herbicide                                         ","0.00000",,"Agri Chem","Other(See Case File)","Commercial","Drums","False","Leakage",,"null",,"","",1475
90.253,"I",SB,6/21/1990,2/13/1996,True,"OJ's Amoco - Tank Removals","Ordell Jensen","Main & Blain",Viborg,57070,Turner,43.17127,-97.08183,197N,53,39,"SE","0.00","","Gasoline                                          ","0.00000",,"Petroleum","Other(See Case File)","Commercial","UST","True","Leaks and Spills",,"1089",,"","234",1488
90.345,"C",KM,8/13/1990,6/11/1991,True,"Viborg Coop Elevator","Viborg Coop Elevator","2 mi. W. of Viborg",Viborg,57070,Turner,43.1701622,-97.12113,,,,"","0.00","","Pesticide Eradicane                               ","0.00000",,"Agri Chem","Other(See Case File)","Other(See Case File)","Sprayer","False","Leakage",,"null",,"","",1580
90.376,"NFA",KD,8/24/1990,11/3/1992,True,"Viborg Coop - Tank Replacements","Viborg Coop - Dennis Nesheim (contact)","SW corner of Park & State",Viborg,57070,Turner,43.17015,-97.08309,,,,"","0.00","","Diesel, Gasoline                                  ","0.00000",,"Petroleum","Other(See Case File)","Commercial","UST","True","Leaks and Spills",,"228",,"","",1611
90.386,"C",DP,8/28/1990,11/2/1992,True,"Pioneer Memorial Hospital - Line Leak","Pioneer Memorial Hospital","N end of  Washington Street",Viborg,57070,Turner,43.1756744,-97.08398,,,,"","0.00","","Heating Oil                                       ","0.00000",,"Petroleum","Other(See Case File)","Other(See Case File)","AST","False","Line Leak",,"1092",,"","272",1621
90.413,"C",SB,9/7/1990,2/28/1996,True,"Farmer's Oil Company Coop","Farmer's Oil Company Coop","#1013 RR Property",Chancellor,57015,Turner,43.3741074,-96.98845,99N,52W,21,"SE","0.00","","Petroleum                                         ","50.00000",gallons,"Petroleum","Other(See Case File)","Commercial","AST","True","Leakage",,"1108",,"","",1648
90.496,"C",SB,10/10/1990,11/5/1990,True,"Farmers Union Coop","Farmers Union Coop Association","Railway & Juniper",Parker,57053,Turner,43.395462,-97.13785,,,,"","0.00","","Petroleum                                         ","0.00000",,"Petroleum","Other(See Case File)","Commercial","UST","True","Spillage",,"1176",,"","228",1731
90.545,"C",TK,10/26/1990,12/9/1991,True,"Herb Begeman Trucking - Diesel Spill","Herb Begeman","SW corner of  Colman & State Street",Centerville,57014,Turner,43.1136856,-96.95385,96,52,26,"","0.00","","Diesel                                            ","50.00000",gallons,"Petroleum","Other(See Case File)","Other(See Case File)","Transport Truck","False","Overturned",,"1220",,"","",1780
90.623,"C",TK,12/11/1990,2/12/1991,True,"Norwest Bank - Overfills","Norwest Bank","442 Avenue",Viborg,57070,Turner,43.17868,-97.354,97N,55W,33,"NW","0.00","","Petroleum                                         ","0.00000",,"Petroleum","Other(See Case File)","Agricultural","UST","True","Overfills/Spillage",,"1284",,"","",1858
90.643,"NFA",SB,12/21/1990,5/20/2003,True,"Former Farmers Union Coop Bulk Facility (90.496 for USTs)","Farmers Union Coop","Juniper & Railway",Parker,57053,Turner,43.3955,-97.13784,,,,"","0.00","","Petroleum                                         ","0.00000",,"Petroleum","Other(See Case File)","Commercial","AST","True","Overfills/Spillage",,"1302",,"","218, 225,",1878
91.083,"C",SB,3/7/1991,12/29/1997,True,"Olson's Service","Eugene Friman","Center Street & Access / Railway St.",Hurley,57036,Turner,43.2831,-97.08417,97N,53,27,"NE","0.00","","Petroleum                                         ","0.00000",,"Petroleum","Other(See Case File)","Commercial","UST","True","Corrosion",,"1404",,"","",1973
91.120,"C",KM,4/2/1991,6/22/1992,True,"Marion Grain / Fremar Coop","Marion Grain","Hwy 17, 3 S. of town",Marion,57043,Turner,43.3722153,-97.26077,99,54W,29,"","0.00","","Trifluralin                                       ","0.50000",gallons,"Agri Chem","Other(See Case File)","Other(See Case File)","Sprayer","False","Overturned",,"null",,"","",2010
91.270,"C",KM,6/19/1991,6/13/1995,True,"CERCLIS - Cenex Soil Service Center - Complaint","Cenex","4th 417 East",Parker,57053,Turner,43.4008,-97.13901,99,53,17,"NW","0.00","","Pesticide                                         ","0.00000",,"Agri Chem","CERCLIS","Commercial","Spray Tank","False","Handling",,"null",,"","",2160
91.274,"I",SB,6/19/1991,2/7/1996,True,"Marion Oil Company","Schmidt Country Inc","298 North Broadway",Marion,57043,Turner,43.42636,-97.2609558,99N,54W,6,"NE","0.00","","Petroleum                                         ","0.00000",,"Petroleum","Other(See Case File)","Commercial","UST","True","Leakage",,"1523",,"","",2164
91.395,"C",SB,8/29/1991,1/10/1992,True,"City Electrical Plant Site","Parker","NW corner of Cedar & 4th",Parker,57053,Turner,43.3998642,-97.13963,99N,53W,17,"NW","0.00","","Petroleum                                         ","0.00000",,"Petroleum","Other(See Case File)","Public","Pit","False","Past Practices",,"1602",,"","",2285
91.557,"C",SH,12/17/1991,3/27/1991,True,"Fireball Industries Inc.  (see  89.274)","Fireball Industries Inc.","Broadway & Railroad",Centerville,57014,Turner,43.1153221,-96.96108,,,,"","0.00","","gasoline                                          ","0.00000",,"Petroleum","Other(See Case File)","Commercial","UST","True","Leaks and Spills",,"2046",,"","237",2447
91.617,"C",SH,12/20/1991,12/12/1994,True,"Former Chucks Corner","Herb Begeman","641 Broadway",Centerville,57014,Turner,43.11628,-96.96157,96N,52,22,"SE","0.00","","petroleum                                         ","0.00000",,"Petroleum","Other(See Case File)","Commercial","UST","True","Spillage",,"1898",,"","",2507
92.054,"NFA",JF,2/26/1992,1/15/2002,True,"Former Terra Agro Site","Terra International Inc.","501 Railway Street",Hurley,57036,Turner,43.28228,-97.08312,98N,53W,27,"","0.00","","Fertilizer, Pesticide                            ","0.00000",,"Agri Chem","Other(See Case File)","Commercial","Bulk Chemical","False","Handling",,"null",,"","",2644
92.186,"C",TK,5/27/1992,8/7/1992,True,"City of Parker","Parker","West fork of Vermillion River",Parker,57053,Turner,43.40498,-97.14,99N,53W,8,"SW","0.00","","Sewage                                            ","0.00000",,"Other(See Case File)","Surface Water","Other(See Case File)","Wastes","False","Handling",,"null",,"","",2776
92.193,"C",KM,6/2/1992,7/6/1992,True,"Floreen Meyer Transport Event","Robert Meyer","Hwy 20, 1 mi E of Parker at Vermillion River",Parker,57053,Turner,43.4019165,-97.09969,,,,"","0.00","","Battery Acid                                      ","null",,"Petroleum","Surface Water","Other(See Case File)","Vehicle","False","Transport Accident",,"null",,"","234",2783
92.396,"C",SB,11/17/1992,1/28/1997,True,"John Garry - Kapps's Oil Co.","John Garry","387 S. Main",Parker,57053,Turner,43.3938675,-97.13645,,,,"","0.00","","Petroleum                                         ","0.00000",,"Petroleum","Other(See Case File)","Commercial","UST","True","Leakage",,"2148",,"","",2986
92.404,"C",KM,12/3/1992,10/15/1993,True,"Jim Vincent Transport Event","Lowell McKercher","Highway 18",Davis,57021,Turner,43.2576637,-96.96416,,,,"","0.00","","Diesel                                            ","80.00000",gallons,"Petroleum","Other(See Case File)","Other(See Case File)","Portable Tank","False","Spillage",,"null",,"","",2994
93.169,"C",JA,6/15/1993,11/2/1993,True,"Paul Janke Transport Event","Paul Janke","E Edge of Hyw 44 & 19",Parker,57053,Turner,43.39937,-97.1222458,,,,"","0.00","","Diesel                                            ","150.00000",gallons,"Petroleum","Other(See Case File)","Other(See Case File)","Truck Tank","False","Transport Accident",,"null",,"","",3184
93.226,"C",RC,7/20/1993,10/15/1993,True,"Terminal Grain Corporation","Terminal Grain Corporation","Elevator @ Maple & 1st",Monroe,57047,Turner,43.48661,-97.21779,,,,"","0.00","","Heating fuel                                      ","0.00000",,"Petroleum","Other(See Case File)","Commercial","UST","False","Leakage",,"2498",,"","",3241
93.498,"C",TK,12/20/1993,8/11/1995,True,"Hanisch Brothers  Transport Event","Eugene Hanisch","Highway 44",Marion,57043,Turner,43.40103,-97.24057,,,,"","0.00","","Diesel                                            ","180.00000",gallons,"Petroleum","Other(See Case File)","Other(See Case File)","Truck Tank","False","Transport Accident",,"null",,"","",3513
94.001,"C",JA,1/4/1994,9/28/1994,True,"Fremar Coop - Building Collapse","Fremar Farmers Coop Inc.","708 North Broadway",Marion,57043,Turner,43.4297256,-97.2599258,99N,54W,5,"NE","0.00","","Urea                                              ","15.00000",tons,"Agri Chem","Other(See Case File)","Commercial","Bulk Chemical","False","Structure Failure",,"null",,"","",3536
94.172,"C",TK,6/14/1994,1/18/1995,True,"Viborg School - Vandalism","Viborg Public School","203 West Park Ave.",Viborg,57070,Turner,43.1701965,-97.08435,,,,"","0.00","","Prometon, 2,4-D Dicamba                           ","0.00000",,"Agri Chem","Other(See Case File)","Public","Containers","False","Handling",,"null",,"","",3707
94.260,"C",SB,8/26/1994,7/30/1997,True,"Viborg Community School - Tank Removal","Viborg Community School","203 West Park Ave.",Viborg,57070,Turner,43.1702042,-97.0846252,,,,"","0.00","","Fuel Oil                                          ","0.00000",,"Petroleum","Other(See Case File)","Public","UST","False","Overfills/Spillage",,"2750",,"","",3795
94.417,"NFA",MSB,7/6/1994,12/11/2023,True,"LUST Trust - Former Station Site","Alan Knutson","NW at State and Broadway",Centerville,57014,Turner,43.1139,-96.9614,,,,"null","null","null","Petroleum                                         ","null",,"Petroleum","Lust Trust","Commercial","UST","True","Leaks and Spills",,"null",,"null","null",14468
95.003,"C",KH,1/5/1995,8/30/1996,True,"Steward Property - Tank Removal","Dreldon Steward","45652 283rd Street (40' E of house)",Hurley,57036,Turner,43.2866364,-97.07183,98N,53W,23,"SE","0.00","","Gasoline                                          ","0.00000",,"Petroleum","Other(See Case File)","Residential","UST","True","Overfills/Spillage",,"2806",,"","",3954
95.211,"C",TK,8/2/1995,3/27/1996,True,"Diesel Spill - Auto vs Semi","Deceased RP","Hwy 46, MM 356",Centerville,57014,Turner,43.08352,-96.9752,,,,"","0.00","","Petroleum                                         ","30.00000",gallons,"Petroleum","Other(See Case File)","Other(See Case File)","Truck","False","Transport Accident",,"null",,"","232",4162
96.241,"C",RC,8/19/1996,12/23/1996,True,"School Bus Shed - Tank Removal","Centerville Public School District","600 Vermillion Street",Centerville,57014,Turner,43.1197281,-96.95779,,,,"","0.00","","Gasoline                                          ","0.00000",,"Petroleum","Other(See Case File)","Public","UST","True","Spillage",,"3090",,"","",4551
97.012,"I",SB,1/15/1997,6/25/1999,True,"Hospital Shop Bldg - Tank Removals","Pioneer Memorial Hospital and Home","Pioneer & Hwy 19",Viborg,57070,Turner,43.17585,-97.08213,97N,53W,34,"SE","0.00","","Gasoline                                          ","0.00000",,"Petroleum","Other(See Case File)","Other(See Case File)","UST","True","Leakage",,"3134",,"","270",4700
97.026,"C",SB,1/31/1997,2/20/2002,True,"Former Service Station Site - LUST Trust","Clifford Highstreet","702 Center Avenue  (Monroe & Center)",Hurley,57036,Turner,43.28317,-97.09096,,,,"","0.00","","Petroleum                                         ","0.00000",,"Petroleum","Lust Trust","Commercial","UST","True","Leakage",,"null",,"","",4714
97.047,"NFA",CH,2/25/1997,6/18/1999,True,"Former Clifford Highstreet Site B - LUST Trust","Clifford Highstreet - Bankruptcy","405 Railway Street",Hurley,57036,Turner,43.28193,-97.08369,,53W,27,"SE","0.00","","Petroleum                                         ","0.00000",,"Petroleum","Lust Trust","Commercial","AST","True","Leakage",,"3354",,"","297",4735
97.055,"C",RC,3/12/1997,6/13/1997,True,"Cenex - Line Damage","Austin Ag Service","831 Broadway",Centerville,57014,Turner,43.11479,-96.96198,96,52,22,"SE","0.00","","kerosene                                          ","414.00000",gallons,"Petroleum","Other(See Case File)","Commercial","AST","True","Line Leak",,"2670",,"","",4743
97.163,"C",SH,5/19/1997,4/3/2003,True,"Mini Bulk Transport Event","Farmers Oil Company","Parker Short Cut",Chancellor,57015,Turner,43.4027748,-96.95408,99N,51W,13,"","0.00","","Treflan                                           ","10.00000",,"Agri Chem","Other(See Case File)","Other(See Case File)","Tote","False","Unsecured",,"null",,"","215",4851
97.167,"C",KM,5/20/1997,12/31/1998,True,"Engine Derailment  (BNSF)","Burlington Northern Santa Fe Railroad  (BNSF)","Rail at Milepost 315.4",Chancellor,57015,Turner,43.37378,-96.9856644,99N,52W,21,"SE","0.00","","diesel fuel                                       ","100.00000",gallons,"Petroleum","Other(See Case File)","Other(See Case File)","Locomotive","False","Derail",,"3218",,"","",4855
97.217,"C",KM,6/25/1997,7/21/1997,True,"Fremar Farmers Coop","Fremar Farmers Coop","44610 273rd Street",Marion,57043,Turner,43.4322357,-97.27608,,,5,"NW","0.00","","Anhydrous Ammonia                                 ","3.00000",pounds,"Agri Chem","Other(See Case File)","Industrial","Equipment","False","Equipment Failure",,"null",,"","",4905
97.303,"C",KM,9/9/1997,10/23/1997,True,"Road Oil Spill","TopKote","Main Street",Chancellor,57015,Turner,43.3734436,-96.98703,,,,"","0.00","","Road Oil/Diesel mix                               ","5000.00000",,"Petroleum","Other(See Case File)","Commercial","Transport Truck","False","Fire Event",,"null",,"","",4991
97.327,"C",DR,9/29/1997,3/11/2003,True,"Don's Feed and Spraying","Gary Jobe","817 Main Street",Centerville,57014,Turner,43.1167755,-96.9603043,,,,"","0.00","","Treflan                                           ","0.00000",,"Agri Chem","Aquifer","Commercial","Sprayer","False","Leakage",,"null",,"","224,240",5015
97.336,"C",MP,10/9/1997,1/6/1998,True,"Transformer Spill","Northern States Power","1 m W & 1/2 m N",Chancellor,57015,Turner,43.3821831,-97.0058441,,,,"","0.00","","transformer oil                                   ","10.00000",gallons,"Oil","Other(See Case File)","Residential","Transformer","False","Storm Event",,"null",,"","",5024
97.365,"NFA",SB,11/3/1997,11/29/2000,True,"Centerville Ford - Tank Removal","Ardel Knutson","701 Broadway",Centerville,57014,Turner,43.115963,-96.9614258,96N,52W,22,"SE","0.00","","petroleum                                         ","0.00000",,"Petroleum","Other(See Case File)","Commercial","UST","True","Leakage",,"2972",,"","",5053
97.395,"NFA",NS,11/24/1997,10/2/2001,True,"Farmers Oil Station - Tank Removals","Farmers Oil Company","Hwy 44 and Main street",Chancellor,57015,Turner,43.373333,-96.9868,,,,"","0.00","","gasoline                                          ","0.00000",,"Petroleum","Other(See Case File)","Commercial","UST","True","Leakage",,"3116",,"","225,",5083
97.404,"C",SB,12/12/1997,11/18/1999,True,"Turkey Ridge Oil Company - Tank Removal","Turkey Ridge Oil Company","2853 446th  Avenue, Highway 18",Hurley,57036,Turner,43.24489,-97.27972,,,,"","0.00","","petroleum                                         ","0.00000",,"Petroleum","Other(See Case File)","Commercial","UST","True","Dispenser Leak",,"3330",,"","",5092
98.009,"C",BM,1/28/1998,11/8/2002,True,"Johnson Rental Property - Basement Spill","Kay Johnson","227 E. 4th Street  (SD Hwy 44)",Parker,57053,Turner,43.3998,-97.1347046,,,,"","0.00","","fuel oil                                          ","150.00000",gallons,"Petroleum","Other(See Case File)","Residential","AST","False","Leakage",,"null",,"","230",5117
98.023,"C",GH,2/19/1998,6/18/1998,True,"Deb's Amoco - Tank Removals","Bill & Deb Schumacher","410 North Broadway",Marion,57043,Turner,43.4255562,-97.26028,99N,54W,5,"NW","0.00","","petroleum                                         ","0.00000",,"Petroleum","Other(See Case File)","Commercial","UST","True","Leaks and Spills",,"3352",,"","",5131
98.301,"NFA",TB,10/20/1998,1/22/2003,True,"Marly's Standard - Tank System Removal","Marly Gerdes","614 Center Ave  (NE at Center & Monroe)",Hurley,57036,Turner,43.28317,-97.09056,98N,53W,27,"NE","0.00","","Gasoline                                          ","0.00000",,"Petroleum","Other(See Case File)","Commercial","UST","True","Leakage",,"3613",,"","224,",5409
98.323,"C",LAS,11/2/1998,4/4/2000,True,"Propane Release","Viborg Farmers Coop Grain","101 Commercial Street",Viborg,57070,Turner,43.17104,-97.079155,,,,"","0.00","","propane and hog concentrate                       ","0.00000",,"Chemical","Other(See Case File)","Commercial","AST","False","Valve Leak",,"null",,"","",5431
98.324,"C",SB,11/2/1998,2/12/2002,True,"Bone's Hereford Ranch - Tank Failure","Lyle Van Hove","4 East of County Shop and 7 North",Parker,57053,Turner,43.50039,-97.0353851,101N,52W,35,"SE","0.00","","gasoline                                          ","260.00000",gallons,"Petroleum","Other(See Case File)","Agricultural","AST","True","Tank Failure",,"3632",,"","235",5432
98.362,"NFA",SB,11/18/1998,8/24/2007,True,"Pump N Stuff - Tank Replacements","Pump N Stuff","101 South Main Street",Viborg,57070,Turner,43.1688881,-97.0814,,,,"","0.00","","petroleum                                         ","0.00000",,"Petroleum","Other(See Case File)","Commercial","UST","True","Dispenser Leak",,"3512",,"","254",5470
98.431,"C",KM,12/23/1998,1/6/1999,True,"Co-op Liquid Feed Spill","Rosebud Farmers Union Co-op","Westbound Hwy 44 on East edge of Parker",Parker,57053,Turner,43.3995743,-97.12303,99N,53W,17,"NE","0.00","","Liquid Cattle Feed                                ","1100.00000",gallons,"Agri Chem","Other(See Case File)","Other(See Case File)","Transport Tank","False","Valve Leak",,"null",,"","231",5539
99.003,"C",BM,1/7/1999,1/15/1999,True,"Nelson Feed & Supplement","Pat Nelson","Nelson Feed facility",Parker,57053,Turner,43.4020729,-97.1362,,,,"","0.00","","feed supplement                                   ","200.00000",,"Agri Chem","Other(See Case File)","Commercial","AST","False","Overfill",,"null",,"","",5550
99.220,"NFA",SB,7/22/1999,5/10/2011,True,"Turkey Ridge Store - LUST Trust/ARRA Investigation","Turkey Ridge Store","44579 Highway 18",Hurley,57036,Turner,43.24324,-97.2830658,,,,"","0.00","","Gasoline                                          ","0.00000",,"Petroleum","Lust Trust","Commercial","UST","True","Leaks and Spills",,"3821",,"","278",5767
99.273,"C",SB,9/27/1999,1/10/2000,True,"Jones Food Center - Cistern Removal","Jones Food Center","101 N. Main",Viborg,57070,Turner,43.17065,-97.0821152,97N,53W,,"","0.00","","waste oil                                         ","0.00000",,"Oil","Other(See Case File)","Commercial","Equipment","False","Handling",,"null",,"","",5820
99.294,"NFA",KH,7/26/1999,9/9/2003,True,"ATP 8 - at Pearson's Corner","Dennis Doering","SW at 291st  Street and  444th Avenue",Viborg,57070,Turner,43.16935,-97.31867,96N,55W,3,"NE","0.00","","gasoline                                          ","0.00000",,"Petroleum","ATP","Commercial","UST","True","Leakage",319,"3846",,"","237,258",5841
2000.068,"C",BW,4/7/2000,3/22/2004,True,"Advanced Prescription Fertilizer","Advanced Prescription Fertilizer","45602 282nd Street - 1 mile N. of Hurley on Highway 19",Hurley,57036,Turner,43.3008957,-97.0810242,98,53,14,"SW","0.00","","fertilizer                                        ","0.00000",,"Agri Chem","Other(See Case File)","Other(See Case File)","Bulk Chemical","False","Handling",,"null",,"","229",5966
2000.233,"C",BM,7/19/2000,8/17/2000,True,"Viborg Paint Spill","Dakota Trails","NE corner of Highway 19 & Pioneer St",Viborg,57070,Turner,43.1755829,-97.0815353,97N,53W,35,"","0.00","","Yellow Road Paint                                 ","275.00000",Gallons,"Chemical","Other(See Case File)","Other(See Case File)","Transport Tank","False","Valve Leak",,"null",,"","203",6131
2000.239,"NFA",JF,7/26/2000,6/4/2007,True,"Former Agro Facility - Assessment (and 92.054)","Land O Lakes","501 Railway Street",Hurley,57036,Turner,43.28174,-97.08282,,,,"","0.00","","Fertilizer, Pesticide                            ","0.00000",,"Agri Chem","Other(See Case File)","Commercial","Bulk Chemical","False","Handling",,"3902",,"","252,253",6137
2000.242,"C",BM,8/3/2000,9/12/2000,True,"Lennox Road Tar Spill","Jebro Inc.","3 miles N. & 2 W. of Lennox",Lennox,57039,Turner,43.40291,-96.9298248,,,,"","0.00","","Road Tar                                          ","2800.00000",gallons,"Oil","Other(See Case File)","Other(See Case File)","Transport Truck","False","Transport Accident",,"null",,"","203",6140
2001.015,"C",NS,1/22/2001,5/1/2001,True,"Farmers Oil Company - Assessment","Country Pride COOP","Former Farmers Oil Co. - SE Corner of station building",Chancellor,57015,Turner,43.3731956,-96.98632,99N,52W,28,"NE","0.00","","Waste Oil                                         ","0.00000",,"Oil","Other(See Case File)","Commercial","UST","True","Leakage",,"null",,"","",6300
2001.058,"NFA",SB,4/4/2001,10/21/2002,True,"Dakota Heritage State Bank Property - Assessment","Dakota Heritage State Bank","221 Main Street",Chancellor,57015,Turner,43.373436,-96.98764,99N,52W,28,"NE","0.00","","gasoline                                          ","0.00000",,"Petroleum","Other(See Case File)","Commercial","Unknown(See Case File)","False","Unknown",,"4669",,"","211",6343
2001.653,"C",BM,12/17/2001,6/9/2003,True,"Welch Property - Basement Spill","Steve Welch","29383 461st Avenue",Centerville,57014,Turner,43.12874,-96.98197,,,,"","0.00","","Diazinon                                          ","16.00000",ounces,"Agri Chem","Other(See Case File)","Residential","Containers","False","Damage",,"null",,"","231",6936
2001.654,"C",KM,8/8/2001,1/16/2002,True,"ATP - Grace Lutheran Church","Ron Viet","490 East 1st Street",Parker,57053,Turner,43.39625,-97.13154,,,,"","0.00","","fuel oil                                          ","0.00000",,"Petroleum","ATP","Other(See Case File)","UST","False","Spillage",1754,"5714",,"","207",6937
2001.655,"C",KM,7/26/2001,1/16/2002,True,"ATP - Tieszen Memorial Nursing Home","Paul Gergbruht","312 East State Street",Marion,57043,Turner,43.4269676,-97.25409,,,,"","0.00","","fuel oil                                          ","0.00000",,"Petroleum","ATP","Commercial","UST","False","Spillage",1058,"4829",,"","207",6938
2001.656,"C",KM,7/30/2001,1/16/2002,True,"ATP - Evangelical Menonite Bretheran Church","Doyle Dieh","27196 442nd Avenue",Marion,57043,Turner,43.4448242,-97.3591156,,,,"","0.00","","fuel oil                                          ","0.00000",,"Petroleum","ATP","Other(See Case File)","UST","False","Spillage",781,"4723",,"","207",6939
2001.687,"NFA",KM,7/30/2001,2/5/2003,True,"ATP - Robbins Property","George Robbins","107 South Lincoln Avenue",Marion,57043,Turner,43.42175,-97.2623444,,,,"","0.00","","fuel oil                                          ","0.00000",,"Petroleum","ATP","Residential","UST","False","Corrosion",800,"4742",,"","217",6970
2001.688,"NFA",KH,8/3/2001,8/19/2003,True,"ATP - Ed Tieszen Clinic","Dr. Brad Schmidt","303 North Broadway Avenue",Marion,57043,Turner,43.4245529,-97.26108,,,,"","0.00","","fuel oil                                          ","0.00000",,"Petroleum","ATP","Commercial","UST","False","Overfills/Spillage",1384,"5318",,"","227",6971
2001.689,"NFA",KH,7/27/2001,9/30/2003,True,"ATP - Former Razz's Service","Myrtle Rasmussen","207 South Broadway Avenue",Marion,57043,Turner,43.42051,-97.26091,,,,"","0.00","","Petroleum                                         ","0.00000",,"Petroleum","ATP","Commercial","UST","True","Corrosion",27,"3945",,"","236,258",6972
2001.690,"NFA",KM,8/1/2001,1/17/2003,True,"ATP - Ensz Garage","Ruth Ensz","200 Main Street",Dolton,57319,Turner,43.49105,-97.38602,,,,"","0.00","","Petroleum                                         ","0.00000",,"Petroleum","ATP","Commercial","UST","True","Corrosion",1907,"5870",,"","217",6973
2001.691,"NFA",KM,8/2/2001,12/16/2002,True,"ATP - Elperts Shop","Town of Dolton","South Main Street",Dolton,57319,Turner,43.49028,-97.38602,,,,"","0.00","","Petroleum                                         ","0.00000",,"Petroleum","ATP","Commercial","UST","True","Corrosion",1908,"5872",,"","217",6974
2001.692,"C",KM,7/31/2001,2/25/2002,True,"ATP - Former Barney's Service","Bernard Wrenn","NE at 2nd and Main",Dolton,57319,Turner,43.49106,-97.38572,,,,"","0.00","","Petroleum                                         ","0.00000",,"Petroleum","ATP","Commercial","UST","True","Spillage",1056,"4831",,"","207",6975
2001.693,"C",KM,8/6/2001,2/25/2002,True,"ATP - Poppens Farm","Lloyd Poppens","27194  462nd Ave",Chancellor,57015,Turner,43.447197,-96.96357,100N,52W,26,"SW","0.00","","Petroleum                                         ","0.00000",,"Petroleum","ATP","Agricultural","UST","False","Leakage",627,"4560",,"","207",6976
2001.694,"NFA",KH,8/9/2001,5/12/2003,True,"ATP - Plucker Family Property","Marianne Plucker","46320 277th Street",Chancellor,57015,Turner,43.3747559,-96.94027,99N,52W,24,"SW","0.00","","Petroleum                                         ","0.00000",,"Petroleum","ATP","Agricultural","UST","False","Overfills/Spillage",349,"4272",,"","217",6977
2001.695,"C",KM,8/6/2001,2/25/2002,True,"ATP - Harvey's Garage","Harvey Berens","331 Highway 44",Chancellor,57015,Turner,43.373455,-96.98792,,,,"","0.00","","Petroleum                                         ","0.00000",,"Petroleum","ATP","Commercial","UST","True","Leakage",35,"3923",,"","207",6978
2001.696,"NFA",KM,8/9/2001,12/16/2002,True,"ATP - Plucker Farm","Arthur Plucker","27328  459th Avenue",Parker,57053,Turner,43.427494,-97.02295,100N,52W,31,"SW","0.00","","Petroleum                                         ","0.00000",,"Petroleum","ATP","Agricultural","UST","False","Overfills/Spillage",1944,"5912",,"","217",6979
2001.697,"NFA",KH,8/10/2001,12/30/2003,True,"ATP - My Other Closet","Howard Olson, Jr.","203 West Highway 18",Davis,57021,Turner,43.25733,-96.99493,,,,"","0.00","","gasoline                                          ","0.00000",,"Petroleum","ATP","Commercial","UST","True","Corrosion",731,"4657",,"","225,",6980
2001.698,"C",KM,8/13/2001,2/25/2002,True,"ATP - Haan Farm","Donald Haan","28254 463rd Avenue",Davis,57021,Turner,43.2938156,-96.94101,98N,52W,24,"SW","0.00","","Petroleum                                         ","0.00000",,"Petroleum","ATP","Agricultural","UST","False","Leakage",1212,"5144",,"","207",6981
2001.699,"C",KM,8/14/2001,2/25/2002,True,"ATP - Hurley Fire Department","Hurley","401 Monroe Street",Hurley,57036,Turner,43.28282,-97.09109,,,,"","0.00","","fuel oil                                          ","0.00000",,"Petroleum","ATP","Other(See Case File)","UST","False","Leakage",76,"4188",,"","207",6982
2001.700,"C",KM,8/14/2001,2/25/2002,True,"ATP - Former Marley's Service","Hurley","614 Center Street",Hurley,57036,Turner,43.2830658,-97.09031,,,,"","0.00","","Petroleum                                         ","0.00000",,"Petroleum","ATP","Commercial","UST","True","Leakage",1107,"5049",,"","207",6983
2001.731,"C",KM,8/15/2001,1/28/2002,True,"ATP - Former Charlie's Service","Charles Jensen","100 Park Avenue",Viborg,57070,Turner,43.17036,-97.08121,,,,"","0.00","","Petroleum                                         ","0.00000",,"Petroleum","ATP","Commercial","UST","True","Spillage",711,"4656",,"","207",7013
2001.732,"C",KM,8/22/2001,1/28/2002,True,"ATP - Art Loe Farm","Peggy Whitehead","28931 Hooker Road",Hooker,57070,Turner,43.1955376,-97.0230255,97N,52W,29,"NW","0.00","","Petroleum                                         ","0.00000",,"Petroleum","ATP","Agricultural","UST","False","Spillage",419,"4350",,"","207",7014
2001.733,"C",KM,8/22/2001,1/28/2002,True,"ATP - Bartlett Property","Ron Bartlett","540 Garfield Avenue",Centerville,57014,Turner,43.11631,-96.9561157,,,,"","0.00","","Petroleum                                         ","0.00000",,"Petroleum","ATP","Residential","UST","False","Spillage",188,"4093",,"","207,266",7015
2001.734,"C",KM,8/22/2001,1/28/2002,True,"ATP - Mathilda Anderson Trust","Roy Hybertson","46306 289th Street",Centerville,57014,Turner,43.2009468,-96.9408646,97N,52W,24,"SW","0.00","","gasoline                                          ","0.00000",,"Petroleum","ATP","Residential","UST","True","Spillage",1884,"5838",,"","207",7016
2001.735,"C",KM,8/23/2001,1/28/2002,True,"ATP - Kick Property","Pete Jensen","SD Highway 44 & Chestnut Avenue",Parker,57053,Turner,43.39945,-97.13134,,,,"","0.00","","fuel oil                                          ","0.00000",,"Petroleum","ATP","Residential","UST","False","Spillage",1928,"5878",,"","207",7017
2001.754,"NFA",KM,8/20/2001,3/17/2003,True,"ATP - Irene School District 63-2","Irene School District","State Street & Clark Avenue",Irene,57037,Turner,43.0860176,-97.15685,,,,"","0.00","","Petroleum                                         ","0.00000",,"Petroleum","ATP","Public","UST","False","Corrosion",1057,"4830",,"","217",7036
2001.755,"NFA",KH,8/24/2001,9/30/2003,True,"ATP - City of Centerville","Centerville","741 Main Street   ",Centerville,57014,Turner,43.1169739,-96.95939,,,,"","0.00","","gasoline                                          ","0.00000",,"Petroleum","ATP","Public","UST","True","Corrosion",1863,"5831",,"","236,259",7037
2001.756,"C",KM,8/24/2001,2/25/2002,True,"ATP - Knudson Property","Dale Knudson","741 Broadway Avenue",Centerville,57014,Turner,43.1146278,-96.9610062,,,,"","0.00","","Petroleum                                         ","0.00000",,"Petroleum","ATP","Residential","UST","False","Leakage",2010,"5973",,"","207",7038
2001.757,"NFA",TF,8/24/2001,2/8/2017,True,"ATP - Hoteling Property","Troy Hoteling","700 Garfield Street",Centerville,57014,Turner,43.11644,-96.95844,,,,"","0.00","","Petroleum                                         ","0.00000",,"Petroleum","ATP","Residential","UST","False","Corrosion",2016,"5972",,"","",7039
2001.769,"NFA",KH,8/23/2001,3/26/2003,True,"ATP - Dangel Farm, Site #2","Robert Dangel","44289 US Highway 18",Freeman,57029,Turner,43.2404022,-97.34184,97N,55W,10,"NE","0.00","","Petroleum                                         ","0.00000",,"Petroleum","ATP","Agricultural","UST","False","Corrosion",2719,"5941",,"","217",7051
2002.339,"NFA",KM,1/23/2003,5/9/2003,True,"ATP - Former Nei Station","Turner County","141 Maple Street",Monroe,57047,Turner,43.48631,-97.21573,,,,"","0.00","","petroleum                                         ","0.00000",,"Petroleum","ATP","Commercial","UST","True","Leakage",2658,"6599",,"","217",7620
2003.054,"C",LAS,4/26/2003,5/31/2005,True,"Derail Event","Cargill","Along RR - 3.5 blocks W of Cargill",Parker,57053,Turner,43.39532,-97.14266,,,,"","0.00","","Urea                                              ","30.00000",tons,"Agri Chem","Other(See Case File)","Other(See Case File)","Railcar","False","Derail",,"null",03S042807,"","239",7701
2003.062,"NFA",JF,5/6/2003,5/17/2004,True,"Transport Spill","Even Brothers","SD Highway 19 (Turner-Minnehaha Co Line)",Monroe,57047,Turner,43.49862,-97.12075,,,,"","0.00","","Enrich                                            ","350.00000",gallons,"Agri Chem","Other(See Case File)","Other(See Case File)","Tote","False","Unsecured",,"null",,"","232",7709
2003.068,"C",BM,5/18/2003,9/8/2003,True,"Eastern Farmers - Fertilizer Spill","Eastern Farmers CO-OP","277 Street, 250' E of Long Creek",Lennox,57039,Turner,43.3741875,-96.93252,99N,52W,24,"SE","0.00","","Agri Chem                                         ","1000.00000",gallons,"Agri Chem","Other(See Case File)","Agricultural","Sprayer","False","Overturned",,"null",,"","231",7715
2003.075,"C",SH,5/21/2003,7/29/2004,True,"Coop Elevator - Fertilizer Spill","Viborg Coop Elevator","4 miles east and 2.5 north on county road",Viborg,57070,Turner,43.2069969,-97.00221,97N,52W,21,"NW","0.00","","fertilizer                                        ","300.00000",pounds,"Agri Chem","Other(See Case File)","Other(See Case File)","Transport Truck","False","Transport Accident",,"null",,"","233",7722
2003.112,"NFA",DM,7/10/2003,1/26/2009,True,"Former Gas Station - LUST Trust","Marion Development Foundation","502 South Broadway Avenue",Marion,57043,Turner,43.41771,-97.26042,99N,54W,5,"SW","0.00","","Petroleum                                         ","0.00000",,"Petroleum","Lust Trust","Commercial","AST","True","Leakage",,"6757",,"","281",7759
2003.126,"C",KM,8/6/2003,8/27/2003,True,"Great Plains Sulfuric Acid Spill","Great Plains Ethanol","27716 462nd Avenue",Chancellor,57015,Turner,43.3703346,-96.9588,99N,52W,26,"NW","0.00","","Sulfuric Acid                                     ","3500.00000",gallons,"Chemical","Other(See Case File)","Industrial","AST","False","Leakage",,"null",,"","224,",7773
2004.031,"NFA",KH,2/6/2004,2/10/2004,True,"ATP - Hilltop Nursing Home","City of Parker","100 East Sanborn Street",Parker,57053,Turner,43.3934174,-97.13557,,,,"","0.00","","petroleum                                         ","0.00000",,"Petroleum","ATP","Residential","UST","True","Leakage",2780,"6766",,"","225,",7916
2004.062,"C",SB,4/26/2004,6/30/2004,True,"Stern Oil Company - Truck Overfill","Stern Oil Company, Inc.","Bulk Facility @ North Broadway",Marion,57043,Turner,43.42898,-97.26105,99N,54W,6,"NE","0.00","","Diesel Fuel                                       ","75.00000",gal,"Petroleum","Other(See Case File)","Commercial","AST","True","Overfill",,"6846",,"","232",7947
2004.138,"C",KM,8/9/2004,5/31/2005,True,"Brownfields - Meadows Development","Parker Development Corporation","NE Corner of Hwy 19 & 275th Street",Parker,57053,Turner,43.40263,-97.12162,99N,53W,8,"SW","21.60","","Petroleum & Agri Chem                             ","0.00000",,"Petroleum","Brownfields","Commercial","Equipment","False","Leaks and Spills",,"null",,"","246",8023
2004.139,"C",KM,8/9/2004,5/31/2005,True,"Brownfields - Complex North Development","Parker Development Corporation","17900 SD Highway 19",Parker,57053,Turner,43.40602,-97.12627,99N,53W,8,"SW","21.60","none known","Petroleum                                         ","0.00000",,"Combined","Brownfields","Commercial","Equipment","False","Leaks and Spills",,"null",,"","246",8024
2005.080,"C",BM,5/2/2005,6/14/2005,True,"Dry Fertilizer Spill - Centerville Ag","Centerville Ag","2 miles South of Davis on 461st Ave",Davis,57021,Turner,43.22958,-96.98204,97N,52W,15,"NW","0.00","","Dry Fertilizer                                    ","41700.00000",lb,"Agri Chem","Other(See Case File)","Other(See Case File)","Transport Trailer","False","Overturned",,"null",,"","239,242",8174
2005.233,"C",KM,12/13/2005,2/28/2007,True,"Brownfields - North Development - Parker","Parker Economic Development Corporation","Lot H4 - Gravel Pit",Parker,57053,Turner,43.4055557,-97.125,,,,"","31.00","none known","                                                  ","0.00000",,"Combined(See Case File)","Brownfields","Commercial","Equipment","False","Leaks and Spills",,"null",,"","252",10400
2006.046,"C",RL,4/21/2006,4/24/2006,True,"Transportation Accident - Vermillion River","Luke Mueller - Deceased","275th St  @ East Fork Vermillion River",Parker,57053,Turner,43.4020424,-97.0724945,,,,"","0.00","","Gasoline                                          ","25.00000",gal,"Petroleum","Surface Water","Other(See Case File)","Truck","False","Immersed ",,"null",,"","",10484
2006.174,"C",RL,11/17/2006,11/27/2006,True,"Former Body Shop - Truck Tank Leak","Unknown",".5 miles E of Irene on Hwy 46",Irene,57037,Turner,43.0834,-97.14809,,,,"","0.00","","Diesel                                            ","25.00000",Gal,"Petroleum","Other(See Case File)","Commercial","Truck Tank","False","Leakage",,"7142",,"","249",10626
2007.026,"C",BM,2/6/2007,6/11/2008,True,"Transport Spill","Wolf Creek Colony","280th St & 443rd Ave, 1 S. & 4 E. of  Freeman",Freeman,57029,Turner,43.32814,-97.33944,,,,"","0.00","","Diesel Fuel                                       ","50.00000",gallons,"Petroleum","Other(See Case File)","Other(See Case File)","Truck Tank","False","Transport Accident",,"7168",,"","257",10864
2007.039,"C",BM,4/11/2007,5/4/2007,True,"Transformer Oil Release","Xcel Energy","27400 462nd Avenue",Chancellor,57015,Turner,43.41737,-96.96367,,,,"","0.00","","Transformer Oil                                   ","12.00000",gallons,"Oil","Other(See Case File)","Other(See Case File)","Transformer","False","Damage",,"null",,"","252",10877
2007.134,"C",RL,9/10/2007,10/12/2007,True,"Alcohol Spill - Poet Biorefining","Poet Biorefining - Chancellor","27716 462nd Avenue",Chancellor,57015,Turner,43.3686447,-96.95863,99N,52W,,"","0.00","","5% Denature Alcohol                               ","80.00000",gallons,"Chemical","Other(See Case File)","Industrial","Railcar","False","Equipment Failure",,"null",,"","255",10981
2007.164,"NFA",SH,10/24/2007,8/16/2012,True,"Assessment - Former Farmers Bulk Site","Country Pride Coop","N of the Hwy 44 & 1st St intersection",Chancellor,57015,Turner,43.3739929,-96.9883652,,,,"","0.00","","Petroleum                                         ","0.00000",,"Petroleum","Other(See Case File)","Commercial","AST","True","Leakage",,"7188",,"","287",11013
2008.031,"C",RL,2/28/2008,8/29/2008,True,"Tank Spill - US Bio Facility","US Bio Marion","27283 447th Avenue",Marion,57043,Turner,43.43564,-97.27405,110N,54W,31,"","0.00","","Sodium Hydroxide 1%                               ","200.00000",gallons,"Chemical","Other(See Case File)","Industrial","AST","False","Equipment Failure",,"null",,"","259",11112
2008.044,"NFA",RL,3/14/2008,4/16/2008,True,"Process Mash Spill - Poet","Poet - Chancellor","27716 462nd Avenue",Chancellor,57015,Turner,43.3706741,-96.959,99N,52W,26,"","0.00","","Process Beer/Mash                                 ","1000.00000",gallons,"Other(See Case File)","Other(See Case File)","Industrial","Operating System","False","Operational Error",,"null",,"","256",11125
2008.075,"C",RL,5/7/2008,9/12/2008,True,"Verasun - Railcar Spill","Verasun","27283 447th Avenue",Marion,57043,Turner,43.4337463,-97.27335,,,,"","0.00","","Denatured Ethanol                                 ","1900.00000",gallons,"Other(See Case File)","Other(See Case File)","Industrial","AST","False","Equipment Failure",,"null",,"","259",11158
2008.103,"C",TK,6/10/2008,8/25/2008,True,"US Bio - Verasun (see 2008.112)","US Bio (Verasun) at Marion","27283 447th Avenue",Marion,57043,Turner,43.43365,-97.27277,,,,"","0.00","","Sodium Hydroxide 1%                               ","200.00000",Gallons,"Chemical","Other(See Case File)","Industrial","Operating System","False","Equipment Failure",,"null",,"","259",11188
2008.112,"C",RL,6/23/2008,8/29/2008,True,"1% Sodium Hydroxide Release - Verasun","Verasun - Marion","Verasun Facility, South Side of Distillation",Marion,57043,Turner,43.434967,-97.27365,100N,54W,31,"","0.00","","Sodium Hydroxide 1%                               ","200.00000",gallons,"Chemical","Other(See Case File)","Industrial","Operating System","False","Equipment Failure",,"null",,"","259",11197
2008.165,"C",RL,8/21/2008,11/12/2008,True,"Dry Fertilizer Spill - Marion","Rory Krause","44608 273rd Street & along Hwy to Marion",Marion,57043,Turner,43.43008,-97.2784,,,,"","0.00","","Dry Fertilizer                                    ","4000.00000",lbs,"Agri Chem","Other(See Case File)","Other(See Case File)","Transport Trailer","False","Transport Accident",,"null",08S082224,"","260,264",11257
2008.206,"C",RL,11/4/2008,6/29/2009,True,"Fertilizer Spill  - Fremar Farmers","Fremar Farmers LLC","442nd Ave & 274th St",Marion,57043,Turner,43.4153328,-97.35917,,,9,"NW","0.00","","Fertilizer                                        ","6000.00000",lbs,"Agri Chem","Other(See Case File)","Other(See Case File)","Transport Trailer","False","Transport Accident",,"null",09N110404,"","265",11305
2009.089,"C",BM,7/9/2009,9/29/2009,True,"Poet Site - Overturned Forklift","Poet Biorefining","27716 462nd Ave",Chancellor,57015,Turner,43.369915,-96.95909,99N,52W,,"","0.00","","Oil                                               ","5.00000",gallons,"Oil","Other(See Case File)","Industrial","Equipment","False","Overturned",,"null",,"","268",11451
2009.167,"NFA",TF,11/9/2009,11/10/2009,True,"ATP - Hurley School","Hurley School District","501 Adams Street",Hurley,57036,Turner,43.2821159,-97.09481,,,,"","0.00","","Fuel Oil                                          ","0.00000",,"Petroleum","ATP","Public","UST","False","Leakage",3134,"7449",,"","270",11542
2010.002,"C",RL,1/12/2010,2/18/2010,True,"Process Syrup Spill - POET","Poet - Chancellor","27716 462nd Avenue",Chancellor,57015,Turner,43.37123,-96.959816,,,,"","0.00","","Process Syrup                                     ","3000.00000",gallons,"Other(See Case File)","Other(See Case File)","Industrial","Operating System","False","Open Valve",,"null",,"","273",11585
2010.032,"C",TK,3/23/2010,5/4/2010,True,"Fermenter Foam Over - POET","Poet","27716 462nd Avenue",Chancellor,57015,Turner,43.37069,-96.9592743,99N,52W,,"","0.00","","Process Beer                                      ","500.00000",Gallons,"Combined(See Case File)","Other(See Case File)","Industrial","Operating System","False","Overflow",,"null",,"","274",11617
2010.166,"C",RL,8/6/2010,8/11/2010,True,"Overturned Transport","Poet Biorefining - Chancellor","~27650 461st Avenue",Chancellor,57015,Turner,43.3810234,-96.9839859,,,,"","0.00","","Wood Ash                                          ","19.00000",Tons,"Other(See Case File)","Other(See Case File)","Agricultural","Transport Trailer","False","Transport Accident",,"null",,"","276",11756
2010.272,"C",BM,12/13/2010,1/11/2011,True,"NuGen Energy Syrup  - Truck Spill","NuGen Energy","27283 447th Ave",Marion,57043,Turner,43.43393,-97.2728,,,,"","0.00","","syrup                                             ","3000.00000",gallons,"Other(See Case File)","Other(See Case File)","Industrial","Transport Tank","False","Valve Leak",,"null",,"","279",11890
2011.009,"C",RL,1/14/2011,2/24/2011,True,"Transport Event","Nugen Energy","27283 447th Avenue",Marion,57043,Turner,43.43613,-97.27126,,,,"","0.00","","Diesel                                            ","75.00000",gallons,"Petroleum","Other(See Case File)","Industrial","Truck Tank","False","Transport Accident",,"null",,"","279",11911
2011.017,"NFA",RL,2/3/2011,9/8/2011,True,"Ethanol Spill - Overfilled Rail Car","Poet - Chancellor","27716 462nd Avenue",Chancellor,57015,Turner,43.3686523,-96.95867,,,,"","0.00","","Denatured Ethanol                                 ","2000.00000",Gallons,"Other(See Case File)","Other(See Case File)","Industrial","AST","True","Overfill",,"7589",,"","281",11919
2011.067,"C",TK,4/27/2011,12/31/2013,True,"PBP Farms Lumax spill","PBP Farms - Paul Peterson Farms","Intersection of Highway 44 & Poplar Avenue",Parker,57053,Turner,43.3996544,-97.13519,,,,"","0.00","","Lumax                                             ","700.00000",gal,"Agri Chem","Other(See Case File)","Residential","Portable Tank","False","Leakage",,"null",11S042703,"","288A",11969
2011.192,"NFA",RL,11/9/2011,1/5/2012,True,"L&S Trucking Site - Tank Overfill","CHS Inc.","109 Industrial Court",Marion,57043,Turner,43.42942,-97.26474,,,,"","0.00","","Diesel                                            ","10.00000",gallons,"Petroleum","Other(See Case File)","Industrial","AST","True","Overfill",,"null",,"","281",12115
2012.021,"C",TK,2/14/2012,3/23/2012,True,"Tank Relief Valve Release - Poet","Poet - Chancellor","27716 462nd Avenue",Chancellor,57015,Turner,43.3702965,-96.95819,,,,"","0.00","","Product #DCI-11                                   ","75.00000",gallons,"Chemical","Other(See Case File)","Industrial","AST","True","Valve Activation",,"null",,"","286",12170
2012.027,"NFA",RL,2/22/2012,3/30/2012,True,"Leaking Dispenser - Stern Bulk Facility","Stern Oil Company","801 N. Broadway",Marion,57029,Turner,43.428978,-97.26113,99N,54,6,"NE","0.00","","Petroleum                                         ","0.00000",,"Petroleum","Other(See Case File)","Other(See Case File)","AST","True","Dispenser Leak",,"7685",,"","286",12176
2012.043,"C",TK,3/22/2012,5/4/2012,True,"Washwater Spill - Poet Chancellor","Poet Biorefining","27716 462nd Avenue",Chancellor,57015,Turner,43.3712044,-96.96014,,,,"","0.00","","Washwater                                         ","50.00000",gallons,"Other(See Case File)","Other(See Case File)","Industrial","Operating System","False","Overflow",,"null",,"","286",12260
2012.134,"C",TK,7/3/2012,10/22/2012,True,"Damaged Product Line - Poet","Poet - Chancellor","27716 462nd Avenue",Chancellor,57015,Turner,43.3706856,-96.95917,,,,"","0.00","","Sodium Hydroxide                                  ","338.00000",gallons,"Chemical","Other(See Case File)","Industrial","Operating System","False","Damage",,"null",,"","288",12396
2012.148,"NFA",RL,7/13/2012,12/20/2012,True,"Open Valve Spill - Country Pride","Country Pride Coop","500 US Hwy 44",Chancellor,57015,Turner,43.3743,-96.99034,,,,"","0.00","","Liquid Fertilizer 28%                             ","250.00000",gallons,"Agri Chem","Other(See Case File)","Commercial","AST","False","Open Valve",,"null",12S071330,"","288A",12414
2012.227,"C",RL,11/5/2012,12/20/2012,True,"Overturned Transport - Central Farmer's Coop","Central Farmers Cooperative","447th Ave, .75 miles S of Hwy 44",Marion,57043,Turner,43.3938637,-97.2611542,99,18,,"NE","0.00","","Urea / MAP                                        ","1000.00000",lbs,"Agri Chem","Other(See Case File)","Other(See Case File)","Transport Trailer","False","Transport Accident",,"null",13S110602,"","289",12511
2013.010,"NFA",RL,1/28/2013,2/12/2013,True,"Sample Port Release - Poet Chancellor","Poet Biorefining","27716 462nd Avenue",Chancellor,57015,Turner,43.37031,-96.95945,,,,"","0.00","","Urea                                              ","35.00000",gallons,"Chemical","Other(See Case File)","Industrial","Operating System","False","Handling",,"null",,"","289",12560
2013.029,"C",RL,2/27/2013,3/21/2013,True,"Wet Well Overflow - Poet","Poet Biorefining","27716 462nd Avenue",Chancellor,57015,Turner,43.37012,-96.95989,,,,"","0.00","","Process Water                                     ","25.00000",gallons,"Other(See Case File)","Other(See Case File)","Industrial","Operating System","False","Overflow",,"null",,"","289",12580
2013.156,"C",TK,7/12/2013,12/31/2013,True,"Ethanol Spill - Poet /Great Plains","Poet Biorefining","27716 462nd Avenue",Chancellor,57015,Turner,43.3687363,-96.958725,,,,"","0.00","","Denatured Ethanol                                 ","82.00000",gallons,"Other(See Case File)","Other(See Case File)","Industrial","AST","True","Operator Error",,"null",,"","296",12721
2013.164,"C",RL,7/19/2013,10/16/2013,True,"AST overfill at Central Farmers Coop - CHS","Cenex Harvest States (CHS) Inc.","44608 273rd Street",Marion,57043,Turner,43.43083,-97.2797241,,,,"","0.00","","Diesel                                            ","35.00000",gallons,"Petroleum","Other(See Case File)","Commercial","AST","True","Overfill",,"null",,"","295",12734
2013.201,"C",RL,9/12/2013,10/9/2013,True,"Fatality Transport Event","Unknown","Intersection at Hwy 46 and 19A",Centerville,57014,Turner,43.08346,-96.96324,,,,"","0.00","","Diesel                                            ","0.00000",,"Petroleum","Other(See Case File)","Other(See Case File)","Truck Tank","False","Transport Accident",,"null",,"","295",12774
2013.247,"C",RL,11/2/2013,11/5/2013,True,"Liquified Manure Spill - Transport Event","Jen Paulson","NE at 285th Street and 455th Avenue",Hurley,57036,Turner,43.25715,-97.10162,,,,"","0.00","","Manure                                            ","2000.00000",gallons,"Other(See Case File)","Other(See Case File)","Other(See Case File)","Production Waste","False","Transport Accident",,"null",,"","295",12832
2014.050,"C",RL,3/28/2014,4/9/2014,True,"BNSF Release at Poet-Chancellor","Burlington Northern Sante Fe (BNSF)","27716 462nd Ave",Chancellor,57015,Turner,43.3730278,-96.9602051,,,,"","0.00","","Locomotive Coolant                                ","300.00000",Gallons,"Chemical","Other(See Case File)","Industrial","Locomotive","False","Valve Activation",,"null",,"","",12972
2014.065,"C",RL,4/17/2014,7/23/2014,True,"Overturned Tender - Viborg Coop","Viborg Coop","291st Street near 450 Avenue",Viborg,57070,Turner,43.1699257,-97.1996841,,,,"","0.00","","Dry Fertilizer                                    ","8.00000",tons,"Agri Chem","Other(See Case File)","Other(See Case File)","Transport Trailer","False","Transport Accident",,"null",14S041703,"","297",12987
2014.072,"C",RL,4/28/2014,7/22/2014,True,"Overturned Pullcart - Viborg Coop","Viborg Coop","291st Street, approximately 3.5 miles W of Viborg",Viborg,57070,Turner,43.1698761,-97.15083,,,,"","0.00","","Dry Fertilizer                                    ","4.00000",tons,"Agri Chem","Other(See Case File)","Other(See Case File)","Transport Trailer","False","Overturned",,"null",14S042804,"","297",12994
2014.074,"C",RL,4/30/2014,5/15/2014,True,"Open Valve  - Great Plains Ethanol (Poet)","Poet Biorefining","27716 462nd Avenue",Chancellor,57015,Turner,43.3705063,-96.9586258,,,,"","0.00","","Mash","100.00000",gallons,"Other(See Case File)","Other(See Case File)","Industrial","Operating System","False","Open Valve",,"null",,"","297",12996
2014.085,"C",RL,5/8/2014,6/4/2014,True,"Transformer Oil Leak - Xcel","Xcel Energy","46346  279th  Street",Lennox,57039,Turner,43.3449364,-96.9353256,,,,"","0.00","","Transformer Oil                                   ","0.00000",,"Oil","Other(See Case File)","Commercial","Transformer","False","Leakage",,"null",,"","297",13008
2014.099,"NFA",SB,5/23/2014,7/13/2016,True,"Transport Overfill - Lockwood Oil","Lockwood Oil Company","1011 Railway Street",Centerville,57014,Turner,43.115406,-96.96302,,,,"","0.00","","Gasoline                                          ","0.00000",,"Petroleum","Other(See Case File)","Commercial","AST","False","Overfill",,"7969",,"","",13027
2014.126,"C",RL,6/23/2014,7/30/2014,True,"Wet-Well Release - POET","Poet - Chancellor","27716 462nd Avenue",Chancellor,57015,Turner,43.37025,-96.960144,,,,"","0.00","","Wet-Well  Water                                   ","200.00000",gallons,"Other(See Case File)","Other(See Case File)","Industrial","Operating System","False","Equipment Failure",,"null",,"","297",13055
2014.173,"C",KN,8/18/2014,8/28/2014,True,"Fremar LLC - Ag Chem Spill","Fremar LLC/ Central Farmers Coop","44608 273rd",Marion,57043,Turner,43.43754,-97.2846,,,,"","0.00","","Agri Chem                                         ","1.00000",Ton,"Agri Chem","Other(See Case File)","Other(See Case File)","Transport Trailer","False","Transport Accident",,"null",,"","297",13108
2014.211,"C",KM,10/4/2014,11/18/2014,True,"Corn Mash Release at Long Creek","Unknown","Long Creek bridge, N of 462 Ave & 275 St",Chancellor,57015,Turner,43.4028969,-96.96418,,,,"","0.00","","Corn Mash                                         ","0.00000",,"Other(See Case File)","Other(See Case File)","Other(See Case File)","Transport Trailer","False","Dumping",,"null",,"","298",13146
2014.240,"C",KN,11/10/2014,12/15/2014,True,"Ethanol Spill at Great Plains Ethanol (POET)","Great Plains Ethanol (POET)","27716 462 Avenue",Chancellor,57015,Turner,43.3700066,-96.95942,,,,"","0.00","","Ethanol (200 proof)","50.00000",Gallons,"Other(See Case File)","Other(See Case File)","Industrial","Operating System","False","Equipment Failure",,"null",,"","298",13180
2014.282,"C",KN ,12/16/2014,12/31/2014,True,"Transportation Accident","John Ymker Trucking ","273rd Street and 433rd Ave",Marion,57043,Turner,43.4298,-97.34005,,,,"null","null","null","Distillers Grain                                  ","null",,"Other(See Case File)","Other(See Case File)","Public","Transportation","False","Transport Accident",,"null",,"null","298",13244
2015.028,"C",RL ,2/20/2015,6/10/2015,True,"Denaturant Spill - POET Chancellor","Great Plains Ethanol (dba POET Chancellor)","27716 462nd Avenue",Chancellor,57015,Turner,43.3703079,-96.958046,,,,"null","null","null","Natural Gasoline","600.00000",gallons,"Petroleum","Other(See Case File)","Industrial","AST","False","Handling",,"8069",,"null","300",13304
2015.141,"C",RL ,7/22/2015,8/26/2015,True,"Caustic Solution Spill - POET Chancellor","Great Plains Ethanol / POET Biorefining","27716  462nd  Avenue",Chancellor,57015,Turner,43.37069,-96.9600449,,,,"null","null","null","Caustic Soda                                      ","1000.00000",gallons,"Other(See Case File)","Other(See Case File)","Industrial","AST","False","Equipment Failure",,"null",,"null","301",13430
2015.172,"C",RL ,7/23/2015,11/18/2015,True,"Drilling Waste Dumping - Engbarth Directional","Engbarth Directional Drilling","462 Avenue, west ditch",Chancellor,57015,Turner,43.378788,-96.96437,,,,"null","null","null","Drilling Mud  ","null",,"Other(See Case File)","Other(See Case File)","Other(See Case File)","Equipment","False","Dumping",,"null",,"null","301",13466
2015.177,"NFA",TF ,9/3/2015,12/29/2016,True,"ATP - Wall Property","Andy Wall","27936  453rd  Avenue",Parker,57053,Turner,43.3385162,-97.1414948,,,,"null","null","null","Gasoline                          ","null",,"Petroleum","ATP","Other(See Case File)","UST","False","Leakage",3458,"8047",,"null","null",13474
2015.215,"C",KN ,10/26/2015,12/1/2015,True,"Cook Water Overflow","NuGen Energy","27283 447th Ave",Marion,57043,Turner,43.4348946,-97.2724838,,,,"null","null","null","Ethanol, Water                              ","420.00000",Gallons,"Other(See Case File)","Other(See Case File)","Commercial","Operating System","False","Overflow",,"null",,"null","301",13518
2016.002,"C",KN ,1/1/2016,2/9/2016,True,"POET Chancellor","Great Plains Ethanol dba POET ","27716 462nd Ave",Chancellor,57015,Turner ,43.3708344,-96.9596252,,,,"null","null","null","Enzyme","60.00000",Gallons,"Other(See Case File)","Other(See Case File)","Industrial","Operating System","False","Disconnected Hose ",,"null",,"null","302",13583
2016.073,"C",KN ,5/4/2016,5/3/2017,True,"Agri Chem Release - Lawn Unlimited","Ty Soulek","44449th 269th Street",Monroe,57047,Turner,43.4882,-97.21238,,,,"null","null","null","Agri Chem                                         ","300.00000",gallons,"Agri Chem","Other(See Case File)","Agricultural","Transport Tank","False","Equipment Failure",,"null",16L050401,"null","null",13659
2016.095,"C",RL ,5/24/2016,6/9/2016,True,"Process Water Release - POET","POET Biorefining","27716  462nd  Avenue",Chancellor,57015,Turner,43.3708038,-96.95996,,,,"null","null","null","Process Water                                     ","200.00000",gallons,"Other(See Case File)","Other(See Case File)","Industrial","Operating System","False","Overflow",,"null",,"null","null",13681
2016.123,"C",RL ,6/28/2016,7/20/2016,True,"Distillate Spill - POET","POET Biorefining","27716  462nd  Avenue",Chancellor,57015,Turner,43.371,-96.9600143,,,,"null","null","null","Distillate                                        ","100.00000",gallons,"Other(See Case File)","Other(See Case File)","Industrial","AST","False","Overfill",,"null",,"null","null",13710
2016.160,"NFA",KN ,8/14/2016,9/25/2017,True,"BNSF Repairment Spill","Burlington Northern Santa Fe","RR Mile Marker 322.1",Parker,57053,Turner,43.3952751,-97.1208344,,,,"null","null","null","Diesel","50.00000",Gallons,"Petroleum","Other(See Case File)","Other(See Case File)","Equipment","False","Equipment Failure",,"null",,"null","null",13757
2017.013,"C",RL ,1/25/2017,6/15/2017,True,"Treated Seed Corn Spill - Winter Storm Event","Mara Transport","NW at 273rd Street and 447th Avenue (N Broadway)",Marion,57043,Turner,43.430088,-97.26112,,,,"null","null","null","Treated Seed Corn","null",,"Other(See Case File)","Other(See Case File)","Other(See Case File)","Transport Trailer","False","Transport Accident",,"null",,"null","null",13917
2017.088,"C",RL ,6/13/2017,12/28/2017,True,"Outlook Spill - Central Farmers Coop","Central Farmers Coop","Intersection at 291st and Hwy 19",Viborg,57070,Turner,43.1702728,-97.08152,,,,"null","null","null","Outlook","10.00000",gallons,"Agri Chem","Other(See Case File)","Public","Tote","False","Displaced Load",,"null",17SP061308,"null","null",14012
2017.143,"NFA",SB ,8/4/2017,8/24/2017,True,"UST Closure - Leloux Petroleum","Leloux Petroleum Services","235 West 4th Street",Parker,57053,Turner,43.39996,-97.13827,,,,"null","null","null","Petroleum                                         ","null",,"Petroleum","Other(See Case File)","Commercial","UST","True","Spillage",,"7930",,"null","null",14080
2017.200,"C",KN ,11/6/2017,12/11/2017,True,"POET Biorefining Urea Spill","POET Biorefining","27716 462nd Ave",Chancellor,57015,Turner,43.3705,-96.95984,,,,"null","null","null","Diluted Urea","400.00000",Gallons,"Agri Chem","Other(See Case File)","Industrial","Equipment","False","Leakage",,"null",,"null","null",14143
2017.207,"C",KN ,11/20/2017,4/11/2018,True,"Stern Oil Accident","Stern Oil","447th Ave and 268th Street",Monroe,57047,Turner,43.4996,-97.26251,,,,"null","null","null","Denatured Ethanol                                 ","8000.00000",Gallons,"Petroleum","Other(See Case File)","Public","Transport Tank","False","Transport Accident",,"null",,"null","null",14152
2018.044,"C",KM ,3/22/2018,4/24/2018,True,"Brownfields Assessment - Proposed Industrial Park","Viborg Development Corporation","East of Industrial Street, North of Blaine Avenue",Viborg,57070,Turner,43.1732254,-97.06827,,,,"null","60.00","null","null","null",,"Unknown(See Case File)","Brownfields","Industrial","Unknown(See Case File)","False","Unknown",,"null",,"null","null",14222
2018.061,"C",JAM,4/28/2018,8/7/2019,True,"32% UAN Spill - Elliot Benson","Farmers Coop Society","45067 284th St NW",Hurley,57036,Turner,43.2699928,-97.18715,,,,"null","null","null","Fertilizer 32%                                    ","300.00000",Gallons,"Agri Chem","Other(See Case File)","Agricultural","Transport Truck","False","Tank Leak",,"null",18SP042802,"null","null",14240
2018.090,"C",KN ,5/29/2018,7/9/2018,True,"POET Grain Spill","POET Biorefining","27716 462nd Ave",Chancellor,57015,Turner,43.37048,-96.95998,,,,"null","null","null","Distillers Grain                                  ","40.00000",Tons,"Other","Other(See Case File)","Industrial","AST","False","Operation ",,"null",,"null","null",14270
2018.091,"NFA",TK ,5/31/2018,9/14/2018,True,"Overturned Transport at Slough - Freemar LLC","Freemar LLC / Centeral Farmers Coop","NW at 448 Avenue & 276 Street",Marion,57043,Turner,43.3865662,-97.2413,,,,"null","null","null","Liquid Fertilizer                                 ","null",,"Agri Chem","Surface Water","Other(See Case File)","Transport Trailer","False","Overturned",,"null",18LP053103,"null","null",14271
2018.098,"NFA",RL ,6/8/2018,10/5/2018,True,"Logistic Buddy Truck Spill","unknown","Junction of Highway 46 & 19",Centerville,57014,Turner,43.0839348,-96.96568,,,,"null","null","null","Diesel                                            ","160.00000",gal,"Petroleum","Other(See Case File)","Public","Transportation","False","Transport Accident",,"null",,"null","null",14279
2018.120,"C",KN ,6/27/2018,7/23/2018,True,"POET Caustic Soda Spill","POET Biorefining","27716 462nd Ave",Chancellor,57015,Turner,43.3704033,-96.95975,,,,"null","null","null","Caustic Soda                                      ","25.00000",Gallons,"Other","Other(See Case File)","Industrial","AST","False","Equipment Failure",,"null",,"null","null",14303
2018.207,"C",PDM,11/13/2018,12/4/2018,True,"POET - Chancellor facility release","POET Biorefining","27716 462nd Ave",Chancellor,57015,Turner,43.3705864,-96.95969,,,,"null","null","null","Sodium Hydroxide                                  ","2000.00000",gallons,"Chemical","Other(See Case File)","Industrial","Wet Well","False","Equipment Failure",,"null",,"null","null",14400
2018.216,"C",PDM,11/21/2018,4/29/2019,True,"Bridge Deck Failure - Hurley SD","Bowes Construction Inc.","45415 US-18",Hurley,57036,Turner,43.2426567,-97.11733,,,,"null","null","null","construction debris","null",,"Other(See Case File)","Other(See Case File)","Public","No Release","False","Failure",,"null",,"null","null",14409
2019.051,"C",PDM,4/11/2019,5/21/2019,True,"Generator Overfill - CHS Inc.","CHS Inc. (Cenex Harvest States)","25980 456th Avenue (SD HWY 19 & 260th Street)",Humboldt,57035,Turner,43.61921,-97.0899353,,,,"null","null","null","Diesel                                            ","20.00000",gallons,"Petroleum","Other(See Case File)","Commercial","Fuel Line","False","Equipment Failure",,"null",,"null","null",14482
2019.103,"C",NS ,6/21/2019,7/30/2019,True,"Brownfields  Project - Former Music Museum","City of Parker","117 North Main Ave",Parker,57053,Turner,43.39692,-97.13692,,,,"null","null","null","Asbestos                                          ","null",,"Other(See Case File)","Brownfields","Other(See Case File)","Other(See Case File)","False","Historical",,"null",,"null","null",14538
2019.105,"C",NS ,6/21/2019,7/30/2019,True,"Brownfields Project - Former Library Building","City of Parker","115 North Main Avenue",Parker,57053,Turner,43.39684,-97.13701,,,,"null","null","null","Asbestos                                          ","null",,"Other(See Case File)","Brownfields","Other(See Case File)","Other(See Case File)","False","Historical",,"null",,"null","null",14540
2019.109,"C",PDM,6/29/2019,7/19/2019,True,"Ag-Chem Release - Parker","Unknown","Intersection of 271st Street & 455th Avenue",Parker,57053,Turner,43.4598,-97.1023941,,,,"null","null","null","Xcelerate","null",,"Agri Chem","Other(See Case File)","Public","Tote","False","Displaced Load",,"null",,"null","null",14545
2019.117,"NFA",GMS,7/10/2019,12/9/2020,True,"Waste Oil/Tar Release - Turkey Ridge","South Dakota Department of Transportation","US Hwy 18 (286th street) & 446th Avenue",Turkey Ridge,57036,Turner,43.24338,-97.28054,,,,"null","null","null","Tar / Oil                                         ","440.00000",gallons,"Oil","Other(See Case File)","Public","Drums","False","Dumping",,"null",,"null","null",14554
2019.210,"NFA",SB ,11/15/2019,1/20/2021,True,"Petroleum Contaminated Soils - Stern Oil","Stern Oil Company Inc. ","801 North Broadway Avenue",Marion,57043,Turner,43.4289627,-97.26124,99N,54W,6,"NE","null","null","Petroleum                                         ","null",,"Petroleum","Other(See Case File)","Other(See Case File)","AST","True","Leaks and Spills",,"8475",,"null","null",14657
2022.029,"O",KN ,2/18/2022,,True,"MJ Electric Truck Accident","MJ Electric","Hwy 10 & Hwy 17 (447th Ave & 269th St)",Monroe,57047,Turner,43.48814,-97.26161,,,,"null","null","null","Diesel","20.00000",gallons,"Petroleum","Other(See Case File)","Public","Saddle Tank","False","Tank puncture",,"null",,"null","null",15171
2022.039,"C",GK,3/8/2022,7/8/2022,True,"POET Chancellor Ethanol","POET Biorefining","27716 462nd Ave",Chancellor,57015,Turner,43.3687477,-96.95801,,,,"null","null","null","Ethanol                                           ","3500.00000",gallons,"Chemical","Other(See Case File)","Industrial","Railcar","False","Operator Error",,"null",,"null","null",15181
2022.040,"C",JAM,3/9/2022,5/31/2022,True,"Locomotive overfill - NuGen Energy","Stern Oil","27283 447th Avenue",Marion,57043,Turner,43.4338264,-97.27333,,,,"null","null","null","Diesel                                            ","50.00000",gallons,"Petroleum","Other(See Case File)","Industrial","Transport Tank","False","Overfill",,"null",,"null","null",15182
2022.094,"C",GK,6/4/2022,7/7/2022,True,"Chancellor POET - Corn Mash","POET Biorefining","27716 462nd Avenue",Chancellor,57015,Turner,43.3707428,-96.9593048,,,,"null","null","null","Corn Mash                                         ","100.00000",gallons,"Other(See Case File)","Other(See Case File)","Industrial","AST","False","Open Valve",,"null",,"null","null",15240
2022.117,"C",JAM,7/7/2022,7/27/2022,True,"Chancellor POET - CIP Solution release","POET Biorefining","27716 462nd Avenue",Chancellor,57015,Turner,43.371048,-96.96061,,,,"null","null","null","CIP Solution","350.00000",gallons,"Chemical","Other(See Case File)","Industrial","AST","False","Equipment Failure",,"null",,"null","null",15266
2022.159,"C",JAM,9/20/2022,10/20/2022,True,"Corn Mash - Chancellor POET","POET Bioprocessing","27716 462nd Avenue",Chancellor,57015,Turner,43.370842,-96.95928,,,,"null","null","null","Corn Mash                                         ","null",,"Other(See Case File)","Other(See Case File)","Industrial","AST","False","Power Failure",,"null",,"null","null",15314
2022.166,"C",GK,10/11/2022,11/14/2022,True,"POET Chancellor Sulfuric Acid","Poet Chancellor","27716 462nd Ave",Chancellor,57015,Turner,43.37067,-96.95925,99N,52W,26,"NE1/4","null","null","Sulfuric Acid                                     ","25.00000",gallons,"Chemical","Other(See Case File)","Industrial","AST","True","Equipment Failure",,"null",,"null","null",15321
2022.175,"O",JAM,10/26/2022,,True,"Dry Fertilizer - Fremar CFC","Central Farmers Cooperative","452nd Avenue, near 296th Street",Irene,57037,Turner,43.09993,-97.1604843,,,,"null","null","null","Dry Fertilizer                                    ","5.60000",tons,"Agri Chem","Other(See Case File)","Agricultural","Transport Trailer","False","Transport Accident",,"null",23JM102601,"null","null",15330
2023.051,"C",GK,5/5/2023,5/25/2023,True,"Mineral Oil Turner County","Southeastern Coop","43650 281st Street",Freeman,57029,Turner,43.3144531,-97.469635,98N,56W,9,"null","null","null","Mineral Oil                                       ","110.00000",gallons,"Oil","Other(See Case File)","Agricultural","Transformer","False","Accident",,"null",,"null","null",15437
2023.068,"C",JAM,6/6/2023,7/10/2023,True,"Corn Stillage - Chancellor POET","POET Biorefining","27716 462nd Avenue",Chancellor,57015,Turner,43.37029,-96.95982,,,,"null","null","null","Corn Syrup","30.00000",gallons,"Other(See Case File)","Other(See Case File)","Industrial","Sump   ","False","Overflow",,"null",,"null","null",15457
2023.130,"O",SB ,9/22/2023,,True,"former D & R station and convenience store","Henry Dean","410 N Broadway",Marion,57043,Turner,43.42554,-97.2605057,,,,"null","null","null","Gasoline                                          ","null",,"Petroleum","Other(See Case File)","Commercial","UST","True","Historical",,"3352",,"null","null",15524
2023.174,"O",MJP,11/20/2023,,True,"POET Chancellor Corn Mash","POET Chancellor","27716 462nd Ave",Chancellor,57015,Turner,43.3708267,-96.95869,,,,"null","null","null","Corn Mash                                         ","1500.00000",Gallons,"Other","Other(See Case File)","Industrial","Line","False","Overflow",,"null",,"null","null",15573
2023.176,"O",MJP,11/21/2023,,True,"Turner County Cameron Colony Semi Collision","Cameron Colony","SE Corner of HWY 19 and HWY 44",Parker,57053,Turner,43.3729362,-97.08228,,,,"null","null","null","Diesel                                            ","200.00000",gallons,"Petroleum","Other(See Case File)","Public","Saddle Tank","False","Transport Accident",,"null",,"null","null",15575
2024.063,"O",TK ,4/30/2024,,True,"Poet Mash Spill","Poet Chancellor","27716 462nd Avenue",Chancellor,57015,Turner,43.3701019,-96.9594,,,,"null","null","null","Corn Mash                                         ","100.00000",gallons`,"Other(See Case File)","Other(See Case File)","Industrial","Equipment","False","Open Valve",,"null",,"null","null",15658
9999.035,"W",,,,True,"Withdrawn ATP - Miller's Garage","James Miller","20 North Street E",Monroe,57047,Turner,43.4880066,-97.21772,,,,"","0.00","","                                                  ","0.00000",,"Other(See Case File)","Withdrawn ATP","Commercial","Other(See Case File)","False","null",604,"4538",,"","249",10690
9999.074,"W",,,,True,"Withdrawn ATP - Turner Co Title","Turner County Title Company","205 N Main",Parker,57053,Turner,43.3987122,-97.1365356,,,,"","0.00","","                                                  ","0.00000",,"Other(See Case File)","Withdrawn ATP","Commercial","Other(See Case File)","False","null",1171,"5129",,"","249",10730
9999.088,"W",,,,True,"Withdrawn ATP - Hoogestraat Property","Ken Hoogestraat","46117 276th Street",Chancellor,57015,Turner,43.38763,-96.98039,,,,"","0.00","","                                                  ","0.00000",,"Other(See Case File)","Withdrawn ATP","Residential","Other(See Case File)","False","null",1305,"5231",,"","249",10746
9999.136,"W",,,,True,"Withdrawn ATP - Overgaard Property","Larry Overgaard","29323 Riverview Road",Centerville,57014,Turner,43.13818,-96.95541,,,,"","0.00","","                                                  ","0.00000",,"Other(See Case File)","Withdrawn ATP","Residential","Other(See Case File)","False","null",2027,"5990",,"","249",10796
9999.153,"W",,,,True,"Withdrawn ATP - Janssen Property","Joy Janssen","200 E 4th Street",Marion,57043,Turner,43.4195023,-97.25906,,,,"","0.00","","                                                  ","0.00000",,"Other(See Case File)","Withdrawn ATP","Residential","Other(See Case File)","False","null",2384,"6314",,"","249",10813
9999.172,"W",,,,True,"Withdrawn ATP - Hagemann Property","Bob Hagemann","100 E Sanborn Avenue",Parker,57053,Turner,43.3936119,-97.1351852,,,,"","0.00","","                                                  ","0.00000",,"Other(See Case File)","Withdrawn ATP","Residential","Other(See Case File)","False","null",2722,"           6676",,"","249",10832
90011.000,"C",SB,10/24/1990,10/24/1990,True,"Terra International","Terra International","State & Sorenson",Viborg,57070,Turner,43.1682777,-97.0824051,,,,"","0.00","","                                                  ","0.00000",,"Other(See Case File)","Clean Site","Commercial","UST","True","No Release",,"null",,"","",8246
94025.000,"C",SB,5/11/1994,6/8/1994,True,"Economy Oil Company","Sidney Knutson","Economy Oil",Viborg,57070,Turner,43.1704,-97.08316,,,,"","0.00","","                                                  ","0.00000",,"Other(See Case File)","Clean Site","Commercial","UST","True","No Release",,"null",,"","",8528
94027.000,"C",SB,5/13/1994,6/20/1994,True,"Economy Oil Co.","Economy Oil Company","Economy Oil Site",Viborg,57070,Turner,43.1704865,-97.08317,,,,"","0.00","","                                                  ","0.00000",,"Other(See Case File)","Clean Site","Commercial","UST","True","No Release",,"null",,"","",8530
95002.000,"C",RC,2/26/1995,2/28/1995,True,"Don's Feed and Spraying Inc.","Don's Feed and Spraying Inc.","817 Main Street",Centerville,57014,Turner,43.1167755,-96.96042,,,,"","0.00","","                                                  ","0.00000",,"Other(See Case File)","Clean Site","Commercial","Unknown(See Case File)","True","No Release",,"null",,"","",8562
98065.000,"C",CH,12/21/1998,2/1/1999,True,"Strand Property","Jerry Strand","740 Iowa Street",Centerville,57014,Turner,43.11502,-96.95936,,,,"","0.00","","                                                  ","0.00000",,"Other(See Case File)","Clean Site","Residential","UST","True","No Release",,"null",,"","",8728
99054.000,"C",CH,10/29/1999,12/23/1999,True,"Omers service","Omer Kohn","1031 Main Street",Centerville,57014,Turner,43.11727,-96.96221,,,,"","0.00","","                                                  ","0.00000",,"Other(See Case File)","Clean Site","Commercial","UST","True","No Release",,"3619",,"","",8787
2000005.000,"C",CH,1/14/2000,2/4/2000,True,"Rapp Chevrolet","Glen Rapp - Rapp Chevrolet","700 South Broadway Avenue",Marion,57043,Turner,43.4151878,-97.25987,,,,"","0.00","","                                                  ","0.00000",,"Other(See Case File)","Clean Site","Commercial","UST","True","No Release",,"null",,"","",8796
2000067.000,"C",KM,12/26/2000,1/2/2001,True,"Clean ATP - Walter Brothers Implement, Kaufman Property","LeRoy and Dawn Kaufman","27649 442nd Avenue",Freeman,57029,Turner,43.37956,-97.36495,,,,"","0.00","","                                                  ","0.00000",,"Other(See Case File)","ATP","Commercial","UST","True","No Release",283,"4224",,"","204,257",8858
2001579.000,"C",KM,8/10/2001,1/16/2002,True,"Clean ATP - Steever Farm","Merlyn Steever","27339 459th Avenue",Chancellor,57015,Turner,43.42762,-97.02281,,,,"","0.00","","                                                  ","0.00000",,"Other(See Case File)","ATP","Agricultural","UST","False","No Release",1945,"5913",,"","205",9443
2001580.000,"C",KM,7/8/2001,1/16/2002,True,"Clean ATP - Chancellor Reformed Church","James H. Jibben","500 3rd Street   (3rd & Dewey)",Chancellor,57015,Turner,43.3707657,-96.9834747,,,,"","0.00","","                                                  ","0.00000",,"Other(See Case File)","ATP","Other(See Case File)","UST","False","No Release",1943,"5911",,"","205",9444
2001581.000,"C",KM,8/6/2001,1/16/2002,True,"Clean ATP - Plucker Farm","Kent Plucker","27459 462nd Avenue",Chancellor,57015,Turner,43.40845,-96.96532,,,,"","0.00","","                                                  ","0.00000",,"Other(See Case File)","ATP","Agricultural","UST","False","No Release",578,"4504",,"","204",9445
2001582.000,"C",KM,8/8/2001,1/16/2002,True,"Clean ATP - Friese Farm","Dave Friese","46131 275th Street",Chancellor,57015,Turner,43.40186,-96.9783249,,,,"","0.00","","                                                  ","0.00000",,"Other(See Case File)","ATP","Agricultural","UST","False","No Release",1942,"5910",,"","205",9446
2001583.000,"C",KM,7/30/2001,1/16/2002,True,"Clean ATP - Former White Eagle Station","SD Dept of Transportation (SDDOT)","North Broadway and Wagner Streets",Marion,57043,Turner,43.4260826,-97.26027,,,,"","0.00","","                                                  ","0.00000",,"Other(See Case File)","ATP","Commercial","UST","True","No Release",16,"3968",,"","204",9447
2001584.000,"C",KM,8/3/2001,1/16/2002,True,"Clean ATP - Schmidt Property","Dr. Brad Schmidt","301 South Cedar",Marion,57043,Turner,43.42018,-97.25953,,,,"","0.00","","                                                  ","0.00000",,"Other(See Case File)","ATP","Residential","UST","False","No Release",1385,"5319",,"","205",9448
2001585.000,"C",KM,8/3/2001,1/16/2002,True,"Clean ATP - Monroe Oveson Welding/ Former Monroe School","Ronald Oveson","231 Maple Street West",Monroe,57047,Turner,43.4859962,-97.22101,,,,"","0.00","","                                                  ","0.00000",,"Other(See Case File)","ATP","Commercial","UST","True","No Release",1906,"5871",,"","205",9449
2001586.000,"C",KM,8/2/2001,1/16/2002,True,"Clean ATP - Wendall Faulben Property","Darold Benning","Maple and 2nd Streets",Monroe,57047,Turner,43.4866028,-97.2158051,,,,"","0.00","","                                                  ","0.00000",,"Other(See Case File)","ATP","Residential","UST","True","No Release",729,"4653",,"","204",9450
2001587.000,"C",KM,8/13/2001,1/16/2002,True,"Clean ATP - Scheidt Property","LeRoy P. Scheidt","304 Washington",Hurley,57036,Turner,43.2831535,-97.08926,,,,"","0.00","","                                                  ","0.00000",,"Other(See Case File)","ATP","Residential","UST","True","No Release",1108,"5050",,"","",9451
2001588.000,"C",KM,8/13/2001,1/16/2002,True,"Clean ATP - Friman Service","Violet Friman","28375 SD Highway 19",Hurley,57036,Turner,43.27543,-97.08276,,,,"","0.00","","                                                  ","0.00000",,"Other(See Case File)","ATP","Commercial","UST","True","No Release",1060,"4819",,"","204",9452
2001589.000,"C",KM,8/14/2001,1/16/2002,True,"Clean ATP - Russell Flyger Property","Marylin & Lloyd Christensen","45563 284th Street",Hurley,57036,Turner,43.2700768,-97.08855,,,,"","0.00","","                                                  ","0.00000",,"Other(See Case File)","ATP","Agricultural","UST","False","No Release",265,"4206",,"","204",9453
2001647.000,"C",KM,8/24/2001,1/28/2002,True,"ATP - Park Avenue Auto (no tank found)","Chuck Severson","Park Avenue",Viborg,57070,Turner,43.1701775,-97.08092,,,,"","0.00","","                                                  ","0.00000",,"Other(See Case File)","ATP","Commercial","UST","False","No Tank Found",1968,"5940",,"","249",9511
2001648.000,"C",KM,8/24/2001,1/28/2002,True,"ATP - Verley Well Drilling (no tank found)","Zane Ziegenbein","221 Florida Street",Centerville,57014,Turner,43.1212463,-96.95756,,,,"","0.00","","                                                  ","0.00000",,"Other(See Case File)","ATP","Commercial","UST","False","No Tank Found",1013,"5008",,"","204",9512
2001649.000,"C",KM,8/24/2001,1/28/2002,True,"ATP - Walz Property (no tank found)","Alan Walz","110 Broadway Avenue",Centerville,57014,Turner,43.122448,-96.96066,,,,"","0.00","","                                                  ","0.00000",,"Other(See Case File)","ATP","Residential","UST","False","No Tank Found",2045,"5998",,"","249",9513
2001650.000,"C",KM,8/24/2001,1/28/2002,True,"ATP - Eilmes Property (no tank found)","William Eilmes","1031 State Street  (Hwy 19A)",Centerville,57014,Turner,43.11336,-96.96165,,,,"","0.00","","                                                  ","0.00000",,"Other(See Case File)","ATP","Residential","UST","False","No Tank Found",2043,"5996",,"","249",9514
2001703.000,"C",KM,8/23/2001,1/28/2002,True,"Clean ATP - Dangel Farm, Site #1","Robert Dangel","44289 US Highway 18",Turkey Ridge,57036,Turner,43.2396774,-97.3411,,,,"","0.00","","                                                  ","0.00000",,"Other(See Case File)","ATP","Agricultural","UST","False","No Release",1969,"5941",,"","220",9567
2001704.000,"C",KM,8/14/2001,1/28/2002,True,"Clean ATP - Ag Land","Gary Larsen","28974 448th Avenue",Viborg,57070,Turner,43.1878967,-97.23743,,,,"","0.00","","                                                  ","0.00000",,"Other(See Case File)","ATP","Agricultural","UST","False","No Release",1298,"5216",,"","206",9568
2001705.000,"C",KM,8/15/2001,1/28/2002,True,"Clean ATP - Christensen Auto Body","Corey Christensen","100 South Sorenson Avenue",Viborg,57070,Turner,43.16968,-97.0813,,,,"","0.00","","                                                  ","0.00000",,"Other(See Case File)","ATP","Commercial","UST","True","No Release",1579,"5524",,"","206",9569
2001706.000,"C",KM,8/16/2001,1/28/2002,True,"Clean ATP - Wells Fargo Bank Property (Creamery)","Marvin Doering","103 West Park Avenue",Viborg,57070,Turner,43.1699371,-97.08264,,,,"","0.00","","                                                  ","0.00000",,"Other(See Case File)","ATP","Commercial","UST","True","No Release",1967,"5939",,"","206",9570
2001707.000,"C",KM,8/16/2001,1/28/2002,True,"Clean ATP - Nielsen Property","Larry Nielsen","306 North Main Street",Viborg,57070,Turner,43.1748123,-97.0812759,,,,"","0.00","","                                                  ","0.00000",,"Other(See Case File)","ATP","Residential","UST","False","No Release",1971,"5943",,"","206",9571
2001708.000,"C",KM,8/16/2001,1/28/2002,True,"Clean ATP - Lee Property","Troy Lee","201 North Main Street",Viborg,57070,Turner,43.1726646,-97.0811844,,,,"","0.00","","                                                  ","0.00000",,"Other(See Case File)","ATP","Residential","UST","True","No Release",1966,"5938",,"","206",9572
2001709.000,"C",KM,8/20/2001,1/28/2002,True,"Clean ATP - Peterson Property","Ralph Peterson","214 North Washington",Viborg,57070,Turner,43.17294,-97.08399,,,,"","0.00","","                                                  ","0.00000",,"Other(See Case File)","ATP","Residential","UST","False","No Release",1972,"5892",,"","206",9573
2001710.000,"C",KM,8/20/2001,1/28/2002,True,"Clean ATP - First Baptist Church","Minister","SW corner of Blaine & State",Viborg,57070,Turner,43.1712074,-97.0835,,,,"","0.00","","                                                  ","0.00000",,"Other(See Case File)","ATP","Other(See Case File)","UST","False","No Release",1995,"5951",,"","206",9574
2001711.000,"C",KM,8/14/2001,1/28/2002,True,"Clean ATP - Danielsen Farm","Ellsworth Danielsen","45352 291st Street",Viborg,57070,Turner,43.17307,-97.13103,,,,"","0.00","","                                                  ","0.00000",,"Other(See Case File)","ATP","Agricultural","UST","False","No Release",1941,"5914",,"","206",9575
2001712.000,"C",KM,8/21/2001,1/28/2002,True,"Clean ATP - Peterson Property","Wayne Peterson","201 North Street",Viborg,57070,Turner,43.17249,-97.08056,,,,"","0.00","","                                                  ","0.00000",,"Other(See Case File)","ATP","Residential","UST","False","No Release",2001,"5962",,"","206",9576
2001713.000,"C",KM,8/21/2001,1/28/2002,True,"Clean ATP - Gann Property","Jim Gann","101 Washington Street",Viborg,57070,Turner,43.1704941,-97.08474,,,,"","0.00","","                                                  ","0.00000",,"Other(See Case File)","ATP","Residential","UST","False","No Release",2046,"6002",,"","206",9577
2001714.000,"C",KM,8/14/2001,1/28/2002,True,"Clean ATP - Harvey Jensen Property","Arlen Jensen","102 North Washington Street",Viborg,57070,Turner,43.17071,-97.08392,,,,"","0.00","","                                                  ","0.00000",,"Other(See Case File)","ATP","Residential","UST","True","No Release",1059,"4828",,"","204",9578
2001715.000,"C",KM,8/15/2001,1/28/2002,True,"Clean ATP - Ackerman Heating & AC","Marvin Ackerman","100 West Sorenson Avenue",Viborg,57070,Turner,43.16964,-97.08183,,,,"","0.00","","                                                  ","0.00000",,"Other(See Case File)","ATP","Commercial","UST","True","No Release",206,"4133",,"","206",9579
2001716.000,"C",KM,8/20/2001,1/28/2002,True,"Clean ATP - Jonason Property","Gerald Jonason","214 North Main Street",Viborg,57070,Turner,43.17266,-97.08117,,,,"","0.00","","                                                  ","0.00000",,"Other(See Case File)","ATP","Residential","UST","False","No Release",1802,"5761",,"","206",9580
2001717.000,"C",KM,8/20/2001,1/28/2002,True,"Clean ATP - Larson Trucking","Carla Hybertson","308 North Washington Street",Viborg,57070,Turner,43.1746979,-97.08418,,,,"","0.00","","                                                  ","0.00000",,"Other(See Case File)","ATP","Commercial","UST","True","No Release",1990,"5950",,"","206",9581
2001718.000,"C",KM,8/20/2001,1/28/2002,True,"Clean ATP - Oakland Property","James Oakland","501 East Park Avenue",Viborg,57070,Turner,43.16976,-97.07496,,,,"","0.00","","                                                  ","0.00000",,"Other(See Case File)","ATP","Residential","UST","False","No Release",1970,"5942",,"","206",9582
2001719.000,"C",KM,8/21/2001,1/28/2002,True,"Clean ATP - Boulden Property","Eugene Boulden","303 North Street",Viborg,57070,Turner,43.1744041,-97.08066,,,,"","0.00","","                                                  ","0.00000",,"Other(See Case File)","ATP","Residential","UST","False","No Release",2000,"5961",,"","206",9583
2001720.000,"C",KM,9/10/2001,1/28/2002,True,"Clean ATP - Miller Property","Kenneth Miller","386 East 2nd Street",Parker,57053,Turner,43.39737,-97.13273,,,,"","0.00","","                                                  ","0.00000",,"Other(See Case File)","ATP","Residential","UST","False","No Release",2017,"5976",,"","206",9584
2001721.000,"C",KM,9/27/2001,1/28/2002,True,"Clean ATP - Jacobs Property","Judy Jacobs","286 East 2nd Street",Parker,57053,Turner,43.3973045,-97.13399,,,,"","0.00","","                                                  ","0.00000",,"Other(See Case File)","ATP","Residential","UST","True","No Release",2112,"6059",,"","206",9585
2001722.000,"C",KM,9/27/2001,1/28/2002,True,"Clean ATP - Roth Property","John Roth","342 East 2nd Street",Parker,57053,Turner,43.3973,-97.13358,,,,"","0.00","","                                                  ","0.00000",,"Other(See Case File)","ATP","Residential","UST","False","No Release",2113,"6060",,"","206",9586
2001723.000,"C",KM,8/24/2001,1/28/2002,True,"Clean ATP - Eisenbraun Property","A. M. Eisenbraun","800 Coleman Avenue",Centerville,57014,Turner,43.1146622,-96.9535,,,,"","0.00","","                                                  ","0.00000",,"Other(See Case File)","ATP","Residential","UST","True","No Release",2011,"5975",,"","206, 220",9587
2001724.000,"C",KM,8/24/2001,1/28/2002,True,"Clean ATP - Bertrand Property","Chuck Bertrand","401 Garfield Street",Centerville,57014,Turner,43.1156654,-96.9538956,,,,"","0.00","","                                                  ","0.00000",,"Other(See Case File)","ATP","Residential","UST","True","No Release",1353,"5286",,"","206",9588
2001725.000,"C",KM,8/24/2001,1/28/2002,True,"Clean ATP - Sederstrom Property","Jeff Sederstrom","Montana Street",Centerville,57014,Turner,43.1155128,-96.95893,,,,"","0.00","","                                                  ","0.00000",,"Other(See Case File)","ATP","Residential","UST","True","No Release",2019,"5974",,"","206",9589
2001726.000,"C",KM,9/10/2001,1/28/2002,True,"Clean ATP - Anderson Property","Virgil Anderson","200 Iowa Street",Centerville,57014,Turner,43.12143,-96.9594955,,,,"","0.00","","                                                  ","0.00000",,"Other(See Case File)","ATP","Residential","UST","False","No Release",2044,"5997",,"","206",9590
2001727.000,"C",KM,9/10/2001,1/28/2002,True,"Clean ATP - Gesling Property","Jon Gesling","431 Dakota Avenue",Centerville,57014,Turner,43.1197662,-96.96322,,,,"","0.00","","                                                  ","0.00000",,"Other(See Case File)","ATP","Residential","UST","False","No Release",2028,"5991",,"","206",9591
2001728.000,"C",KM,8/24/2001,1/28/2002,True,"Clean ATP - Former Pete's Locker","Michael Ormseth","604 Broadway Street",Centerville,57014,Turner,43.11702,-96.96072,,,,"","0.00","","                                                  ","0.00000",,"Other(See Case File)","ATP","Commercial","UST","True","No Release",1862,"5830",,"","206",9592
2001729.000,"C",KM,8/23/2001,1/28/2002,True,"Clean ATP - Graber Farm","DeLayne Graber","28088 443rd Avenue",Freeman,57029,Turner,43.3159561,-97.33676,,,,"","0.00","","                                                  ","0.00000",,"Other(See Case File)","ATP","Agricultural","UST","False","No Release",1989,"5928",,"","206",9593
2001730.000,"C",KM,8/23/2001,1/28/2002,True,"Clean ATP - Metzger Farm","James Metzger","44931 280th Street",Parker,57053,Turner,43.3275337,-97.21362,,,,"","0.00","","                                                  ","0.00000",,"Other(See Case File)","ATP","Agricultural","UST","False","No Release",1988,"5947",,"","206",9594
2002231.000,"C",KM,12/20/2002,6/11/2003,True,"Clean ATP - Robert Erickson Property","Robert J. Erickson","28139 451st Avenue",Hurley,57036,Turner,43.3086777,-97.18164,,,,"","0.00","","                                                  ","0.00000",,"Other(See Case File)","ATP","Residential","UST","False","No Release",2605,"6543",,"","220",10088
2002235.000,"C",KM,12/18/2002,6/11/2003,True,"Clean ATP - Elda Unruh Property","Elda Unruh","203 East State Street",Marion,57043,Turner,43.4262657,-97.25909,,,,"","0.00","","                                                  ","0.00000",,"Other(See Case File)","ATP","Residential","UST","False","No Release",2154,"6084",,"","220",10092
2002252.000,"C",KM,12/20/2002,6/20/2003,True,"Clean ATP - Bonnie Hansen Property","Bonnie T. Hansen","144 Sanborn Street",Parker,57053,Turner,43.3933372,-97.13764,,,,"","0.00","","                                                  ","0.00000",,"Other(See Case File)","ATP","Residential","UST","False","No Release",2495,"6424",,"","220",10109
2002278.000,"C",KM,12/18/2002,7/1/2003,True,"Clean ATP - Vasgaard Property","John Vasgaard","28745 462nd Avenue",Davis,57021,Turner,43.2220879,-96.9629,97,52,15,"","0.00","","                                                  ","0.00000",,"Other(See Case File)","ATP","Agricultural","UST","False","No Release",2274,"6206",,"","220",10135
2002279.000,"C",KM,12/18/2002,7/1/2003,True,"Clean ATP - Anders Property","Nancy Anders","101 Broadway Street",Centerville,57014,Turner,43.1227951,-96.96181,,,,"","0.00","","                                                  ","0.00000",,"Other(See Case File)","ATP","Residential","UST","False","No Release",2370,"6299",,"","220",10136
2010003.000,"C",TF,5/3/2010,5/3/2010,True,"Clean ATP - Former Station Site","DRRM Holdings LLC","104 Park Avenue",Viborg,57070,Turner,43.17043,-97.0827,,,,"","0.00","","                                                  ","0.00000",,"Other(See Case File)","ATP","Commercial","UST","True","No Release",3149,"7499",,"","274",11653
2017019.000,"C",SB ,8/2/2017,8/23/2017,True,"Tank Removals - Prairie Pumper","Olson Oil Company","107 East 4th Street",Parker,57053,Turner,43.3998222,-97.13611,,,,"null","null","null","null","null",,"Other(See Case File)","Other(See Case File)","Commercial","UST","True","No Release",,"8303",,"null","null",14092