id,status,r1,date_rep,date_close,image,site_name,resp_party,street,city,zip_code,county,latitude,longitude,township,range,section,secq1,acreage,instctrls,material,amount,units,spill_cat,site_type,proptype,sor_type,regulated,cause_type,atp_no,prcfnumber,ag_no,solidwaste,microroll,siteid
85.004,"C",BL,1/14/1985,9/20/1995,True,"Stewart & Son's (Skelly)  see 89.064","Stewart & Son's","Ash Ave & 4th St",Onida,57564,Sully,44.70837,-100.073669,114N,77W,2,"SW","0.00","","Gasoline                                          ","8387.00000",gallons,"Petroleum","Other(See Case File)","Commercial","AST","True","Leakage",,"null",,"","266",272
86.029,"C",KM,5/12/1986,7/6/1993,True,"Petroleum Carriers - Transport Event","Petroleum Carriers","3 mi. E & .5 S of Onida",Onida,57564,Sully,44.6933365,-99.99986,114N,76W,8,"SW","0.00","","Diesel                                            ","300.00000",gallons,"Petroleum","Other(See Case File)","Other(See Case File)","Transport Truck","False","Overturned",,"null",,"","267",394
86.045,"C",KM,6/19/1986,2/16/1993,True,"Aircraft Accident","Brett Barber","1/2 mi. S of Jct. Hwy. 26 & 83",Onida,57564,Sully,44.7008057,-100.080116,114N,77W,11,"","0.00","","Pesticide                                         ","0.00000",,"Agri Chem","Other(See Case File)","Agricultural","Aircraft Tanks","False","Accident",,"null",,"","267",410
89.064,"NFA",NS,5/1/1989,8/9/2002,True,"Stewart & Daughters -  Line Leaks","Stewart & Daughters Inc","Highway 26",Onida,57564,Sully,44.7082253,-100.07383,,,,"","0.00","","Diesel                                            ","500.00000",gallons,"Petroleum","Other(See Case File)","Commercial","AST","True","Line Leak",,"281",,"","199, 225,235,",954
90.358,"NFA",NS,8/16/1990,8/17/2009,True,"Elton Erp (see 97.048) Tank Leaks - LUST Trust","Elton Erp","503 Birch",Onida,57564,Sully,44.7069054,-100.064827,,,,"","0.00","","Petroleum                                         ","0.00000",,"Petroleum","Lust Trust","Commercial","UST","True","Leakage",,"1374",,"","266",1593
90.640,"C",DP,12/19/1990,12/5/1991,True,"JES Farms","Pat Tracy","194th Street",Pierre,57501,Sully,44.5769043,-100.426735,113N,80,23,"SE","0.00","","Diesel, Gasoline                                  ","0.00000",,"Petroleum","Other(See Case File)","Agricultural","UST","True","Corrosion",,"1299",,"","",1875
91.530,"I",SH,11/26/1991,5/22/1997,True,"Harvest States Coop","Harvest States Coop","Cedar Ave and 4th",Onida,57564,Sully,44.70521,-100.072372,,,,"","0.00","","Petroleum                                         ","0.00000",,"Petroleum","Other(See Case File)","Commercial","AST","True","Leakage",,"1789",,"","",2420
91.589,"NFA",JF,12/20/1991,2/25/2002,True,"Century Hardware - Lamb Brothers Amoco","Lamb Brothers - Dan Lamb","SE at S Main and Ash",Onida,57564,Sully,44.7078171,-100.065926,,,,"","0.00","","Petroleum                                         ","0.00000",,"Petroleum","Other(See Case File)","Commercial","UST","True","Leakage",,"1996",,"","",2479
92.224,"C",DM,6/23/1992,9/9/1996,True,"US Postal Service / Masonic Lodge - Onida","Onida Masonic Lodge","703 Birch Street",Onida,57564,Sully,44.7063828,-100.064987,,,,"","0.00","","Heating Fuel                                      ","0.00000",,"Petroleum","Lust Trust","Other(See Case File)","UST","False","Leakage",,"2186",,"","",2814
92.355,"C",RC,10/15/1992,5/26/1995,True,"Agar School Gym","Agar Public Schools","Sully & Spruce Street",Agar,57520,Sully,44.8374519,-100.073509,,,,"","0.00","","Fuel Oil                                          ","0.00000",,"Petroleum","Other(See Case File)","Public","UST","False","Corrosion",,"2311",,"","",2945
92.360,"C",TK,10/19/1992,11/5/1992,True,"Matt Sutton - Leaking Irrigation Pump","Matt Sutton","12 W.: 2 N.: 2 NW of Agar, at MO. River",Agar,57520,Sully,44.8765564,-100.356819,,,,"","0.00","","Petroleum                                         ","0.00000",,"Petroleum","Other(See Case File)","Agricultural","AST","False","Pump Leak",,"2310",,"","",2950
92.405,"C",DM,12/7/1992,2/12/1993,True,"JES Farms Fueling Depot - System Removal","Pat Tracy","194th  St & 288th Ave",Pierre,57501,Sully,44.5761566,-100.374191,,,,"","0.00","","Petroleum                                         ","0.00000",,"Petroleum","Other(See Case File)","Other(See Case File)","UST","True","Leaks and Spills",,"2279",,"","",2995
93.331,"C",KM,10/14/1993,12/21/1993,True,"East River Electric, Grey Goose Substation","East River Electric","1 N of Co Line, Hwy 1804",Pierre,57501,Sully,44.5762138,-100.445137,113N,80N,26,"NW","0.00","","Transformer Oil                                   ","300.00000",gallons,"Oil","Other(See Case File)","Industrial","Transformer","False","Damage",,"null",,"","",3346
97.048,"NFA",NS,2/26/1996,8/17/2009,True,"MTCM Incorporated (see 90.358) - LUST Trust","MTCM Incorporated","503 Birch Street",Onida,57564,Sully,44.70692,-100.064751,114N,77W,11,"NE","0.00","","Petroleum                                         ","0.00000",,"Petroleum","Lust Trust","Commercial","UST","True","Leakage",,"null",,"","266,294,297",4736
97.153,"NFA",KM,5/16/1997,1/2/2002,True,"Lamb Chevrolet & Implement - Tank Replacements","Jeff Lamb - Lamb Chevrolet","100 S. Highway 83",Onida,57564,Sully,44.7071381,-100.079613,,,,"","0.00","","Petroleum                                         ","0.00000",,"Petroleum","Other(See Case File)","Commercial","AST","True","Leakage",,"3221",,"","",4841
97.305,"C",LAS,9/10/1997,2/29/2000,True,"Transport Event","Midwest Cooperative","10.5 miles West of Onida",Onida,57564,Sully,44.70765,-100.284843,114,79,1,"SE","0.00","","anhydrous ammonia                                 ","100.00000",pounds,"Agri Chem","Other(See Case File)","Other(See Case File)","Nurse Tank","False","Overturned",,"null",,"","",4993
98.060,"NFA",JPA,4/3/1998,7/9/2012,True,"Outpost Lodge - Tank System Replacement","Outpost Lodge","28229 Cow Creek Road",Pierre,57501,Sully,44.5591545,-100.482826,,,,"","0.00","","petroleum                                         ","0.00000",,"Petroleum","Other(See Case File)","Commercial","UST","True","Leakage",,"2686",,"","285",5168
98.264,"C",KH,9/22/1998,8/14/2000,True,"The Corner Store - Tank System Replacement","MTCM Inc","Hwy 83 & Hwy 26",Onida,57564,Sully,44.7074623,-100.080856,114N,77W,,"","0.00","","Petroleum                                         ","0.00000",,"Petroleum","Other(See Case File)","Commercial","UST","True","Line Leak",,"3503",,"","",5372
99.160,"C",TF,5/19/1999,8/23/1999,True,"Shoup Oil Company - Tank Removals","James Shoup","Shoup Oil Company",Onida,57564,Sully,44.70364,-100.07132,114N,77W,11,"NW","0.00","","petroleum                                         ","0.00000",,"Petroleum","Other(See Case File)","Commercial","AST","True","Overfills/Spillage",,"3787",,"","",5707
99.344,"NFA",KH,12/29/1999,5/26/2005,True,"Stahl's Highway Service - Product Line Leak","Stahl's Highway Service","Northwest Corner of Highways 83 and 26",Onida,57564,Sully,44.7083664,-100.080833,114N,77W,3,"SE","0.00","","petroleum                                         ","0.00000",,"Petroleum","Other(See Case File)","Commercial","UST","True","Line Leak",,"3685",,"","239",5891
2000.040,"C",BM,3/10/2000,7/13/2000,True,"Pickner Property - Tank Overfill","Stewart & Daughters","303 S. 8th Street",Onida,57564,Sully,44.7056541,-100.064171,,,,"","0.00","","fuel oil                                          ","5.00000",gallons,"Petroleum","Other(See Case File)","Residential","AST","False","Overfill",,"null",,"","203",5938
2000.176,"C",LAS,5/12/2000,8/27/2003,True,"Dakota Ag Urea Spill","Dakota Ag CO-OP","322 Ave, 1700' N of  194 St",Harrold,57536,Sully,44.5815239,-99.71669,,,,"","0.00","","Urea                                              ","6.00000",Tons,"Agri Chem","Other(See Case File)","Agricultural","Transport Truck","False","Overturned",,"null",00N051207,"","232",6074
2000.279,"C",KH,2/28/2000,5/3/2000,True,"Stahl's Bulk Service - Assessment","Stahl's Bulk Service - Woody Stahl","4th Street, North of Cedar",Onida,57564,Sully,44.7064934,-100.072083,,,,"","0.00","","petroleum                                         ","0.00000",,"Petroleum","Other(See Case File)","Commercial","AST","True","Leaks and Spills",,"3888",,"","",6177
2001.082,"C",BM,5/7/2001,10/29/2001,True,"Midwest CO-OP - Tank Vent Spill","Midwest CO-OP","401 Cedar Avenue",Onida,57564,Sully,44.70569,-100.070511,114,77,11,"","0.00","","Diesel                                            ","0.00000",,"Petroleum","Other(See Case File)","Commercial","AST","False","Overfill",,"null",,"","203,236",6367
2001.224,"C",DR,8/6/2001,9/22/2003,True,"Sutton Property - Spray Plane Incident","Ice Flying Service","1 1/2 mi. E. & 1 mi. N. of Onida",Onida,57564,Sully,44.71594,-100.030205,114N,76W,6,"","0.00","","Parathion                                         ","10.00000",gallons,"Agri Chem","Other(See Case File)","Agricultural","Aircraft Tanks","False","Accident",,"null",,"","233,240",6508
2001.926,"C",KM,2/27/2002,3/20/2002,True,"ATP - Smith Farm Property","Kenneth Smith","300 North Byrne Avenue",Agar,57520,Sully,44.8396454,-100.070625,,,,"","0.00","","Petroleum                                         ","0.00000",,"Petroleum","ATP","Agricultural","UST","False","Leakage",1080,"4827",,"","208",7208
2001.927,"C",KM,2/27/2002,3/29/2002,True,"ATP - Rose Property","Roger Rose","NW corner of 5th Street & Birch Avenue",Onida,57564,Sully,44.70712,-100.069756,,,,"","0.00","","gasoline                                          ","0.00000",,"Petroleum","ATP","Residential","UST","True","Spillage",812,"4754",,"","208",7209
2001.928,"C",KM,2/27/2002,3/29/2002,True,"ATP - Olson Property","Albin Olson","206 South 9th Street",Onida,57564,Sully,44.70614,-100.062462,,,,"","0.00","","fuel oil                                          ","0.00000",,"Petroleum","ATP","Residential","UST","False","Spillage",1307,"5234",,"","208",7210
2001.929,"C",KM,2/27/2002,3/29/2002,True,"ATP - Paulson Property","Monita Paulson","208 South 9th Street",Onida,57564,Sully,44.7059364,-100.0623,,,,"","0.00","","fuel oil                                          ","0.00000",,"Petroleum","ATP","Residential","UST","False","Spillage",1251,"5179",,"","208",7211
2001.930,"C",KM,2/27/2002,3/20/2002,True,"ATP - McClure Property","Shirley McClure","103 South Byrne Avenue",Agar,57520,Sully,44.8378334,-100.072578,,,,"","0.00","","gasoline                                          ","0.00000",,"Petroleum","ATP","Residential","UST","True","Leakage",429,"4368",,"","208",7212
2001.971,"NFA",KH,3/20/2002,10/2/2003,True,"ATP - Stahl's Sevice","Jerald Stahl","Highway 83",Onida,57564,Sully,44.7085037,-100.080963,,,,"","0.00","","Petroleum                                         ","0.00000",,"Petroleum","ATP","Commercial","UST","True","Leakage",1538,"5485",,"","225,295",7253
2001.972,"C",KM,3/20/2002,3/29/2002,True,"ATP - Agar County Shop","Sully County","Railway Avenue & Spruce Street",Agar,57520,Sully,44.8374252,-100.075027,,,,"","0.00","","fuel oil                                          ","0.00000",,"Petroleum","ATP","Public","UST","False","Leakage",993,"4944",,"","208",7254
2001.975,"NFA",KH,3/21/2002,2/11/2005,True,"ATP - Stewart and Daughters","Van Stewart","202 Ash Avenue",Onida,57564,Sully,44.7081566,-100.074417,,,,"","0.00","","gasoline                                          ","0.00000",,"Petroleum","ATP","Commercial","UST","True","Line Leak",1527,"5471",,"","236",7257
2005.113,"C",RL,6/12/2005,9/8/2005,True,"Line Leak - Storm Event","Missouri River Investments","281 Avenue",Onida,57564,Sully,44.64147,-100.505386,114N,80W,32,"NW","0.00","","Diesel                                            ","0.00000",,"Petroleum","Other(See Case File)","Agricultural","AST","True","Line Leak",,"6988",,"","239",8207
2008.050,"C",RL,3/27/2008,5/19/2008,True,"Snow Plow Accident - Sully County","Sully County","~ 312th Ave & 185th Street",Onida,57564,Sully,44.70784,-99.91839,,,,"","0.00","","Petroleum                                         ","50.00000",gallons,"Petroleum","Other(See Case File)","Other(See Case File)","Equipment","False","Damage",,"null",,"","256",11131
2010.060,"NFA",RL,4/19/2010,8/26/2010,True,"Tank Failure - Severson Property","Midwest Cooperatives","30601 194th Street",Blunt,57522,Sully,44.5750237,-100.040382,113N,76W,19,"SW","0.00","","Liquid Fertilizer                                 ","3000.00000",gallons,"Agri Chem","Other(See Case File)","Agricultural","AST","False","Tank Failure",,"null",,"","276",11645
2011.150,"NFA",RL,8/10/2011,1/5/2012,True,"Product Transfer Spill - Line Leak","Wilbur-Ellis Company","313 Avenue",Blunt,57522,Sully,44.5514145,-99.90663,113,75,31,"E","0.00","","Durango Herbicide                                 ","150.00000",gallons,"Agri Chem","Other(See Case File)","Agricultural","Tote","False","Line Leak",,"null",11DB081029,"","281",12063
2012.112,"NFA",RL,6/9/2012,9/26/2013,True,"Tank Failure -  CHS Onida Facility","Midwest Coop / Cenex Harvest States (CHS)","305 Cedar Avenue",Onida,57564,Sully,44.7057953,-100.070625,,,,"","0.00","","Liquid Fertilizer 28%                             ","2000.00000",gallons,"Agri Chem","Other(See Case File)","Commercial","AST","False","Tank Failure",,"null",12N061115,"","295",12373
2014.128,"NFA",ZB,6/23/2014,8/18/2014,True,"Tank Removal - Sully Buttes High School","Agar, Blunt, Onida School District","500 South 8th Street",Onida,57564,Sully,44.7034645,-100.063416,,,,"","0.00","","Fuel Oil                                          ","0.00000",,"Petroleum","Other(See Case File)","Other(See Case File)","UST","False","Leakage",,"7984",,"","297",13057
2014.159,"C",TK,7/25/2014,8/18/2014,True,"Shepherd Seed - Agrichem Spill","Shayne Shepherd","18514 301st Avenue",Onida,57564,Sully,44.70682,-100.140778,,,,"","0.00","","Agri Chem                                         ","0.00000",,"Agri Chem","Other(See Case File)","Other(See Case File)","Containers","False","Unfounded Complaint",,"null",,"","297",13093
2016.098,"C",RL ,6/1/2016,7/19/2016,True,"Locomotive Sight Glass Spill - RCP&E","Rapid City Pierre & Eastern Railroad (RCP&E)","approximately 1/4 mile N of 186 Street, at rail",Onida,57564,Sully,44.6972733,-100.067085,,,,"null","null","null","Diesel                                            ","60.00000",gallons,"Petroleum","Other(See Case File)","Other(See Case File)","Locomotive","False","Damage",,"8215",,"null","null",13684
2017.206,"C",RL ,11/17/2017,12/11/2017,True,"Atrazine Spill","Foth Farms Inc.","187th Street at curve located E of railroad tracks",Onida,57564,Sully,44.6787148,-100.0543,,,,"null","null","null","Atrazine                                          ","50.00000",gallons,"Agri Chem","Other(See Case File)","Other(See Case File)","Spray Tank","False","Overturned",,"null",18JF111701,"null","null",14151
2018.079,"C",GMS,5/21/2018,6/20/2018,True,"Complaint - Rinsate Runoff  ","Dani's Thistle Spraying Service","204 South 10th Street",Onida,57564,Sully,44.7063,-100.060478,,,,"null","null","null","LV-6 Banvel Rinse Water","null",,"Agri Chem","Other(See Case File)","Residential","Containers","False","Handling",,"null",,"null","null",14258
2018.118,"O",JPA,6/25/2018,,True,"LUST Investigation - Onida Sewer Project","unknown","North 8th Street (near alley between Ash & Bayberry)",Onida,57564,Sully,44.7084923,-100.064453,,,,"null","null","null","Petroleum                                         ","null",,"Petroleum","Lust Trust","Public","UST","True","Unknown",,"null",,"null","null",14301
2019.143,"C",JAM,8/16/2019,1/28/2020,True,"Spray Plane Crash - Ag Chem Release - Onida","Wilbur-Ellis","182nd and 281st",Onida,57564,Sully,44.7476158,-100.3072,,,,"null","null","null","","null",,"Agri Chem","Other(See Case File)","Agricultural","No Release","False","Accident",,"null",19LP081911,"null","null",14581
2021.055,"NFA",MSB,4/29/2021,5/17/2021,True,"Tier 1 - Former Fireside Food & Fuel Onida","D and R Ag Services LLC","30394 185th Street",Onida,57564,Sully,44.7082672,-100.080826,,,,"null","null","null","Petroleum                                         ","null",,"Petroleum","Other(See Case File)","Commercial","AST","True","Line Leak",,"8562",,"null","null",14963
2022.171,"C",GK,10/19/2022,11/18/2022,True,"The Corner Conveniece Store Diesel","Stephen Shepherd","18503 US-83",Onida,57564,Sully,44.7076645,-100.080742,114N,77W,10,"null","null","null","Diesel                                            ","20.00000",gallons,"Petroleum","Other(See Case File)","Commercial","Trailer","False","Leaks and Spills",,"null",,"null","null",15326
2023.173,"O",BH,11/17/2023,,True,"Hydraulic line failure on Travis Property","RDO Equipment Co.","301 Spring Creek Trail",Pierre,57501,Sully,44.54891,-100.484367,,,,"null","null","null","Hydraulic Oil                                     ","30.00000",gallons,"Petroleum","Other(See Case File)","Agricultural","Truck","False","Blown Hose",,"null",,"null","null",15572
2023.181,"C",JPA,12/14/2023,12/19/2023,True,"ATP - Onida Fire Department","Onida Fire Department","120 South Main Street",Onida,57564,Sully,44.7068863,-100.065781,,,,"null","null","null","Fuel Oil","null",,"Petroleum","ATP","Commercial","UST","False","Leaks and Spills",3808,"8688",,"null","null",15580
2024.032,"NFA",JPA,2/9/2024,2/16/2024,True,"Stewart & Daughters","Stewart & Daughters","202 Ash Avenue",Onida,57564,Sully,44.7082672,-100.073814,,,,"null","null","null","Diesel, Gasoline                                  ","null",,"Petroleum","Other(See Case File)","Commercial","AST","True","Historical",,"null",,"null","null",15625
9999.050,"W",,,,True,"Withdrawn ATP - McBride Property","Anne McBride","NE Corner of 9th & Cedar",Onida,57564,Sully,44.7056923,-100.062592,,,,"","0.00","","                                                  ","0.00000",,"Other(See Case File)","Withdrawn ATP","Residential","Other(See Case File)","False","null",996,"4945",,"","249",10706
9999.098,"W",,,,True,"Withdrawn ATP - Legion Property","American Legion Post 79","200 6th Street",Onida,57564,Sully,44.7066,-100.067543,,,,"","0.00","","                                                  ","0.00000",,"Other(See Case File)","Withdrawn ATP","Commercial","Other(See Case File)","False","null",1445,"5385",,"","249",10756
89006.000,"C",JA,8/21/1989,8/1/1994,True,"U.S. West Building","U.S. West Communications","Cedar Avenue",Onida,57564,Sully,44.70561,-100.065155,,,,"","0.00","","                                                  ","0.00000",,"Other(See Case File)","Clean Site","Other(See Case File)","UST","False","No Release",,"null",,"","",8218
95018.000,"C",RC,6/27/1995,7/12/1995,True,"Sully Buttes School District - Assessment","Sully Buttes School District","500 South 8th Street",Onida,57564,Sully,44.703434,-100.063332,,,,"","0.00","","                                                  ","0.00000",,"Other(See Case File)","Clean Site","Public","UST","False","No Release",,"null",,"","",8578
99006.000,"C",CH,1/14/1999,3/15/1999,True,"Pike Haven Resort","John Hoffman","27645 Pike Haven Place",Onida,57564,Sully,44.7087479,-100.597672,114,81,4,"SE","0.00","","                                                  ","0.00000",,"Other(See Case File)","Clean Site","Other(See Case File)","UST","True","No Release",,"3634",,"","",8739
2001747.000,"C",KM,1/10/2002,2/18/2002,True,"ATP - Larson Property (no tank found)","Larry Larson","604 Cedar Avenue",Onida,57564,Sully,44.705677,-100.066338,,,,"","0.00","","                                                  ","0.00000",,"Other(See Case File)","ATP","Commercial","UST","False","No Tank Found",1783,"5744",,"","",9611
2001933.000,"C",KM,2/27/2002,3/20/2002,True,"Clean ATP - Westphal Farm","Terry Westphal","17377 297th Avenue",Agar,57520,Sully,44.8719025,-100.205017,,,,"","0.00","","                                                  ","0.00000",,"Other(See Case File)","ATP","Agricultural","UST","False","No Release",794,"4736",,"","205",9797
2001934.000,"C",KM,2/26/2002,3/20/2002,True,"Clean ATP - Archer Farm","Sheron Archer","310 Avenue",Agar,57520,Sully,44.8907127,-99.96031,116N,76W,3,"NE","0.00","","                                                  ","0.00000",,"Other(See Case File)","ATP","Agricultural","UST","False","null",1134,"4908",,"","205",9798
2001935.000,"C",KM,2/26/2002,3/20/2002,True,"Clean ATP - Bob's Standard","Kenneth Falkenhagen","Corner of Ash Street & Sully Avenue",Agar,57520,Sully,44.8381424,-100.073647,,,,"","0.00","","                                                  ","0.00000",,"Other(See Case File)","ATP","Commercial","UST","True","No Release",39,"3935",,"","205",9799
2017006.000,"C",TF ,6/9/2017,12/18/2017,True,"Clean ATP - Sully County Courthouse","Sully County","700 Ash Avenue",Onida,57564,Sully,44.7085381,-100.066292,,,,"null","null","null","null","null",,"Other(See Case File)","ATP","Other(See Case File)","UST","False","No Release",3589,"8291",,"null","null",14006
2018008.000,"C",DM ,8/22/2018,9/25/2018,True,"Tank System Removal - Little Bend RV Park","Clay Anderson","27611  184th  Street",Onida,57564,Sully,44.7201347,-100.585632,,,,"null","null","null","null","null",,"Other(See Case File)","Clean Site","Commercial","UST","True","No Release",,"8386",,"null","null",14360