id,status,r1,date_rep,date_close,image,site_name,resp_party,street,city,zip_code,county,latitude,longitude,township,range,section,secq1,acreage,instctrls,material,amount,units,spill_cat,site_type,proptype,sor_type,regulated,cause_type,atp_no,prcfnumber,ag_no,solidwaste,microroll,siteid
84.025,"C",GH,3/31/1984,9/9/2003,True,"Chicago & Northwestern -Train Derail","Chicago & Northwestern Railroad","1.5 mi SW of Town",Van Metre,57559,Jones,44.1487274,-100.818779,2N,27E,12,"SE","0.00","","Diesel                                            ","1500.00000",gallons,"Petroleum","Other(See Case File)","Other(See Case File)","Locomotive","False","Derail",,"null",,"","",196
85.010,"C",LB,2/12/1985,6/30/2000,True,"Marvin Schmidt Farm - Fire Event","Marvin Schmidt","~2 m N of Draper",Draper,57531,Jones,43.9530144,-100.523705,1S,30E,15,"","0.00","","Herbicide                                         ","60.00000",gallons,"Agri Chem","Other(See Case File)","Agricultural","Drums","False","Fire Event",,"null",,"","",278
88.099,"NFA",JF,6/28/1988,11/13/2000,True,"Don's Standard Service - Amoco #8723","Amoco Corporation","602 East 5th",Murdo,57559,Jones,43.88559,-100.706268,,,,"","0.00","","Gasoline                                          ","0.00000",,"Petroleum","Other(See Case File)","Commercial","UST","True","Leakage",,"0253",,"","",703
89.036,"C",KM,3/25/1989,6/11/1991,True,"Hyman Freightways - Transport Event","Hyman Freightways","I-90: MM 197",Murdo,57559,Jones,43.9087257,-100.629486,,,,"","0.00","","Diesel                                            ","101.00000",gallons,"Petroleum","Other(See Case File)","Other(See Case File)","Truck Tank","False","Transport Accident",,"null",,"","234",926
89.176,"C",KM,5/5/1989,10/27/1989,True,"Triple H Truck Stop","Don Hieb","601 E. 5th Street",Murdo,57559,Jones,43.8853836,-100.704933,,,,"","0.00","","Petroleum                                         ","0.00000",,"Petroleum","Other(See Case File)","Commercial","UST","True","Corrosion",,"0560",,"","273,288A",1065
90.011,"C",BL,1/25/1990,5/11/1995,True,"Dean's 66 - Line Leak","Butch Feddersen","Railway, between Cleveland and Garfield",Murdo,57559,Jones,43.8864632,-100.706352,,,,"","0.00","","Gasoline                                          ","0.00000",,"Petroleum","Other(See Case File)","Commercial","AST","True","Line Leak",,"2312",,"","",1246
90.087,"C",BL,4/4/1990,10/7/1992,True,"Murdo Oil Company Site","Howard Peter","604 5th Street",Murdo,57559,Jones,43.88699,-100.705688,,,,"","0.00","","Petroleum                                         ","0.00000",,"Petroleum","Other(See Case File)","Commercial","UST & AST","True","Leaks and Spills",,"1125",,"","",1322
90.279,"I",BL,7/5/1990,6/5/1995,True,"Dean's 66 - Tank Leak","Melvin Fedderson","509 East 5th",Murdo,57559,Jones,43.8864021,-100.706238,,,,"","0.00","","Gasoline                                          ","0.00000",,"Petroleum","Other(See Case File)","Commercial","UST","True","Corrosion",,"2327",,"","293",1514
91.009,"C",KD,1/9/1991,8/26/1992,True,"Former SD DOT Tank Site - Removal of Tanks & Cistern","SD Department of Transportation  (SD DOT)","No of Railway St. (N of Standard Oil site) at rail",Murdo,57559,Jones,43.8908424,-100.711182,2S,28E,12,"NE","0.00","","Petroleum                                         ","0.00000",,"Petroleum","Other(See Case File)","Public","UST","True","Leakage",,"1313",,"","",1899
91.138,"C",TK,4/11/1991,4/23/1991,True,"Cenex Land O' Lakes - Transport Event (no spill)","Cenex Land O Lakes","I-90,  approx 5 mi. W. of  Murdo",Murdo,57559,Jones,43.886673,-100.803429,,,,"","0.00","","MCPA Primatol Ramrod                              ","0.00000",,"Agri Chem","Other(See Case File)","Other(See Case File)","Transportation","False","No Release",,"null",,"","",2028
91.229,"NFA",NS,5/29/1991,6/12/2012,True,"Rusty Spur - Kwik Shop","Richard Hullinger","205 East 5th /Hwy 16",Murdo,57559,Jones,43.88634,-100.710915,,,,"","0.00","","Petroleum                                         ","0.00000",,"Petroleum","Other(See Case File)","Commercial","UST","True","Leakage",,"1496",,"","284",2119
91.640,"C",TK,12/23/1991,7/29/1992,True,"Apaco Van Lines","Les Smith","I-90: 4 mi. E of 189",Murdo,57559,Jones,43.88307,-100.698563,,,,"","0.00","","diesel                                            ","30.00000",,"Petroleum","Other(See Case File)","Commercial","Truck Tank","False","Transport Accident",,"null",,"","",2530
92.023,"C",KM,1/22/1992,2/11/1992,True,"Triple H Truck Stop - Transport Leak","Rude Transportation","I-90 & Hwy 83",Murdo,57559,Jones,43.88532,-100.704781,,,,"","0.00","","Diesel                                            ","26.00000",gallons,"Petroleum","Other(See Case File)","Commercial","Truck Tank","False","Equipment Failure",,"null",,"","",2613
92.084,"NFA",DM,1/27/1992,2/28/2002,True,"Hilltop Conoco - Tank Removals","Don Cromwell","I-90 Access Road",Draper,57531,Jones,43.91053,-100.5453,15N,30E,33,"SW","0.00","","Petroleum                                         ","0.00000",,"Petroleum","Other(See Case File)","Commercial","UST","True","Leakage",,"2062",,"","200",2674
92.364,"C",TK,10/23/1992,7/19/1993,True,"Hyndman Transport Limited  Transport Event","Hyndman Transport Limited","I-90 204.13 Bridge",Draper,57531,Jones,43.9087334,-100.486954,,,,"","0.00","","Diesel                                            ","20.00000",gallons,"Petroleum","Other(See Case File)","Other(See Case File)","Truck Tank","False","Transport Accident",,"null",,"","",2954
92.375,"I",BL,11/2/1992,10/18/1995,True,"Dept of Transportation (SD DOT) Shop","SD Department of Transportation (SD DOT)","Highway 83, S of I-90",Murdo,57559,Jones,43.8795052,-100.706894,,,,"","0.00","","Petroleum                                         ","0.00000",,"Petroleum","Other(See Case File)","Public","UST","True","Leakage",,"2170",,"","",2965
94.058,"NFA",JF,3/25/1994,11/13/2000,True,"Pioneer Auto Museum Tank Leak","Dave Geisler","503 5th Street  (SW at 5th & Kennedy)",Murdo,57559,Jones,43.88635,-100.706612,,,,"","0.00","","Gasoline                                          ","0.00000",,"Petroleum","Other(See Case File)","Commercial","UST","True","Leakage",,"2642",,"","",3593
94.091,"C",JA,4/26/1994,7/11/1994,True,"Nash Finch Transport Event","Warren Kalnbach - Nash Finch","I - 90 MM 186",Okaton,57562,Jones,43.8866463,-100.83844,,,,"","0.00","","Diesel                                            ","40.00000",gallons,"Petroleum","Other(See Case File)","Other(See Case File)","Truck Tank","False","Transport Accident",,"null",,"","",3626
94.157,"C",RC,6/7/1994,8/5/1994,True,"U.S. West - Tank Removal","U.S. West Business Resources","1 mile West of Main",Murdo,57559,Jones,43.89348,-100.76767,2S,28E,2,"SE","0.00","","Diesel                                            ","0.00000",,"Petroleum","Other(See Case File)","Commercial","UST","True","Corrosion",,"null",,"","",3692
94.221,"C",TK,7/28/1994,3/3/1995,True,"American Van Lines Transport Event","Vince Noga","I-90 MM 200, N side",Draper,57531,Jones,43.908947,-100.569412,,30E,31,"SE","0.00","","Diesel                                            ","25.00000",gallons,"Petroleum","Other(See Case File)","Other(See Case File)","Truck Tank","False","Transport Accident",,"null",,"","",3756
94.348,"C",KM,10/13/1994,10/31/1994,True,"Lewis Truck Lines Transport Event","Bob Lewis Jr.","I-90 MM 177",Okaton,57562,Jones,43.9011,-101.014206,,,,"","0.00","","Diesel                                            ","75.00000",gallons,"Petroleum","Other(See Case File)","Other(See Case File)","Truck Tank","False","Transport Accident",,"null",,"","234",3883
94.402,"C",TK,12/16/1994,4/25/1995,True,"Sioux Falls Cartage Transport Event","Sioux Falls Cartage","2/10 W. of MM 186 on I-90",Okaton,57562,Jones,43.88668,-100.843048,,,,"","0.00","","Diesel                                            ","150.00000",gallons,"Petroleum","Other(See Case File)","Other(See Case File)","Truck Tank","False","Transport Accident",,"null",,"","237",3937
97.125,"NFA",JPA,5/1/1997,6/16/2010,True,"Former Farmers Union Station - Assessment","Farmers Union Coop Oil Company","NE @ 1st & Maple",Draper,57531,Jones,43.9256058,-100.536728,,,,"","0.00","","Petroleum                                         ","0.00000",,"Petroleum","Other(See Case File)","Commercial","UST & AST","True","Leakage",,"3124",,"","275",4813
97.200,"C",RC,6/12/1997,8/18/1997,True,"I-90 Transport Event","Stubborn A Transport","Interstate 90, East of Draper, MM 207",Draper,57531,Jones,43.9088326,-100.429031,,,,"","0.00","","diesel fuel                                       ","0.00000",,"Petroleum","Other(See Case File)","Other(See Case File)","Truck Tank","False","Transport Accident",,"null",,"","",4888
99.081,"C",BM,3/22/1999,5/25/1999,True,"Complaint - Drum at Fire Hall","City of Draper","Old Draper Fire Hall",Draper,57531,Jones,43.92617,-100.539978,,,,"","0.00","","2,4-D                                             ","0.00000",,"Agri Chem","Other(See Case File)","Other(See Case File)","Drums","False","No Release",,"null",,"","",5628
99.150,"C",KM,5/10/1999,5/20/1999,True,"Hill Top Conoco  - Line Leak","Hill Top Conoco","I-90 Access Road",Draper,57531,Jones,43.91051,-100.54509,,,,"","0.00","","gasoline                                          ","5.00000",gallons,"Petroleum","Other(See Case File)","Commercial","UST","True","Line Leak",,"3782",,"","231",5697
99.266,"C",BM,9/17/1999,9/22/1999,True,"Transport Event","Unified Transport Services, Inc.","I-90 Westbound, MM 185",Okaton,57562,Jones,43.8868523,-100.858681,,,,"","0.00","","diesel                                            ","75.00000",gallons,"Petroleum","Other(See Case File)","Other(See Case File)","Truck Tank","False","Transport Accident",,"null",,"","230",5813
99.332,"C",JL,12/14/1999,5/16/2000,True,"Farmers Union Oil - Tank System Removal","Farmers Union Oil Company","262 Ave, N. Side of I-90",Okaton,57562,Jones,43.8898926,-100.886375,2S,27E,9,"NE","0.00","","diesel fuel                                       ","0.00000",,"Petroleum","Other(See Case File)","Commercial","UST","True","Leakage",,"3123",,"","",5879
2000.293,"C",KM,11/15/2000,11/30/2000,True,"ATP - Jerry Kreeger Property","Jerry Kreeger","Highway 16",Draper,57531,Jones,43.9228363,-100.536209,,,,"","0.00","","petroleum                                         ","0.00000",,"Petroleum","ATP","Commercial","UST","True","Spillage",92,"4183",,"","208",6191
2000.294,"C",KM,11/15/2000,11/30/2000,True,"ATP - Sanborn Service","Thomas Sanborn","205 East 1st Street",Draper,57531,Jones,43.9254761,-100.538239,,,,"","0.00","","petroleum                                         ","0.00000",,"Petroleum","ATP","Commercial","UST","True","Corrosion",100,"4010",,"","208",6192
2000.295,"C",KM,11/15/2000,9/27/2001,True,"ATP - Styles Farm Site","Larry Styles","Southeast of Draper",Draper,57531,Jones,43.8705559,-100.485832,,,,"","0.00","","petroleum                                         ","0.00000",,"Petroleum","ATP","Agricultural","UST","True","Corrosion",33,"3954",,"","208",6193
2000.296,"NFA",KM,11/15/2000,12/3/2002,True,"ATP - Feddersen Property","Marvin Feddersen","405 Jefferson Avenue",Murdo,57559,Jones,43.8871536,-100.709206,,,,"","0.00","","fuel oil                                          ","0.00000",,"Petroleum","ATP","Residential","UST","False","Leakage",96,"4007",,"","219",6194
2000.298,"C",KM,11/15/2000,9/27/2001,True,"ATP - Former Station Site","Linda Kerns","702 West 5th Street",Murdo,57559,Jones,43.8870659,-100.72197,,,,"","0.00","","petroleum                                         ","0.00000",,"Petroleum","ATP","Commercial","UST","True","Spillage",222,"4151",,"","208",6196
2000.299,"C",KM,11/15/2000,9/27/2001,True,"ATP - Heyden Property - Texaco","Laura Heyden","106 West 5th Street",Murdo,57559,Jones,43.886898,-100.7138,,,,"","0.00","","petroleum                                         ","0.00000",,"Petroleum","ATP","Commercial","UST","True","Spillage",70,"3998",,"","208",6197
2001.727,"C",KM,12/19/2001,1/16/2002,True,"ATP- Fuoss Farm Site","Anita Fuoss","281st Avenue",Draper,57531,Jones,44.0637741,-100.505608,10N,30E,9,"NE","0.00","","Petroleum                                         ","0.00000",,"Petroleum","ATP","Agricultural","UST","False","Spillage",325,"4256",,"","207",7009
2002.207,"C",KM,7/18/2002,10/31/2002,True,"ATP - Former DOT Shop","Ray Erikson","403 West 2nd Street",Murdo,57559,Jones,43.88933,-100.717979,,,,"","0.00","","Petroleum                                         ","0.00000",,"Petroleum","ATP","Public","UST","True","Spillage",2437,"6360",,"","219",7488
2002.208,"C",KM,7/18/2002,10/31/2002,True,"ATP - Bill Chambliss Property","Mike & Lori Waldron","237 Street",Draper,57531,Jones,43.9666824,-100.622223,,,,"","0.00","","Petroleum                                         ","0.00000",,"Petroleum","ATP","Agricultural","UST","False","Spillage",2231,"6167",,"","219",7489
2002.210,"C",KM,7/18/2002,10/31/2002,True,"ATP - Venard Property","David Venard","203 Lincoln Avenue",Murdo,57559,Jones,43.8857346,-100.714432,,,,"","0.00","","fuel oil                                          ","0.00000",,"Petroleum","ATP","Residential","UST","False","Spillage",2400,"6331",,"","219",7491
2005.148,"NFA",KH,7/13/2005,1/6/2006,True,"ATP  - Jones Co.  Elementary","Jones County School District","404 Jefferson Avenue",Murdo,57559,Jones,43.88824,-100.709511,,,,"","0.00","","fuel oil                                          ","0.00000",,"Petroleum","ATP","Other(See Case File)","UST","False","Leakage",2882,"6928",,"","242",10309
2009.146,"C",RL,10/16/2009,11/5/2009,True,"Transport Event - Diesel Spill","Landstar Systems","I-90 Eastbound  MM181",Okaton,57562,Jones,43.900795,-100.933861,,,,"","0.00","","Diesel                                            ","75.00000",gallons,"Petroleum","Other(See Case File)","Other(See Case File)","Truck Tank","False","Transport Accident",,"7451",,"","270",11518
2010.082,"C",RL,5/21/2010,6/30/2010,True,"Coop Warehouse - Overturned Tote","Midwest Cooperatives","SD Hwy 248 & Main",Draper,57531,Jones,43.9234962,-100.539909,,,,"","0.00","","Round Up                                          ","100.00000",gallons,"Agri Chem","Other(See Case File)","Industrial","Tote","False","Overturned",,"null",10BJ052101,"","276",11668
2013.096,"C",KN,6/1/2013,8/16/2013,True,"Damaged Truck Tank  - Diesel Spill","Kiela Johnson (CRST Interactive)","East Bound I-90 Milemarker 175",Okaton,57562,Jones,43.901062,-100.960213,,,,"","0.00","","Diesel Fuel                                       ","30.00000",Gallons,"Petroleum","Other(See Case File)","Other(See Case File)","Truck Tank","False","Damage",,"null",,"","294",12658
2013.250,"NFA",TF,10/18/2013,5/25/2018,True,"ATP - Messiah Lutheran Church","Messiah Lutheran Church","608 East 4th Street",Murdo,57559,Jones,43.888195,-100.703445,,,,"","0.00","","Fuel Oil                                          ","0.00000",,"Petroleum","ATP","Other(See Case File)","UST","False","Leakage",3306,"7802",,"","",12835
2013.251,"NFA",MSB,10/18/2013,12/4/2019,True,"ATP - Anchor Inn","Anchor Inn","105 East 5th Street",Murdo,57559,Jones,43.8859558,-100.712463,,,,"","0.00","","Fuel Oil                                          ","0.00000",,"Petroleum","ATP","Commercial","UST","False","Leakage",3319,"7824",,"","",12836
2013.252,"NFA",TF,10/21/2013,12/12/2013,True,"ATP - Whitaker Farm","Diana Price","24701 287th Avenue",Vivian,57576,Jones,43.8246956,-100.381516,,,,"","0.00","","Diesel                                            ","0.00000",,"Petroleum","ATP","Other(See Case File)","UST","False","Leakage",3296,"7792",,"","295",12837
2014.224,"C",TF,10/22/2014,2/27/2015,True,"ATP - City Shop","City of Murdo","401 West 2nd Street",Murdo,57559,Jones,43.8895035,-100.71785,,,,"","0.00","","Heating Fuel                                      ","0.00000",,"Petroleum","ATP","Other(See Case File)","UST","False","Leakage",3393,"7927",,"","298",13162
2014.225,"NFA",TF,10/22/2014,10/21/2016,True,"ATP - City Auditorium","City of Murdo","307 Kennedy Avenue",Murdo,57559,Jones,43.88797,-100.70649,,,,"","0.00","","Heating Fuel                                      ","0.00000",,"Petroleum","ATP","Public","UST","False","Leakage",3392,"7926",,"","",13163
2014.254,"C",TF ,11/27/2014,2/27/2015,True,"ATP - O'Brien Property","Marilyn O'Brien","3rd Street (behind 301 Garfield Avenue)",Murdo,57559,Jones,43.88856,-100.712425,,,,"null","null","null","Waste Oil                                         ","null",,"Oil","ATP","Residential","UST","False","Tank Leak",3440,"8010",,"null","298",13199
2015.245,"C",RL ,12/1/2015,9/28/2016,True,"Transport Event - Swift Transportation","Swift Transportation","I-90 near mile marker 190",Murdo,57559,Jones,43.886673,-100.758507,,,,"null","null","null","Diesel                                            ","null",,"Petroleum","Other(See Case File)","Other(See Case File)","Truck Tank","False","Transport Accident",,"null",,"null","null",13560
2017.198,"NFA",KN ,11/3/2017,8/6/2019,True,"Farmers Union Overfill","Farmers Union Coop","604 E 5th Street",Murdo,57559,Jones,43.88747,-100.705009,,,,"null","null","null","Diesel","15.00000",gallons,"Petroleum","Other(See Case File)","Commercial","AST","False","Overfill",,"null",,"null","null",14141
2017.210,"C",TF ,11/30/2017,12/19/2017,True,"ATP - Bower Property (previously C2017020)","Karen Bower","233 East 2nd Street",Draper,57531,Jones,43.9262123,-100.53801,,,,"null","null","null","Diesel                                            ","null",,"Petroleum","ATP","Residential","UST","False","Spillage",3600,"8325",,"null","null",14155
2018.230,"C",TF ,5/11/2018,1/2/2019,True,"Tank Removal - First Fidelity Bank","First Fidelity Bank","123 Main Street",Murdo,57559,Jones,43.88984,-100.713776,,,,"null","null","null","Diesel                                            ","null",,"Petroleum","Other(See Case File)","Commercial","UST","False","No Release",3628,"8367",,"null","null",14427
2019.201,"NFA",MSB,11/1/2019,8/26/2021,True,"Petroleum Contamination - Agtegra Murdo","Agtegra Cooperative","Railroad Street",Murdo,57559,Jones,43.89066,-100.711121,,,,"null","null","null","Diesel, Gasoline                                  ","null",,"Petroleum","Other(See Case File)","Agricultural","AST","True","Equipment Failure",,"8479",,"null","null",14648
2021.208,"C",GK,12/24/2021,1/28/2022,True,"Spill at Pilot Travel Center","Direct Motor Lines","601 East Fifth Street",Murdo,57559,Jones,43.8849945,-100.705467,,,,"null","null","null","Diesel                                            ","75.00000",gal,"Petroleum","Other(See Case File)","Commercial","Fuel Line","False","Equipment Failure",,"null",,"null","null",15135
2024.047,"O",JAM,3/24/2024,,True,"Punctured Locomotive - RCPE ","Rapid City, Pierre, and Eastern Railroad","Capa Road, 4 miles West of Capa",Capa,57552,Jones,44.0880928,-101.05703,2N,25E,36,"null","null","null","Diesel","2500.00000",gallons,"Petroleum","Other(See Case File)","Agricultural","Locomotive","False","Tank puncture",,"null",,"null","null",15642
2024.064,"O",JPA,5/1/2024,,True,"ATP - SDDOT Murdo Maintenance Facility","SD DOT ","24305 US Highwau 83",Murdo,57559,Jones,43.8795433,-100.706833,,,,"null","null","null","Diesel, Gasoline                                  ","null",,"Petroleum","ATP","Commercial","UST","True","Dispenser Leak",3792,"8657",,"null","null",15659
9999.244,"W",,,,True,"Withdrawn ATP - Former Jones County Hospital","Arnold Waddell","606 Garfield Avenue",Murdo,57559,Jones,43.88538,-100.711281,,,,"null","null","null","null","null",,"Other(See Case File)","Withdrawn ATP","Commercial","UST","False","null",3439,"8009",,"null","298",13266
92012.000,"C",BL,3/16/1992,3/16/1992,True,"APCO Mini-Mart  (see 91.229)","Hullinger Oil Company","East 5th Street",Murdo,57559,Jones,43.8863525,-100.710808,,,,"","0.00","","                                                  ","0.00000",,"Other(See Case File)","Clean Site","Commercial","UST","True","No Release",,"null",,"","",8375
95003.000,"C",BL,3/31/1995,4/17/1995,True,"Department of Transportation (SD DOT)","SD Department of Transportation (SD DOT)","Hwy 83, S of I-90",Murdo,57559,Jones,43.8788071,-100.707321,2S,28E,13,"NE","0.00","","                                                  ","0.00000",,"Other(See Case File)","Clean Site","Public","UST","True","No Release",,"null",,"","",8563
97009.000,"C",RC,6/12/1997,6/23/1997,True,"Farmers Union Oil Company","Farmers Union Oil Company of Reliance","NE at I-90 Exit 183",Okaton,57562,Jones,43.8897,-100.886467,2S,27E,10,"NW","0.00","","                                                  ","0.00000",,"Other(See Case File)","Clean Site","Commercial","UST","True","No Release",,"null",,"","",8637
2001640.000,"C",KM,9/5/2001,1/16/2002,True,"Clean ATP - Westlake Ghost Town","Evelyn Westlake","100 Center Street",Okaton,57562,Jones,43.8855934,-100.892693,,,,"","0.00","","                                                  ","0.00000",,"Other(See Case File)","ATP","Commercial","UST","True","No Release",522,"4456",,"","204",9504
2001641.000,"C",KM,12/19/2001,1/16/2002,True,"Clean ATP - Seamans Farm","Paul Seamans","279 Ave & 244 St",Draper,57531,Jones,43.8642235,-100.548286,,,,"","0.00","","                                                  ","0.00000",,"Other(See Case File)","ATP","Agricultural","UST","False","No Release",1231,"5162",,"","206",9505
2001642.000,"C",KM,12/19/2001,1/16/2002,True,"Clean ATP - Miller Matthews Angus Ranch (Former Olson R","Gail Miller","Rural Jones County",Capa,57559,Jones,44.1109619,-101.001442,,,,"","0.00","","                                                  ","0.00000",,"Other(See Case File)","ATP","Agricultural","UST","False","No Release",1630,"5578",,"","206",9506
2011006.000,"C",TF,10/18/2011,12/29/2011,True,"Clean ATP - SD DOT, Murdo","SD Department of Transportation (SD DOT)","DOT Murdo Shop",Murdo,57359,Jones,43.87969,-100.707108,,,,"","0.00","","                                                  ","0.00000",,"Other(See Case File)","ATP","Other(See Case File)","UST","False","No Release",3209,"7627",,"","281",12094
2017020.000,"C",TF ,11/14/2017,11/30/2017,True,"Clean ATP - Bower Property (see 2017.210)","Karen Bower","233 East 2nd Street",Draper,57531,Jones,43.9262123,-100.53801,,,,"null","null","null","Diesel                                            ","null",,"Other(See Case File)","ATP","Residential","UST","False","No Release",3600,"8325",,"null","null",14145
2022011.000,"C",JPA,8/15/2022,11/22/2022,True,"Cleant ATP - SD DOT Murdo","SD Department of Transportation","24305 US Highway 83",Murdo,57559,Jones,43.8792877,-100.707352,,,,"null","null","null","null","null",,"Other(See Case File)","ATP","Other(See Case File)","UST","True","No Release",3756,"8609",,"null","null",15302