id,status,r1,date_rep,date_close,image,site_name,resp_party,street,city,zip_code,county,latitude,longitude,township,range,section,secq1,acreage,instctrls,material,amount,units,spill_cat,site_type,proptype,sor_type,regulated,cause_type,atp_no,prcfnumber,ag_no,solidwaste,microroll,siteid
82.036,"C",TK,10/18/1982,7/14/1993,True,"Pesticide related bird kill","Unknown","7 mi. NE of Reliance",Reliance,57569,Lyman,43.9124756,-99.5350647,,,,"","0.00","","Phorate - Thimet                                  ","0.00000",,"Agri Chem","Other(See Case File)","Other(See Case File)","Unknown(See Case File)","True","Handling",,"null",,"","",96
84.036,"C",KM,4/30/1984,2/1/1993,True,"Corps of Engineers - Big Bend Dam","US Army Corps of Engineers","Big Bend Dam",Fort Thompson,57339,Lyman,44.0393524,-99.4453,,,,"","0.00","","Transformer Oil PCB                               ","1.00000",pint,"Combined(See Case File)","Federal","Industrial","Transformer","False","Equipment Failure",,"null",,"","",207
84.038,"C",TK,5/9/1984,6/24/1993,True,"Farmers Union Coop of Kennebec","Farmers Union Coop","I-90: MM 254 East-bound",Reliance,57569,Lyman,43.8459244,-99.50667,,,,"","0.00","","Fertilizer                                        ","5.00000",tons,"Agri Chem","Other(See Case File)","Other(See Case File)","Transport Truck","False","Transport Accident",,"null",,"","",209
84.040,"C",TK,5/15/1984,11/17/1993,True,"Shanard Elevator Site - Complaint","Shanard Elevator","Hwy 47 and Railroad Tracks",Reliance,57569,Lyman,43.8773766,-99.60486,,,,"","0.00","","Agri Chem                                         ","0.00000",,"Agri Chem","Other(See Case File)","Commercial","Spray Tank","False","Washing/Rinsing",,"null",,"","",211
84.070,"C",TK,8/8/1984,7/15/1993,True,"Kreager Spray Service - Aircraft Accident","Harold Kreager","Kreager's Runway",Kennebec,57544,Lyman,43.9087677,-99.8729858,105,75,7,"NE","0.00","","Parathion                                         ","120.00000",gallons,"Agri Chem","Other(See Case File)","Other(See Case File)","Aircraft Tanks","False","Accident",,"null",,"","266",241
84.080,"C",KM,9/16/1984,2/21/1993,True,"Pacific Intercoastal Express - Leaking Drum","Pacific Intercoastal Express","Truck Stop I-90",Kennebec,57544,Lyman,43.89629,-99.86406,,,,"","0.00","","Chloroform                                        ","55.00000",gallons,"Chemical","Other(See Case File)","Other(See Case File)","Drums","False","Leakage",,"null",,"","266",251
85.016,"C",KM,3/14/1985,6/30/2000,True,"Diesel Spill on Hwy","Unknown","Hwy. 47: 5 N. of Iona",Iona,57542,Lyman,43.59911,-99.4915161,,,,"","0.00","","Diesel                                            ","5.00000",gallons,"Petroleum","Other(See Case File)","Other(See Case File)","Truck Tank","False","Transport Accident",,"null",,"","",284
85.062,"C",KM,7/22/1985,6/7/1993,True,"Parathion spill on roadway","Todd Shindler","47 & Old Hwy. 16",Reliance,57569,Lyman,43.8759766,-99.6055,105N,73W,28,"NW","0.00","","Parathion                                         ","80.00000",gallons,"Agri Chem","Other(See Case File)","Other(See Case File)","Containers","False","Transport Accident",,"null",,"","266",330
86.069,"C",KM,8/29/1986,5/13/1993,True,"Shanard Elevator - Lime Dust Complaint","Shanard Elevator","Shanard Elevator",Reliance,57569,Lyman,43.8769836,-99.6037,105N,73W,21,"SE","0.00","","Lime                                              ","0.00000",,"Chemical","Other(See Case File)","Commercial","Bulk Chemical","False","Handling",,"null",,"","267",434
88.045,"C",JA,4/13/1988,2/2/1994,True,"SD Wheat Growers","South Dakota Wheat Growers","Road ditch, rural Lyman County",Lower Brule,57548,Lyman,44.08529,-99.74535,107,74,8,"","0.00","","Anhydrous Ammonia                                 ","250.00000",gallons,"Agri Chem","Other(See Case File)","Other(See Case File)","Transport Trailer","False","Transport Accident",,"null",,"","237",649
88.236,"C",KM,11/28/1988,1/20/1989,True,"Kreager Spraying - Runoff Complaint","Harold Kreager","Hwy 273",Kennebec,57544,Lyman,43.9093933,-99.8657,,,,"","0.00","","Agri Chem                                         ","0.00000",,"Agri Chem","Other(See Case File)","Commercial","Sprayer","False","Washing/Rinsing",,"null",,"","",837
90.197,"C",KM,5/24/1990,6/6/1990,True,"Golf Cart Vandals","Pete Swinson","135 Main Avenue",Presho,57568,Lyman,43.9024963,-100.058907,,,,"","0.00","","Battery Acid                                      ","0.00000",,"Chemical","Other(See Case File)","Unknown(See Case File)","Batteries","False","Spillage",,"null",,"","",1432
90.222,"C",KM,6/7/1990,6/27/1990,True,"Cone Ag - Overturned Trailer","Dick Cone","Hwy 83, 11.5 Mile  S.",Fort Pierre,57532,Lyman,44.19028,-100.347481,,,,"","0.00","","Fertilizer                                        ","63.00000",pounds,"Agri Chem","Other(See Case File)","Other(See Case File)","Transport Trailer","False","Overturned",,"null",,"","",1457
91.065,"C",KM,2/14/1991,6/22/1992,True,"Thompson - Residential Event","Bureau of Indian Affairs","19 mi. NE of Reliance",Reliance,57569,Lyman,43.9482956,-99.3867,,,,"","0.00","","Zinc Phosphide                                    ","0.00000",,"Agri Chem","Federal","Residential","Containers","False","Immersed  ",,"null",,"","209",1955
91.086,"C",BL,3/7/1991,12/11/1995,True,"Presho Oil Company","Paul Forney","934 East Ninth",Presho,57568,Lyman,43.9029655,-100.053139,,,,"","0.00","","Petroleum                                         ","0.00000",,"Petroleum","Other(See Case File)","Commercial","AST","True","Leakage",,"1408",,"","",1976
91.192,"C",TK,5/15/1991,8/11/1992,True,"Game Fish & Parks  (SD GF&P)","SD Game Fish & Parks  (SD GF&P)","White River Game Production Area",Oacoma,57365,Lyman,43.7445755,-99.48277,103N,72W,8,"NW","0.00","","2,4-D                                             ","303.00000",gallons,"Agri Chem","Other(See Case File)","Public","Spray Tank","False","Failure",,"null",,"","",2082
91.401,"C",RC,8/29/1991,7/23/1992,True,"U.S. Postal Service - Presho","U.S. Postal Service","210 Main Street",Presho,57568,Lyman,43.90442,-100.0584,,,,"","0.00","","Fuel oil                                          ","0.00000",,"Petroleum","Federal","Public","UST","False","Overfills/Spillage",,"1607",,"","",2291
91.448,"C",TK,10/1/1991,10/9/1991,True,"Lyman County Highway Dept.","Lyman County","Lyman County Highway Dept. Shop",Kennebec,57544,Lyman,43.8957443,-99.86115,106N,,8,"SW","0.00","","fuel oil                                          ","0.00000",,"Petroleum","Other(See Case File)","Public","UST","False","Spillage",,"1648",,"","",2338
91.449,"C",RC,10/1/1991,11/20/1996,True,"Lyman County Highway Dept.","Lyman County","Lyman County Highway Department Shop",Presho,57568,Lyman,43.9128036,-100.057892,106N,,,"10","0.00","","Petroleum                                         ","0.00000",,"Petroleum","Other(See Case File)","Public","UST","True","Spillage",,"1649",,"","",2339
91.462,"C",TK,10/11/1991,2/25/1992,True,"Al's Oasis","Al's Oasis Corporation","Highway 16",Oacoma,57365,Lyman,43.80312,-99.3843155,,,,"","0.00","","Petroleum                                         ","0.00000",,"Petroleum","Other(See Case File)","Commercial","UST","True","Line Leak",,"1787",,"","",2352
91.626,"C",DM,12/20/1991,12/30/1994,True,"New Frontier Station","Neal Brakke","Old Hwy 16",Presho,57568,Lyman,43.9024734,-100.055641,,,,"","0.00","","petroleum                                         ","0.00000",,"Petroleum","Other(See Case File)","Commercial","UST","True","Spillage",,"1715",,"","",2516
92.009,"C",TK,1/9/1992,11/19/1992,True,"Trupack Moving Systems Transport Event","Trupack Moving Systems","I-90  MM 247",Reliance,57569,Lyman,43.8686447,-99.64004,,,,"","0.00","","Diesel                                            ","280.00000",gallons,"Petroleum","Other(See Case File)","Other(See Case File)","Truck Tank","False","Transport Accident",,"null",,"","",2599
92.061,"NFA",KM,3/4/1992,7/27/2004,True,"Farmers Union Coop - also 2000.317","Farmers Union Coop","NE at Hwy 47/Main & 243 St / Alumni",Reliance,57569,Lyman,43.87673,-99.60444,105N,73,21,"","0.00","","Fertilizer, Pesticide                            ","0.00000",,"Agri Chem","Other(See Case File)","Commercial","Bulk Chemical","False","Handling",,"null",,"","232",2651
92.099,"C",TK,4/5/1992,8/6/1992,True,"Big Bend Corps of Engineers","US Army Corps of Engineers","Big Bend Power Plant",Fort Thompson,57339,Lyman,44.03948,-99.44557,,,,"","0.00","","Turbine Oil                                       ","30.00000",gallons,"Oil","Federal","Other(See Case File)","Equipment","False","Equipment Failure",,"null",,"","",2689
92.306,"C",KM,8/31/1992,1/4/1993,True,"John Urban - Missouri River Sheen","John Urban","Missouri River",Lower Brule,57548,Lyman,44.1246338,-99.7539139,108N,74W,30,"SE","0.00","","Petroleum                                         ","50.00000",gallons,"Petroleum","Other(See Case File)","Agricultural","AST","False","Line Leak",,"",,"","",2896
93.043,"NFA",DR,3/4/1993,4/18/2005,True,"BIA- Federal Id # R4060001 - Tank Removals","Bureau of Indian Affairs","Road Shop (Bldg 343)",Lower Brule,57548,Lyman,44.06818,-99.58031,,,,"","0.00","","Unleaded Gasoline                                 ","0.00000",,"Petroleum","Federal","Other(See Case File)","UST","True","Leaks and Spills",,"2347",,"","237,240,256,300",3058
93.134,"C",TK,5/26/1993,11/5/1993,True,"Kennebec Elevator","Kennebec Farmers Union Coop.","App. 1 mile N of Town",Kennebec,57544,Lyman,43.9207573,-99.86563,,,,"","0.00","","Fertilizer 10-34-0                                ","46.00000",,"Agri Chem","Other(See Case File)","Commercial","AST","False","Overturned",,"null",,"","",3149
93.265,"C",JA,8/18/1993,9/16/1993,True,"Hawkeye Woodshaving Inc. - Firetruck Spill","Hawkeye Woodshaving Inc.","I-90 MM218 (eastbound rest area)",Vivian,57576,Lyman,43.9117966,-100.199936,,,,"","0.00","","Diesel                                            ","150.00000",gallons,"Petroleum","Other(See Case File)","Other(See Case File)","Truck Tank","False","Equipment Failure",,"null",,"","",3280
93.303,"I",KH,9/22/1993,2/16/1996,True,"Halverson Oil Company - UST Removal","Gene Halverson","Hwy 273 & I-90",Kennebec,57544,Lyman,43.89771,-99.86604,,,,"","0.00","","Gasoline                                          ","0.00000",,"Petroleum","Other(See Case File)","Commercial","UST","True","Leakage",,"2533",,"","",3318
94.003,"C",KM,1/9/1994,7/29/1996,True,"Lower Brule Sioux Tribe - Tank Failure","Lower Brule Sioux Tribe","1 block South Of Casino / .5 block from High School",Lower Brule,57548,Lyman,44.07297,-99.5804,,,,"","0.00","","Gasoline                                          ","8500.00000",gallons,"Petroleum","Other(See Case File)","Other(See Case File)","AST","True","Tank Failure",,"2613",,"","",3538
94.036,"C",JA,3/6/1994,4/19/1994,True,"Bruce Schwager Trucking  Transport Event","Bruce Schwager","I-90, MM 228",Presho,57568,Lyman,43.89749,-100.01368,,,,"","0.00","","Diesel                                            ","15.00000",gallons,"Petroleum","Other(See Case File)","Other(See Case File)","Truck Tank","False","Transport Accident",,"null",,"","",3571
94.088,"C",TK,4/25/1994,2/3/1995,True,"Volmer Tractor Fire","Ronald Volmer","Birch Ave.",Presho,57568,Lyman,43.906,-100.062943,,,,"","0.00","","Diesel, Oil","5.00000",gallons,"Petroleum","Other(See Case File)","Other(See Case File)","Equipment","False","Fire Event",,"null",,"","",3623
94.223,"C",TK,7/27/1994,2/3/1995,True,"Big Bend Dam - Forklift in water.","Alltech Engineering Corporation","Big Bend Dam",Fort Thompson,57339,Lyman,44.0395126,-99.44547,,,,"","0.00","","Diesel                                            ","12.00000",gallons,"Petroleum","Federal","Other(See Case File)","Equipment","False","Immersed  ",,"null",,"","",3758
94.338,"C",TK,9/27/1994,11/29/1994,True,"Lyman County Health Center","Farmers Union Oil Company of Reliance","Lyman Co Health Center Building",Kennebec,57544,Lyman,43.9057,-99.8616943,,,,"","0.00","","Propane Mercaptan                                 ","0.00000",,"Chemical","Other(See Case File)","Other(See Case File)","AST","False","Spillage",,"null",,"","",3873
95.052,"C",RC,3/9/1995,4/5/1995,True,"Dept of Trans (SD DOT) Shop - Tank System Replacement","SD Department of Transportation  (SD DOT)","Presho Maintenance Facility",Presho,57568,Lyman,43.9009552,-100.05941,,,,"","0.00","","Petroleum                                         ","0.00000",,"Petroleum","Other(See Case File)","Other(See Case File)","UST","True","Spillage",,"2713",,"","",4003
95.189,"C",JA,7/26/1995,10/13/1995,True,"Traffic Accident","Deceased RP","I-90 Salebarn Road Underpass and MM 226",Presho,57568,Lyman,43.89895,-100.066154,,,,"","0.00","","Automotive Fluids                                 ","0.00000",,"Petroleum","Other(See Case File)","Other(See Case File)","Truck","False","Transport Accident",,"null",,"","",4140
96.115,"C",TK,5/2/1996,5/16/1996,True,"Gro Joy Plants  Transport Event","Gro Joy Plants","I-90 MM 260",Oacoma,57365,Lyman,43.8027229,-99.4043045,,,,"","0.00","","Diesel                                            ","15.00000",gallons,"Petroleum","Other(See Case File)","Other(See Case File)","Truck Tank","False","Transport Accident",,"null",,"","",4425
96.145,"C",JG,5/23/1996,8/30/1996,True,"KPLO  Tower - Site Assessment","Midco TV","7 miles North of Town",Reliance,57569,Lyman,43.9654922,-99.6034851,106N,73W,21,"SW","0.00","","Fuel oil                                          ","0.00000",,"Petroleum","Other(See Case File)","Other(See Case File)","AST","False","Overfills/Spillage",,"3033",,"","",4455
96.311,"C",RC,10/29/1996,6/9/1997,True,"Coffee Cup Fuel Stop #8 - Tank Removals","McDonald Enterprises","East side of Highway 83 and the I-90 Exit",Vivian,57576,Lyman,43.9172173,-100.315079,,,,"","0.00","","Diesel Fuel                                       ","0.00000",,"Petroleum","Other(See Case File)","Commercial","UST","True","Spillage",,"3110",,"","",4621
97.063,"NFA",NS,3/17/1997,6/26/2008,True,"Former Best Stop Site - Tank Removals","BankWest","NE @ I-90 Exit 235",Kennebec,57544,Lyman,43.8966026,-99.86415,,,,"","0.00","","Petroleum                                         ","0.00000",,"Petroleum","Non-Aquifer","Commercial","UST","True","Leaks and Spills",,"3163",,"","257",4751
97.078,"C",BM,3/28/1997,11/17/1998,True,"I-90  Transport Event","National Carriers","I-90, MM253, Westbound Ditch",Reliance,57569,Lyman,43.84762,-99.52839,,,,"","0.00","","Diesel Fuel                                       ","50.00000",gallons,"Petroleum","Other(See Case File)","Other(See Case File)","Truck Tank","False","Transport Accident",,"null",,"","",4766
97.111,"NFA",GH,4/22/1997,11/21/2000,True,"Farmers Union Oil Site - Assessment","Farmers Union Oil","144 Main Street",Presho,57568,Lyman,43.9050064,-100.058258,,,,"","0.00","","Petroleum                                         ","0.00000",,"Petroleum","Other(See Case File)","Commercial","AST","True","Leakage",,"3126",,"","247",4799
97.123,"C",BM,4/30/1997,10/22/1998,True,"Transport Event","Spirit Express","Highway, 9 miles South of town",Presho,57568,Lyman,43.747467,-100.041023,103N,77W,3,"","0.00","","Diesel Fuel                                       ","50.00000",gallons,"Petroleum","Other(See Case File)","Other(See Case File)","Truck Tank","False","Transport Accident",,"null",,"","",4811
97.164,"C",GH,5/19/1997,2/1/1999,True,"Farmers Coop Site - Tank System Removal","Farmers Coop - Ronnie McManus","Main Street",Reliance,57569,Lyman,43.8777771,-99.60306,,,,"","0.00","","petroleum                                         ","0.00000",,"Petroleum","Other(See Case File)","Commercial","UST","True","Leaks and Spills",,"3125",,"","",4852
97.188,"C",NS,6/3/1997,4/3/2009,True,"Fuel spill near water line. (see 97.063)","Unknown","Gravel Road off County Road 273",Kennebec,57544,Lyman,43.8957939,-99.8642654,,,,"","0.00","","diesel                                            ","0.00000",,"Petroleum","Other(See Case File)","Other(See Case File)","Truck Tank","False","Damage",,"null",,"","263",4876
97.302,"NFA",SH,9/9/1997,11/13/2002,True,"Former Frank's Food-N-Fuel - Tank Removal","Frank Volmer","903 West 9th Street",Presho,57568,Lyman,43.9015236,-100.05909,105N,77W,15,"NE","0.00","","gasoline                                          ","0.00000",,"Petroleum","Other(See Case File)","Commercial","UST","True","Leakage",,"2735",,"","211, 225,",4990
97.345,"C",MP,10/14/1997,1/30/1998,True,"Transport Event","Farmers Union Elevator","NW corner of Hwys 16 and 273 intersection",Kennebec,57544,Lyman,43.90538,-99.8656845,105N,75W,17,"NW","0.00","","Lasso                                             ","3.00000",,"Agri Chem","Other(See Case File)","Other(See Case File)","Tote","False","Unsecured",,"null",,"","237",5033
97.377,"C",MP,11/7/1997,1/6/1998,True,"Transport Event","Hannum Trucking","I-90, W of MM 258, Eastbound Lane",Oacoma,57365,Lyman,43.82255,-99.44507,,,,"","0.00","","diesel                                            ","195.00000",gallons,"Petroleum","Other(See Case File)","Other(See Case File)","Truck Tank","False","Transport Accident",,"null",,"","",5065
98.051,"NFA",SH,3/27/1998,9/6/2002,True,"J & M Short Stop - Tank System Replacement","Janet Terca","128 Main Street",Presho,57568,Lyman,43.9014969,-100.058479,105N,77W,15,"NW","0.00","","Petroleum                                         ","0.00000",,"Petroleum","Other(See Case File)","Commercial","UST","True","Leakage",,"2734",,"","211",5159
98.204,"C",AY,8/11/1998,2/11/1999,True,"SD DOT Shop - Tank Removals","SD Department of Transportation  (SD DOT)","I-90, Exit 251, South of interstate",Reliance,57569,Lyman,43.8482056,-99.56322,105N,73W,35,"SW","0.00","","diesel fuel                                       ","0.00000",,"Petroleum","Other(See Case File)","Public","UST","True","Overfills/Spillage",,"3524",,"","",5312
98.315,"C",KH,10/26/1998,11/4/1999,True,"Presho Oil Company - Line Leaks","Burke Fuel Oil and Propane","934 East 9th Street",Presho,57568,Lyman,43.9023666,-100.053139,105N,77W,15,"","0.00","","petroleum                                         ","0.00000",,"Petroleum","Other(See Case File)","Commercial","UST","True","Line Leak",,"3622",,"","",5423
98.357,"C",TF,11/19/1998,10/10/2001,True,"Vivian Motors - Tank Removal","Vivian Motors","Old Highway 83 and Main Street",Vivian,57576,Lyman,43.9201126,-100.291344,105N,79W,3,"SE","0.00","","gasoline                                          ","0.00000",,"Petroleum","Other(See Case File)","Commercial","UST","True","Spillage",,"3630",,"","",5465
99.026,"C",DR,1/26/1999,4/18/2005,True,"BIA - Former Lake Sharpe Service Station - Federal Id # R4060006","Bureau of Indian Affairs","Crazy Horse Street",Lower Brule,57548,Lyman,44.07075,-99.57676,,,,"","0.00","","gasoline                                          ","0.00000",,"Petroleum","Federal","Other(See Case File)","UST","True","Corrosion",,"3702",,"","237,240",5573
99.135,"C",TA,4/26/1999,5/26/1999,True,"Truck Rollover","Darren Bevers","I-90 MM211",Vivian,57576,Lyman,43.9117851,-100.349052,,,,"","0.00","","diesel fuel                                       ","2.00000",,"Petroleum","Other(See Case File)","Other(See Case File)","Truck Tank","False","Transport Accident",,"null",,"","",5682
99.137,"C",TF,4/27/1999,6/16/2000,True,"Reliance Standard - Tank Removal","Lowell Hieb","Highway 47",Reliance,57569,Lyman,43.8758354,-99.60547,105N,73W,21,"SW","0.00","","Diesel, Gasoline                                  ","0.00000",,"Petroleum","Other(See Case File)","Commercial","UST","True","Leakage",,"3719",,"","",5684
99.212,"C",KM,7/13/1999,7/20/1999,True,"Truck Release","Pioneer Transport","Hwy 183 near MM70 & through town",Presho,57568,Lyman,43.8233566,-100.041313,,,,"","0.00","","diesel fuel                                       ","80.00000",gallons,"Petroleum","Other(See Case File)","Other(See Case File)","Truck Tank","False","Equipment Failure",,"null",,"","231",5759
99.213,"C",LAS,7/13/1999,4/27/2000,True,"AST damage at Pivot","South Dakota Wheat Growers","Iron Nation Irrigation Site",Lower Brule,57548,Lyman,44.11857,-99.75062,108N,74W,31,"","0.00","","diesel fuel                                       ","500.00000",gallons,"Petroleum","Other(See Case File)","Agricultural","AST","False","Damage",,"3816",,"","203",5760
2000.005,"C",JL,1/13/2000,12/20/2001,True,"EPA LUST Trust Project - Lower Brule Commodities Store","EPA LUST Trust Project","Commodities Store",Lower Brule,57548,Lyman,44.0725365,-99.57807,,,,"","0.00","","gasoline                                          ","0.00000",,"Petroleum","Lust Trust","Other(See Case File)","UST","True","Leakage",,"null",,"","",5903
2000.044,"C",BM,3/20/2000,12/12/2000,True,"Irrigation Pumps - Surface Spills","Jerry Christensen","Irrigation Pumps on Corps Land",Lower Brule,57548,Lyman,44.1269836,-99.78887,108,75,26,"SE","0.00","","petroleum                                         ","0.00000",,"Petroleum","Other(See Case File)","Agricultural","AST","False","Spillage",,"4071",,"","203",5942
2000.206,"C",KM,6/19/2000,7/12/2000,True,"Big Bend Powerhouse  - Oil leak","Army Corps of Engineers","Big Bend Dam",Lower Brule,57548,Lyman,44.0387421,-99.4459,106N,72W,,"","0.00","","oil                                               ","20.00000",gallons,"Oil","Federal","Industrial","Equipment","False","Leakage",,"null",,"","231",6104
2000.297,"C",KM,11/15/2000,9/27/2001,True,"ATP - Central Tire and Repair","Tony Urban","909 East 9th Street",Presho,57568,Lyman,43.90159,-100.056961,,,,"","0.00","","petroleum                                         ","0.00000",,"Petroleum","ATP","Commercial","UST","True","Corrosion",143,"4065",,"","208",6195
2000.317,"NFA",KM,10/4/2000,7/27/2004,True,"Farmers Union - Runoff Complaint (see 92.061)","Farmers Union Coop","NE at Hwy 47/Main & 243 St / Alumni",Reliance,57569,Lyman,43.87658,-99.60459,105N,73W,,"","0.00","","Agri Chem                                         ","0.00000",,"Agri Chem","Other(See Case File)","Commercial","Bulk Chemical","False","Handling",,"null",,"","232,266",6215
2000.351,"C",KM,11/15/2000,9/27/2001,True,"ATP - Mertens Chevrolet","Mertens Estate","SE at 1st Street and 4th Avenue",Kennebec,57544,Lyman,43.903492,-99.86338,,,,"","0.00","","petroleum                                         ","0.00000",,"Petroleum","ATP","Commercial","UST","True","Corrosion",65,"4003",,"","208",6249
2001.050,"C",KM,3/12/2001,3/16/2001,True,"Oasis Pump and Pack - Nozzle Spill","Dustin Adams","1000 East SD Highway 16",Oacoma,57365,Lyman,43.80296,-99.38412,,,,"","0.00","","gasoline                                          ","45.00000",gallons,"Petroleum","Other(See Case File)","Commercial","UST","True","Unattended Nozzle",,"null",,"","231",6335
2001.999,"C",KM,5/15/2002,5/31/2002,True,"ATP - Bower's Ranch","Norman Bower","23180 294th Avenue",Vivian,57576,Lyman,44.03813,-100.2656,,,,"","0.00","","Petroleum                                         ","0.00000",,"Petroleum","ATP","Agricultural","UST","False","No Release",1038,"5037",,"","208",7281
2002.064,"C",KM,5/16/2002,5/31/2002,True,"ATP - Lyman School Gymnasium Site","Bruce Carrier","2nd Street and Birch",Presho,57568,Lyman,43.9104919,-100.062744,,,,"","0.00","","fuel oil                                          ","0.00000",,"Petroleum","ATP","Public","UST","False","Leakage",1775,"5740",,"","208",7345
2002.065,"C",KM,5/17/2002,5/31/2002,True,"ATP - White Eagle Filling Station","Junebelle Beckwith","2nd Street and Main",Presho,57568,Lyman,43.9104919,-100.058189,,,,"","0.00","","Waste oil                                         ","0.00000",,"Oil","ATP","Commercial","UST","True","Leakage",1228,"5159",,"","208",7346
2002.066,"C",KM,5/15/2002,5/31/2002,True,"ATP - H. G. Ehlers & Sons Farm","Yvonne Ehlers","14 miles North of Presho",Presho,57568,Lyman,44.0938,-100.116379,107N,77W,6,"","0.00","","Petroleum                                         ","0.00000",,"Petroleum","ATP","Agricultural","UST","False","Spillage",1265,"5192",,"","217, 219",7347
2002.067,"C",KM,5/14/2002,5/31/2002,True,"ATP - Joe Svoboda Site","Vincent Svoboda","26510 335th Avenue",Iona,57542,Lyman,43.556366,-99.482666,,,,"","0.00","","Petroleum                                         ","0.00000",,"Petroleum","ATP","Agricultural","UST","False","Spillage",780,"4722",,"","208",7348
2002.068,"C",KM,5/14/2002,5/31/2002,True,"ATP - Joan's Shop","Merl Ellis","26604 338th Avenue",Iona,57542,Lyman,43.54305,-99.4248047,,,,"","0.00","","Petroleum                                         ","0.00000",,"Petroleum","ATP","Commercial","UST","True","Spillage",755,"4695",,"","208",7349
2002.069,"NFA",KH,5/14/2002,8/11/2004,True,"ATP - William Knutson Trust","Wells Fargo Bank","River Road",Vivian,57576,Lyman,43.7162132,-100.236641,,,,"","0.00","","Petroleum                                         ","0.00000",,"Petroleum","ATP","Agricultural","UST","False","Leakage",1233,"5164",,"","233",7350
2002.215,"C",KM,7/17/2002,10/31/2002,True,"ATP - Ted Steiger Home","Delores Littau","110 East Chamberlain Street",Reliance,57569,Lyman,43.8801727,-99.60245,,,,"","0.00","","gasoline                                          ","0.00000",,"Petroleum","ATP","Agricultural","UST","False","Spillage",2424,"6366",,"","219",7496
2002.359,"NFA",KM,4/14/2003,8/15/2003,True,"ATP - SD DOT Maintenance Shop","SD Department of Transportation  (SD DOT)","Highway 248",Presho,57568,Lyman,43.901062,-100.0597,105N,77W,15,"NW","0.00","","used oil                                          ","0.00000",,"Oil","ATP","Public","UST","True","Leakage",2635,"6574",,"","227",7640
2003.070,"NFA",NS,5/19/2003,2/9/2004,True,"Fire Event - Fertilizer Spill","Don Schindler","4 West, 3 South, 4 West of Reliance",Reliance,57569,Lyman,43.8332825,-99.72448,104,74,6,"SE","0.00","","liquid fertilizer                                 ","1500.00000",gallons,"Agri Chem","Other(See Case File)","Other(See Case File)","Transport Tank","False","Fire Event",,"null",,"","230",7717
2003.107,"C",RL,7/2/2003,7/23/2004,True,"Roundup Spill","Agri-Air - Todd Schindler","241 Street",Reliance,57569,Lyman,43.904808,-99.45927,105N,72W,15,"","0.00","","Roundup                                           ","48.50000",gallons,"Agri Chem","Other(See Case File)","Other(See Case File)","Tote","False","Unsecured",,"null",,"","232",7754
2003.170,"C",KM,10/6/2003,1/31/2005,True,"Presho Sanitary Sewer - Explosive Vapors","Brakke Corporation","8th and Pine",Presho,57568,Lyman,43.90333,-100.054871,,,,"","0.00","","Gasoline                                          ","0.00000",,"Petroleum","Lust Trust","Residential","Drain System","False","Handling",,"null",,"","236,294",7817
2003.171,"C",TF,10/10/2003,2/10/2005,True,"New Frontier Station - Line Leak","New Frontier - Neal Brakke","300 E. Highway 16",Presho,57568,Lyman,43.9023552,-100.055374,,,,"","0.00","","Diesel Fuel                                       ","0.00000",,"Petroleum","Other(See Case File)","Commercial","UST","True","Line Leak",,"6797",,"","238",7818
2003.210,"C",KH,12/1/2003,12/19/2003,True,"ATP - Former Lindquist Oil","Coffee Cup Fuel Stop","Main Street on west side before tracks",Vivian,57576,Lyman,43.9249039,-100.292061,,,,"","0.00","","gasoline                                          ","0.00000",,"Petroleum","ATP","Commercial","UST","True","Spillage",2691,"6640",,"","225,",7857
2004.078,"NFA",JPA,4/13/2004,7/30/2013,True,"Tank System Replacements - Al's Oasis","Al's Oasis","802 East SD Highway 16",Oacoma,57365,Lyman,43.80312,-99.38424,,,,"","0.00","","Petroleum                                         ","0.00000",,"Petroleum","Other(See Case File)","Commercial","UST","True","Dispenser Leak",,"6854",,"","294",7963
2005.053,"C",RL,3/12/2005,7/24/2006,True,"Transportation Accident","Weatherton Contracting","I-90 @ MM260 @ Exit Sign",Oacoma,57365,Lyman,43.8005524,-99.3882,,,,"","0.00","","Diesel                                            ","100.00000",gal,"Petroleum","Other(See Case File)","Other(See Case File)","Truck Tank","False","Transport Accident",,"null",,"","246",8147
2005.143,"C",RL,7/10/2005,7/14/2005,True,"Presho Oil Service Station - Nozzle Spill","Hallie Reumann","500 E. Hwy 16",Presho,57568,Lyman,43.90231,-100.052979,,,,"","0.00","","Gasoline                                          ","30.00000",gal,"Petroleum","Other(See Case File)","Commercial","UST","True","Unattended Nozzle",,"null",,"","239",10304
2005.246,"NFA",KH,12/20/2005,1/17/2006,True,"ATP -  Lower Brule College","Lower Brule Sioux Tribe","1 College Drive",Lower Brule,57548,Lyman,44.0678635,-99.57706,,,,"","0.00","","Fuel Oil                                          ","0.00000",,"Petroleum","ATP","Other(See Case File)","UST","False","Overfills/Spillage",2908,"6969",,"","244",10413
2005.247,"NFA",KH,12/20/2005,1/17/2006,True,"ATP - LBST Education Admin Building","Lower Brule Sioux Tribe","Education Admin Bldg, BIA Rt. 10",Lower Brule,57548,Lyman,44.06802,-99.57511,,,,"","0.00","","Fuel Oil                                          ","0.00000",,"Petroleum","ATP","Other(See Case File)","UST","False","Corrosion",2900,"6946",,"","244",10414
2005.248,"NFA",KH,12/20/2005,1/17/2006,True,"ATP - LBST Employment Enterprises","Lower Brule Sioux Tribe","Industrial Lot 3",Lower Brule,57548,Lyman,44.07017,-99.57736,,,,"","0.00","","Diesel, Gasoline                                  ","0.00000",,"Petroleum","ATP","Other(See Case File)","UST","True","Overfills/Spillage",2738,"6701",,"","244",10415
2005.249,"NFA",KH,12/20/2005,1/17/2006,True,"ATP - Glen Allen Ranch","Lower Brule Sioux Tribe","Glen Allen Ranch @ 15 m W of LB on Hwy 273",Lower Brule,57548,Lyman,44.0873451,-99.86643,,,,"","0.00","","Gasoline                                          ","0.00000",,"Petroleum","ATP","Agricultural","UST","False","Leakage",2901,"6947",,"","244",10416
2007.072,"C",BM,6/11/2007,7/9/2007,True,"Glyphosate  Spill - Unsecured Container","Midwest CO-OP","Hwy 83, 100 yds S. of MM 88",Vivian,57576,Lyman,43.9205475,-100.317833,,,,"","0.00","","glyphosate                                        ","7.00000",gallons,"Agri Chem","Other(See Case File)","Other(See Case File)","Containers","False","Unsecured",,"null",07GH061106,"","254,255",10912
2007.175,"NFA",BM,11/2/2007,4/10/2008,True,"Harmon Basement - Fill Pipe Spill","Halvorson Oil","310 South 2nd Avenue",Kennebec,57544,Lyman,43.9017639,-99.85896,,,,"","0.00","","Fuel Oil                                          ","200.00000",gallons,"Petroleum","Other(See Case File)","Residential","AST","False","Line Leak",,"7247",,"","256",11024
2007.176,"NFA",BM,11/5/2007,8/1/2008,True,"Coffee Cup Fuel Stop - Tank Overfill","Harms Oil","Hwy 83",Vivian,57576,Lyman,43.9175873,-100.314789,,,,"","0.00","","gasoline                                          ","600.00000",gallons,"Petroleum","Other(See Case File)","Commercial","AST","True","Overfill",,"7248",,"","258",11025
2008.111,"C",RL,6/19/2008,7/16/2008,True,"Nozzle Spill - Complaint Call","Farmers Union Oil","Main & Willow",Presho,57569,Lyman,43.9050941,-100.058167,,,,"","0.00","","Diesel                                            ","10.00000",gallons,"Petroleum","Other(See Case File)","Commercial","UST","True","Uncontrolled Nozzle",,"null",,"","258",11196
2010.098,"C",TK,6/14/2010,6/14/2010,True,"Big Bend Power Plant - Oil Leak","US Army Corps of Engineers","Big Bend Power Plant",Fort Thompson,57339,Lyman,44.039402,-99.44539,,,,"","0.00","","oil                                               ","0.00000",,"Oil","Federal","Public","Operating System","False","Leakage",,"null",,"","276",11685
2010.121,"C",RL,6/23/2010,8/31/2010,True,"Overturned Transport","CEVA Ground US LP","I-90 MM 241",Lyman,57544,Lyman,43.8768272,-99.75833,,,,"","0.00","","Diesel                                            ","0.00000",,"Petroleum","Other(See Case File)","Other(See Case File)","Truck Tank","False","Transport Accident",,"null",,"","276",11708
2010.138,"C",RL,7/6/2010,7/30/2010,True,"Transformer Spill - Storm Event","West Central Electric","~6.5 miles Nof Lower Brule on BIA 3",Lower Brule,57548,Lyman,44.1722679,-99.58622,108N,73W,9,"SE","0.00","","Transformer Oil                                   ","75.00000",gallons,"Oil","Other(See Case File)","Other(See Case File)","Transformer","False","Storm Event",,"null",,"","276",11726
2010.275,"NFA",JPA,12/17/2010,2/25/2013,True,"Anonymous Complaint - Tank Vent Spill","Farmer's Union Coop","121 N Main Avenue",Reliance,57569,Lyman,43.8776627,-99.60524,,,,"","0.00","","Diesel                                            ","0.00000",,"Petroleum","Other(See Case File)","Commercial","AST","True","Overfill",,"7584",,"","288A",11893
2012.149,"C",TF,7/13/2012,10/12/2012,True,"Transport Tank Spill - NAHA","Native American Heritage Association","BIA 10, Lower Brule Rubble Site",Lower Brule,57548,Lyman,44.0693321,-99.57395,,,,"","0.00","","Diesel                                            ","300.00000",gallons,"Petroleum","Other(See Case File)","Other(See Case File)","Truck Tank","False","Damage",,"7730",,"","288",12415
2012.167,"NFA",BM,8/3/2012,12/17/2012,True,"Presho General Store - Tank Overfill","Presho Oil Company","500 E Hwy 16",Presho,57568,Lyman,43.9029579,-100.053177,,,,"","0.00","","Diesel                                            ","100.00000",gallons,"Petroleum","Other(See Case File)","Commercial","AST","True","Overfill",,"7736",,"","288A",12437
2012.170,"C",RL,8/7/2012,8/18/2012,True,"Coffee Cup #8 - Diesel Spill","Trimax Transportation LLC","US Hwy 83 (North Lot)",Vivian,57576,Lyman,43.91865,-100.315445,,,,"","0.00","","Diesel                                            ","50.00000",gallons,"Petroleum","Other(See Case File)","Commercial","Truck Tank","False","Damage",,"null",,"","288",12440
2013.033,"C",RL,3/14/2013,4/3/2013,True,"Big Bend - Sheen on Missouri River","US Army Corps of Engineers","Big Bend Dam",Fort Thompson,57339,Lyman,44.0394859,-99.44497,,,,"","0.00","","Turbine Oil                                       ","0.00000",,"Oil","Other(See Case File)","Other(See Case File)","Operating System","False","Leakage",,"null",,"","290",12590
2013.052,"C",KM,4/15/2013,4/15/2013,True,"Turbine Oil Drippage - USCOE","US Corps of Engineers","Big Bend Dam",Fort Thompson,57339,Lyman,44.0393372,-99.44548,,,,"","0.00","","Mineral Oil                                       ","2.00000",oz,"Oil","Other(See Case File)","Other(See Case File)","Equipment","False","Leakage",,"null",,"","290",12609
2013.080,"C",TK,5/13/2013,7/1/2013,True,"Overturned Tote - Hoffman Farm Yard","South Dakota Wheat Growers","24457 324th  Avenue",Reliance,57569,Lyman,43.8547,-99.68866,,,,"","0.00","","Harness Xtra","220.00000",gallons,"Agri Chem","Other(See Case File)","Agricultural","Tote","False","Overturned",,"null",13N051409,"","290",12641
2013.253,"NFA",MSB,10/24/2013,6/12/2020,True,"ATP - Farmers Union Oil Site","Farmers Union Oil Company","SW at Railroad and Maple",Presho,57568,Lyman,43.9113846,-100.057564,,,,"","0.00","","Gasoline                                          ","0.00000",,"Petroleum","ATP","Commercial","UST","True","Leakage",3311,"7808",,"","",12840
2014.038,"C",KM,3/12/2014,6/17/2014,True,"Brownfields - Willis Vet Supply","Willis Veterinary Supply - Charles Willis","103 Hwy 16 (SE at 16 and Main)",Presho,57568,Lyman,43.9016151,-100.058441,105N,77W,15,"NW","0.64","","Petroleum                                         ","0.00000",,"Petroleum","Brownfields","Commercial","UST","True","No Release",,"null",,"","296",12960
2014.119,"C",KN,6/19/2014,11/5/2014,True,"Overturned Transport -Building Products","Building Products Inc","I-90 MM 258",Oacoma,57365,Lyman,43.8172874,-99.43171,,,,"","0.00","","Diesel                                            ","200.00000",Gallon,"Petroleum","Other(See Case File)","Other(See Case File)","Transport Truck","False","Transport Accident",,"7982",,"","298",13048
2014.273,"C",RL ,12/10/2014,1/9/2015,True,"Tank Overfill at Prairie Post","CHS Transportation","300 East Hwy 16",Presho,57568,Lyman,43.9024124,-100.055679,,,,"null","null","null","Gasoline                                          ","10.00000",gallons,"Petroleum","Other(See Case File)","Commercial","UST","True","Overfill",,"8043",,"null","298",13231
2015.092,"NFA",RL ,5/20/2015,2/23/2016,True,"Liquid Fertilizer Spill - Transport  Event","Ranek Ag","Hwy 47 near MM 47",Iona,57542,Lyman,43.5907135,-99.4916153,,,,"null","null","null","Liquid Fertilizer                                 ","3000.00000",gallons,"Agri Chem","Other(See Case File)","Other(See Case File)","Transport Tank","False","Transport Accident",,"null",15SP052005,"null","302",13375
2015.097,"NFA",NS ,6/4/2015,10/16/2015,True,"Prairie Post - Line Leak","Farmers Union Oil ","300 East Hwy 16",Presho,57568,Lyman,43.9022675,-100.055367,,,,"null","null","null","Gasoline                                       ","null",,"Petroleum","Other(See Case File)","Commercial","UST","True","Line Leak",,"8097",,"null","301",13380
2015.126,"C",RL ,7/7/2015,8/25/2015,True,"Regulator Oil Release - Storm Event","West Central Electric","Medicine Bull Memorial Highway",Lower Brule,57548,Lyman,44.06208,-99.56966,,,,"null","null","null","Transformer Oil Non-PCB                           ","320.00000",gallons,"Oil","Other(See Case File)","Other(See Case File)","Regulator","False","Storm Event",,"null",,"null","301",13414
2015.221,"C",TF ,10/28/2015,12/28/2015,True,"ATP - Rosebud Concrete","Rosebud Concrete Inc.","111 East Medicine Creek Drive",Presho,57568,Lyman,43.9122,-100.056488,,,,"null","null","null","Diesel, Fuel Oil","null",,"Petroleum","ATP","Industrial","UST","True","Leakage",3511,"8137",,"null","301",13529
2017.079,"C",TK ,6/7/2017,10/11/2017,True,"Adam Ehler farm spill","Edam Ehler","Highway 248",Presho,57568,Lyman,43.9016762,-100.0623,,,,"null","null","null","Atrazine                                          ","20.00000",Gallons,"Agri Chem","Other(See Case File)","Public","Tote","False","Accident",,"null",,"null","null",14002
2017.146,"NFA",JPA,8/8/2017,4/5/2019,True,"ATP - Lower Brule High School","Lower Brule Sioux Tribe","229 BIA Route 10",Lower Brule,57548,Lyman,44.0670662,-99.57653,,,,"null","null","null","Diesel                                            ","null",,"Petroleum","ATP","Other(See Case File)","UST","False","Leakage",3505,"8129",,"null","null",14084
2017.149,"C",RL ,8/14/2017,10/25/2017,True,"Regulator Oil Spill - Storm Event","West Central Electric Cooperative Inc.","Substation, west at Hwy 47 and W Chamberlain Street",Reliance,57569,Lyman,43.8800278,-99.6070557,,,,"null","null","null","Transformer Oil Non-PCB                           ","170.00000",gallons,"Oil","Other(See Case File)","Other(See Case File)","Transformer","False","Storm Event",,"null",,"null","null",14088
2018.034,"NFA",MSB,2/22/2018,6/12/2020,True,"Tier 2 Assessment - Former Bulk Site (also 2013.253)","Farmers Union Oil Company","SW at Railroad and Maple",Presho,57568,Lyman,43.9113846,-100.057663,,,,"null","null","null","Diesel                                            ","null",,"Petroleum","Other(See Case File)","Commercial","AST","True","Leaks and Spills",,"8361",,"null","null",14212
2018.138,"C",RL ,7/24/2018,7/25/2018,True,"Diesel Spill - Unknown RP - County Cleanup","Unknown","301st Avenue near Old Hwy 16",Presho,57568,Lyman,43.9048958,-100.146049,,,,"null","null","null","Diesel                                            ","null",,"Petroleum","Other(See Case File)","Other(See Case File)","Unknown(See Case File)","False","Unknown",,"null",,"null","null",14323
2019.005,"NFA",PDM,1/14/2019,10/10/2019,True,"Harms Overfill at Hieb Cenex Tank Farm","Harms Oil Company","204 West Hwy 47",Reliance,57569,Lyman,43.87579,-99.60408,,,,"null","null","null","Diesel                                            ","175.00000",gallons,"Petroleum","Other(See Case File)","Commercial","AST","True","Overfill",,"null",,"null","null",14434
2019.152,"NFA",MSB,8/29/2019,4/13/2022,True,"LUST Trust - Presho Utilities - Jet Lanes","City of Presho","Main Street between 2nd and 3rd Street",Presho,57568,Lyman,43.9099426,-100.058647,,,,"null","null","null","Petroleum                                         ","null",,"Petroleum","Lust Trust","Other(See Case File)","UST","True","Leaks and Spills",,"8468",,"null","null",14590
2020.046,"C",TK ,5/18/2020,8/24/2020,True,"MG Oil Tanker Truck Accident","MG Oil Company","I-90 Westbound, Mile Marker 251",Reliance,57596,Lyman,43.8475266,-99.5522,105N,73W,35,"NE","null","null","Diesel","4000.00000",gallons,"Petroleum","Other(See Case File)","Public","Transportation","False","Transport Accident",,"8517",,"null","null",14737
2020.123,"NFA",MSB,8/14/2020,6/8/2022,True,"LUST Trust - 8th Street Presho","Unknown","Eighth Street and Pine Avenue",Presho,57568,Lyman,43.9032364,-100.054863,,,,"null","null","null","Petroleum                                         ","null",,"Petroleum","Lust Trust","Public","UST","True","Unknown",,"null",,"null","null",14826
2021.064,"C",JAM,5/5/2021,6/21/2021,True,"Transportation Accident - Werner Enterprises","Werner Enterprises","I-90 W, mile marker 224",Presho,57568,Lyman,43.898468,-100.1069,,,,"null","null","null","Diesel","75.00000",gallons,"Petroleum","Other(See Case File)","Public","Saddle Tank","False","Transport Accident",,"null",,"null","null",14973
2022.085,"O",JAM,5/24/2022,,True,"Agtegra - Herbicide on Road","Agtegra Cooperative","333rd Avenue, near 240th Street",Reliance,57569,Lyman,43.9264755,-99.52561,,,,"null","null","null","Harness Xtra","100.00000",gallons,"Agri Chem","Other(See Case File)","Public","Transport Tank","False","Equipment Failure",,"null",,"null","null",15230
2023.043,"C",JAM,4/26/2023,6/1/2023,True,"Stanley Farms Diesel Fuel Spill","Agtegra Cooperative","23976 305th Ave ",Presho,57568,Lyman,43.92297,-100.065514,,,,"null","null","null","Diesel                                            ","150.00000",gallons ,"Petroleum","Other(See Case File)","Other(See Case File)","Fuel Truck","False","Overfill",,"null",,"null","null",15429
2023.059,"O",KF ,5/14/2023,,True,"UST Leak - Prairie Post Presho","The Post","300 East Highway 16",Presho,57568,Lyman,43.9024353,-100.055611,,,,"null","null","null","Gasoline                                          ","null",,"Petroleum","Other(See Case File)","Commercial","UST","True","Line Leak",,"8670",,"null","null",15445
2023.064,"C",NS ,5/24/2023,1/22/2024,True,"Brownfields - Lyman Middle/High School","Lyman School District","201 South Birch Avenue",Presho,57568,Lyman,43.9100227,-100.063324,,,,"null","null","null","Unknown                                           ","null",,"Other(See Case File)","Brownfields","Public","Construction Materials","False","Historical",,"null",,"null","null",15451
9999.002,"W",,,,True,"Withdrawn ATP - Vivian Railroad Tanker","SD Department of Transportation  SD DOT","~400' East of Main & South of tracks",Vivian,57676,Lyman,43.925518,-100.290176,,,,"","0.00","","                                                  ","0.00000",,"Other(See Case File)","Withdrawn ATP","Other(See Case File)","Other(See Case File)","False","null",15,"3969",,"","249",10657
9999.027,"W",,,,True,"Withdrawn ATP - Hyland Property","Dan Hyland","309 Seaman Avenue",Oacoma,57365,Lyman,43.79888,-99.3916245,,,,"","0.00","","                                                  ","0.00000",,"Other(See Case File)","Withdrawn ATP","Residential","Other(See Case File)","False","null",506,"4437",,"","249",10682
9999.049,"W",,,,True,"Withdrawn ATP - Stanley Property","Gladys Stanley","Hwy 16",Presho,57568,Lyman,43.90445,-100.084686,105,77,16,"NW","0.00","","                                                  ","0.00000",,"Other(See Case File)","Withdrawn ATP","Other(See Case File)","Other(See Case File)","False","null",991,"4942",,"","249",10705
9999.112,"W",,,,True,"Withdrawn ATP - Former VFW","Richard Lien","West of Main Street & Library",Kennebec,57544,Lyman,43.90355,-99.86357,,,,"","0.00","","                                                  ","0.00000",,"Other(See Case File)","Withdrawn ATP","Commercial","Other(See Case File)","False","null",1596,"5548",,"","249",10770
92086.000,"NFA",NS ,4/3/1992,1/4/2017,True,"1992 Tank Removal - Oller Farm","Charles Oller","28832  243rd  Street",Vivian,57576,Lyman,43.87761,-100.361488,,,,"null","null","null","null","null",,"Other(See Case File)","Clean Site","Other(See Case File)","UST","False","No Release",,"null",,"null","null",13855
94005.000,"C",JA,2/16/1994,2/17/1994,True,"U.S. West Radio Tower (SDT64585)","U.S. West Business Resources","N. of I-90 on U.S. Hwy. 83",Vivian,57576,Lyman,43.9670372,-100.324432,,,,"","0.00","","                                                  ","0.00000",,"Other(See Case File)","Clean Site","Other(See Case File)","UST","True","No Release",,"null",,"","",8508
94007.000,"C",JA,2/16/1994,2/17/1994,True,"U.S. West Radio Tower (SDT63391)","U.S. West Business Resources","U.S. West Radio Tower",Lyman,57544,Lyman,43.8768921,-99.73597,,,,"","0.00","","                                                  ","0.00000",,"Other(See Case File)","Clean Site","Other(See Case File)","UST","True","No Release",,"null",,"","",8510
97006.000,"C",KD,10/7/1992,10/7/1997,True,"C & D Self Serve","Chuck Hayes","I-90 exit and highway",Oacoma,57365,Lyman,43.80296,-99.3909,,,,"","0.00","","                                                  ","0.00000",,"Other(See Case File)","Clean Site","Commercial","UST","True","No Release",,"null",,"","",8634
2000010.000,"C",CH,4/21/2000,6/16/2000,True,"Lower Brule Farm Corporation - Grass Rope Unit","Lower Brule Farm Corporation","Grass Rope Unit, Little Bend Road, BIA 3",Lower Brule,57548,Lyman,44.1722145,-99.58659,108,73,9,"","0.00","","                                                  ","0.00000",,"Other(See Case File)","Clean Site","Agricultural","UST","True","No Release",,"3905",,"","257",8801
2000056.000,"C",KM,11/15/2000,11/30/2000,True,"Clean ATP - Former Willard Ashcraft Farm","Herb Sundall","253 Street",Kennebec,57544,Lyman,43.7336922,-99.89069,103N,76W,11,"S","0.00","","                                                  ","0.00000",,"Other(See Case File)","ATP","Agricultural","UST","False","No Release",71,"3996",,"","204",8847
2001925.000,"C",KM,10/22/2001,3/11/2002,True,"Clean ATP - Mertens Shop","Todd Meier","Intersection of Highways 278 & 273",Kennebec,57544,Lyman,43.89756,-99.86531,,,,"","0.00","","                                                  ","0.00000",,"Other(See Case File)","ATP","Commercial","UST","True","No Release",1457,"5400",,"","205",9789
2001926.000,"C",KM,10/22/2001,3/11/2002,True,"Clean ATP - McClenahan Property","Mary McClenahan,","319 Avenue",Lyman,57569,Lyman,43.843544,-99.78399,104N,75W,3,"","0.00","","                                                  ","0.00000",,"Other(See Case File)","ATP","Agricultural","UST","False","No Release",472,"4412",,"","205",9790
2001927.000,"C",KM,10/5/2001,3/11/2002,True,"Clean ATP - Schulte Property","Don Schulte","310 North Main Avenue",Oacoma,57365,Lyman,43.7988777,-99.39218,,,,"","0.00","","                                                  ","0.00000",,"Other(See Case File)","ATP","Residential","UST","True","No Release",1169,"5127",,"","205",9791
2001928.000,"C",KM,10/3/2001,3/11/2002,True,"Clean ATP - Blum Property","John Blum","24270 339th Avenue",Oacoma,57365,Lyman,43.8807449,-99.4044952,,,,"","0.00","","                                                  ","0.00000",,"Other(See Case File)","ATP","Residential","UST","True","No Release",1819,"5780",,"","205",9792
2002123.000,"C",KM,7/16/2002,10/25/2002,True,"Clean ATP - Langenbau Property","Rusty Langenbau","4th Avenue",Kennebec,57544,Lyman,43.9037476,-99.8631439,,,,"","0.00","","                                                  ","0.00000",,"Other(See Case File)","ATP","Residential","UST","True","No Release",2265,"6204",,"","220",9986
2002124.000,"C",KM,7/17/2002,10/25/2002,True,"Clean ATP - Kennebec Lumber","American Creek Conservation District","4th Avenue",Kennebec,57544,Lyman,43.9044,-99.86373,,,,"","0.00","","                                                  ","0.00000",,"Other(See Case File)","ATP","Commercial","UST","True","No Release",2227,"6165",,"","220",9987
2002125.000,"C",KM,7/17/2002,10/25/2002,True,"Clean ATP - Dominiack Property","Steve Dominiack","305 East 3rd Street",Oacoma,57365,Lyman,43.79883,-99.39162,,,,"","0.00","","                                                  ","0.00000",,"Other(See Case File)","ATP","Residential","UST","False","No Release",2256,"6190",,"","220",9988
2002142.000,"C",KM,9/27/2002,10/25/2002,True,"Clean ATP - Schaefer Property","Kenneth Schaefer","311 Seaman Avenue",Oacoma,57365,Lyman,43.7986374,-99.3914948,,,,"","0.00","","                                                  ","0.00000",,"Other(See Case File)","ATP","Residential","UST","True","No Release",2047,"5995",,"","220",10005
2002144.000,"C",KM,7/16/2002,10/25/2002,True,"ATP - Former Highway Service (no tank found)","Noel Bingen","2nd Street and Fir Avenue",Presho,57568,Lyman,43.91072,-100.060555,,,,"","0.00","","                                                  ","0.00000",,"Other(See Case File)","ATP","Commercial","UST","False","No Tank Found",2392,"6322",,"","220",10007
2002322.000,"C",KM,5/14/2002,5/31/2002,True,"ATP - Lyman School Site (replaces 20011017)","Lyman School District","2nd Street and South Birch",Presho,57568,Lyman,43.91017,-100.063477,,,,"","0.00","","                                                  ","0.00000",,"Other(See Case File)","ATP","Public","UST","False","No Release",1771,"5730",,"","206",10179
2002323.000,"C",KM,5/15/2002,5/31/2002,True,"ATP - Tagtow Farm (replaces 20011018)","Gloria Bowar","From Exit 251, 1 mile south",Reliance,57569,Lyman,43.8332176,-99.56082,,,,"","0.00","","                                                  ","0.00000",,"Other(See Case File)","ATP","Agricultural","UST","False","No Release",1365,"5298",,"","206",10180
2002324.000,"C",KM,5/14/2002,5/31/2002,True,"ATP - Thompson Farm (replaces 20011019)","Arline Thompson","1 mile West of SD Highway 47",Iona,57542,Lyman,43.5391769,-99.44863,101,72,21,"NE","0.00","","                                                  ","0.00000",,"Other(See Case File)","ATP","Agricultural","UST","False","No Release",1881,"5835",,"","206",10181
2011001.000,"C",JPA,5/23/2011,5/23/2011,True,"AST Removal - Coffee Cup #8","Coffee Cup Fuel Stop","24022 US Hwy 83",Vivian,57576,Lyman,43.9173279,-100.314781,,,,"","0.00","","                                                  ","0.00000",,"Other(See Case File)","Clean Site","Commercial","AST","True","No Release",,"null",,"","279",11994
2013029.000,"C",TF,10/25/2013,12/10/2013,True,"Clean ATP - Ehlers Homestead","Adam Ehlers","NW at 229 Street and 303 Avenue",Presho,57568,Lyman,44.0815544,-100.1163,,,,"","0.00","","                                                  ","0.00000",,"Other(See Case File)","ATP","Other(See Case File)","UST","True","No Release",3331,"7839",,"","296",12841
2014022.000,"C",TF ,11/27/2014,2/27/2015,True,"Clean ATP - Former Mobil Station","Karlen Family Partnership","NW corner at 6th and Reliance Alumni Street",Reliance,57569,Lyman,43.87652,-99.59671,,,,"null","null","null","null","null",,"Other(See Case File)","ATP","Commercial","UST","True","No Release",3441,"8013",,"null","298",13197
2019004.000,"C",JPA,5/20/2019,2/7/2020,True,"ATP - SD Dept. of Transportation","South Dakota Department of Transportation","805 South Main Avenue (Presho DOT maint. shop)",Presho,57568,Lyman,43.9010277,-100.059387,,,,"null","null","null","","null",,"Petroleum","ATP","Public","UST","True","No Release",3626,"8384",,"null","null",14513