id,status,r1,date_rep,date_close,image,site_name,resp_party,street,city,zip_code,county,latitude,longitude,township,range,section,secq1,acreage,instctrls,material,amount,units,spill_cat,site_type,proptype,sor_type,regulated,cause_type,atp_no,prcfnumber,ag_no,solidwaste,microroll,siteid
89.139,"C",DP,6/23/1989,4/4/1991,True,"McIntosh School District - Tank Replacement","McIntosh School District","Main Street",McIntosh,57641,Corson,45.923336,-101.351158,23N,22,25,"SE","0.00","","Fuel Oil                                          ","0.00000",,"Petroleum","Other(See Case File)","Public","UST","False","Leakage",,"659",,"","",1028
89.210,"C",KM,8/14/1989,3/25/1991,True,"Nehl Seed & Oil - Transport Event","Nick Nehl","Highway 12, 4 West & .5 North",McIntosh,57641,Corson,45.92931,-101.43248,,,,"","0.00","","Diesel, Gasoline                                  ","20.00000",gallons,"Petroleum","Other(See Case File)","Other(See Case File)","Transport Truck","False","Overturned",,"661",,"","",1098
89.300,"C",KD,11/17/1989,8/3/1990,True,"Burlington Northern Railroad  (BNSF) - Tank Removal","Burlington Northern Railroad  (BNSF)","Hwy. 12 and 65",McIntosh,57641,Corson,45.9260979,-101.33567,,,,"","0.00","","Gasoline                                          ","0.00000",,"Petroleum","Other(See Case File)","Other(See Case File)","UST","True","Corrosion",,"0658",,"","",1188
90.172,"C",BL,5/11/1990,8/17/1990,True,"McLaughlin Cenex - Tank Removal","Farmers Union Oil","Main Street (SW at Hwys 12 & 63 )",McLaughlin,57642,Corson,45.81536,-100.810989,,,,"","0.00","","Petroleum                                         ","0.00000",,"Petroleum","Other(See Case File)","Commercial","UST","True","Spillage",,"1060",,"","",1407
90.193,"C",TK,5/23/1990,8/15/1990,True,"Mid-America Dairymen - Ammonia Leak","Mid-America Dairymen","1st Ave. and Main St.",Pollock,57648,Corson,45.89972,-100.284958,120N,78W,16,"SW","0.00","","Anhydrous Ammonia                                 ","800.00000",gallons,"Agri Chem","Other(See Case File)","Commercial","Operating System","False","Equipment Failure",,"null",,"","",1428
90.415,"C",TK,10/24/1989,10/5/1990,True,"Hartwell Repair","Art Hartwell","Hartwell Repair",Morristown,57645,Corson,45.9372444,-101.717255,,,,"","0.00","","Petroleum                                         ","0.00000",,"Petroleum","Other(See Case File)","Commercial","UST","True","Spillage",,"0159",,"","",1650
91.025,"C",DM,1/17/1991,1/8/2005,True,"McLaughlin School - Standing Rock Reservation","McLaughlin Public School","601 S Main",McLaughlin,57642,Corson,45.80954,-100.810562,,,,"","0.00","","Petroleum                                         ","0.00000",,"Petroleum","Other(See Case File)","Public","UST","True","Corrosion",,"1325",,"","235",1915
91.156,"NFA",SH,4/24/1991,9/18/2002,True,"Lemmon Thunderhawk Coop","Southwest Grain","East of Main, S of State Line Road",Thunder Hawk,57638,Corson,45.94241,-101.972725,23N,17E,23,"NE","0.00","","Petroleum                                         ","0.00000",,"Petroleum","Other(See Case File)","Commercial","UST & AST","True","Leakage",,"1454",,"","209,210",2046
91.224,"C",TB,5/22/1991,6/29/1992,True,"McLaughlin Farmers Elevator","Farmers Elevator","Railroad Street",McLaughlin,57642,Corson,45.818203,-100.817307,,,,"","0.00","","Nitrogen                                          ","0.00000",,"Agri Chem","Other(See Case File)","Commercial","Bulk Chemical","False","Handling",,"null",,"","",2114
91.299,"NFA",NS,7/9/1991,1/9/2009,True,"Joe's Place","Joe Draper","Hwy. 12",Watauga,57660,Corson,45.92139,-101.5391,23N,21E,29,"SE","0.00","","Gasoline                                          ","0.00000",,"Petroleum","Other(See Case File)","Commercial","UST","True","Leakage",,"1539",,"","259",2189
92.179,"C",BL,5/22/1992,2/1/1993,True,"Jed's Landing","US Small Business Association","Jed's Landing @ Indian Memorial Campground",Mobridge,57601,Corson,45.5723648,-100.4864,,,,"","0.00","","Gasoline                                          ","0.00000",,"Petroleum","Federal","Commercial","UST","True","Spillage",,"2129",,"","",2769
92.243,"C",DM,7/7/1992,2/1/1993,True,"Jeds Landing - Tank Assessment","US Small Business Administration","Jed's Landing @ Indian Memorial Campground",Mobridge,57601,Corson,45.5717354,-100.486511,,,,"","0.00","","Petroleum                                         ","0.00000",,"Petroleum","Federal","Commercial","UST","True","Spillage",,"null",,"","",2833
93.052,"NFA",GMS,10/8/1992,2/1/2016,True,"Lemmon Thunderhawk Co-op","Lemmon Thunderhawk Co-op","Elevator/ Fertilizer Facility",Thunder Hawk,57638,Corson,45.9420166,-101.9696,23N,17W,23,"NE","0.00","","Fertilizer                                        ","0.00000",,"Agri Chem","Other(See Case File)","Commercial","Bulk Chemical","False","Handling",,"null",,"","302",3067
93.227,"C",TK,6/14/1993,7/21/1993,True,"Spray Plane Event","Clyde Rische","8 W. of Town",McLaughlin,57642,Corson,45.85841,-100.950462,22N,26W,19,"NW","0.00","","Pesticide                                         ","10.00000",,"Agri Chem","Other(See Case File)","Agricultural","Aircraft Tanks","False","Accident",,"null",,"","",3242
93.493,"C",PG,12/13/1993,1/6/1996,True,"Farmers Union Oil Company","W.G. Banek","Hwy. 12 & Hwy. 63",McLaughlin,57642,Corson,45.8153419,-100.810364,21N,27E,5,"NW","0.00","","Gasoline                                          ","0.00000",,"Petroleum","Other(See Case File)","Commercial","UST","True","Leaks and Spills",,"2600",,"","",3508
94.309,"C",JL,4/29/1994,6/27/2008,True,"DOD/FUD McIntosh Gap Filler Annex Tm-177c #b08sd0857","U.S. Army Corps of Engineers - Missouri River Division","Gap Filler Annex",McIntosh,57641,Corson,45.9421463,-101.38829,,,,"","0.00","","Possible fuel contamination                       ","0.00000",,"Combined","Federal","Other(See Case File)","UST & AST","False","Historical",,"null",,"","271",3844
94.400,"C",TK,12/9/1994,2/3/1995,True,"C & W Enterprises - Diesel Spills","C & W Enterprises","Vernon Martin Property",Ridgeview,57652,Corson,45.0845871,-100.805511,,,,"","0.00","","Diesel                                            ","5.00000",gallons,"Petroleum","Other(See Case File)","Other(See Case File)","Transport Truck","False","Leakage",,"null",,"","232",3935
96.049,"C",TK,3/11/1996,3/19/1996,True,"Richard Glines Farm","Richard Glines","7 miles East and 1 1/4 mile North of town",McIntosh,57641,Corson,45.9425125,-101.203514,,,,"","0.00","","LP Gas                                            ","0.00000",,"Chemical","Other(See Case File)","Agricultural","AST","False","Line Leak",,"null",,"","",4359
96.199,"C",TK,7/5/1996,2/21/1997,True,"Leak at Irrigtation Pump","Willie Hepper","2 mi N and 1/2 mi E of Mobridge",Mobridge,57601,Corson,45.6008453,-100.454979,19N,30W,20,"NW","0.00","","Diesel Fuel                                       ","50.00000",gallons,"Petroleum","Surface Water","Other(See Case File)","Equipment","False","Line Leak",,"null",,"","",4509
97.212,"C",KM,6/23/1997,12/31/1997,True,"Irrigation Pump Leak","Willie Hepper","West Shore between Grand River & Oak Creek",Mobridge,57601,Corson,45.60087,-100.454811,19N,30E,20,"NW","0.00","","diesel fuel                                       ","0.00000",,"Petroleum","Other(See Case File)","Agricultural","AST","False","Pump Leak",,"null",,"","",4900
98.200,"NFA",TF,8/10/1998,6/28/2011,True,"Jundt's Service - Tank Removal","Jundt's Service - Greg Jundt","102 1st Avenue West  (SE @ 1st & Hwy 12)",McLaughlin,57642,Corson,45.8155441,-100.81192,21N,27E,6,"","0.00","","petroleum                                         ","0.00000",,"Petroleum","Other(See Case File)","Commercial","UST","True","Line Leak",,"3461",,"","278,294",5308
98.333,"NFA",GH,11/5/1998,6/2/2008,True,"Little Eagle Day School - Federal Id # R4040033","Bureau of Indian Affairs","1 School Street (Bldg 223)",Little Eagle,57639,Corson,45.676,-100.805542,20N,27E,28,"NW","0.00","","Gasoline                                          ","0.00000",,"Petroleum","Federal","Other(See Case File)","UST","True","Leakage",,"3636",,"","257,261",5441
98.355,"C",KM,11/18/1998,7/9/1999,True,"School Bus Garage - Line Leaks","McIntosh School District","130 Main Street",McIntosh,57641,Corson,45.9243279,-101.350922,23N,85W,26,"","0.00","","gasoline                                          ","0.00000",,"Petroleum","Other(See Case File)","Public","UST","True","Line Leak",,"3248",,"","",5463
99.068,"C",LAS,3/17/1999,2/25/2000,True,"McLaughlin Fertilizer Spill","Wheat Growers","Hwy 63, 1/2 mile S. of McLaughlin",McLaughlin,57642,Corson,45.8041649,-100.810631,21N,27E,18,"NE","0.00","","dry fertilizer                                    ","16000.00000",pounds,"Agri Chem","Other(See Case File)","Other(See Case File)","Transport Truck","False","Transport Accident",,"null",,"","",5615
99.098,"C",JL,3/23/1999,5/24/1999,True,"Rock Creek School - Federal Id # R4040004","Bureau of Indian Affairs","Rock Creek School (Bldg 401)",Bullhead,57621,Corson,45.7678375,-101.084488,,,,"","0.00","","petroleum                                         ","0.00000",,"Petroleum","Federal","Other(See Case File)","UST","True","No Release",,"null",,"","",5645
99.183,"C",BM,6/11/1999,6/15/1999,True,"McLaughlin Wheat Growers - Ammonia Release","South Dakota Wheat Growers","Airborne Release - McLaughlin Facility",McLaughlin,57642,Corson,45.81833,-100.815826,,,,"","0.00","","Anhydrous Ammonia                                 ","0.00000",,"Agri Chem","Other(See Case File)","Commercial","Nurse Tank","False","Handling",,"null",,"","266",5730
2000.214,"C",BM,6/30/2000,8/8/2000,True,"Wakpala Junction - Transport Spill","Allen Holy Bear","Wakpala Junction on 1806  (~1 m E of  town)",Wakpala,57658,Corson,45.6606865,-100.504372,,,,"","0.00","","Diesel                                            ","10.00000",Gallons,"Petroleum","Other(See Case File)","Other(See Case File)","Truck Tank","False","Transport Accident",,"null",,"","203",6112
2000.330,"C",SH,10/27/2000,3/31/2003,True,"SD Wheat Growers - Complaint","SD Wheat Growers","Area of  Elevator, between rail and roadway",McLaughlin,57642,Corson,45.8174553,-100.814178,,,,"","0.00","","Fertilizer, Pesticide                            ","0.00000",,"Agri Chem","Other(See Case File)","Commercial","Bulk Chemical","False","Handling",,"null",,"","216",6228
2000.334,"C",BM,11/1/2000,10/10/2002,True,"Burlington Northern Diesel Spill  (BNSF)","Burlington Northern Santa Fe RR  (BNSF)","Railway at bridge, NW of Wakpala",Wakpala,57658,Corson,45.6971321,-100.556686,,,,"","0.00","","Diesel Fuel                                       ","50.00000",gallons,"Petroleum","Other(See Case File)","Other(See Case File)","Equipment","False","Overturned",,"null",,"","230",6232
2000.338,"C",TF,11/2/2000,7/31/2001,True,"McLaughlin School -  Tank Overfill","Slater Oil - Kent Slater","601 South Main",McLaughlin,57642,Corson,45.8101,-100.812057,21N,27E,6,"SE","0.00","","Fuel Oil                                          ","100.00000",gallons,"Petroleum","Other(See Case File)","Public","UST","False","Overfill",,"null",,"","",6236
2001.014,"NFA",KH,1/19/2001,4/15/2004,True,"ATP - Ray Maxon Property","Ray Maxon","304 2nd Avenue East",McLaughlin,57642,Corson,45.8122253,-100.807487,,,,"","0.00","","Fuel Oil                                          ","200.00000",gallons,"Petroleum","ATP","Residential","UST","False","Corrosion",689,"4627",,"","230,236,246",6299
2001.533,"NFA",KH,8/1/2001,7/14/2003,True,"ATP - Hofer Ranch","Len Hofer","21151 Twin Butte Road",Glad Valley,57629,Corson,45.522522,-101.869476,,,,"","0.00","","Petroleum                                         ","0.00000",,"Petroleum","ATP","Agricultural","UST","False","Corrosion",1515,"5458",,"","219",6816
2001.567,"C",KM,8/1/2001,12/3/2001,True,"ATP - Parrott Property","Betty Parrott","12660 208th Avenue",Meadow,57644,Corson,45.5649033,-101.943367,,,,"","0.00","","Petroleum                                         ","0.00000",,"Petroleum","ATP","Agricultural","UST","False","Spillage",873,"4959",,"","207",6850
2001.659,"C",KM,8/7/2001,1/16/2002,True,"ATP - Johnson Farm","David Johnson","11150 213th Avenue",Keldron,57634,Corson,45.78182,-101.845062,,,,"","0.00","","Petroleum                                         ","0.00000",,"Petroleum","ATP","Agricultural","UST","False","Spillage",906,"4910",,"","207",6942
2001.660,"C",KM,8/21/2001,1/16/2002,True,"ATP - Schwiegert Chevrolet","Arnold Schott","203 1st Avenue East",McLaughlin,57642,Corson,45.814373,-100.809723,,,,"","0.00","","fuel oil                                          ","0.00000",,"Petroleum","ATP","Commercial","UST","False","Spillage",548,"4478",,"","207",6943
2001.661,"C",KM,8/21/2001,1/16/2002,True,"ATP - Schott Property","Wallace Schott","2 mi S of McLaughlin & 3 mi W",McLaughlin,57642,Corson,45.7744331,-100.870552,,,,"","0.00","","gasoline                                          ","0.00000",,"Petroleum","ATP","Residential","UST","True","Leakage",1667,"5612",,"","207",6944
2001.662,"C",KM,8/16/2001,1/16/2002,True,"ATP - Moser Property","Bruce Moser","1st Avenue East",McLaughlin,57642,Corson,45.81466,-100.812782,,,,"","0.00","","gasoline                                          ","0.00000",,"Petroleum","ATP","Residential","UST","True","Spillage",636,"4568",,"","207",6945
2001.663,"C",KM,8/17/2001,1/16/2002,True,"ATP - Redeemer Lutheran Church","Redeemer Lutheran Church","212 1st Avenue West",McLaughlin,57642,Corson,45.81371,-100.811546,,,,"","0.00","","fuel oil                                          ","0.00000",,"Petroleum","ATP","Other(See Case File)","UST","False","Leakage",1624,"5587",,"","207",6946
2001.664,"C",KM,7/9/2001,1/16/2002,True,"ATP - FM Bank","Gary Bubbers","217 Main Street",McIntosh,57641,Corson,45.9203644,-101.349617,,,,"","0.00","","fuel oil                                          ","0.00000",,"Petroleum","ATP","Commercial","UST","False","Spillage",757,"4698",,"","207",6947
2001.665,"C",KM,7/9/2001,1/16/2002,True,"ATP - Corson County Jail","Corson County","111 2nd Street East",McIntosh,57641,Corson,45.92157,-101.346954,,,,"","0.00","","heating fuel                                      ","0.00000",,"Petroleum","ATP","Other(See Case File)","UST","False","Spillage",872,"4958",,"","207",6948
2001.666,"C",KM,7/9/2001,1/16/2002,True,"ATP - Corson County Courthouse","Corson County","1st Street East",McIntosh,57641,Corson,45.9213562,-101.347321,,,,"","0.00","","heating fuel                                      ","0.00000",,"Petroleum","ATP","Public","UST","False","Leakage",1401,"5338",,"","207",6949
2001.667,"C",KM,6/27/2001,1/16/2002,True,"ATP - St. Bonaventure Catholic Church","St. Bonaventure Catholic Church","140 1st Avenue West",McIntosh,57641,Corson,45.92239,-101.351234,,,,"","0.00","","fuel oil                                          ","0.00000",,"Petroleum","ATP","Other(See Case File)","UST","False","Spillage",375,"4304",,"","207",6950
2001.668,"C",KM,7/20/2001,1/16/2002,True,"ATP - Leo Erz Hardware & Implement","Nick Nehl","NE at Highway 12 and Main",Watauga,57660,Corson,45.9219933,-101.542114,,,,"","0.00","","Petroleum                                         ","0.00000",,"Petroleum","ATP","Commercial","UST","True","Spillage",677,"4611",,"","207",6951
2001.669,"C",KM,7/19/2001,1/16/2002,True,"ATP - Turner Service","Joe Draper","NW at Hwy 12 and  2nd Avenue E",Watauga,57660,Corson,45.92154,-101.539886,,,,"","0.00","","Petroleum                                         ","0.00000",,"Petroleum","ATP","Commercial","UST","True","Spillage",614,"4544",,"","207",6952
2001.708,"NFA",KH,7/10/2001,8/29/2003,True,"ATP - McIntosh / Waynes Standard","Wayne Sauer","100 North Main Street  (SE at Main & Hwy 12)",McIntosh,57641,Corson,45.9252052,-101.3512,,,,"","0.00","","Petroleum                                         ","0.00000",,"Petroleum","ATP","Commercial","UST","True","Overfills/Spillage",615,"4545",,"","236,246",6991
2001.709,"NFA",KM,8/13/2001,1/17/2003,True,"ATP - Vilhauer Farm","Harvey Vilhauer","1 mile S of Hwy 12 on W side of Hwy 65",McIntosh,57641,Corson,45.91196,-101.328911,,,,"","0.00","","Petroleum                                         ","0.00000",,"Petroleum","ATP","Agricultural","UST","False","Leaks and Spills",1856,"5814",,"","217",6992
2001.710,"NFA",KM,7/2/2001,2/20/2003,True,"ATP - Klaudt Oil Company","Timothy Leins, McIntosh-Watauga Equity","North of Elevator, South side of Town",McIntosh,57641,Corson,45.919857,-101.34761,,,,"","0.00","","Petroleum                                         ","0.00000",,"Petroleum","ATP","Commercial","UST","True","Corrosion",299,"4240",,"","217",6993
2001.711,"NFA",KM,8/8/2001,3/7/2003,True,"ATP - Gannon Farm","Vivian Gannon","10423 234th Avenue",McIntosh,57641,Corson,45.8855629,-101.432892,,,,"","0.00","","Petroleum                                         ","0.00000",,"Petroleum","ATP","Agricultural","UST","False","Corrosion",784,"4726",,"","217",6994
2001.712,"NFA",KM,8/16/2001,1/17/2003,True,"ATP - Walter Banek Property","Renato Procida","SE corner of 63 & 12",McLaughlin,57642,Corson,45.8152542,-100.809959,,,,"","0.00","","Waste oil                                         ","0.00000",,"Petroleum","ATP","Residential","UST","True","Leaks and Spills",613,"4543",,"","217",6995
2001.713,"NFA",KM,8/20/2001,1/17/2003,True,"ATP - Schott Farm Site #1","Wallace Schott","SE at Hwy 63 & 112 Street",McLaughlin,57642,Corson,45.7743568,-100.808739,,,,"","0.00","","Petroleum                                         ","0.00000",,"Petroleum","ATP","Agricultural","UST","False","Spillage",1665,"5610",,"","217",6996
2001.714,"NFA",KH,8/15/2001,4/17/2003,True,"ATP - Klaudt Farm","Deloris Sieck","251 Avenue",Walker,57659,Corson,45.8576546,-101.098206,,,,"","0.00","","Petroleum                                         ","0.00000",,"Petroleum","ATP","Agricultural","UST","False","Leakage",643,"4576",,"","217",6997
2002.084,"NFA",TF,6/20/2002,12/16/2009,True,"Cenex Bulk Site - Assessment","Cenex Farmers Union - (SD Wheat Growers also)","Near Junction of US Highway 12 & SD Highway 63",McLaughlin,57642,Corson,45.8171425,-100.813896,,,,"","0.00","","Petroleum                                         ","0.00000",,"Petroleum","Other(See Case File)","Commercial","AST","True","Leakage",,"6429",,"","271",7365
2002.189,"C",KM,5/30/2002,10/23/2002,True,"ATP - Dietterle Property","Lorraine Dietterle","12973 207th Avenue",Meadow,57644,Corson,45.5187378,-101.967506,,,,"","0.00","","Petroleum                                         ","0.00000",,"Petroleum","ATP","Agricultural","UST","False","Spillage",2061,"6007",,"","219",7470
2002.234,"C",KM,9/9/2002,10/31/2002,True,"ATP - Clark Ranch","Charles Clark","21117 117th Street",Keldron,57634,Corson,45.70422,-101.828171,,,,"","0.00","","Petroleum                                         ","0.00000",,"Petroleum","ATP","Agricultural","UST","False","Spillage",1980,"5919",,"","217",7515
2003.168,"NFA",KM,10/1/2003,9/7/2007,True,"Former Fritz Oil - Assessment","(BNSF) Burlington Northern Santa Fe Railroad","SW Corner of Railway Street & 2nd Ave. West",McIntosh,57641,Corson,45.9184036,-101.3514,23N,22E,35,"","0.27","","petroleum                                         ","0.00000",,"Petroleum","Other(See Case File)","Industrial","AST","False","Leakage",,"null",,"","255",7815
2004.209,"C",GH,12/22/2004,1/25/2007,True,"Tank Removal - Former Little Eagle Bus Barn - Fed. Id # R404003","Bureau of Indian Affairs","900' E of Hwy 63 @ S end of Little Eagle",Little Eagle,57359,Corson,45.6740532,-100.80558,,,,"","0.00","","Diesel                                            ","0.00000",,"Petroleum","Other(See Case File)","Other(See Case File)","UST","True","Leakage",,"null",,"","249",8094
2005.118,"C",TF,6/21/2005,6/21/2005,True,"City of McLaughlin - UST Removal","City of McLaughlin","SW at 1st and Main, mid block, west side",McLaughlin,57642,Corson,45.8140259,-100.810867,,,,"","0.00","","Heating Fuel                                      ","25.00000",Gal,"Petroleum","Other(See Case File)","Public","UST","False","Damage",,"6990",,"","239",10278
2005.253,"C",BM,12/20/2005,1/31/2006,True,"Fire Event - McIntosh Chemical Storage","Corson County","108 1st Street East",McIntosh,57641,Corson,45.92096,-101.3459,,,,"","0.00","","Grain Bait                                        ","800.00000",lbs,"Chemical","Other(See Case File)","Other(See Case File)","Bulk Chemical","False","Fire Event",,"null",,"","244",10420
2008.088,"NFA",RL,5/16/2008,8/15/2008,True,"Trailer Tank Overfill - Temporary Asphalt Batch Plant","Circle G Trucking","Hepper Pit (1W, 8N, 5E of Mobridge)",Wakpala,57658,Corson,45.6135254,-100.439438,19N,30E,16,"W","0.00","","Fuel Oil #6                                       ","750.00000",gallons,"Petroleum","Other(See Case File)","Other(See Case File)","Portable Tank","False","Overfill",,"null",,"","258",11172
2009.153,"NFA",TF,10/22/2009,12/1/2009,True,"ATP - SD DOT McIntosh","SD Department of Transportation (SD DOT)","106 North Hwy 12",McIntosh,57641,Corson,45.92681,-101.349922,,,,"","0.00","","Diesel                                            ","0.00000",,"Petroleum","ATP","Public","UST","True","Leakage",3095,"7349",,"","270",11525
2009.158,"C",BM,10/28/2009,2/24/2010,True,"Transport Spill","Williams Trucking","Hwy 12 MM 118",Watauga,57641,Corson,45.92819,-101.624046,,,,"","0.00","","antimony trioxide                                 ","10.00000",lbs,"Chemical","Other(See Case File)","Other(See Case File)","Containers","False","Transport Accident",,"null",,"","273",11531
2012.131,"C",TF,7/2/2012,12/31/2012,True,"ATP - McIntosh School","McIntosh School District","135 Main Street",McIntosh,57641,Corson,45.9239655,-101.351257,,,,"","0.00","","Fuel Oil                                          ","0.00000",,"Petroleum","ATP","Public","UST","False","Leakage",3244,"7705",,"","288A",12393
2013.183,"C",KN,8/14/2013,9/10/2013,True,"Wheat Growers McLaughlin - Damaged Transformer","AGE Corp/ Wheat Growers McLaughlin","109 Elevator Rd",McLaughlin,57642,Corson,45.8167839,-100.811546,,,,"","0.00","","Mineral Oil                                       ","0.00000",,"Oil","Other(See Case File)","Commercial","Transformer","False","Damage",,"null",,"","295",12755
2013.220,"NFA",TF,10/1/2013,1/31/2014,True,"ATP - Schmeichel Property","Willard Schmeichel","10770 SD Hwy 63",McLaughlin,57692,Corson,45.83342,-100.81012,,,,"","0.00","","Gasoline                                          ","0.00000",,"Petroleum","ATP","Commercial","UST","True","Leakage",3309,"7807",,"","296",12795
2013.230,"C",TF,10/9/2013,1/17/2014,True,"ATP - McLaughlin School","McLaughlin School District","601 South Main Street",McLaughlin,57642,Corson,45.8093,-100.811607,,,,"","0.00","","Fuel Oil                                          ","0.00000",,"Petroleum","ATP","Other(See Case File)","UST","False","Spillage",3290,"7790",,"","295",12811
2015.164,"C",TF ,8/24/2015,8/26/2015,True,"ATP - Oak Creek Irrigation","Bragan LLC","Rural Corson County at Lake Oahe",Wakpala,57658,Corson,45.6005859,-100.454933,,,,"null","null","null","Diesel                                            ","null",,"Petroleum","ATP","Other(See Case File)","UST","True","Leakage",3501,"8119",,"null","301",13457
2016.054,"C",KN ,3/31/2016,7/27/2016,True,"Complaint - Pfeiffer Farm","Steve Pfeiffer","27241  108th  Street",McLaughlin,57642,Corson,45.8318825,-100.646469,,,,"null","null","null","Petroleum & Fertilizer      ","null",,"Combined(See Case File)","Other(See Case File)","Other(See Case File)","AST","False","Handling",,"null",,"null","null",13639
2016.057,"NFA",KM ,4/4/2016,7/18/2016,True,"EPA Investigation - Rozol Bait Kill - Meyer Ranch","David Meyer","Rural Grazing Land",McLaughlin,57642,Corson,45.9281044,-100.821793,,,,"null","null","null","Rozol Prairie Dog Bait","39600.00000",pounds,"Chemical","Other(See Case File)","Agricultural","Gopher Bait","False","Handling",,"null",,"null","null",13642
2016.178,"NFA",TK ,9/28/2016,8/1/2017,True,"Tank  Leak - South Dakota Wheat Growers","South Dakota Wheat Growers","109 Railroad Avenue",McLaughlin,57642,Corson,45.819313,-100.819977,,,,"null","null","null","Fertilizer 10-34-0                                ","2000.00000",gal,"Agri Chem","Other(See Case File)","Industrial","AST","False","Equipment Failure",,"null",,"null","null",13779
2016.189,"C",KN ,10/14/2016,11/17/2016,True,"Diesel Spill - Wheat Growers","Wheat Growers","109 Elevator Road",McLaughlin,57642,Corson,45.8202362,-100.812927,,,,"null","null","null","Diesel ","150.00000",Gallons,"Petroleum","Other(See Case File)","Commercial","Equipment","False","Operator Error",,"null",,"null","null",13790
2017.037,"C",KN ,4/3/2017,4/21/2017,True,"BNSF CO2 Release","Burlington Northern Santa Fe BNSF","Rail",Morristown,57645,Corson,45.9365578,-101.712219,,,,"null","null","null","Carbon Dioxide","null",,"Other","Federal","Other(See Case File)","Railcar","False","Damage",,"null",,"null","null",13955
2017.145,"C",TF ,8/8/2017,8/24/2017,True,"ATP - McIntosh DOT Maintenance Shop","SD Department of Transportation","106 US Hwy 12",McIntosh,57641,Corson,45.9265976,-101.3506,,,,"null","null","null","Waste Oil                                         ","null",,"Oil","ATP","Other(See Case File)","UST","True","Spillage",3568,"8256",,"null","null",14083
2022.219,"O",TK ,9/15/2022,,True,"Spill on SD 1806","Unknown","Between MRM 360.295 and 360.409 ",Mobridge,57601,Corson,45.52164,-100.498672,,,,"null","null","null","Unknown                        ","null",,"Unknown(See Case File)","Other(See Case File)","Agricultural","Unknown(See Case File)","False","Unknown",,"null",,"null","null",15383
9999.028,"W",,,,True,"Withdrawn ATP - Burke Implement","Jerome Giles","South end of Main",McIntosh,57641,Corson,45.91967,-101.348579,,,,"","0.00","","                                                  ","0.00000",,"Other(See Case File)","Withdrawn ATP","Commercial","Other(See Case File)","False","null",515,"6014",,"","249",10683
9999.092,"W",,,,True,"Withdrawn ATP - Bachmeier Property","Don Bachmeier","Corner of 3rd St E and 1 Ave E",McIntosh,57641,Corson,45.92279,-101.348495,,,,"","0.00","","                                                  ","0.00000",,"Other(See Case File)","Withdrawn ATP","Other(See Case File)","Other(See Case File)","False","null",1356,"5289",,"","249",10750
9999.249,"W",,,,True,"Withdrawn ATP - Smee School","John Flyinghorse","101 Main Street",Wakpala,57658,Corson,45.6554947,-100.535843,,,,"null","null","null","null","null",,"Other(See Case File)","Withdrawn ATP","Other(See Case File)","UST","False","null",3457,"8056",,"null","300",13356
90028.000,"C",LB,11/19/1990,11/19/1990,True,"Department of Transportation (SD DOT)","SD Dept of Transportation (SD DOT)","Maintenance Facility, 106 North Hwy 12",McIntosh,57641,Corson,45.92666,-101.34977,,,,"","0.00","","                                                  ","0.00000",,"Other(See Case File)","Clean Site","Public","UST","True","No Release",,"null",,"","",8263
97015.000,"C",RC,7/14/1997,7/25/1997,True,"U.S. West Radio Repeater Facility","U.S. West","5 miles South on 63",McLaughlin,57642,Corson,45.7453957,-100.813095,,,,"","0.00","","                                                  ","0.00000",,"Other(See Case File)","Clean Site","Other(See Case File)","UST","True","No Release",,"3225",,"","",8643
98068.000,"C",CH,12/24/1998,2/2/1999,True,"Bullhead Trading Post","Gene Goetz - Bullhead Trading Post","Bullhead Trading Post",Bullhead,57621,Corson,45.76816,-101.079422,21N,25E,19,"NW","0.00","","                                                  ","0.00000",,"Other(See Case File)","Clean Site","Commercial","UST","True","No Release",,"3608",,"","",8731
2001604.000,"C",KM,8/8/2001,1/16/2002,True,"Clean ATP - Marvin Kling Property","Marvin Kling","10302 207th Avenue",Thunder Hawk,57638,Corson,45.90467,-101.968536,,,,"","0.00","","                                                  ","0.00000",,"Other(See Case File)","ATP","Agricultural","UST","False","No Release",1696,"5650",,"","",9468
2001605.000,"C",KM,8/6/2001,1/16/2002,True,"Clean ATP - Deans Property","Harold & Marie Deans","21155 US Highway 12",Keldron,57634,Corson,45.9307747,-101.792343,,,,"","0.00","","                                                  ","0.00000",,"Other(See Case File)","ATP","Agricultural","UST","False","No Release",1578,"5523",,"","",9469
2001606.000,"C",KM,8/7/2001,1/16/2002,True,"Clean ATP - Wanstedt Farm","Mike Beer","10779 212th Avenue",Keldron,57634,Corson,45.8062325,-101.783707,,,,"","0.00","","                                                  ","0.00000",,"Other(See Case File)","ATP","Agricultural","UST","False","No Release",1731,"5689",,"","",9470
2001607.000,"C",KM,8/7/2001,1/16/2002,True,"Clean ATP - Kane Farm","John Kane","10491 215th Avenue",Keldron,57634,Corson,45.9319763,-101.807823,,,,"","0.00","","                                                  ","0.00000",,"Other(See Case File)","ATP","Agricultural","UST","False","No Release",694,"4634",,"","204",9471
2001608.000,"C",KM,8/20/2001,1/16/2002,True,"Clean ATP - Schott Farm Site #2","Wallace Schott","3mi S McLaughlin on Hwy 63 2mi W on Bullhea",McLaughlin,57642,Corson,45.7606621,-100.851692,,,,"","0.00","","                                                  ","0.00000",,"Other(See Case File)","ATP","Agricultural","UST","False","No Release",1666,"5611",,"","220",9472
2001609.000,"C",KM,8/17/2001,1/16/2002,True,"Clean ATP - Schanzy's Trucking","Melvin Schanzenbach","310 First Street East",McLaughlin,57642,Corson,45.81271,-100.808533,,,,"","0.00","","                                                  ","0.00000",,"Other(See Case File)","ATP","Commercial","UST","True","No Release",746,"4685",,"","204",9473
2001610.000,"C",KM,8/20/2001,1/16/2002,True,"Clean ATP - Knudson Ranch","Wilburn Powell","Knudson Ranch",McLaughlin,57642,Corson,45.811882,-100.831268,,,,"","0.00","","                                                  ","0.00000",,"Other(See Case File)","ATP","Agricultural","UST","False","No Release",1286,"5204",,"","",9474
2002148.000,"C",KM,10/3/2002,11/4/2002,True,"Clean ATP - Smee School District #15-3","Smee School District #15-3","101 Main Street",Wakpala,57658,Corson,45.65554,-100.535606,,,,"","0.00","","                                                  ","0.00000",,"Other(See Case File)","ATP","Public","UST","False","No Release",1425,"8056",,"","220",10011
2002302.000,"C",KM,4/15/2003,7/28/2003,True,"Clean ATP - Bieber Farm - Site #1","Richard Bieber","263 Avenue",Trail City,57657,Corson,45.52696,-100.854965,18,26,13,"NE","0.00","","                                                  ","0.00000",,"Other(See Case File)","ATP","Agricultural","UST","False","No Release",2681,"6625",,"","220",10159
2002303.000,"C",KM,4/15/2003,7/28/2003,True,"Clean ATP - Bieber Farm - Site #2","Richard Bieber","127th Street",Trail City,57657,Corson,45.5613022,-100.844307,19,27,31,"SE","0.00","","                                                  ","0.00000",,"Other(See Case File)","ATP","Agricultural","UST","False","No Release",2707,"6661",,"","220",10160
2009026.000,"C",TF,12/2/2009,12/4/2009,True,"Clean ATP - Ulmer Station","Dean Ulmer","Hwy 12 & Rattle Snake Butte Road",McLaughlin,57642,Corson,45.70385,-100.670082,,,,"","0.00","","                                                  ","0.00000",,"Other(See Case File)","ATP","Commercial","UST","True","No Release",3103,"7376",,"","270",11571
2009028.000,"C",TF,12/2/2009,12/4/2009,True,"Clean ATP -  Bosch's Station","Gladys Hawk","South Main Street",Wakpala,57658,Corson,45.660717,-100.533821,,,,"","0.00","","                                                  ","0.00000",,"Other(See Case File)","ATP","Commercial","UST","True","No Release",3104,"7375",,"","270",11573
2014025.000,"C",TF ,12/1/2014,2/27/2015,True,"Clean ATP - Schmeichel Property","Coby Schmeichel","407 1st  Avenue East",McLaughlin,57642,Corson,45.81193,-100.809708,,,,"null","null","null","null","null",,"Other(See Case File)","ATP","Residential","UST","False","No Release",3438,"8008",,"null","298",13203
2020024.000,"C",KF ,11/16/2020,2/16/2021,True,"Clean ATP - McIntosh DOT","South Dakota Department of Transportation","106 US Hwy 12 North",McIntosh,57641,Corson,45.92658,-101.350082,,,,"null","null","null","null","null",,"Petroleum","ATP","Other(See Case File)","UST","True","No Release",3680,"8489",,"null","null",14890