id,status,r1,date_rep,date_close,image,site_name,resp_party,street,city,zip_code,county,latitude,longitude,township,range,section,secq1,acreage,instctrls,material,amount,units,spill_cat,site_type,proptype,sor_type,regulated,cause_type,atp_no,prcfnumber,ag_no,solidwaste,microroll,siteid
87.113,"C",KM,7/7/1987,11/14/1991,True,"CERCLIS  - Cheyenne River Sioux Reservation - Drums","Cheyenne River Sioux Tribe","Eagle Butte",Eagle Butte,57625,Dewey,45.00685,-101.234253,,,,"","0.00","","Pesticide                                         ","1155.00000",gallons,"Agri Chem","CERCLIS","Other(See Case File)","Drums","False","Corrosion",,"null",,"","234",578
88.201,"C",KM,11/1/1988,2/2/1993,True,"Propane Release","Cheyenne River Sioux Tribe","Atmospheric Release",Eagle Butte,57625,Dewey,44.998,-101.237686,,,,"","0.00","","Propane                                           ","0.00000",,"Other(See Case File)","Other(See Case File)","Other(See Case File)","AST","False","Venting",,"null",,"","234",803
89.062,"C",DP,9/21/1988,6/30/2000,True,"Department of Transportation (SD DOT) - Tank Removal","SD Department of Transportation (SD DOT)","Maintenance Shop",Eagle Butte,57625,Dewey,45.00888,-101.278374,,,,"","0.00","","Fuel Oil                                          ","0.00000",,"Petroleum","Other(See Case File)","Public","UST","False","Corrosion",,"null",,"","",952
89.207,"NFA",TF,8/23/1989,7/2/2002,True,"Dave's Phillips 66 Service Station - Tank Replacements","Rocky Peterson","SW at N Main and Kansas St",Isabel,57633,Dewey,45.39301,-101.430168,,,,"","0.00","","Petroleum                                         ","0.00000",,"Petroleum","Other(See Case File)","Commercial","UST","True","Leakage",,"163",,"","194",1095
90.480,"C",GH,10/4/1990,4/8/1991,True,"Timber Lake Service - Line Leak","Montie Kraft","Main",Timber Lake,57656,Dewey,45.4302,-101.073471,17N,25,17,"","0.00","","Petroleum                                         ","0.00000",,"Petroleum","Other(See Case File)","Commercial","UST","True","Line Leak",,"1159",,"","",1715
90.494,"C",TK,10/10/1990,6/20/1991,True,"SD DOT - Isabel - Line Leaks","SD  Department of Transportation  (SD DOT)","Shop",Isabel,57633,Dewey,45.38817,-101.430183,,,,"","0.00","","Petroleum                                         ","0.00000",,"Petroleum","Other(See Case File)","Public","UST","True","Line Leak",,"1174",,"","",1729
90.546,"NFA",GH,10/26/1990,1/9/2002,True,"SD Department of Transportation (SD DOT) - Tank Removals","SD Department of Transportation  (SD DOT)","Former DOT Shop @ Main Street",Eagle Butte,57625,Dewey,44.99473,-101.234138,,,,"","0.00","","Petroleum                                         ","0.00000",,"Petroleum","Other(See Case File)","Public","UST","True","Leaks and Spills",,"2393",,"","",1781
91.146,"NFA",KF,4/19/1991,4/23/2020,True,"Timber Lake Service","Monroe Kraft","NE at 9th & E Street",Timber Lake,57656,Dewey,45.4305153,-101.07621,,,,"","0.00","","Gasoline                                          ","0.00000",,"Petroleum","Lust Trust","Commercial","UST & AST","True","Leakage",,"1450",,"","",2036
91.147,"C",MV,4/19/1991,2/2/1993,True,"Timber Lake Service","Monroe Kraft","Main & 9th",Timber Lake,57656,Dewey,45.43011,-101.074127,,,,"","0.00","","Gasoline                                          ","0.00000",,"Petroleum","Other(See Case File)","Commercial","UST","True","Corrosion",,"1451",,"","",2037
91.478,"C",KM,8/19/1991,4/30/1992,True,"Petroleum Impacted Right-of-Way","Lawrence Lesmeister","Highway 212",Eagle Butte,57625,Dewey,45.0082664,-101.234566,,,,"","0.00","","                                                  ","0.00000",,"Petroleum","Other(See Case File)","Commercial","AST","False","Leakage",,"1797",,"","",2368
91.479,"M",MSB,8/19/1991,,True,"Larry's Standard - Amoco","Lawrence Lesmeister","Highway 212 & Main",Eagle Butte,57625,Dewey,45.00832,-101.2348,12N,2,8,"SW","0.00","","Petroleum                                         ","0.00000",,"Petroleum","Other(See Case File)","Commercial","UST","True","Leakage",,"1798",,"","",2369
91.487,"C",DM,9/19/1991,1/11/1995,True,"Miller Oil Company","Miller Oil Company","N Side of Highway 212",Eagle Butte,57625,Dewey,45.0083046,-101.232887,,,,"","0.00","","Petroleum                                         ","0.00000",,"Petroleum","Other(See Case File)","Commercial","UST","True","No Release",,"1675",,"","",2377
91.512,"C",TF,11/12/1991,5/22/2002,True,"Dave's 66 Service Station  (see 89.207)","David Doan","SW corner of Main & Kansas",Isabel,57633,Dewey,45.393074,-101.430191,,,,"","0.00","","Diesel                                            ","160.00000",gallons,"Petroleum","Other(See Case File)","Commercial","UST","False","Handling",,"1831",,"","237",2402
91.658,"C",MV,12/19/1991,12/20/1991,True,"SD DOT (see 90.494) - Line Leaks","SD Department of Transportation (SD DOT)","Shop, Hwy 20, S of Isabel",Isabel,57633,Dewey,45.3882942,-101.430191,,,,"","0.00","","petroleum                                         ","0.00000",,"Petroleum","Other(See Case File)","Public","UST","True","Line Leak",,"null",,"","210",2548
92.072,"C",RC,3/11/1992,10/7/1992,True,"Department of Transportation  (SD DOT) former Isabel Mine","SD Department of Transportation (SD DOT)","Hwy 65, 1.7 m S of Hwy 20 intersection",Isabel,57633,Dewey,45.3619843,-101.485954,16N,22E,7,"SW","0.00","","Diesel                                            ","0.00000",,"Petroleum","Other(See Case File)","Public","UST","True","Corrosion",,"null",,"","210",2662
92.191,"C",TK,6/1/1992,7/29/1993,True,"Gross Flying Service - West  River Aerial","Terry Gross","Timber Lake Airport",Timber Lake,57656,Dewey,45.4093323,-101.08197,17N,25,30,"NE","0.00","","2,4-D                                             ","200.00000",,"Agri Chem","Other(See Case File)","Other(See Case File)","Aircraft Tanks","False","Accident",,"null",,"","",2781
92.276,"C",KM,8/12/1992,9/8/1992,True,"Lantry Oil UST Failure - EPA Oversight  (see 93.271)","Ralph Reede","Highway 212",Lantry,57636,Dewey,45.0175934,-101.42778,42N,22,10,"","0.00","","Diesel                                            ","0.00000",,"Petroleum","Other(See Case File)","Commercial","UST","False","Tank Failure",,"2224",,"","",2866
93.271,"NFA",NS,6/20/1993,6/1/2015,True,"Ralph Reede Store / Lantry Oil LUST Site (also 92.276)","Ralph Reede","Highway 212",Lantry,57636,Dewey,45.0176926,-101.428268,,,,"","0.00","","Diesel                                            ","0.00000",,"Petroleum","Lust Trust","Other(See Case File)","UST","True","Corrosion",,"2532",,"","300",3286
94.201,"C",TK,5/31/1994,7/22/1994,True,"West River Aviation Accident","West River Aerial","17 E of Town",Eagle Butte,57625,Dewey,45.0305367,-100.904121,12N,26E,1,"","0.00","","Ally, 2,4-D                                       ","0.00000",,"Agri Chem","Other(See Case File)","Agricultural","Aircraft Tanks","False","Accident",,"null",,"","",3736
94.318,"O",AF,4/29/1994,,True,"DOD/FUD Armstrong County Air-to-Air Gunnery Range #b08sd0819","U.S. Army Corps of Engineers - Missouri River Division","Air to Air Gunnery Range",Eagle Butte,57625,Dewey,44.9353142,-100.798958,,,,"","0.00","",".45-.70 cal rds, 20 mm rds                        ","0.00000",,"Chemical","Federal","Agricultural","Munitions","False","Handling",,"null",,"","",3853
95.227,"O",TF ,8/23/1995,,True,"Former Implement Dealer - LUST Trust","Clay Johnson","East side of Main between Idaho & Kansas",Isabel,57633,Dewey,45.39373,-101.429741,17N,22E,32,"","0.00","","Petroleum                                         ","0.00000",,"Petroleum","Lust Trust","Commercial","UST","True","Leakage",,"2935",,"","",4178
95.228,"NFA",JPA,8/23/1995,11/6/2009,True,"Locken Oil , Conoco Store - Tank Replacements","Harold Locken","NE @ Idaho Street & North Main",Isabel,57633,Dewey,45.39446,-101.429558,,,,"","0.00","","Petroleum                                         ","0.00000",,"Petroleum","Other(See Case File)","Commercial","UST","True","Leaks and Spills",,"2926",,"","268,269",4179
95.229,"C",TK,8/23/1995,2/25/1996,True,"Old Super Value Store - Tank Removal","Stella Lindskov","Main Street - SD Highways 20 and 65",Isabel,57633,Dewey,45.3933563,-101.429611,,,,"","0.00","","Gasoline                                          ","0.00000",,"Petroleum","Other(See Case File)","Commercial","UST","True","Spillage",,"2920",,"","232",4180
95.317,"C",TK,11/21/1995,3/3/1997,True,"Department of Transportation (SD DOT)","SD Department of Transportation (SD DOT)","Highway 212",Eagle Butte,57625,Dewey,45.0087852,-101.278076,,,,"","0.00","","Road oil                                          ","50.00000",gallons,"Oil","Other(See Case File)","Other(See Case File)","Transport Truck","False","Transport Accident",,"null",,"","",4268
95.356,"NFA",KH,10/23/1995,5/26/2005,True,"UST in Hwy right-of-way (near Linskov Implement)","Unknown","NW at Dakota and Main",Isabel,57633,Dewey,45.3922729,-101.429932,,,,"","0.00","","Gasoline                                          ","0.00000",,"Petroleum","Lust Trust","Commercial","UST","True","Corrosion",,"2927",,"","239",4307
96.124,"NFA",JN,5/7/1996,5/11/2005,True,"D & D Oil - Tank Replacements","D & D Oil Company","404 North Main",Isabel,57633,Dewey,45.39534,-101.430222,,,,"","0.00","","Petroleum                                         ","0.00000",,"Petroleum","Other(See Case File)","Commercial","UST","True","Leakage",,"2995",,"","239",4434
96.127,"NFA",SH,5/8/1996,5/16/2013,True,"Herman's Service - Tank System Replacement","Bob Herman","North Main Street  (NW at 10th & Main)",Timber Lake,57656,Dewey,45.4315,-101.074371,17N,24,17,"SW","0.00","","Petroleum                                         ","0.00000",,"Petroleum","Other(See Case File)","Commercial","UST","True","Leakage",,"3037",,"","290",4437
96.303,"C",TK,10/22/1996,2/14/1997,True,"Spill on Highway 212","Ostlund Chemical","Highway 212 - 5 miles East of Eagle Butte",Eagle Butte,57625,Dewey,45.0213242,-101.134392,,,,"","0.00","","Roundup RT                                        ","50.00000",gallons,"Agri Chem","Other(See Case File)","Other(See Case File)","Tote","False","Leakage",,"null",,"","",4613
98.206,"C",KM,8/12/1998,8/14/1998,True,"Northwestern Bell Relay Site","Northwestern Bell","Highway 20",Firesteel,57633,Dewey,45.4283676,-101.288414,,,,"","0.00","","diesel fuel                                       ","30.00000",gallons,"Petroleum","Other(See Case File)","Other(See Case File)","Equipment","False","Equipment Failure",,"null",,"","231",5314
98.337,"NFA",MRM,11/10/1998,6/6/2005,True,"Promise Day School (abandoned) - EPA #R4020011","Bureau of Indian Affairs","West of Bia 8 (Bldg 2304)",Promise,57661,Dewey,45.32981,-100.61248,16N,29E,20,"SW","0.00","","Gasoline                                          ","0.00000",,"Petroleum","Federal","Other(See Case File)","UST","True","Leakage",,"3641",,"","239,243",5445
99.034,"C",JL,2/2/1999,12/26/2001,True,"SD DOT Maintenance Shop - Tank Removal","SD Department of Transportation (SD DOT)","Highway 20",Isabel,57633,Dewey,45.38826,-101.430328,17N,22E,32,"SE","0.00","","Heating Fuel                                      ","0.00000",,"Petroleum","Other(See Case File)","Public","UST","False","Spillage",,"3693",,"","215",5581
99.090,"NFA",DM,3/23/1999,5/20/2013,True,"Whitehorse School - Federal Id # R4020037","Bureau of Indian Affairs","Whitehorse Road / BIA 3 (Bldg 321)",Whitehorse,57661,Dewey,45.2714,-100.886009,15N,26E,12,"SW","0.00","","Diesel, Gasoline                                  ","0.00000",,"Petroleum","Federal","Residential","UST","True","Spillage",,"3715",,"","290",5637
99.091,"NFA",KF,3/23/1999,12/19/2018,True,"Eagle Butte Road Shop- Federal Id # R4020003","Bureau of Indian Affairs","Willow/D Street (Bldg 2011)",Eagle Butte,57625,Dewey,45.0043678,-101.238396,12N,24E,17,"NW","0.00","","Diesel, Gasoline                                  ","0.00000",,"Petroleum","Federal","Residential","UST","True","Leakage",,"3713",,"","",5638
99.109,"NFA",KF,3/23/1999,1/29/2016,True,"Swiftbird School - Federal Id # R4020007","Bureau of Indian Affairs","Swiftbird School (Bldg 2202)",La Plant,57652,Dewey,45.08385,-100.425331,,,,"","0.00","","gasoline                                          ","0.00000",,"Petroleum","Federal","Other(See Case File)","UST","True","Leakage",,"3716",,"","302",5656
99.205,"C",LAS,7/6/1999,12/17/2002,True,"West River Aerial - Aviation Accident","West River Aerial","1 mile South of Timber Lake",Timber Lake,57656,Dewey,45.4082146,-101.071732,17,25,29,"","0.00","","fertilizer                                        ","270.00000",,"Agri Chem","Other(See Case File)","Agricultural","Aircraft Tanks","False","Accident",,"null",,"","216",5752
99.256,"NFA",GH,9/2/1999,11/16/2007,True,"Former Pit Stop - Tank Removals","Richard Zacher","312 Main Street",Eagle Butte,57625,Dewey,44.9981232,-101.234566,12N,24E,,"","0.00","","Gasoline                                          ","0.00000",,"Petroleum","Other(See Case File)","Commercial","UST","True","Leakage",,"3831",,"","255",5803
2000.048,"NFA",GH,3/24/2000,11/25/2003,True,"Former Pete's Service - Tank Removals","Francis Zacher","223 Main Street  (SW at Main & Pioneer )",Eagle Butte,57625,Dewey,44.9978638,-101.235046,,,,"","0.00","","Petroleum                                         ","0.00000",,"Petroleum","Other(See Case File)","Commercial","UST","True","Leakage",,"3910",,"","229",5946
2000.246,"C",TF,8/3/2000,1/24/2002,True,"Former Dave's 66 station  (see 91.512)","Ron Stradinger","SW corner of Main & Kansas Street",Isabel,57633,Dewey,45.3930435,-101.430237,,,,"","0.00","","Petroleum                                         ","0.00000",,"Petroleum","Other(See Case File)","Commercial","UST","True","Leakage",,"4241",,"","237",6144
2001.337,"C",KM,7/17/2001,10/11/2001,True,"ATP - Isabel School","Gerald F. Aberle","410 North Main Street",Isabel,57633,Dewey,45.3967819,-101.428581,,,,"","0.00","","Fuel Oil                                          ","0.00000",,"Petroleum","ATP","Public","UST","False","Spillage",1075,"4789",,"","219",6621
2001.338,"NFA",KM,7/17/2001,10/11/2001,True,"ATP - Former Little Dakota Truck Stop Site","Patrick Schrempp","Hwy 212  West",Eagle Butte,57625,Dewey,45.0073929,-101.24247,12,24,18,"","0.00","","Gasoline, Fuel Oil","0.00000",,"Petroleum","ATP","Commercial","UST","True","Corrosion",1132,"4906",,"","219",6622
2001.341,"C",KM,7/16/2001,10/11/2001,True,"ATP - Ridgeview Store","Donald or Judy Waddel","Hwy 212",Ridgeview,57652,Dewey,45.0877457,-100.800468,13N,27W,15,"SE","0.00","","Petroleum                                         ","0.00000",,"Petroleum","ATP","Commercial","UST","True","Spillage",6,"3965",,"","219",6625
2002.230,"NFA",TF,9/13/2002,6/5/2008,True,"ATP - Megenniss Farm","John C Meginness","3 m S & .5 m W",Isabel,57633,Dewey,45.3549,-101.293205,,,,"","0.00","","Petroleum                                         ","0.00000",,"Petroleum","ATP","Agricultural","UST","False","Leakage",2672,"6613",,"","257",7511
2002.231,"NFA",KH,10/3/2002,5/22/2003,True,"ATP - Peterson Ranch","Rocky Peterson","Highway 20, 1 mile south of Isabel",Isabel,57633,Dewey,45.3850975,-101.433662,,,,"","0.00","","Petroleum                                         ","0.00000",,"Petroleum","ATP","Agricultural","UST","False","Leakage",2419,"6347",,"","217",7512
2002.232,"C",KM,9/10/2002,10/31/2002,True,"ATP - Community Hall Building","Carrie Simpson","SW Corner of Main & Ohio",Isabel,57633,Dewey,45.3946724,-101.430206,,,,"","0.00","","fuel oil                                          ","0.00000",,"Petroleum","ATP","Public","UST","False","Spillage",1804,"5764",,"","219",7513
2002.233,"C",KM,10/3/2002,10/31/2002,True,"ATP - Former LaPlant Post Office","Patrick M. Gray","Lot 4 Main Street",La Plant,57652,Dewey,45.14586,-100.651726,,,,"","0.00","","gasoline                                          ","0.00000",,"Petroleum","ATP","Commercial","UST","True","Spillage",2403,"6332",,"","217",7514
2002.309,"C",KM,9/24/2002,1/10/2003,True,"ATP - Eagle Butte SD DOT Shop","SD Department of Transportation (SD DOT)","1 mile W. on Hwy. 212",Eagle Butte,57625,Dewey,45.0091667,-101.26722,,,,"","0.00","","Waste Oil                                         ","0.00000",,"Oil","ATP","Public","UST","True","Spillage",2634,"6575",,"","217",7590
2004.069,"NFA",TB,5/8/2004,6/8/2005,True,"Anhydrous Ammonia release - Isabel Coop","Isabel Coop, Inc.","S of former RR tracks & SW of elevator",Isabel,57633,Dewey,45.39162,-101.430824,,,,"","0.00","","Anhydrous Ammonia                                 ","700.00000",lb,"Agri Chem","Other(See Case File)","Commercial","AST","False","Open Valve",,"null",,"","239",7954
2005.179,"C",BM,8/30/2005,6/11/2008,True,"Wilder Corporation House - Contaminated Well","Unknown","1/4 mi E of Main St on the S side of 8th St",Timber Lake,57656,Dewey,45.428318,-101.07016,,,,"","0.00","","Diesel                                            ","5.00000",gallons,"Petroleum","Source Water","Residential","Unknown(See Case File)","False","Vandalism",,"null",,"","257",10342
2005.189,"NFA",KH,9/30/2005,1/9/2006,True,"ATP - Sacred Heart Center","Sacred Heart Center","121 Landmark Street",Eagle Butte,57625,Dewey,44.9957466,-101.23262,,,,"","0.00","","Fuel Oil                                          ","0.00000",,"Petroleum","ATP","Other(See Case File)","UST","False","Leakage",2914,"6993",,"","246",10352
2006.043,"NFA",KF,4/11/2006,11/20/2014,True,"Petroleum Contaminated Soils - Holloway Garage","Cheyenne River Sioux Tribe / EPA","SE Corner of Main St & Pioneer Ave",Eagle Butte,57625,Dewey,44.99787,-101.234467,,,,"","0.00","","Diesel                                            ","0.00000",,"Petroleum","Other(See Case File)","Other(See Case File)","AST","True","Leakage",,"null",,"","297",10481
2007.096,"NFA",TF,7/11/2007,1/24/2008,True,"ATP - Automotive Company Inc","Automotive Company Inc","NE Corner of Main & West Dakota",Isabel,57633,Dewey,45.39225,-101.430107,,,,"","0.00","","Gasoline                                          ","0.00000",,"Petroleum","ATP","Commercial","UST","True","Leakage",2981,"7137",,"","255",10941
2007.097,"NFA",TF,7/11/2007,1/4/2008,True,"ATP -  SD DOT Maintenance Shop","SD Department of Transportation (SD DOT)","400 South Main",Isabel,57633,Dewey,45.38833,-101.430336,,,,"","0.00","","Gasoline                                          ","0.00000",,"Petroleum","ATP","Public","UST","True","Leakage",2977,"7059",,"","255",10942
2007.153,"NFA",SH,10/4/2007,4/20/2011,True,"Tank Damage - Aberle Law Offices","Kevea Aberle","Alley @ NE corner of Main & 8th",Timber Lake,57656,Dewey,45.4297028,-101.0734,,,,"","0.00","","heating fuel                                      ","0.00000",,"Petroleum","Other(See Case File)","Commercial","UST","False","Damage",,"7234",,"","278",11000
2009.007,"NFA",KF,1/27/2009,9/26/2017,True,"Assessment - BIA Eagle Butte School","Bureau of Indian Affairs","SW corner of E Street & Main",Eagle Butte,57625,Dewey,45.0020866,-101.235245,,,,"","0.00","","Fuel Oil                                          ","0.00000",,"Petroleum","Federal","Other(See Case File)","UST","False","Leakage",,"7363",,"","",11362
2010.055,"NFA",RL,4/13/2010,6/24/2010,True,"Transport Event","Dahl & Sons",".6 mile S of Hwy 212 on Hwy 63",Eagle Butte,57625,Dewey,44.9997253,-101.278824,12N,23E,14,"SE","0.00","","Diesel                                            ","180.00000",gallons,"Petroleum","Other(See Case File)","Agricultural","Truck Tank","False","Transport Accident",,"null",,"","276",11640
2010.160,"C",BM,8/1/2010,10/4/2010,True,"Overturned Truck","Tim Bollinger","3 Miles W and 2 Miles N  - West ditch",Timber lake,57656,Dewey,45.4583054,-101.141548,,,,"","0.00","","Diesel                                            ","60.00000",gallons,"Petroleum","Other(See Case File)","Other(See Case File)","Truck Tank","False","Transport Accident",,"null",,"","276",11750
2010.243,"NFA",ML,11/3/2010,11/3/2010,True,"CERCLIS - Former Eagle Butte Prosecutors Bldg","Cheyenne River Sioux Tribe","105 Central / Main",Eagle Butte,57625,Dewey,44.9995232,-101.241417,,,,"","0.00","","Asbestos                                          ","0.00000",,"Other(See Case File)","CERCLIS","Other(See Case File)","Construction Materials","False","Past Practices",,"null",,"","279",11853
2012.035,"C",BM,3/1/2012,7/27/2012,True,"Donald Hinton Property - Complaint","Unknown","S. Highway 20",Isabel,57633,Dewey,45.3908577,-101.430283,,,,"","0.00","","Unknown-suspected Ag Chemical                     ","0.00000",,"Agri Chem","Other(See Case File)","Agricultural","Unknown(See Case File)","False","No Release",,"null",,"","287",12185
2014.031,"NFA",KM,2/21/2014,12/11/2019,True,"Tank Removals - Former Hospital","Indian Health Services","317 Main Street",Eagle Butte,57625,Dewey,45.00298,-101.233589,,,,"","0.00","","Petroleum                                         ","0.00000",,"Petroleum","Other(See Case File)","Other(See Case File)","UST","False","Leakage",,"null",,"","296",12953
2014.172,"NFA",KM ,8/7/2014,3/31/2015,True,"Complaint - Tar Disposal  (EPA Investigating)","Unknown","Hwy 212 / Cheyenne River Reservation",Ridgeview,57652,Dewey,45.08616,-100.80265,,,,"","0.00","","Tar                                               ","0.00000",,"Oil","Other(See Case File)","Other(See Case File)","Historical","False","Handling",,"null",,"","297,300",13106
2014.208,"T",,9/18/2014,,True,"CERCLIS - Cheyenne River Asbestos Assessment","Cheyenne River Sioux Tribe","20 Structures - Various locations",Eagle Butte,57625,Dewey,45.00629,-101.233322,,,,"","0.00","","Asbestos                                          ","0.00000",,"Other(See Case File)","CERCLIS","Residential","Past Practices","False","null",,"null",,"","",13143
2014.268,"C",KM ,11/7/2014,12/12/2014,True,"Anhydrous Ammonia Truck accident","Dakota Gassification","Highway 63 & 212",Eagle Butte,57625,Dewey,45.24348,-101.220856,,,,"null","null","null","Anhydrous Ammonia                                 ","0.00000",lbs,"Agri Chem","Other(See Case File)","Public","Transport Trailer","False","No Release",,"null",,"null","298",13225
2016.059,"C",RL ,4/13/2016,5/25/2016,True,"Gasoline Spill - SDDOT Maintenance Yard","Eagle Butte Coop","Hwy 212",Eagle Butte,57625,Dewey,45.008976,-101.267456,,,,"null","null","null","Gasoline                                          ","20.00000",gallons,"Petroleum","Other(See Case File)","Other(See Case File)","Transport Tank","False","Operator Error",,"8197",,"null","null",13644
2018.145,"NFA",JPA,7/30/2018,1/2/2019,True,"Line Leak - Timber Lake Service","Josh Biegler","824 Main Street",Timber Lake,57656,Dewey,45.4300652,-101.073708,,,,"null","null","null","Petroleum                                         ","null",,"Petroleum","Other(See Case File)","Commercial","UST","True","Line Leak",,"8378",,"null","null",14330
2019.167,"C",JAM,9/16/2019,10/12/2019,True,"Asphalt Oil Release - Hot Mix Plant","Anderson Western Inc.","SD- 65",Isabel,57633,Dewey,45.41583,-101.431129,17N,22E,20,"SE","null","null","Asphalt Hot Mix                                   ","100.00000",gallons,"Oil","Other(See Case File)","Agricultural","UST","False","Valve Leak",,"null",,"null","null",14611
2019.174,"O",MSB,9/23/2019,,True,"UST Removal - Eagle Stop","Viktor Dzintars","Highway 212/Main Street",Eagle Butte,57625,Dewey,45.00836,-101.234161,,,,"null","null","null","Gasoline                                          ","null",,"Petroleum","Other(See Case File)","Commercial","UST","True","Leaks and Spills",,"8465",,"null","null",14618
2020.016,"C",BH,3/2/2020,5/11/2020,True,"Missouri River Automobile Submersion","Paul Hyde","Stove Creek South Mouth",Eagle Butte,57625,Dewey,44.9939232,-100.430931,,,,"null","null","null","Automotive Fluids                                 ","5.00000",Gallons,"Other","Surface Water","Other(See Case File)","Truck","False","Operator Error",,"null",,"null","null",14704
2020.057,"C",JAM,5/26/2020,6/26/2020,True,"UST Overfill - Bieglers Timber Lake","Beiglers Timber Lake Service","825 Main Street",Timber Lake,57656,Dewey,45.4299736,-101.073654,,,,"null","null","null","Diesel","70.00000",gallons,"Petroleum","Other(See Case File)","Commercial","UST","True","Overfill",,"null",,"null","null",14748
91021.000,"C",RC,11/27/1991,12/4/1991,True,"Dewey County Highway Department","Dewey County","Hwy 20",Timber Lake,57656,Dewey,45.4331779,-101.078049,,,,"","0.00","","                                                  ","0.00000",,"Other(See Case File)","Clean Site","Public","UST","False","No Release",,"1709",,"","",8309
91044.000,"C",BL,6/13/1991,6/20/1991,True,"Glencross Oil Company","Glencross Oil Company","1st & Main",Glencross,57630,Dewey,45.4490967,-100.920364,,,,"","0.00","","                                                  ","0.00000",,"Other(See Case File)","Clean Site","Commercial","AST","True","No Release",,"null",,"","",8332
95039.000,"C",RC,12/14/1995,1/5/1996,True,"Firesteel Radio Tower","US West","Firesteel Radio Tower",Firesteel,57633,Dewey,45.4283638,-101.288383,,,,"","0.00","","                                                  ","0.00000",,"Other(See Case File)","Clean Site","Other(See Case File)","UST","True","No Release",,"null",,"","",8599
96006.000,"C",JN,1/1/1996,1/1/1996,True,"Locken Oil Bulk Site","Locken Oil - Harold Locken","Near Railway and Main",Isabel,57633,Dewey,45.3918037,-101.4321,,,,"","0.00","","                                                  ","0.00000",,"Other(See Case File)","Clean Site","Commercial","Other(See Case File)","False","No Release",,"null",,"","",8609
2001208.000,"C",KM,6/18/2001,9/25/2001,True,"Clean ATP - Fischer Property","William A. Fischer","321st Avenue",Ridgeview,57455,Dewey,44.91894,-99.7330246,117,74,26,"SW","0.00","","                                                  ","0.00000",,"Other(See Case File)","ATP","Agricultural","UST","False","No Release",1647,"5616",,"","205",9072
2001250.000,"C",KM,7/16/2001,10/4/2001,True,"Clean ATP - Salzer Property","Margaret Salzer","1 Block South of Post Office",Glencross,57630,Dewey,45.4485474,-100.920578,,,,"","0.00","","                                                  ","0.00000",,"Other(See Case File)","ATP","Residential","UST","True","No Release",741,"4680",,"","204",9114
2001251.000,"C",KM,7/16/2001,10/4/2001,True,"Clean ATP - Kraft Farm","Richard Kraft","Hwy 63 / 20",Timber Lake,57656,Dewey,45.47111,-101.036873,17N,25E,3,"N","0.00","","                                                  ","0.00000",,"Other(See Case File)","ATP","Agricultural","UST","False","No Release",378,"4311",,"","204",9115
2002121.000,"C",KM,9/9/2002,10/31/2002,True,"Clean ATP - Herman Hulm","Herman Hulm","26577 134th Street",Trail City,57657,Dewey,45.460186,-100.799217,,,,"","0.00","","                                                  ","0.00000",,"Other(See Case File)","ATP","Agricultural","UST","False","No Release",1769,"5728",,"","220",9984
2005027.000,"C",KM,8/17/2005,8/25/2005,True,"UST Removal - Eagle Butte Jr. High","Cheyenne River Sioux Tribe","Eagle Butte High School",Eagle Butte,57625,Dewey,45.0011024,-101.236717,12N,24E,17,"SE","0.00","","                                                  ","0.00000",,"Other(See Case File)","Clean Site","Other(See Case File)","UST","False","No Release",,"6974",,"","240",10338
2008015.000,"C",TF,11/5/2008,12/22/2008,True,"Clean ATP - Dakota Cheese Plant","Dewey County Conservation District","9th & Old Cheese Plant Road",Timber Lake,57656,Dewey,45.43174,-101.068558,,,,"","0.00","","                                                  ","0.00000",,"Other(See Case File)","ATP","Industrial","UST","False","No Release",3056,"7274",,"","260",11310
2022006.000,"C",MSB,6/8/2022,8/4/2022,True,"Clean ATP - DOT Eagle Butte","SD Department of Transportation","24155 US Highway 212",Eagle Butte,57625,Dewey,45.0089874,-101.267441,,,,"null","null","null","null","null",,"Other(See Case File)","ATP","Other(See Case File)","UST","True","No Release",3757,"8611",,"null","null",15261