id,status,r1,date_rep,date_close,image,site_name,resp_party,street,city,zip_code,county,latitude,longitude,township,range,section,secq1,acreage,instctrls,material,amount,units,spill_cat,site_type,proptype,sor_type,regulated,cause_type,atp_no,prcfnumber,ag_no,solidwaste,microroll,siteid
83.014,"C",KM,3/29/1983,2/16/1993,True,"US Highway 81 - Suspected Wintergreen Release","Unknown","U.S. Highway 81 @ Hutchinson/McCook Co. Line",Dolton,57029,Hutchinson,43.49947,-97.41606,,,,"","0.00","","Methyl Salicylate                                 ","0.00000",,"Chemical","Other(See Case File)","Other(See Case File)","Cargo","False","Leakage",,"null",,"","",119
84.002,"C",KH,1/13/1984,9/22/1995,True,"Petroleum Vapors  (see 90.420)","Farmers Union Oil","South Main Street",Tripp,57376,Hutchinson,43.2218781,-97.96573,,,,"","0.00","","Gasoline                                          ","2400.00000",gallons,"Petroleum","Other(See Case File)","Commercial","UST","True","Leakage",,"null",,"","",173
84.050,"C",JA,6/17/1984,9/28/1994,True,"Flood Event","Flynn Heer","Farmsite at Furlong Creek near James River",Olivet,57052,Hutchinson,43.25617,-97.63553,98N,57W,31,"SW","0.00","","Pesticide, Insectici                              ","1950.00000",pounds,"Agri Chem","Other(See Case File)","Agricultural","Containers","False","Storm Runoff",,"null",,"","",221
85.014,"C",KM,3/11/1985,6/30/2000,True,"Northern States Power NSP - Storm Event","Northern States Power","1/2 mi. W. of Dolton",Dolton,57319,Hutchinson,43.4894142,-97.41213,100N,56W,12,"SW","0.00","","Transformer Oil                                   ","13.00000",gallons,"Oil","Other(See Case File)","Other(See Case File)","Transformer","False","Damage",,"null",,"","",282
85.046,"C",LB,5/31/1985,6/30/2000,True,"Kleene Aerial Spraying Accident","Kleene Aerial Spraying","Rural Hutchinson County",Freeman,57029,Hutchinson,43.3824768,-97.6076355,99N,57W,20,"NE","0.00","","2,4-D                                             ","40.00000",gallons,"Agri Chem","Other(See Case File)","Agricultural","Aircraft Tanks","False","Accident",,"null",,"","",314
86.078,"C",KM,10/2/1986,6/7/1997,True,"Agland Coop - Residue Complaint","Agland Coop","Fertilizer Mixing Area near RR Tracks",Parkston,57366,Hutchinson,43.39786,-97.98432,,,,"","0.00","","Pesticide                                         ","0.00000",,"Agri Chem","Other(See Case File)","Commercial","Bulk Chemical","False","Handling",,"null",,"","267",443
88.159,"NFA",SB,4/29/1988,12/22/2008,True,"Parkston Food Center - Tank Removals","Bob Van Zee","Hwy. 37 and 44",Parkston,57366,Hutchinson,43.3850937,-97.99515,99N,61W,18,"SW","0.00","","Gasoline                                          ","0.00000",,"Petroleum","Other(See Case File)","Commercial","UST","True","Line Leak",,"7239",,"","259",762
89.297,"C",SB,10/30/1989,3/1/1996,True,"AMPI - Land O Lakes Site - Tank Removal","Associated Milk Products, Inc.","136 E. Railway",Freeman,57029,Hutchinson,43.3531837,-97.43662,99N,56W,35,"","0.00","","Gasoline                                          ","0.00000",,"Petroleum","Other(See Case File)","Commercial","UST","True","Overfills/Spillage",,"83",,"","228",1185
90.106,"C",SB,4/10/1990,1/10/1992,True,"Stern Oil Company - Tanks Replaced","Gillas Stern","Main Avenue",Olivet,57052,Hutchinson,43.240654,-97.67561,,,,"","0.00","","Gasoline                                          ","0.00000",,"Petroleum","Other(See Case File)","Commercial","UST","True","Spillage",,"0572",,"","",1341
90.268,"C",LB,6/28/1990,12/12/1990,True,"Wolf Creek Colony Transport Event","Wolf Creek Colony","Co. #28: 4 mi. North",Olivet,57052,Hutchinson,43.2987823,-97.67821,98N,58W,23,"","0.00","","Petroleum                                         ","15.00000",gallons,"Petroleum","Other(See Case File)","Commercial","Truck Tank","False","Transport Accident",,"null",,"","",1503
90.281,"C",KB,7/6/1990,3/16/1995,True,"Farmers Union Oil Company - Bulk Site","Farmers Union Oil Company","Juniper & Winter",Menno,57045,Hutchinson,43.23663,-97.5824,,,,"","0.00","","Petroleum                                         ","0.00000",,"Petroleum","Other(See Case File)","Commercial","AST","True","Leaks and Spills",,"218",,"","",1516
90.391,"NFA",SH,8/22/1990,3/19/2003,True,"Klaudt Service - Tank System Replacement","Archie Klaudt","110 South 5th",Menno,57045,Hutchinson,43.2407837,-97.57764,,,,"","0.00","","Petroleum                                         ","0.00000",,"Petroleum","Other(See Case File)","Commercial","UST","True","Leaks and Spills",,"1091",,"","226, 228,281",1626
90.398,"C",SB,8/28/1990,7/22/1992,True,"Steffen Convenience Store","Kleo Steffen","NW Corner of 2nd & Euclid (18)",Olivet,57052,Hutchinson,43.2408752,-97.67674,97N,58W,2,"SW","0.00","","Petroleum                                         ","0.00000",,"Petroleum","Other(See Case File)","Commercial","UST","True","Leakage",,"1104",,"","",1633
90.420,"I",JG,9/18/1990,5/15/1996,True,"Farmers Union","Farmers Union Oil - Dennis Wetzel","S. Main St.",Tripp,57376,Hutchinson,43.2218,-97.9657,97N,60,17,"","0.00","","Diesel, Gasoline                                  ","0.00000",,"Petroleum","Other(See Case File)","Commercial","UST","True","Leakage",,"1118",,"","",1655
90.440,"NFA",KH,9/13/1990,11/7/2000,True,"Army National Guard Armory Maintenance Shop - Tank Removal","South Dakota Army National Guard","SDNG Maintenance Shop, Old Hwy 37/ S. Main",Tripp,57376,Hutchinson,43.2171478,-97.96571,,,,"","0.00","","Gasoline Unleaded                                 ","0.00000",,"Petroleum","Federal","Other(See Case File)","UST","True","Leakage",,"1134",,"","",1675
90.454,"C",KM,9/18/1990,12/12/1990,True,"Wolf Creek Colony - Decker","Wolf Creek Colony","42906 Colony Road",Freeman,57029,Hutchinson,43.35129,-97.6208038,99N,57W,32,"","0.00","","Gasoline                                          ","0.00000",,"Petroleum","Other(See Case File)","Other(See Case File)","UST","True","Spillage",,"1142",,"","",1689
90.580,"C",TK,11/16/1990,4/24/1991,True,"Casey's General Store","Casey's General Store","5th & Cherry",Freeman,57029,Hutchinson,43.35038,-97.43475,,,,"","0.00","","Gasoline                                          ","0.00000",,"Petroleum","Other(See Case File)","Commercial","UST","True","Line Leak",,"1251",,"","",1815
91.002,"I2",JN,1/4/1991,1/15/1997,True,"Williams Chevrolet","John Williams","Main Street",Tripp,57376,Hutchinson,43.2264,-97.96589,97N,60W,17,"NW","0.00","","Petroleum                                         ","0.00000",,"Petroleum","Other(See Case File)","Commercial","UST","True","Leakage",,"1308",,"","",1892
91.016,"C",KD,1/10/1991,4/2/1992,True,"Department of Transportation (SD DOT) - Tank Removal","SD Department of Transportation (SD DOT)","Walnut St.",Parkston,57366,Hutchinson,43.39276,-97.98358,99N,60W,18,"NE","0.00","","Gasoline                                          ","0.00000",,"Petroleum","Other(See Case File)","Public","UST","True","Spillage",,"1319",,"","",1906
91.050,"I",NS,2/7/1991,8/22/2000,True,"Agland Coop","Agland Coop","1st & Elm",Parkston,57366,Hutchinson,43.3938522,-97.98623,99N,60W,18,"NW","0.00","","Petroleum                                         ","0.00000",,"Petroleum","Other(See Case File)","Commercial","UST","True","Leakage",,"1378",,"","",1940
91.237,"NFA",JF,6/3/1991,7/22/2003,True,"Tripp Farmers Coop Elevator","Tripp Farmers Coop","Main @ RR tracks",Tripp,57376,Hutchinson,43.2226944,-97.96607,,,,"","0.00","","Fertilizer                                        ","0.00000",,"Agri Chem","Other(See Case File)","Commercial","Bulk Chemical","False","Runoff",,"null",,"","228,230",2127
91.331,"NFA",KH,8/5/1991,11/12/2002,True,"Former Wudel Oil Station ","Jeanette Wudel","Highway 37 & Elm Street",Parkston,57366,Hutchinson,43.3934326,-97.9957,,,,"","0.00","","Gasoline                                          ","0.00000",,"Petroleum","Other(See Case File)","Commercial","UST","True","Leaks and Spills",,"1563",,"","210, 228",2221
91.400,"C",DM,8/29/1991,2/15/1994,True,"U.S. Postal Service - Parkston","U.S. Postal Service","111 1st Street (SW at 1st and Ash)",Parkston,57366,Hutchinson,43.39565,-97.9864044,,,,"","0.00","","Fuel oil                                          ","0.00000",,"Petroleum","Federal","Public","UST","False","Overfills/Spillage",,"1606",,"","",2290
91.414,"C",SH,9/5/1991,2/6/1997,True,"Mammenga Service","Laverne Mammenga","501 East Highway 18",Menno,57045,Hutchinson,43.24069,-97.5716553,,,,"","0.00","","petroleum                                         ","0.00000",,"Petroleum","Other(See Case File)","Commercial","UST","True","Leaks and Spills",,"1617",,"","",2304
91.415,"NFA",SH,9/5/1991,10/29/2003,True,"Former Pfeifle Service Site","Reede Pfeifle","253 East Highway 18",Menno,57045,Hutchinson,43.24116,-97.57615,97N,57W,3,"SW","0.00","","Petroleum                                         ","0.00000",,"Petroleum","Other(See Case File)","Commercial","UST","True","Leakage",,"1618",,"","227,247,281",2305
91.424,"C",SH,9/9/1991,8/31/1995,True,"Haish Facility","Mike Walter","Haish Property, S. Main",Menno,57045,Hutchinson,43.2374763,-97.5777359,97,57,10,"NW","0.00","","gasoline                                          ","0.00000",,"Petroleum","Other(See Case File)","Commercial","UST","True","Corrosion",,"1626",,"","",2314
91.463,"C",GH,10/14/1991,5/13/1994,True,"Casey's - Tank System Upgrade","Casey's General Stores, Inc.","Main St. & Hwy. 37 (102 S. Hwy 37)",Parkston,57366,Hutchinson,43.39424,-97.9956741,99N,60W,18,"","0.00","","Gasoline, Waste Oil                            ","0.00000",,"Combined(See Case File)","Other(See Case File)","Commercial","UST","True","Leakage",,"1706",,"","272",2353
91.532,"C",KB,11/27/1991,8/9/1993,True,"Schaefer Service & Supply","Gilbert Schaefer","Main & Dakota",Tripp,57376,Hutchinson,43.2267532,-97.96548,97N,60W,8,"SW","0.00","","Gasoline                                          ","0.00000",,"Petroleum","Other(See Case File)","Commercial","UST","True","Leakage",,"1809",,"","",2422
91.587,"C",GH,12/16/1991,11/13/1998,True,"Mikuska Oil Company","Tripp Feed & Chemicals","S. Main St. & Depot",Tripp,57376,Hutchinson,43.2236,-97.96544,,,,"","0.00","","Gasoline                                          ","0.00000",,"Petroleum","Other(See Case File)","Commercial","UST","True","Leakage",,"1819",,"","278",2477
91.595,"C",TK,12/17/1991,11/24/1992,True,"Pullman Rock Pile - Complaint","Amos Pullman","Pleasant Township (271 St)",Clayton,57332,Hutchinson,43.4578629,-97.62594,100N,57W,30,"NE","0.00","","Picloram 2,4-D                                    ","0.00000",,"Agri Chem","Other(See Case File)","Other(See Case File)","Containers","False","Handling",,"null",,"","",2485
91.687,"NFA",DM,12/31/1991,11/6/2000,True,"Farmers Union Oil Company - Tank Removal","Farmers Union Oil Company","E. Hwy. 18",Menno,57045,Hutchinson,43.24109,-97.57169,,,,"","0.00","","Diesel                                            ","0.00000",,"Petroleum","Other(See Case File)","Commercial","UST","True","Leaks and Spills",,"1998",,"","",2577
91.698,"C",GH,8/1/1991,1/31/1992,True,"Herb Wudel Oil Company","Richard Wudel","Main & 2nd",Parkston,57366,Hutchinson,43.3948822,-97.98753,,,,"","0.00","","Petroleum                                         ","0.00000",,"Petroleum","Other(See Case File)","Commercial","UST","True","Spillage",,"1705",,"","",2588
92.107,"NFA",JF,4/10/1992,7/7/2003,True,"Hutchinson County Highway Shop","Hutchinson County Highway Department","NW at East Glynn Dr & 411 Ave",Parkston,57366,Hutchinson,43.3996353,-97.9768448,,,,"","0.00","","Petroleum                                         ","0.00000",,"Petroleum","Other(See Case File)","Public","UST","True","Leakage",,"2079",,"","230,235,",2697
92.154,"C",TK,5/11/1992,8/7/1992,True,"Dead Livestock","Unknown","Rural Hutchinson County",Menno,57045,Hutchinson,43.23397,-97.4486,97,56,10,"","0.00","","Livestock Carcass       ","null",,"Other(See Case File)","Other(See Case File)","Agricultural","Carcass","False","Handling",,"null",,"","",2744
92.278,"C",RC,8/12/1992,11/9/1992,True,"AMPI - Land O Lakes - Surface Spills","Associated Milk Producers Inc.","136 E. Railway",Freeman,57029,Hutchinson,43.3531952,-97.436554,,,,"","0.00","","Diesel                                            ","0.00000",,"Petroleum","Other(See Case File)","Industrial","UST","True","Spillage",,"2254",,"","",2868
93.272,"C",TK,8/20/1993,2/4/1994,True,"Turner Hutchinson Electric - Tchetter Colony","Turner Hutchinson Electric Coop.","Tschetter Avenue",Freeman,57029,Hutchinson,43.36986,-97.6851,99N,58,27,"NW","0.00","","Transformer Oil PCB                               ","1.00000",,"Combined","Other(See Case File)","Other(See Case File)","Transformer","False","Equipment Failure",,"null",,"","",3287
94.108,"C",TK,5/4/1994,4/18/1997,True,"Maxwell Colony Storm Event","Maxwell Colony","42805 Maxwell Road",Olivet,57059,Hutchinson,43.1827965,-97.63393,,,,"","0.00","","Dry Fertilizer                                    ","0.00000",,"Agri Chem","Other(See Case File)","Agricultural","Bulk Chemical","False","Storm Event",,"null",,"","",3643
94.131,"C",JA,5/16/1994,9/21/1994,True,"Farmers Elevator Transport Event","Farmers Elevator Company","3 miles E. on Hwy 18",Tripp,57376,Hutchinson,43.2268066,-97.91347,97N,60W,,"","0.00","","Dry Fertilizer                                    ","11000.00000",pounds,"Agri Chem","Other(See Case File)","Other(See Case File)","Transport Truck","False","Overturned",,"null",,"","",3666
94.344,"C",RC,10/6/1994,1/6/1995,True,"Good Samaritan Center - Tank Removal","Good Samaritan Center","Dobson & Wisconsin",Tripp,57376,Hutchinson,43.22855,-97.96204,79N,60W,13,"SW","0.00","","Fuel Oil                                          ","0.00000",,"Petroleum","Other(See Case File)","Residential","UST","False","Corrosion",,"2687",,"","",3879
95.127,"NFA",TB,6/1/1995,4/19/2005,True,"Parkston Independent Fertilizer","Parkston Independent Fertilizer Co.","Airport Road Ditch, E of Parkston Fertilizer Site",Parkston,57366,Hutchinson,43.3833771,-97.9909,19N,99,,"NW","0.00","","fertilizer                                        ","0.00000",,"Agri Chem","Other(See Case File)","Commercial","Bulk Chemical","False","Past Practices",,"null",,"","239",4078
95.132,"C",TK,6/2/1995,3/7/1997,True,"City of Parkston","City of Parkston","Adjacent to water tanks",Parkston,57366,Hutchinson,43.3941727,-97.9884338,,,,"","0.00","","Asphalt Oil, Diesel","0.00000",,"Petroleum","Other(See Case File)","Public","Containers","False","Handling",,"null",,"","",4083
95.150,"C",TK,6/13/1995,6/5/1996,True,"Transport Event","Parkston Independent Fertilizer","Hwy 37 & 44",Parkston,57366,Hutchinson,43.38447,-97.99575,,,,"","0.00","","Prowl                                             ","0.25000",pint,"Agri Chem","Other(See Case File)","Other(See Case File)","Portable Tank","False","Venting",,"null",,"","",4101
95.225,"C",TK,8/23/1995,3/27/1996,True,"Tripp/Delmont School - Tank Leak","Tripp/Delmont School District","105 S. Sloan",Tripp,57376,Hutchinson,43.22617,-97.967186,,,,"","0.00","","Heating oil                                       ","0.00000",,"Petroleum","Other(See Case File)","Public","UST","False","Leakage",,"2924",,"","232",4176
95.291,"C",RC,10/10/1995,10/23/1995,True,"Tripp/Delmont School District - Tank Removal","Tripp/ Delmont School District","105 South Sloan",Tripp,57376,Hutchinson,43.2261238,-97.96785,,,,"","0.00","","Heating Oil                                       ","0.00000",,"Petroleum","Other(See Case File)","Public","UST","False","Leakage",,"null",,"","",4242
95.316,"C",RC,10/30/1995,1/21/1997,True,"Golden West Tank Removal","Golden West Communications Inc.","160 West 3rd Street",Freeman,57029,Hutchinson,43.35267,-97.4380951,,,,"","0.00","","Diesel                                            ","0.00000",,"Petroleum","Other(See Case File)","Commercial","UST","True","Leakage",,"2966",,"","",4267
96.063,"C",RC,3/27/1996,4/29/1996,True,"Kaufman Feeds - Tank Removal","Morris Kaufman","Highway 81",Freeman,57029,Hutchinson,43.35013,-97.41965,,,,"","0.00","","Gasoline                                          ","0.00000",,"Petroleum","Other(See Case File)","Commercial","UST","True","Spillage",,"3015",,"","",4373
96.260,"NFA",NS,1/29/1996,2/13/2002,True,"Haar's Service Station - LUST Trust","Tom and Linda Haar","101 North Main Street (NW at Plum & Main)",Freeman,57029,Hutchinson,43.3544731,-97.4376,99N,56W,35,"NW","0.00","","Gasoline                                          ","0.00000",,"Petroleum","Lust Trust","Commercial","UST","True","Leakage",,"2918",,"","192,237,241,243",4570
97.028,"NFA",KM,2/4/1997,5/29/2002,True,"SD DOT Property Along RR","Terminal Grain","Beardsley Avenue",Beardsley,57366,Hutchinson,43.3004265,-97.98285,98,60,18,"SE","0.00","","Nitrate                                           ","0.00000",,"Agri Chem","Other(See Case File)","Other(See Case File)","Bulk Chemical","False","Handling",,"null",,"","198",4716
97.140,"C",BM,5/9/1997,12/16/1998,True,"Archie Klaudt Bulk Site - Hose Spill","Plucker Trucking","Steffan Property",Menno,57045,Hutchinson,43.2406044,-97.57723,,,,"","0.00","","Diesel Fuel                                       ","25.00000",gallons,"Petroleum","Other(See Case File)","Commercial","AST","True","Disconnected Hose ",,"null",,"","",4828
97.207,"C",MP,6/20/1997,1/26/1998,True,"Pullman Farm - Overturned Tank","Dwight Pullman","42765 271st St.",Freeman,57029,Hutchinson,43.4545822,-97.64533,100N,58W,25,"NE","0.00","","diesel                                            ","150.00000",gallons,"Petroleum","Other(See Case File)","Agricultural","AST","False","Storm Event",,"null",,"","",4895
97.263,"C",DR,8/5/1997,3/13/2003,True,"Fertilizer Spill - Storm Damage","Maxwell Colony","CR 39",Scotland,57059,Hutchinson,43.1822,-97.6342545,,,,"","0.00","","Dry Fertilizer                                    ","200.00000",pounds,"Agri Chem","Other(See Case File)","Agricultural","Bulk Storage","False","Storm Event",,"null",,"","234,240",4951
97.372,"C",BM,11/3/1997,1/19/1999,True,"Transformer Spill","Northwestern Public Service","New Elm Springs Colony",Dimock,57331,Hutchinson,43.487606,-97.82935,100N,59W,9,"","0.00","","Transformer Oil                                   ","100.00000",,"Oil","Other(See Case File)","Other(See Case File)","Transformer","False","Damage",,"null",,"","",5060
97.381,"C",LAS,11/13/1997,8/20/1999,True,"Agland Coop Transport Event","Agland Coop","Depot and Main Street",Parkston,57366,Hutchinson,43.3947029,-97.9845657,,,,"","0.00","","Dual Herbicide                                    ","15.00000",,"Agri Chem","Other(See Case File)","Other(See Case File)","Tote","False","Transport Accident",,"null",,"","",5069
98.077,"C",TF,4/23/1998,2/22/2000,True,"Freeman Academy - Line Leak","Freeman Academy","748 S. Main",Freeman,57029,Hutchinson,43.3467,-97.43942,99N,56W,,"","0.00","","fuel oil                                          ","0.00000",,"Petroleum","Other(See Case File)","Other(See Case File)","AST","False","Line Leak",,"3410",,"","",5185
98.078,"C",KM,4/24/1998,5/5/1998,True,"Truck Spill","Mettler Fertilizer","City Street",Menno,57045,Hutchinson,43.23986,-97.57794,,,,"","0.00","","treflan                                           ","1.00000",gallon,"Agri Chem","Other(See Case File)","Other(See Case File)","Transport Tank","False","Leakage",,"null",,"","231",5186
98.242,"C",SB,9/4/1998,10/4/1999,True,"Menno Street Project - Tank Removal","City of Menno","100' S of Intersection at 5th & Main, W side of 5th",Menno,57045,Hutchinson,43.2369728,-97.57813,97N,57W,9,"NE","0.00","","petroleum                                         ","0.00000",,"Petroleum","Other(See Case File)","Commercial","UST","True","Spillage",,"3564",,"","",5350
98.294,"NFA",NS,10/14/1998,10/7/2010,True,"Former Uecker Gas and Oil Site - LUST Trust","Uecker Gas and Oil - Gregg Uecker","100 North Main",Freeman,57029,Hutchinson,43.35424,-97.43713,,,,"","0.00","","petroleum                                         ","0.00000",,"Petroleum","Lust Trust","Commercial","UST & AST","True","Dispenser Leak",,"3579",,"","277,294",5402
98.383,"NFA",NS,12/15/1998,1/29/2002,True,"Freeman Coop Oil Co - Tank Removals","Freeman Cooperative Oil Company","478 South Main Street  (NE at 5th & Main)",Freeman,57029,Hutchinson,43.3506126,-97.4370956,,,,"","0.00","","Petroleum                                         ","0.00000",,"Petroleum","Other(See Case File)","Commercial","UST","True","Leakage",,"3376",,"","194, 225,",5491
99.085,"NFA",TF,4/6/1999,3/11/2003,True,"Former Steiner Oil Site - Tank System Removal","First Dakota National Bank","27741 SD Highway 37  (Hwy 37 & Main)",Parkston,57366,Hutchinson,43.3950157,-97.99562,,,,"","0.00","","Petroleum                                         ","0.00000",,"Petroleum","Other(See Case File)","Commercial","UST & AST","True","Corrosion",,"3750",,"","223,",5632
99.143,"NFA",SH,5/3/1999,7/21/2004,True,"Freeman Coop - Vandalism","Country Pride Coop","North Highway 81",Freeman,57029,Hutchinson,43.3612251,-97.42217,99W,56N,26,"SE","0.00","","Pesticide                                         ","90.00000",,"Agri Chem","Other(See Case File)","Commercial","Spray Tank","False","Damage",,"null",,"","232",5690
99.154,"C",JN,5/7/1999,11/2/2001,True,"Menno Public School - Tank Removal","Menno Public School","410 5th Avenue S",Menno,57045,Hutchinson,43.23637,-97.5771561,97,57,10,"NW","0.00","","fuel oil                                          ","0.00000",,"Petroleum","Other(See Case File)","Public","UST","False","Overfills/Spillage",,"3775",,"","225,",5701
99.157,"NFA",TB,5/17/1999,11/16/2005,True,"Our Home, Inc. - Tank Removals","Our Home, Inc.","501 Main Street (NW @ Main & Wallace)",Parkston,57366,Hutchinson,43.395092,-97.99193,,,,"","0.00","","petroleum                                         ","0.00000",,"Petroleum","Other(See Case File)","Commercial","UST","True","Leakage",,"3784",,"","241",5704
99.195,"C",TF,6/1/1999,7/8/1999,True,"Freeman Hospital - Tank Replacement","Freeman Hospital","510 East 8th Street",Freeman,57029,Hutchinson,43.3482475,-97.4312744,,,,"","0.00","","petroleum                                         ","0.00000",,"Petroleum","Other(See Case File)","Other(See Case File)","UST","True","Leakage",,"3747",,"","",5742
99.254,"C",KM,9/1/1999,9/9/1999,True,"Transport Event","Unknown","North of intersection at Highways 37 and 44",Parkston,57366,Hutchinson,43.3855438,-97.99565,,,,"","0.00","","diesel                                            ","35.00000",gallons,"Petroleum","Other(See Case File)","Commercial","Truck Tank","False","Damage",,"null",,"","231",5801
99.264,"C",TB,9/15/1999,11/15/1999,True,"Parkston High School - Tank Removal","Parkston Schools","102 A 50 Chapman Drive, Parkston Armory",Parkston,57366,Hutchinson,43.3929443,-97.97534,,,,"","0.00","","fuel oil                                          ","0.00000",,"Petroleum","Other(See Case File)","Public","UST","False","Spillage",,"3789",,"","",5811
99.272,"C",BM,9/27/1999,10/7/1999,True,"Freeman Coop Grazon Spill","Freeman Coop","Hwy 81, 2 mi N. of Freeman",Freeman,57029,Hutchinson,43.3861427,-97.42051,99,56,24,"NW","0.00","","Grazon                                            ","100.00000",,"Agri Chem","Other(See Case File)","Other(See Case File)","Sprayer","False","Damage",,"null",,"","230",5819
99.285,"C",BM,10/13/1999,11/17/1999,True,"Truck Spill - AMPI facility","Associated Milk Producers, Inc.  AMPI","240 S. Main Street",Freeman,57029,Hutchinson,43.3535576,-97.43845,99N,56W,35,"NW","0.00","","diesel                                            ","80.00000",gallons,"Petroleum","Other(See Case File)","Industrial","Transport Truck","False","Overfill",,"3074",,"","230",5832
99.322,"C",TA,12/1/1999,1/28/2000,True,"Tschetter Colony - Tank System Removal","Tschetter Colony","Tschetter Avenue",Freeman,57029,Hutchinson,43.3694534,-97.688324,,,,"","0.00","","Gasoline                                          ","0.00000",,"Petroleum","Other(See Case File)","Agricultural","UST","True","Overfills/Spillage",,"3875",,"","",5869
2000.004,"C",TF,1/7/2000,2/7/2000,True,"Bigge Oil Company - Tank Removal","Bigge Oil Company","202 South Highway 37",Parkston,57366,Hutchinson,43.39441,-97.99555,,,,"","0.00","","diesel                                            ","0.00000",,"Petroleum","Other(See Case File)","Commercial","UST","True","Leaks and Spills",,"3866",,"","",5902
2000.079,"C",BM,5/1/2000,5/9/2000,True,"Kleinsasser Doubleplay Leak","Greg Kleinsasser","City Streets",Freeman,57029,Hutchinson,43.35735,-97.44043,,,35,"","0.00","","Doubleplay                                        ","10.00000",,"Agri Chem","Other(See Case File)","Other(See Case File)","Tote","False","Leakage",,"null",,"","203",5977
2000.194,"C",LAS,6/12/2000,10/3/2001,True,"Neuharth sprayer accident","Mr. Lue Allen Neuharth","3 North, 1/2 West and 1/4 South",Menno,57045,Hutchinson,43.2772522,-97.59641,98N,57W,28,"SW","0.00","","2,4-D, Tordon","0.50000",in 50 gal,"Agri Chem","Other(See Case File)","Agricultural","Spray Tank","False","Tank Failure",,"null",,"","203",6092
2000.367,"C",KM,12/19/2000,3/22/2002,True,"Richard Walter Farm fertilizer spill","Richard Walter","26865 433rd Avenue",Bridgewater,57319,Hutchinson,43.49164,-97.54294,100N,57W,11,"SE","0.00","","liquid fertilizer                                 ","6500.00000",gallons,"Agri Chem","Other(See Case File)","Agricultural","AST","False","Equipment Failure",,"null",01S122005,"","",6265
2000.376,"NFA",KM,12/26/2000,2/5/2003,True,"ATP - Weisz Implement","Lawrence & Kenneth Weisz","105 East Elm Street",Parkston,57366,Hutchinson,43.39385,-97.98536,,,,"","0.00","","gasoline                                          ","0.00000",,"Petroleum","ATP","Commercial","UST","True","Corrosion",227,"4125",,"","217",6274
2000.383,"C",KM,12/29/2000,1/19/2001,True,"ATP - Hutchinson County Highway Maintenance Shop","Hutchinson County","Hassett Street and 410 East Dakota Street",Tripp,57376,Hutchinson,43.22691,-97.96115,,,,"","0.00","","gasoline                                          ","0.00000",,"Petroleum","ATP","Public","UST","True","Corrosion",140,"4049",,"","208",6281
2000.384,"C",KM,12/29/2000,1/19/2001,True,"ATP - Olivet Public School","Olivet Community Center","150 South 5th Avenue",Olivet,57052,Hutchinson,43.2398148,-97.67235,,,,"","0.00","","fuel oil                                          ","0.00000",,"Petroleum","ATP","Public","UST","False","Leakage",271,"4212",,"","208",6282
2000.385,"NFA",KH,12/29/2000,3/4/2003,True,"ATP -  Nolz and Heisinger Property","Kim Nolz and Delmar Heisinger","902 South SD Highway 37",Parkston,57366,Hutchinson,43.3874,-97.99405,99N,60W,18,"SW","0.00","","gasoline                                          ","0.00000",,"Petroleum","ATP","Residential","UST","True","Corrosion",212,"4140",,"","217",6283
2000.386,"NFA",KH,12/29/2000,12/22/2004,True,"ATP - Former Tieszen Station Site","Grand Laboratories","1208 North Highway 81 (NW @ Hwy 81 & 278 St)",Freeman,57029,Hutchinson,43.35762,-97.4208145,99N,56W,26,"","0.00","","gasoline                                          ","0.00000",,"Petroleum","ATP","Commercial","UST","True","Leaks and Spills",207,"4134",,"","236",6284
2000.387,"NFA",KM,12/29/2000,12/13/2002,True,"ATP - Smoke's Repair/Weisz Implement","Gerald Heisinger","110 East Elm Street",Parkston,57366,Hutchinson,43.3933449,-97.98474,,,,"","0.00","","Petroleum                                         ","0.00000",,"Petroleum","ATP","Commercial","UST","True","Corrosion",134,"4137",,"","217",6285
2001.351,"C",BM,10/13/2001,11/1/2001,True,"Manure Spill - Vandalism","Mike Weiss","3 mi E and 3/4 mi S of Junction 37 & 44.",Parkston,57366,Hutchinson,43.37363,-97.93648,,,,"","0.00","","Liquid Manure                                     ","1000.00000",gallons,"Other","Other(See Case File)","Other(See Case File)","Equipment","False","Equipment Failure",,"null",,"","203",6635
2001.356,"C",KM,7/30/2001,10/22/2001,True,"ATP - Former Dorzock's Service Site","Jon Prohel","202 Main Street ",Parkston,57366,Hutchinson,43.3946228,-97.98433,,,,"","0.00","","Waste Oil                                         ","0.00000",,"Oil","ATP","Commercial","UST","True","Corrosion",681,"4615",,"","207",6639
2001.357,"C",KM,7/16/2001,10/22/2001,True,"ATP - Huber's Standard","Orville Huber","416 South Main Street",Freeman,57029,Hutchinson,43.3513374,-97.43714,,,,"","0.00","","Gasoline                                          ","0.00000",,"Petroleum","ATP","Commercial","UST","True","Corrosion",683,"4618",,"","207",6640
2001.358,"C",KM,7/19/2001,10/22/2001,True,"ATP - Ralph's Feed, Inc.","Robert Kern","713 North County Road East",Freeman,57029,Hutchinson,43.3572235,-97.4279861,,,,"","0.00","","Fuel Oil                                          ","0.00000",,"Petroleum","ATP","Commercial","UST","False","Leakage",1043,"4845",,"","207",6641
2001.359,"C",KM,7/23/2001,10/22/2001,True,"ATP - Meridian Corner","Paul Svartoien","SE at Hwys 81 & 18",Menno,57045,Hutchinson,43.24133,-97.41874,,,,"","0.00","","Diesel, Gasoline                                  ","0.00000",,"Petroleum","ATP","Commercial","UST","True","Corrosion",1044,"4797",,"","207",6642
2001.377,"C",KM,7/20/2001,10/22/2001,True,"ATP - Freeman High School","Freeman School District","1001 South Wipf Street",Freeman,57029,Hutchinson,43.3453865,-97.4307,,,,"","0.00","","Fuel Oil                                          ","0.00000",,"Petroleum","ATP","Public","UST","False","Spillage",1585,"5534",,"","207",6660
2001.378,"C",KM,7/19/2001,10/22/2001,True,"ATP - Freeman Elementary School","Freeman School District","2nd and Relando",Freeman,57029,Hutchinson,43.3528824,-97.429924,,,,"","0.00","","Fuel Oil                                          ","0.00000",,"Petroleum","ATP","Public","UST","False","Spillage",1100,"5053",,"","207",6661
2001.395,"C",KM,7/25/2001,2/25/2002,True,"ATP - Haars Service","Charles Gering","112 West Plum Street",Freeman,57029,Hutchinson,43.35446,-97.4382553,,,,"","0.00","","Gasoline                                          ","0.00000",,"Petroleum","ATP","Commercial","UST","True","Spillage",684,"4619",,"","207",6678
2001.396,"NFA",KM,7/30/2001,12/17/2002,True,"ATP- Former Avera / St. Benedict Assisted Living","Avera/St. Benedict Assisted Living","Maple & Chapman",Parkston,57366,Hutchinson,43.39625,-97.97717,,,,"","0.00","","Fuel Oil                                          ","0.00000",,"Petroleum","ATP","Other(See Case File)","UST","False","Corrosion",1523,"5466",,"","217",6679
2001.397,"NFA",KM,8/1/2001,11/20/2002,True,"ATP - Senior Center / Former County Shop","City of Menno","160 West Poplar Street",Menno,57045,Hutchinson,43.2382355,-97.57911,,,,"","0.00","","Gasoline                                          ","0.00000",,"Petroleum","ATP","Other(See Case File)","UST","True","Corrosion",48,"3930",,"","219",6680
2001.563,"C",GH,11/29/2001,2/28/2003,True,"Mini-Bulk Spill","Mettler Fertilizer - Daniel Mettler","Cedar St / 438 Ave between Railway & Plum",Freeman,57029,Hutchinson,43.3528,-97.44029,99N,56W,35,"NW","0.00","","Treflan                                           ","100.00000",gallons,"Agri Chem","Other(See Case File)","Other(See Case File)","Portable Tank","False","Unsecured",,"null",,"","227",6846
2001.817,"C",KM,1/22/2002,2/18/2002,True,"ATP - McGregor Property","Ralph McGregor","3rd & Maple Street",Parkston,57366,Hutchinson,43.3964272,-97.9890442,,,,"","0.00","","fuel oil                                          ","0.00000",,"Petroleum","ATP","Residential","UST","False","Spillage",1846,"5825",,"","207",7099
2002.044,"C",KM,4/17/2002,5/2/2003,True,"Heating Tank Leak","Principal Residential Mortgage","203 West Maple",Parkston,57366,Hutchinson,43.3970757,-97.98798,99N,60W,18,"NW","0.00","","fuel oil                                          ","300.00000",gallons,"Petroleum","Other(See Case File)","Residential","AST","False","Leakage",,"null",,"","219",7325
2002.079,"C",KM,6/6/2002,7/19/2002,True,"Transformer Spill","Xcel Energy","440th Ave, 1 mile W and 1 1/2 miles S of town",Dolton,57319,Hutchinson,43.4653473,-97.4013748,,,,"","0.00","","transformer oil                                   ","10.00000",gallons,"Oil","Other(See Case File)","Agricultural","Transformer","False","Damage",,"null",,"","231",7360
2002.214,"C",KM,9/27/2002,10/31/2002,True,"ATP - Herb Wudel Farm","Steve Konrad, Konrad Farms, Inc.","NE of 279 St & 414th Avenue",Parkston,57366,Hutchinson,43.34281,-97.91558,,,,"","0.00","","Petroleum                                         ","0.00000",,"Petroleum","ATP","Agricultural","UST","False","Spillage",2474,"6402",,"","219",7495
2002.219,"NFA",KH,9/27/2002,5/21/2003,True,"ATP - Old Gas Station","Edwin Wirth","124 East Railway Street",Freeman,57029,Hutchinson,43.3534126,-97.43712,,,,"","0.00","","gasoline                                          ","0.00000",,"Petroleum","ATP","Commercial","UST","True","Leakage",2473,"6401",,"","217",7500
2003.102,"NFA",TF,6/27/2003,7/22/2005,True,"Tripp Oil Bulk Site - Assessment","Tripp Oil Company - Terry Fischer","SE at Depot and Main",Tripp,57376,Hutchinson,43.2231255,-97.965065,97N,60W,17,"NW","0.00","","Petroleum                                         ","0.00000",,"Petroleum","Other(See Case File)","Commercial","AST","True","Leakage",,"6755",,"","239,242",7749
2003.119,"NFA",SB,6/27/2003,2/26/2004,True,"Agland Coop Bulk Site - Assessment","Agland Coop - Gary Radel","NW corner of Hwy 44 & 1st Street",Parkston,57366,Hutchinson,43.3851128,-97.9863,99N,60W,18,"SW","0.00","","Petroleum                                         ","0.00000",,"Petroleum","Other(See Case File)","Commercial","AST","True","Spillage",,"6767",,"","232",7766
2003.181,"C",LAS,11/5/2003,9/22/2005,True,"Maxwell Colony Spill","Maxwell Colony","290th St (Maxwell Road), 2 m E of Hwy 25",Scotland,57059,Hutchinson,43.18361,-97.6769257,97N,58W,27,"","0.00","","diesel fuel                                       ","200.00000",gallons,"Petroleum","Other(See Case File)","Agricultural","Transport Trailer","False","Overturned",,"null",,"","240",7828
2004.065,"C",RL,4/28/2004,9/9/2004,True,"Liquid Fertilizer Spill @ Country Pride Coop","Norm Hofer","Hwy 81 North",Freeman,57029,Hutchinson,43.361042,-97.4206848,,,26,"SE","0.00","","Liquid Fertilizer 10-34-0                         ","418.00000",gal,"Agri Chem","Other(See Case File)","Commercial","Portable Tank","False","Tank Failure",,"null",,"","233",7950
2004.132,"C",RL,8/3/2004,8/10/2004,True,"Anhydrous Release - AMPI","Associated Milk Producers, Inc.","136 East Railway",Freeman,57029,Hutchinson,43.353817,-97.43796,,,,"","0.00","","Anhydrous Ammonia                                 ","140.00000",lb,"Agri Chem","Other(See Case File)","Commercial","Operating System","False","Line Leak",,"null",,"","233",8017
2004.159,"C",LAS,9/21/2004,3/8/2005,True,"Diesel Spill - Stern Oil Truck Shop","Stern Oil Company","27923 US Highway 81",Freeman,57029,Hutchinson,43.3460236,-97.42091,,,,"","0.00","","Diesel                                            ","20.00000",gal,"Petroleum","Other(See Case File)","Commercial","Truck Tank","False","Overturned",,"null",,"","238",8044
2005.149,"C",RL,7/13/2005,3/24/2006,True,"Rodeo Spill - City Shop","City of Parkston","207 West Main at Pony Creek",Parkston,57366,Hutchinson,43.39519,-97.98769,,,,"","0.00","","Rodeo (herbicide)                                 ","1.00000",qt,"Agri Chem","Other(See Case File)","Public","Containers","False","Handling",,"null",05S070620,"","244",10310
2007.043,"NFA",ML,4/11/2007,9/19/2012,True,"Mettler Fertilizer Property - Assessment","Mettler Fertilizer","E. Hwy 18 & Alfalfa St.",Menno,57045,Hutchinson,43.24032,-97.5699158,,,,"","0.00","","Agri Chem                                         ","0.00000",,"Agri Chem","Other(See Case File)","Commercial","Bulk Chemical","False","Handling",,"null",,"","287",10881
2007.045,"C",KM,4/25/2006,1/18/2008,True,"Wildcat Mfg Property - Assessment","Wildcat Manufacturing Company","420 South Hwy 81",Freeman,57029,Hutchinson,43.3504524,-97.4187,99N,56W,36,"NW","0.00","","Misc                                              ","0.00000",,"Unknown(See Case File)","Other(See Case File)","Industrial","Equipment","False","Leaks and Spills",,"null",,"","256,259",10883
2007.117,"C",KG,8/7/2007,6/10/2008,True,"Contaminated Soils - Former AST / New Shop Site","City of Freeman","SW Corner of Cedar & Plum",Freeman,57029,Hutchinson,43.3542747,-97.44051,99,56W,34,"NE","0.00","","Petroleum                                         ","0.00000",,"Petroleum","Other(See Case File)","Public","AST","True","Leakage",,"7219",,"","258",10963
2007.155,"NFA",GH,10/5/2007,2/1/2008,True,"Tank System Replacement - Casey's","Casey's General Stores, Inc.","102 South Hwy 37",Parkston,57366,Hutchinson,43.3944168,-97.9954758,,,,"","0.00","","Petroleum                                         ","0.00000",,"Petroleum","Other(See Case File)","Commercial","UST","True","Leakage",,"7210",,"","255",11002
2007.165,"NFA",SH,10/24/2007,12/15/2011,True,"Assessment - Former Farmers Bulk Site","Country Pride Coop","551 E Hwy 18",Menno,57045,Hutchinson,43.242218,-97.57149,,,,"","0.00","","Petroleum                                         ","0.00000",,"Petroleum","Other(See Case File)","Commercial","AST","True","Leakage",,"7189",,"","",11014
2008.073,"NFA",BW,5/5/2008,12/14/2010,True,"Weber Equipment Co. - Assessment","Weber Equipment Inc. - Ron Weber","1109 S. SD Hwy 37",Parkston,57366,Hutchinson,43.3831635,-97.99809,,,,"","0.00","","Petroleum, Solvents                             ","0.00000",,"Combined(See Case File)","Other(See Case File)","Commercial","Equipment","False","Leaks and Spills",,"null",,"","277",11156
2008.141,"C",RL,7/24/2008,7/30/2008,True,"NW Public Service - Natural Gas Leak","NW Public Service","1/2 mile South of Highway 18 on Highway 25",Olivet,57052,Hutchinson,43.2300949,-97.71444,,,,"","0.00","","Natural Gas                                       ","0.00000",,"Chemical","Other(See Case File)","Agricultural","Pipeline","False","Leakage",,"null",,"","258",11227
2008.164,"NFA",JPA,8/22/2008,2/6/2020,True,"ATP - Abandoned Tank / Utility Project","Unknown at time of report","West side of 418th & 2nd St intersection",Kaylor,57354,Hutchinson,43.18821,-97.8343658,,,,"","0.00","","Petroleum           ","0.00000",,"Petroleum","ATP","Commercial","UST","True","Leaks and Spills",3080,"7314",,"","",11256
2009.078,"NFA",MH,6/26/2009,2/27/2017,True,"Agri Chem Contamination","Wuertzer Fertilizer","27345 Benson Road",Milltown,57366,Hutchinson,43.4230881,-97.80205,99N,59W,,"","0.00","","Agri Chem                                         ","0.00000",,"Agri Chem","Other(See Case File)","Commercial","Bulk Chemical","False","Handling",,"null",08KM062401,"","",11436
2009.152,"NFA",TF,10/22/2009,12/4/2009,True,"ATP - Freeman School District","Freeman School District","1001 South Wipf Street",Freeman,57029,Hutchinson,43.34537,-97.431,,,,"","0.00","","Fuel Oil                                          ","0.00000",,"Petroleum","ATP","Public","UST","False","Leakage",3127,"7431",,"","270",11524
2009.180,"C",BM,11/19/2009,2/3/2010,True,"Farm tractor in Lonetree Creek","Rudy Bitterman","28529 413th Ave  (~.5 mile N of US18)",Tripp,57376,Hutchinson,43.24845,-97.93361,97,60,3,"","0.00","","Diesel Fuel                                       ","25.00000",gallons,"Petroleum","Surface Water","Other(See Case File)","Equipment","False","Immersed ",,"7466",,"","272",11559
2010.090,"NFA",ML,6/3/2010,6/3/2010,True,"CERCLIS - Dimock Farmers Coop","Dimock Farmer's Coop","Railroad Street - SE Edge of Town",Dimock,57331,Hutchinson,43.47313,-97.98442,100N,60W,18,"","0.00","","                                                  ","0.00000",,"Other(See Case File)","CERCLIS","Industrial","Supplies","False","Past Practices",,"null",,"","274",11676
2010.169,"C",BW,8/10/2010,11/12/2010,True,"Keystone Pump Station - Fitting Leak","TransCanada Keystone Pipeline","28245 436th Avenue",Freeman,57029,Hutchinson,43.29302,-97.48077,,,,"","0.00","","Crude oil                                         ","5.00000",gallons,"Oil","Other(See Case File)","Other(See Case File)","Pipeline","False","Line Leak",,"null",,"","278",11759
2010.233,"NFA",SB,10/13/2010,3/16/2011,True,"Tank Removals - Former Pit Stop","Country Pride Cooperative","453 E Hwy 18",Menno,57045,Hutchinson,43.2411079,-97.57328,,,,"","0.00","","Gasoline                                          ","0.00000",,"Petroleum","Other(See Case File)","Commercial","UST","True","Leakage",,"7563",,"","279,284",11843
2012.247,"C",RL,12/7/2012,12/19/2012,True,"Anonymous Complaint - Petroleum Spill","Alan Maloney Excavating","Hwy 81, approx. 200 yds S of 6th St, W side of hwy",Freeman,57029,Hutchinson,43.34822,-97.42166,,,,"","0.00","","Petroleum                                         ","0.00000",,"Other(See Case File)","Other(See Case File)","Commercial","Truck","False","Transport Accident",,"null",,"","289",12539
2013.205,"NFA",KM,8/28/2013,11/5/2013,True,"Brownfields - Former Vern's Body Shop","City of Parkston","104 North Hwy 37",Parkston,57366,Hutchinson,43.39552,-97.9955444,,,,"","0.50","","Petroleum, Solvents                               ","0.00000",,"Combined(See Case File)","Brownfields","Commercial","Supplies","False","Historical",,"null",,"","295, 296",12778
2013.276,"C",TF,11/20/2013,12/12/2013,True,"ATP - Grace Lutheran Church","Grace Lutheran Church","511 South Pine Street",Menno,57045,Hutchinson,43.2356834,-97.5728,,,,"","0.00","","Fuel Oil                                          ","0.00000",,"Petroleum","ATP","Other(See Case File)","UST","False","Equipment Failure",3320,"7825",,"","295",12874
2014.078,"C",KN,5/5/2014,6/9/2014,True,"Overturned Truck - Central Farmers","Central Farmers Cooperative","270 St.,  approx 1/4 mile E of Hwy 37",Dimock,57331,Hutchinson,43.47114,-97.9925461,,,,"","0.00","","Fertilizer & Tripleflex                           ","1515.00000",gallons,"Agri Chem","Other(See Case File)","Other(See Case File)","Transport Trailer","False","Transport Accident",,"null",14N050604,"","297",13001
2015.115,"O",TK ,6/24/2015,,True,"Nitrate Contamination - Country Pride Site","Country Pride Coop","803 North US Hwy 81",Freeman,57029,Hutchinson,43.3613129,-97.42168,,,,"null","null","null","Nitrate / Ammonia                                 ","null",,"Agri Chem","Other(See Case File)","Commercial","Bulk Chemical","False","Handling",,"null",,"null","null",13399
2015.242,"C",KN ,11/19/2015,12/4/2015,True,"RoundUp Spill  - Transport Event","Roger Albrecht","Intersection at 284 Street and 408 Avenue",Parkston,57366,Hutchinson,43.2682457,-98.03203,,,,"null","null","null","RoundUp                                           ","300.00000",gallons,"Agri Chem","Other(See Case File)","Other(See Case File)","Containers","False","Displaced Load",,"null",,"null","301",13557
2015.243,"NFA",SB ,11/23/2015,8/4/2016,True,"Tank Overfill at AgLand Coop Bulk Facility","CHS Transportation","1009 South 1st Street",Parkston,57366,Hutchinson,43.385067,-97.9863052,,,,"null","null","null","Diesel                                            ","1000.00000",gallons,"Petroleum","Other(See Case File)","Commercial","AST","True","Overfill",,"8173",,"null","null",13558
2016.056,"C",BW ,4/2/2016,9/16/2016,True,"Keystone Pipeline Release","TransCanada Keystone Pipeline Inc","437 Ave, 475 ft S of Hwy 18",Freeman,57751,Hutchinson,43.2403069,-97.45883,,,,"null","null","null","Crude Oil                                         ","400.00000",barrels,"Oil","Other(See Case File)","Agricultural","Pipeline","False","Leakage",,"null",,"null","null",13641
2016.174,"NFA",DM ,9/16/2016,10/6/2016,True,"Tank System Removal - Ampride Coop","Agland Coop","905 West Highway 44",Parkston,57366,Hutchinson,43.3849,-97.99759,,,,"null","null","null","Petroleum                                         ","null",,"Petroleum","Other(See Case File)","Commercial","UST","True","Spillage",,"8219",,"null","null",13775
2017.085,"C",KN ,6/12/2017,7/20/2017,True,"Resicore Spill","Max Leischner","Hwy 18 and 406th Ave ",Delmont,57330,Hutchinson,43.2398453,-98.07033,,,,"null","null","null","Resicore Herbicide","25.00000",Gallons,"Agri Chem","Other(See Case File)","Public","Tote","False","Damage",,"null",17SP061207,"null","null",14009
2018.132,"C",KN ,7/16/2018,7/23/2018,True,"Semi Accident Diesel Spill","Clarence Klein Jr","Hwy 44 near MM 363",Parkston,57366,Hutchinson,43.3963928,-97.7043839,,,,"null","null","null","Diesel","100.00000",Gallons,"Petroleum","Other(See Case File)","Public","Vehicle","False","Accident",,"null",,"null","null",14317
2019.059,"NFA",SB ,4/25/2019,4/28/2020,True,"UST leak - Total Stop Convenience Store #9466","Jeff Nielsen / Freeman Convenience LLC","601 S. US HWY 81",Freeman,57029,Hutchinson,43.3497734,-97.42111,99N,56W,35,"SE","null","null","Gasoline                                          ","null",,"Petroleum","Other(See Case File)","Commercial","UST","True","Leakage",,"8474",,"null","null",14490
2020.128,"C",JAM,8/26/2020,10/8/2020,True,"Transformer Oil Spill at farm","Northwestern Energy","43735 Highway 18",Menno,57045,Hutchinson,43.2402878,-97.45273,97N,56W,10,"NW","null","null","Transformer Oil PCB                               ","19.00000",gallons,"Oil","Unknown(See Case File)","Agricultural","Transformer","False","Storm Event",,"null",,"null","null",14832
2021.153,"NFA",MSB,9/27/2021,12/20/2023,True,"CHS Bulk Plant Release","Cenex Harvest States, Farmers Alliance","803 N Hwy 83",Freeman,57029,Hutchinson,43.36243,-97.42173,,,,"null","null","null","Diesel                                            ","null",gallons,"Petroleum","Other(See Case File)","Commercial","AST","True","Leaks and Spills",,"null",,"null","null",15072
2022.036,"C",GK,3/3/2022,7/27/2022,True,"US-18 & HWY 37 Diesel Spill","Emmanuel Saye","SW Corner of US-18 and HWY 37",Tripp,57376,Hutchinson,43.2402267,-97.9899,,,,"null","null","null","Diesel                                            ","100.00000",gallons,"Petroleum","Other(See Case File)","Public","Saddle Tank","False","Transport Accident",,"null",,"null","null",15178
2022.093,"O",JAM,6/3/2022,,True,"Diesel and Milk - Transportation Accident","Sudbeck Transportation","280th Street, 0.5 mile East of Highway 81",Freeman,57029,Hutchinson,43.32845,-97.41096,,,,"null","null","null","Diesel, Milk","100.00000",gallons,"Combined(See Case File)","Other(See Case File)","Agricultural","Saddle Tank","False","Transport Accident",,"null",,"null","null",15239
2022.106,"C",JAM,6/22/2022,7/21/2022,True,"Corner of 3rd & Main (south side)","City of Freeman","3rd & Main",Freeman,57029,Hutchinson,43.35229,-97.43749,,,,"null","null","null","Petroleum                                         ","null",,"Petroleum","Other(See Case File)","Public","Historical","False","Historical",,"null",,"null","null",15253
2022.140,"C",JPA,7/28/2022,11/23/2022,True,"ATP - AMPI Freeman","Assoicated Milk Producers, Inc.","240 South Main Street",Freeman,57029,Hutchinson,43.3527756,-97.4367142,,,,"null","null","null","Diesel                                            ","null",,"Petroleum","ATP","Commercial","UST","True","Leaks and Spills",3743,"8587",,"null","null",15291
2022.196,"NFA",GK,11/22/2022,6/12/2023,True,"18 & 37 Semi Accident","Jeyhun Mehibov","NE Corner of Intersection of Hwy 18 and 37",Tripp,57376,Hutchinson,43.2405472,-97.98958,97N,60W,06,"null","null","null","Diesel                                            ","150.00000",gallons,"Petroleum","Other(See Case File)","Public","Saddle Tank","False","Transport Accident",,"null",,"null","null",15355
7777.037,"O",TK ,5/25/2023,,True,"Former Landfill (illegal Dump site)","Kaylor Grain Co Inc","28949 418TH AVE",Kaylor,57354,Hutchinson,43.19381,-97.8327,,,,"null","null","null","Solid Waste","null",,"Combined(See Case File)","Former Landfill","Agricultural","Landfill","False","Dumping",,"null",,"null","null",15450
8888.018,"T",,,,True,"Clandestine Drug Lab Seizure","Unknown","403 Hassett Street",Tripp,57376,Hutchinson,43.22228,-97.9614,,,,"","0.00","","unknown                                           ","0.00000",,"Other(See Case File)","Clandestine Drug Lab","Unknown(See Case File)","Drug Making Material","False","null",,"null",,"SDR000004325","",12207
8888.019,"T",,,,True,"Clandestine Drug Lab Seizure","Unknown","301 South Carpenter",Tripp,57376,Hutchinson,43.2235222,-97.9641953,,,,"","0.00","","unknown                                           ","0.00000",,"Other(See Case File)","Clandestine Drug Lab","Unknown(See Case File)","Drug Making Material","False","null",,"null",,"SDR000004317","",12208
9999.124,"W",,,,True,"Withdrawn ATP - Haar Service","Milton Mendel","101 N Main",Freeman,57029,Hutchinson,43.354454,-97.43754,,,,"","0.00","","                                                  ","0.00000",,"Other(See Case File)","Withdrawn ATP","Commercial","Other(See Case File)","False","null",1800,"5763",,"","249",10783
9999.159,"W",,,,True,"Withdrawn ATP - Alley in Parkston","City of Parkston","Behind Gambles store @ 105 W Main Street",Parkston,57366,Hutchinson,43.394165,-97.98525,,,,"","0.00","","                                                  ","0.00000",,"Other(See Case File)","Withdrawn ATP","Other(See Case File)","Other(See Case File)","False","null",2475,"6403",,"","249",10819
9999.170,"W",,,,True,"Withdrawn ATP - Nuebel Property","Berdene Nuebel","304 W. Walnut",Parkston,57366,Hutchinson,43.3927956,-97.9896545,,,,"","0.00","","                                                  ","0.00000",,"Other(See Case File)","Withdrawn ATP","Residential","Other(See Case File)","False","null",2711,"6667",,"","249",10830
9999.187,"W",,,,True,"Withdrawn ATP - Haars Service","Milton Mendel","101 N Main",Freeman,57029,Hutchinson,43.3545341,-97.4379044,,,,"","0.00","","                                                  ","0.00000",,"Other(See Case File)","Withdrawn ATP","Commercial","Other(See Case File)","False","null",2885,"6926",,"","249",10847
9999.228,"W",,,,True,"Withdrawn ATP - Vern's Body Shop","Doug Wermers","710 West Ash Street",Parkston,57366,Hutchinson,43.39559,-97.99577,,,,"","0.00","","                                                  ","0.00000",,"Other(See Case File)","Withdrawn ATP","Commercial","UST","False","null",3338,"7840",,"","294",12716
94006.000,"C",JA,2/16/1994,2/17/1994,True,"U.S. West Central Office","U.S. West Business Resources","First Street",Parkston,57366,Hutchinson,43.39291,-97.98612,,,,"","0.00","","                                                  ","0.00000",,"Other(See Case File)","Clean Site","Other(See Case File)","UST","True","No Release",,"null",,"","",8509
94033.000,"C",BL,7/6/1994,8/1/1994,True,"City of Parkston","City of Parkston","Main Street and Railroad Street",Parkston,57366,Hutchinson,43.3946953,-97.9832153,,,,"","0.00","","                                                  ","0.00000",,"Other(See Case File)","Clean Site","Public","UST","True","No Release",,"null",,"","",8536
97003.000,"C",RC,4/2/1997,6/9/1997,True,"Associated Milk Producers, Inc. Facility","Harvey Wollman - AMPI","commercial district - NW corner of the intersection Main & Railway",Freeman,57029,Hutchinson,43.35333,-97.43749,,,,"","0.00","","                                                  ","0.00000",,"Other(See Case File)","Clean Site","Commercial","UST","False","No Release",,"null",,"","",8631
98043.000,"C",CH,11/9/1998,12/9/1998,True,"Former S & S Store Site","Country General Stores, Inc.","Hwy 37",Parkston,57366,Hutchinson,43.392334,-97.9968262,,,,"","0.00","","                                                  ","0.00000",,"Other(See Case File)","Clean Site","Commercial","UST","True","No Release",,"3256",,"","",8706
99023.000,"C",CH,6/1/1999,6/1/1999,False,"Freeman Hospital  (see 99.195)","Freeman Hospital - Arden Schamber","510 East 8th Street",Freeman,57029,Hutchinson,43.34821,-97.43121,,,,"","0.00","","                                                  ","0.00000",,"Other(See Case File)","Clean Site","Other(See Case File)","UST","False","No Release",,"null",,"","",8756
99029.000,"C",CH,6/18/1999,7/8/1999,True,"Tripp Delmont School District 33-5","Tripp Delmont School District 33-5","105 S. Sloan",Tripp,57376,Hutchinson,43.2262268,-97.96775,,,,"","0.00","","                                                  ","0.00000",,"Other(See Case File)","Clean Site","Public","UST","False","No Release",,"null",,"","",8762
2000069.000,"C",KM,12/27/2000,1/19/2001,True,"Clean ATP - Hutchinson County Shed","Hutchinson County","North 3rd Aveune",Olivet,57052,Hutchinson,43.2412033,-97.67549,,,,"","0.00","","                                                  ","0.00000",,"Other(See Case File)","ATP","Public","UST","True","No Release",140,"4048",,"","229",8860
2000070.000,"C",KM,12/27/2000,1/19/2001,True,"Clean ATP - Salem Reformed Church UCC","Salem Reformed Church","707 South 5th Street",Menno,57045,Hutchinson,43.2332764,-97.5788,,,,"","0.00","","                                                  ","0.00000",,"Other(See Case File)","ATP","Other(See Case File)","UST","False","No Release",196,"4115",,"","204",8861
2000071.000,"C",KM,12/29/2000,1/19/2001,True,"Clean ATP - Designer's Den","Jo Reiff","122 West Main Street",Parkston,57366,Hutchinson,43.39438,-97.98717,,,,"","0.00","","                                                  ","0.00000",,"Other(See Case File)","ATP","Commercial","UST","False","No Release",439,"4375",,"","204",8862
2001278.000,"C",KM,9/27/2001,10/22/2001,True,"Clean ATP - Dakota Investments /Pizza Ranch","Gerald Wenzel","109 South Depot Street  (Depot & Ash)",Parkston,57366,Hutchinson,43.39562,-97.98489,,,,"","0.00","","                                                  ","0.00000",,"Other(See Case File)","ATP","Commercial","UST","False","No Release",440,"4372",,"","204",9142
2001279.000,"C",KM,9/27/2001,10/22/2001,True,"Clean ATP - George Verzani Property","George Verzani","404 South Carpenter Street",Tripp,57376,Hutchinson,43.2231026,-97.963974,,,,"","0.00","","                                                  ","0.00000",,"Other(See Case File)","ATP","Residential","UST","False","No Release",553,"4483",,"","204",9143
2001280.000,"C",KM,9/28/2001,10/22/2001,True,"Clean ATP - Handel Property","Gerald Nusz","28842 434th Avenue",Menno,57045,Hutchinson,43.20616,-97.51579,,,,"","0.00","","                                                  ","0.00000",,"Other(See Case File)","ATP","Agricultural","UST","False","No Release",682,"4617",,"","204",9144
2001281.000,"C",KM,9/28/2001,10/22/2001,True,"Clean ATP - F. Haag Construction","Dennis Schulz","704 East Maple Street",Parkston,57366,Hutchinson,43.3966331,-97.9948,,,,"","0.00","","                                                  ","0.00000",,"Other(See Case File)","ATP","Commercial","UST","True","No Release",688,"4620",,"","204",9145
2001282.000,"C",KM,9/27/2001,10/22/2001,True,"Clean ATP - Conrad Property","Charles Conrad","42144 288th Street",Kaylor,57354,Hutchinson,43.21348,-97.76742,,,,"","0.00","","                                                  ","0.00000",,"Other(See Case File)","ATP","Agricultural","UST","False","No Release",732,"4663",,"","204",9146
2001283.000,"C",KM,9/28/2001,10/22/2001,True,"Clean ATP - Walter Property","Mary Jo Walter","633 South Walnut Street",Freeman,57029,Hutchinson,43.3486366,-97.43218,,,,"","0.00","","                                                  ","0.00000",,"Other(See Case File)","ATP","Residential","UST","False","No Release",762,"4702",,"","204",9147
2001284.000,"C",KM,9/28/2001,10/22/2001,True,"Clean ATP - Luikens Repair","Dale Luikens","353 East Otela Street",Menno,57045,Hutchinson,43.23514,-97.5745239,,,,"","0.00","","                                                  ","0.00000",,"Other(See Case File)","ATP","Commercial","UST","True","No Release",783,"4725",,"","204",9148
2001285.000,"C",KM,9/1/2001,10/22/2001,True,"Clean ATP - Ken Wolf Property","Ken Wolf","610 West Maple Street",Parkston,57366,Hutchinson,43.3965874,-97.99401,,,,"","0.00","","                                                  ","0.00000",,"Other(See Case File)","ATP","Residential","UST","False","No Release",1295,"5213",,"","205",9149
2001286.000,"C",KM,9/28/2001,10/22/2001,True,"Clean ATP - Hutterthal Mennonite Church","Lyndon Hofer","27473 437th Avenue",Freeman,57029,Hutchinson,43.4041634,-97.46136,,,,"","0.00","","                                                  ","0.00000",,"Other(See Case File)","ATP","Other(See Case File)","UST","False","No Release",501,"4445",,"","204",9150
2001287.000,"C",KM,9/28/2001,10/22/2001,True,"Clean ATP - Rames Services Station","Deborah L. Dubrul","NE of 2nd Street & Highway 18",Olivet,57052,Hutchinson,43.2409554,-97.67616,,,,"","0.00","","                                                  ","0.00000",,"Other(See Case File)","ATP","Commercial","UST","True","No Release",1583,"5532",,"","205",9151
2001288.000,"C",KM,10/1/2001,10/22/2001,True,"Clean ATP - Tieszen Property","Elma Tieszen","632 South Dewald Street",Freeman,57029,Hutchinson,43.3486748,-97.43283,,,,"","0.00","","                                                  ","0.00000",,"Other(See Case File)","ATP","Residential","UST","False","No Release",1890,"5827",,"","205",9152
2001822.000,"C",KM,1/22/2002,2/22/2002,True,"Clean ATP - Ron's Service","Ronald Pietz","County Highway 5",Kaylor,57354,Hutchinson,43.1883926,-97.83483,,,,"","0.00","","                                                  ","0.00000",,"Other(See Case File)","ATP","Commercial","UST","True","No Release",690,"4626",,"","205",9686
2003002.000,"C",BM,7/21/2003,9/8/2003,True,"Tripp Agland CO-OP","Agland CO-OP","200 yds S of Highway 37 & County Road 37",Tripp,57376,Hutchinson,43.2073479,-97.97148,,,,"","0.00","","                                                  ","0.00000",,"Other(See Case File)","Clean Site","Commercial","AST","False","No Release",,"null",,"","225,",10186
2006009.000,"C",KH,3/3/2006,3/30/2006,True,"Clean ATP - Former Parkston High School","Our Home Inc","First & Maple Street",Parkston,57366,Hutchinson,43.3969,-97.98643,,,,"","0.00","","                                                  ","0.00000",,"Other(See Case File)","ATP","Commercial","UST","False","No Release",2917,"6997",,"","244",10464
2008002.000,"C",RL,5/1/2008,5/1/2008,True,"Parkston Grain Tank Removal","Parkston Grain & Steel Co.","204 N Depot",Parkston,57366,Hutchinson,43.39573,-97.98444,,,,"","0.00","","                                                  ","0.00000",,"Other(See Case File)","Clean Site","Commercial","UST","True","No Release",,"null",,"","256",11154
2008005.000,"C",TF,6/30/2008,6/30/2008,True,"Clean ATP - Former Harr Service","Charles Gering","101 North Main Street",Freeman,57029,Hutchinson,43.3547058,-97.43792,,,,"","0.00","","                                                  ","0.00000",,"Other(See Case File)","ATP","Commercial","UST","True","No Release",3061,"7277",,"","257",11205
2013008.000,"C",TF,4/30/2013,4/30/2013,True,"Clean ATP - SD DOT Shop","SD Dept of Transportation (SD DOT)","720 West Hwy 18",Menno,57045,Hutchinson,43.2405,-97.58695,,,,"","0.00","","                                                  ","0.00000",,"Other(See Case File)","ATP","Other(See Case File)","UST","True","No Release",3283,"7778",,"","290",12624
2013035.000,"C",JPA,11/21/2013,11/25/2013,True,"UST Removals - Casey's","Casey's General Stores Inc.","501 South Cherry Street",Freeman,57029,Hutchinson,43.35037,-97.4349,,,,"","0.00","","                                                  ","0.00000",,"Other(See Case File)","Clean Site","Commercial","UST","True","No Release",,"7888",,"","296",12859
2015014.000,"C",TF ,9/3/2015,1/6/2016,True,"Clean ATP - Wastewater Treatment Facility","City of Freeman","27750  435th  Avenue",Freeman,57029,Hutchinson,43.3647346,-97.48992,,,,"null","null","null","null","null",,"Other(See Case File)","ATP","Other(See Case File)","UST","False","No Release",3479,"8087",,"null","301",13473