id,status,r1,date_rep,date_close,image,site_name,resp_party,street,city,zip_code,county,latitude,longitude,township,range,section,secq1,acreage,instctrls,material,amount,units,spill_cat,site_type,proptype,sor_type,regulated,cause_type,atp_no,prcfnumber,ag_no,solidwaste,microroll,siteid
83.006,"C",BL,2/25/1983,5/7/1992,True,"Kronaizl Oil Company - Bulk Facility","Dan Kronaizl","840 Washington",Scotland,57059,Bon Homme,43.1483727,-97.72438,,,,"","0.00","","Gasoline                                          ","2000.00000",gallons,"Petroleum","Other(See Case File)","Commercial","AST","True","Leakage",,"null",,"","235",111
83.021,"C",JA,6/8/1983,2/23/1993,True,"Lake Kloucek Fish Kill","Unknown","Lake Kloucek",Lesterville,57040,Bon Homme,43.0335655,-97.68177,,,,"","0.00","","Pesticide suspected                               ","0.00000",,"Agri Chem","Other(See Case File)","Other(See Case File)","Unknown(See Case File)","False","No Release",,"null",,"","",126
83.022,"C",JA,6/9/1983,1/19/1994,True,"Cenex - Pasture  Spill","Cenex","5 W & 1.75  S. of Tyndall @ Little Emmanuel  Creek",Tyndall,57066,Bon Homme,42.9709244,-97.96391,,,,"","0.00","","Herbicide 2,4-D Banv                              ","240.00000",gallons,"Agri Chem","Other(See Case File)","Agricultural","Sprayer","False","Overturned",,"null",,"","",127
84.048,"C",BL,6/12/1984,9/20/1995,True,"Flood Displaced Fuel Oil","Rudy Gerstner","Ryan Oil Facility",Avon,57315,Bon Homme,43.0062675,-98.0601654,,,,"","0.00","","Diesel                                            ","15.00000",gallons,"Petroleum","Other(See Case File)","Commercial","UST","False","Displaced Load",,"null",,"","",219
86.712,"C",JA,9/18/1986,9/28/1994,True,"Simon Trucking - Transport Event","Simon Trucking","Pearl St. & Hwy 50",Tyndall,57066,Bon Homme,42.98191,-97.8625946,94N,59W,6,"","0.00","","Diesel                                            ","150.00000",gallons,"Petroleum","Other(See Case File)","Other(See Case File)","Truck Tank","False","Transport Accident",,"null",,"","268",464
87.093,"C",KH,8/26/1987,5/9/1994,True,"Avon High School - UST Replacement","Avon School District","210 Pine",Avon,57315,Bon Homme,43.0055122,-98.05629,,,,"","0.00","","Diesel                                            ","0.00000",,"Petroleum","Other(See Case File)","Public","UST","False","Leakage",,"null",,"","",558
88.271,"C",SH,8/18/1988,2/3/1995,True,"Phillips 66  (see 90.291)","Scotland Oil Company","690 Main  (NE @ Main & Railway St)",Scotland,57059,Bon Homme,43.14991,-97.72135,,,,"","0.00","","Petroleum                                         ","0.00000",,"Petroleum","Other(See Case File)","Commercial","UST","True","Leakage",,"null",,"","237",870
89.193,"C",DP,8/7/1989,7/14/1992,True,"D & L Oil - Tank System Replacement","Dave Roth","2nd & Main",Avon,57315,Bon Homme,43.00641,-98.05987,,,,"","0.00","","Gasoline                                          ","0.00000",,"Petroleum","Other(See Case File)","Commercial","UST","True","Corrosion",,"0090",,"","",1081
89.219,"C",BL,9/5/1989,7/15/1992,True,"Dykstra Oil Company - Tank Removals","Louis Dykstra","103 2nd W.",Avon,57315,Bon Homme,43.00642,-98.0604,,,,"","0.00","","Petroleum                                         ","0.00000",,"Petroleum","Other(See Case File)","Commercial","UST","True","Leaks and Spills",,"0104",,"","",1107
89.327,"C",TK,12/15/1989,10/5/1992,True,"Transport Diesel Spill","Brian Kleinschmit","County Hwy 18, 1 mi. W.",Springfield,57062,Bon Homme,42.854435,-97.92152,,,,"","0.00","","Diesel                                            ","15.00000",gallons,"Petroleum","Other(See Case File)","Other(See Case File)","Truck Tank","False","Transport Accident",,"622",,"","237",1215
90.291,"NFA",SH,7/13/1990,2/12/2003,True,"Scotland Oil Company - Tank System Replacement","Jim Foley","690 Main Street  (NE @ Main & Railway St.)",Scotland,57059,Bon Homme,43.1497154,-97.7214,96N,63W,8,"NE","0.00","","Petroleum                                         ","0.00000",,"Petroleum","Other(See Case File)","Industrial","UST","True","Leaks and Spills",,"1062",,"","226,247",1526
90.325,"C",GH,8/2/1990,12/1/1992,True,"Cimpl Oil Company","Leonard Cimpl","Bulk Plant",Tabor,57063,Bon Homme,42.9445457,-97.6543961,,,,"","0.00","","Petroleum                                         ","0.00000",,"Petroleum","Other(See Case File)","Commercial","AST","True","Spillage",,"1057",,"","",1560
90.338,"C",TK,8/9/1990,12/12/1990,True,"Jenson Construction (see report for 90.339)","Jensen Construction Company","418 Ave",Tyndall,57066,Bon Homme,42.9841766,-97.83296,,,,"","0.00","","Waste Oil                                         ","0.00000",,"Oil","Other(See Case File)","Other(See Case File)","Equipment","False","Handling",,"null",,"","",1573
90.339,"C",TK,8/9/1990,12/12/1990,True,"Jenson Construction - At State Hwy Yard","Jenson Construction","SD Hwy 50",Tyndall,57066,Bon Homme,42.98471,-97.86869,,,,"","0.00","","Waste oil                                         ","0.00000",,"Oil","Other(See Case File)","Other(See Case File)","Equipment","False","Handling",,"null",,"","",1574
90.360,"I",KH,8/17/1990,10/13/1999,True,"Former Stan's 66  - LUST Trust","Arvene Wallum","NW corner of Lidice & Yankton",Tabor,57063,Bon Homme,42.9504128,-97.6591644,94N,58W,23,"NE","0.00","","Gasoline                                          ","0.00000",,"Petroleum","Lust Trust","Commercial","UST","True","Leakage",,"1064",,"","228,269,302",1595
90.364,"C",NS,8/20/1990,10/28/1998,True,"Tyndall Post Office","U.S. Postal Service","214 N. Main",Tyndall,57066,Bon Homme,42.99397,-97.8631439,94,75W,6,"SW","0.00","","Fuel Oil                                          ","0.00000",,"Petroleum","Federal","Other(See Case File)","UST","False","Corrosion",,"226",,"","228",1599
90.372,"C",SB,8/22/1990,1/12/1995,True,"Trading Post","Fred Frank","NW Corner of Main & Hwy 50",Tyndall,57066,Bon Homme,42.98253,-97.8630142,,,,"","0.00","","Petroleum                                         ","0.00000",,"Petroleum","Other(See Case File)","Commercial","UST","True","Corrosion",,"1065",,"","",1607
90.456,"C",MV,9/19/1990,2/6/1991,True,"BJ School Bus Incorporated - Tank Removal","BJ School Bus Incorporated","300 2nd Street  (NW @ 2nd & Cherry)",Scotland,57059,Bon Homme,43.1522675,-97.7190857,,,,"","0.00","","Gasoline                                          ","0.00000",,"Petroleum","Other(See Case File)","Commercial","UST","True","Spillage",,"1144",,"","",1691
90.465,"C",KM,9/26/1990,7/1/1991,True,"Damaged Battery - Contel Office","Unknown","City Street - Location Unknown",Avon,57315,Bon Homme,43.0052872,-98.06035,,,,"","0.00","","Sulfuric Acid                                     ","2.00000",gallons,"Chemical","Other(See Case File)","Other(See Case File)","Batteries","False","Damage",,"null",,"","",1700
91.056,"C",KB,2/13/1991,11/12/1991,True,"Bon Homme School District","Bon Homme School District","204 South Lincoln",Tyndall,57066,Bon Homme,42.9898872,-97.86896,,,,"","0.00","","Heating Oil                                       ","0.00000",,"Petroleum","Other(See Case File)","Public","UST","False","Overfills/Spillage",,"1382",,"","",1946
91.154,"NFA",KM,4/19/1991,6/4/2002,True,"Former Sinclair Service - Tank System Replacement","Max Gemar","411 Main Street  (SW @ Main & 3rd)",Scotland,57059,Bon Homme,43.1493874,-97.71777,96N,58,8,"SE","0.00","","Petroleum                                         ","0.00000",,"Petroleum","Other(See Case File)","Commercial","UST & AST","True","Leaks and Spills",,"1452",,"","200,232",2044
91.189,"C",KM,5/13/1991,5/14/1991,True,"Sulfur Spill - Roadway","Unknown","Roadway 1/4 mi. East of town",Tyndall,57066,Bon Homme,42.99575,-97.8474655,,,,"","0.00","","Sulfur                                            ","150.00000",gallons,"Chemical","Other(See Case File)","Other(See Case File)","Containers","False","Unsecured",,"null",,"","",2079
91.254,"C",KM,6/4/1991,6/11/1991,True,"Hakl Auto Cistern - Complaint","Roger Hakl","820 Curry Street",Scotland,57059,Bon Homme,43.1471825,-97.7216949,,,,"","0.00","","Waste Oil                                         ","50.00000",gallons,"Oil","Other(See Case File)","Commercial","Containers","False","Handling",,"null",,"","",2144
91.320,"C",KM,7/18/1991,7/18/1991,True,"Storm Event at Travnieck  Property","Joeseph Travnieck","Rural Tabor",Tabor,57063,Bon Homme,42.95956,-97.70461,94,58,16,"NW","0.00","","2,4-D, Petroleum                                  ","3.00000",gallons,"Combined(See Case File)","Other(See Case File)","Agricultural","Containers","False","Storm Event",,"null",,"","",2210
91.345,"C",KM,8/6/1991,9/9/1991,True,"Bon Homme Colony - Truck Spill","Bon Homme Colony","Jct. at 52 and 50",Tabor,57063,Bon Homme,42.9108047,-97.6513443,,,,"","0.00","","gasoline                                          ","50.00000",gallons,"Petroleum","Other(See Case File)","Other(See Case File)","Truck Tank","False","Overturned",,"null",,"","",2235
91.347,"C",KM,8/8/1991,9/9/1991,True,"Bituminous Paving - Road Equipment Leak","Bituminous Paving  Inc","Sandbar Marina: State Park Along Missouri River",Springfield,57062,Bon Homme,42.85709,-97.88334,,,,"","0.00","","gasoline                                          ","15.00000",gallons,"Petroleum","Other(See Case File)","Public","Equipment","False","Leakage",,"null",,"","",2237
91.399,"NFA",NS,8/29/1991,3/4/2005,True,"U.S. Postal Service - Tank Removals","U.S. Postal Service","1st Street  (NW @ 1st & Juniper)",Scotland,57059,Bon Homme,43.1489868,-97.7207,,,,"","0.00","","Fuel oil                                          ","0.00000",,"Petroleum","Federal","Public","UST","False","Leakage",,"1605",,"","237",2289
91.413,"C",SB,9/4/1991,10/6/1994,True,"Springfield Correctional Facility","SD Department of Corrections","Kudeman Hall",Springfield,57062,Bon Homme,42.85919,-97.9012756,,,,"","0.00","","diesel                                            ","0.00000",,"Petroleum","Other(See Case File)","Public","UST","True","Leakage",,"1615",,"","",2303
91.579,"C",TK,12/16/1991,2/24/1992,True,"MJ Implement - Transport Event","Merlin Van Gerpen","NE corner of Tyndall",Tyndall,57066,Bon Homme,42.9958153,-97.85271,,,,"","0.00","","Gasoline                                          ","800.00000",gallons,"Petroleum","Other(See Case File)","Other(See Case File)","Transport Truck","False","Transport Accident",,"null",,"","",2469
91.680,"NFA",SH,12/27/1991,3/19/2003,True,"Farmers Union Co-op Association - Tank Removals","Scotland Co-op Association","431 Railway Street  (SE @ Cherry & Railway)",Scotland,57059,Bon Homme,43.1514168,-97.7198639,96N,58W,8,"NE","0.00","","Petroleum                                         ","0.00000",,"Petroleum","Non-Aquifer","Commercial","UST","True","Leakage",,"1922",,"","226",2570
92.139,"C",KM,4/30/1992,4/28/1993,True,"Farmers Elevator Transport Event","Farmers Coop Elevator Company","104 Railway St. E.",Avon,57315,Bon Homme,43.0035133,-98.059494,,,,"","0.00","","Fert 28-0-0                                       ","1500.00000",,"Agri Chem","Other(See Case File)","Other(See Case File)","Portable Tank","False","Equipment Failure",,"null",,"","",2729
92.153,"C",RL,5/11/1992,10/26/2004,True,"M J Service","Gerstner Oil Company - Rudy Gerstner","Highway 50",Tyndall,57066,Bon Homme,42.9810143,-97.86168,,,,"","0.00","","Diesel                                            ","35.00000",gallons,"Petroleum","Other(See Case File)","Commercial","AST","True","Spillage",,"2120",,"","234,240",2743
92.190,"C",SB,5/29/1992,10/6/1994,True,"Springfield Correctional","SD Office of State Engineer","Power House",Springfield,57062,Bon Homme,42.8613777,-97.8996353,93N,60W,23,"NE","0.00","","gasoline                                          ","0.00000",,"Petroleum","Other(See Case File)","Public","UST","True","Leaks and Spills",,"2159",,"","234",2780
92.307,"C",SB,8/31/1992,10/6/1994,True,"Springfield Correctional Facility","SD Department of Corrections (SD DOC)","Powerhouse",Springfield,57062,Bon Homme,42.8613853,-97.89956,93N,60W,23,"NE","0.00","","Fuel Oil                                          ","0.00000",,"Petroleum","Other(See Case File)","Public","UST","False","Leakage",,"2273",,"","234",2897
93.051,"C",KH,3/12/1993,1/5/1995,True,"D & L Oil Company","Dave Roth","Hwy 50",Avon,57315,Bon Homme,43.0097,-98.06455,95,61,33,"","0.00","","Diesel                                            ","0.00000",,"Petroleum","Other(See Case File)","Commercial","UST & AST","True","Valve Leak",,"2394",,"","",3066
93.088,"C",TK,4/21/1993,2/1/1994,True,"Oil Contaminated Soils","Unknown","Dollard/Railroad/3rd  ditches",Scotland,57059,Bon Homme,43.1547928,-97.7177658,,,,"","0.00","","Road Tar                                          ","0.00000",,"Oil","Other(See Case File)","Other(See Case File)","Materials","False","No Release",,"null",,"","",3103
93.366,"NFA",SB,11/12/1993,8/2/2006,True,"Youth Services Center - Tank Leak","YSI Springfield Academy","709 East 6th Street (SE at 6th & Chestnut)",Springfield,57062,Bon Homme,42.8514633,-97.89484,93N,60W,23,"SE","0.00","","Fuel Oil                                          ","0.00000",,"Petroleum","Other(See Case File)","Other(See Case File)","UST","False","Corrosion",,"2588",,"","245",3381
94.007,"C",KM,1/21/1994,7/28/1995,True,"Farmers Co-op Association - Citizen Concern","Farmers Co-op Association","431 Railway",Scotland,57059,Bon Homme,43.1520729,-97.71958,,,,"","0.00","","Pendimethalin                                     ","0.00000",,"Agri Chem","Other(See Case File)","Commercial","Bulk Chemical","False","Handling",,"null",,"","",3542
94.197,"C",JA,7/6/1994,3/3/1995,True,"SD DOT - UST along railway","SD Department of Transportation (SD DOT)","Main & Railroad",Scotland,57059,Bon Homme,43.1494942,-97.7226257,96N,58W,8,"","0.00","","Petroleum                                         ","0.00000",,"Petroleum","Other(See Case File)","Public","UST","True","Spillage",,"2708",,"","",3732
94.198,"C",JA,7/6/1994,3/3/1995,True,"SD DOT - Tank Removals","SD Department of Transportation (SD DOT)","S of Main",Scotland,57059,Bon Homme,43.1464958,-97.7226257,,,,"","0.00","","Petroleum                                         ","0.00000",,"Petroleum","Other(See Case File)","Public","UST","True","Spillage",,"2707",,"","",3733
94.263,"C",KH,11/15/1994,6/8/1995,True,"Good Samaritan Center - Tank Removals","Good Samaritan Society","130 6th Street  (NW @ Chestnut & 6th)",Scotland,57059,Bon Homme,43.1544838,-97.7142258,96N,58W,9,"NW","0.00","","Fuel Oil                                          ","0.00000",,"Petroleum","Other(See Case File)","Other(See Case File)","UST","False","Leakage",,"2793",,"","",3798
94.286,"C",BW,4/29/1994,9/5/2007,True,"CERCLIS - DOD/FUD Sioux City Precision Bombing Range #6 #b08sd0868","U.S. Army Corps of Engineers","Bombing Range, Missouri River Basin",Springfield,57062,Bon Homme,42.86284,-97.78765,,,,"","0.00","","black powder spotting rds & .50 cal tracer rds.   ","0.00000",,"Combined","CERCLIS","Other(See Case File)","Ordnance","False","Past Practices",,"null",,"","255",3821
94.409,"C",TK,12/30/1994,4/17/1995,True,"Stern Oil - Overfill","Gillas Stern","Springfield Correctional Facility - Tank Farm",Springfield,57062,Bon Homme,42.8598175,-97.90211,,,,"","0.00","","Gasoline                                          ","518.00000",gallons,"Petroleum","Other(See Case File)","Public","UST","True","Overfill",,"2805",,"","",3944
95.091,"C",TK,5/4/1995,9/9/1996,True,"Dan Bierle Transport Event","Dan Bierle","CR-39, 1/2 mile South of Maxwell Colony",Scotland,57059,Bon Homme,43.1796265,-97.63376,97N,57W,31,"SW","0.00","","Treflan                                           ","70.00000",gallons,"Agri Chem","Other(See Case File)","Other(See Case File)","Tote","False","Failure",,"null",,"","",4042
95.146,"C",JA,6/12/1995,7/12/1995,True,"Farmers Union Coop Transport Event","Farmers Union Coop","Highway 25",Tabor,57063,Bon Homme,42.95985,-97.7140961,,,,"","0.00","","Prowl                                             ","20.00000",gallons,"Agri Chem","Other(See Case File)","Other(See Case File)","Tote","False","Spillage",,"null",,"","",4097
96.033,"C",TK,2/12/1996,3/3/1997,True,"Junction Of Highways 46 & 25 - Oil Spill","Wheeler Transport Services","Highway 46 & 25 Junction",Scotland,57059,Bon Homme,43.08262,-97.7147751,,,,"","0.00","","new motor oil                                     ","330.00000",gallons,"Oil","Other(See Case File)","Other(See Case File)","Containers","False","Leakage",,"null",,"","",4343
96.180,"C",TK,6/24/1996,7/3/1996,True,"Transport Event - Milk Spill","Milk Hauling, Inc.","4 mi S and 3 or 4 W of Town",Avon,57315,Bon Homme,42.93811,-98.1019,,,,"","0.00","","Milk                                              ","1000.00000",gallons,"Other","Other(See Case File)","Other(See Case File)","Transport Truck","False","Transport Accident",,"null",,"","",4490
96.205,"NFA",NS,7/16/1996,10/2/2001,True,"Tabor Lumber Coop Station - Tank Removals","Tabor Lumber Coop Station","N Lidice Street",Tabor,57063,Bon Homme,42.94954,-97.65864,94N,58W,23,"NE","0.00","","gasoline                                          ","0.00000",,"Petroleum","Other(See Case File)","Commercial","UST","True","Overfills/Spillage",,"3049",,"","198",4515
96.352,"C",TK,12/4/1996,1/12/1997,True,"Anonymous Complaint - Soubrada Property","Tony Soubrada","229 Jandra Street",Tabor,57063,Bon Homme,42.9507,-97.66087,,,,"","0.00","","Petroleum                                ","0.00000",,"Petroleum","Other(See Case File)","Residential","Containers","False","Handling",,"null",,"","",4662
98.074,"NFA",SB,4/16/1998,12/10/2001,True,"Schmidt's Service - Tank Replacements","Mike Schmidt","1910 North Main",Tyndall,57066,Bon Homme,42.9949722,-97.86302,,,,"","0.00","","petroleum                                         ","0.00000",,"Petroleum","Other(See Case File)","Commercial","UST","True","Leaks and Spills",,"3098",,"","",5182
98.278,"C",SB,10/1/1998,1/11/2000,True,"George's One Stop  - Tank Removals","George Heisinger","901 8th Street  (College & 8th)",Springfield,57062,Bon Homme,42.854,-97.89729,,,,"","0.00","","petroleum                                         ","0.00000",,"Petroleum","Other(See Case File)","Commercial","UST","True","Leakage",,"3489",,"","",5386
98.291,"NFA",SB,10/13/1998,5/21/2004,True,"Scottie Stop - Tank System Replacement","Scottie Stop","740 4th Street  (NW @ 4th & Washington)",Scotland,57059,Bon Homme,43.14775,-97.7165,,,,"","0.00","","Petroleum                                         ","0.00000",,"Petroleum","Other(See Case File)","Commercial","UST","True","Leakage",,"3529",,"","232",5399
98.327,"C",SB,10/27/1998,9/30/1999,True,"Former Station - Tank Removals","Olson Oil Company - Dale Olson","Highway 50, North side of town",Avon,57315,Bon Homme,43.0095062,-98.06362,,,,"","0.00","","petroleum                                         ","0.00000",,"Petroleum","Other(See Case File)","Commercial","UST","True","Overfills/Spillage",,"3594",,"","",5435
98.356,"NFA",TB,11/19/1998,6/8/2005,True,"Memorial Hospital - Tank Leak","Landmann Jungman Memorial Hospital","600 Billars Street",Scotland,57059,Bon Homme,43.1493568,-97.72895,96N,56W,8,"NW","0.00","","gasoline                                          ","0.00000",,"Petroleum","Other(See Case File)","Other(See Case File)","UST","True","Leakage",,"3482",,"","241",5464
99.022,"C",SB,1/21/1999,2/17/1999,True,"Springfield Power House - Tank Removal","SD Department of Corrections  (SD DOC)","Springfield Correctional Facility Power House",Springfield,57062,Bon Homme,42.86139,-97.89959,93N,60W,23,"NE","0.00","","diesel fuel                                       ","0.00000",,"Petroleum","Other(See Case File)","Public","UST","True","Spillage",,"2584",,"","",5569
99.119,"NFA",TF,3/24/1999,5/28/2002,True,"Tyndall Co-op Site - Tank Removals","Tyndall Coop","1500 Main Street",Tyndall,57066,Bon Homme,42.9903374,-97.86292,,,,"","0.00","","gasoline                                          ","0.00000",,"Petroleum","Other(See Case File)","Commercial","UST","True","Leakage",,"3605",,"","197, 225,",5666
99.141,"NFA",MH,4/30/1999,7/18/2008,True,"Scotland Coop - Prowl Spill","Cooperative Farmers Association","431 Railway Street  (SE @ 1st & Railway)",Scotland,57059,Bon Homme,43.1510925,-97.72029,,,,"","0.00","","Prowl                                             ","0.00000",,"Agri Chem","Other(See Case File)","Commercial","Tote","False","Equipment Failure",,"null",,"","258",5688
99.158,"C",KM,5/17/1999,5/20/1999,True,"Ammonia Release","Broin Enterprises","851 Washington Street",Scotland,57059,Bon Homme,43.14684,-97.726265,96N,58W,,"","0.00","","Anhydrous Ammonia                                 ","900.00000",pounds,"Chemical","Other(See Case File)","Industrial","AST","False","Leakage",,"null",,"","231",5705
99.162,"C",JF,5/19/1999,1/7/2003,True,"Kaylor Grain - Fertilizer Spill","Kaylor Ag Services","418 Avenue",Tyndall,57066,Bon Homme,43.0693245,-97.83214,95N,59W,4,"SW","0.00","","dry fertilizer                                    ","9500.00000",pounds,"Agri Chem","Other(See Case File)","Agricultural","Spreader","False","Overturned",,"null",,"","237,252",5709
99.215,"C",KM,7/14/1999,7/22/1999,True,"Basement Odor Complaint - McCann","Dakota Farm Const.","504 W. 17th Street",Tyndall,57066,Bon Homme,42.9925232,-97.868515,,,,"","0.00","","fuel oil                                          ","0.00000",,"Petroleum","Other(See Case File)","Residential","AST","False","Damage",,"3818",,"","231,242",5762
99.298,"O",SB,10/15/1999,,True,"Springfield Motors","Springfield Motors","904 8th Street/ Hwy 37P  (NW @ 8th & College)",Springfield,57062,Bon Homme,42.8544731,-97.89781,93N,5W,23,"SE","0.00","","Petroleum                                         ","0.00000",,"Petroleum","Other(See Case File)","Commercial","UST","True","Leakage",,"3852",,"","",5845
2000.051,"C",BM,3/17/2000,7/13/2000,True,"Broin Enterprises","Broin Enterprises","Storm Water System near Alcohol Plant",Scotland,57059,Bon Homme,43.14621,-97.725914,,,,"","0.00","","unknown                                           ","0.00000",,"Unknown(See Case File)","Other(See Case File)","Other(See Case File)","Wastewater","False","Discharge",,"4073",,"","203",5949
2000.209,"C",BM,6/26/2000,6/6/2001,True,"Highway 37 Truck Accident","HDP Farms","3 miles W on Hwy 37",Springfield,57062,Bon Homme,42.8654022,-97.94968,,,,"","0.00","","Diesel                                            ","20.00000",Gallons,"Petroleum","Other(See Case File)","Other(See Case File)","Truck Tank","False","Transport Accident",,"null",,"","197",6107
2000.226,"NFA",TF,7/12/2000,5/28/2002,True,"City of Tyndall Water Line -  LUST Trust","Unknown - City of Tyndall","NW at Main and 15th",Tyndall,57066,Bon Homme,42.9902763,-97.86295,,,,"","0.00","","Petroleum                                         ","0.00000",,"Petroleum","Lust Trust","Public","UST","True","Leakage",,"4162",,"","197",6124
2001.182,"NFA",KM,6/27/2001,12/13/2002,True,"ATP - Emmanuel Reformed Church","William Odens","1108 College Street  (SE at College & 12th)",Springfield,57062,Bon Homme,42.85842,-97.89666,,,,"","0.00","","fuel oil                                          ","0.00000",,"Petroleum","ATP","Other(See Case File)","UST","False","Corrosion",197,"4114",,"","217",6467
2001.183,"NFA",KM,6/27/2001,1/17/2003,True,"ATP - Allen Kloucek Property","Allen Kloucek","29883 425th Avenue",Scotland,57059,Bon Homme,43.05575,-97.69794,95N,58W,9,"SE","0.00","","gasoline                                          ","0.00000",,"Petroleum","ATP","Residential","UST","True","Corrosion",1464,"5425",,"","217",6468
2001.184,"NFA",KH,6/27/2001,1/14/2005,True,"ATP - Scotland School District","Gene Schneider","720 First Street (SW at Juniper & First)",Scotland,57059,Bon Homme,43.14845,-97.72061,,,,"","0.00","","fuel oil                                          ","0.00000",,"Petroleum","ATP","Public","UST","False","Corrosion",655,"4591",,"","236",6469
2001.185,"NFA",KM,6/27/2001,1/17/2003,True,"ATP - Former Texaco","Steve & Kristi Petersen","SW at Hakl Street & Dakota Street",Tabor,57063,Bon Homme,42.94656,-97.65527,,,,"","0.00","","gasoline                                          ","0.00000",,"Petroleum","ATP","Commercial","UST","True","Corrosion",1463,"5424",,"","217",6470
2001.186,"NFA",KM,6/27/2001,1/17/2003,True,"ATP - Former Cimpls","Tabor Grain, Inc.","226 East Szymanski Street (NE at Szymanski & Vyborny",Tabor,57063,Bon Homme,42.9450836,-97.65618,,,,"","0.00","","gasoline                                          ","0.00000",,"Petroleum","ATP","Commercial","UST","True","Corrosion",1465,"5426",,"","217",6471
2001.187,"NFA",KM,6/27/2001,5/9/2003,True,"ATP - Former Gas Station","Tony Souhrada","104 South Hakl Street (SW at Chicago & Hakl)",Tabor,57063,Bon Homme,42.9482765,-97.6552353,,,,"","0.00","","petroleum                                         ","0.00000",,"Petroleum","ATP","Commercial","UST","True","Corrosion",1462,"5423",,"","217",6472
2001.188,"NFA",KM,6/27/2001,9/19/2002,True,"ATP - Former Service Station","George Melichar","213 South Hakl Street",Tabor,57063,Bon Homme,42.94574,-97.65469,,,,"","0.00","","fuel oil                                          ","0.00000",,"Petroleum","ATP","Commercial","UST","False","Corrosion",187,"4094",,"","207",6473
2001.189,"C",KM,6/27/2001,7/16/2001,True,"ATP - Richard Kloucek Property","Richard Kloucek","42479 298th Street",Scotland,57059,Bon Homme,43.0660667,-97.69999,,,,"","0.00","","fuel oil                                          ","0.00000",,"Petroleum","ATP","Residential","UST","False","Spillage",1209,"5141",,"","219",6474
2001.190,"C",KM,6/27/2001,7/16/2001,True,"ATP - Alvin Vanacek Property","Alvin Vanacek","30813 428th Street",Tabor,57063,Bon Homme,42.9216232,-97.63638,,,,"","0.00","","fuel oil                                          ","0.00000",,"Petroleum","ATP","Agricultural","UST","False","Spillage",610,"4540",,"","207",6475
2001.201,"NFA",KM,7/20/2001,1/17/2003,True,"ATP - Koranda Well Company","Donald Koranda","400 West Yankton Street",Tabor,57063,Bon Homme,42.9499664,-97.66588,,,,"","0.00","","gasoline                                          ","0.00000",,"Petroleum","ATP","Commercial","UST","True","Corrosion",1492,"5468",,"","217",6485
2001.202,"NFA",KM,7/20/2001,3/6/2003,True,"ATP - Edward Pesek Farm","Edward J. Pesek","42616 301st Street",Lesterville,57040,Bon Homme,43.0271225,-97.67269,,,,"","0.00","","Gasoline                                          ","0.00000",,"Petroleum","ATP","Agricultural","UST","False","Leaks and Spills",474,"4422",,"","217",6486
2001.203,"NFA",KM,7/20/2001,3/6/2003,True,"ATP - Thomas & Denise Beringer","Thomas & Denise Beringer","110 West 14th Avenue (NE at 14th & Laurel)",Tyndall,57066,Bon Homme,42.9893875,-97.8637848,,,,"","0.00","","Diesel                                            ","0.00000",,"Petroleum","ATP","Residential","UST","True","Corrosion",602,"4532",,"","217",6487
2001.204,"NFA",KM,7/20/2001,3/6/2003,True,"ATP - Vivian Finck Property","Vivian K. Finck","1504 Laurel Street",Tyndall,57066,Bon Homme,42.9907341,-97.86442,,,,"","0.00","","Diesel                                            ","0.00000",,"Petroleum","ATP","Residential","UST","False","Corrosion",609,"4539",,"","217",6488
2001.205,"NFA",KM,7/20/2001,9/19/2002,True,"ATP - Nicholas Kniffen","Nicholas Kniffen","1408 Pine Street",Tyndall,57066,Bon Homme,42.99016,-97.85818,,,,"","0.00","","fuel oil                                          ","0.00000",,"Petroleum","ATP","Residential","UST","False","Corrosion",1280,"5260",,"","219",6489
2001.206,"NFA",KM,7/20/2001,9/19/2002,True,"ATP - Eleanor Bussey","Eleanor Bussey","809 14th Street",Springfield,57062,Bon Homme,42.860466,-97.89596,,,,"","0.00","","Fuel Oil                                          ","0.00000",,"Petroleum","ATP","Residential","UST","False","Corrosion",1278,"5262",,"","219",6490
2001.211,"NFA",KM,7/20/2001,1/29/2003,True,"ATP - Lois' Cafe (Former Texaco)","E. Jeanette Petersen","713 8th Street  (8th & Chestnut)",Springfield,57062,Bon Homme,42.854023,-97.89508,,,,"","0.00","","Petroleum                                         ","0.00000",,"Petroleum","ATP","Commercial","UST","True","Spillage",954,"5263",,"","217",6495
2002.032,"C",BM,4/4/2002,4/11/2002,True,"Agland CO-OP  - Line Leak","Agland CO-OP","4.5 miles South of Tripp",Tripp,57376,Bon Homme,43.150032,-97.97069,,,,"","0.00","","propane                                           ","250.00000",gallons,"Chemical","Other(See Case File)","Agricultural","AST","False","Line Leak",,"null",,"","203",7313
2002.073,"C",RL,5/28/2002,11/8/2005,True,"South Plains Ag (anonymous complaint)","South Plains Ag - Joel Loseke","SE at 421 Street and 290th Street",Kaylor,57354,Bon Homme,43.1837463,-97.7748,,,,"","0.00","","pesticide                                         ","0.00000",,"Agri Chem","Other(See Case File)","Commercial","Bulk Chemical","False","Handling",,"null",02N052810,"","240",7354
2002.220,"NFA",KH,9/26/2002,7/14/2003,True,"ATP - Koletzky Property","Gordon Koletzky","42843 310th Street",Tabor,57063,Bon Homme,42.8955841,-97.6267,,,,"","0.00","","Petroleum                                         ","0.00000",,"Petroleum","ATP","Agricultural","UST","False","Leakage",1559,"5505",,"","219",7501
2002.226,"NFA",KH,9/27/2002,7/14/2003,True,"ATP - Old Bulk Plant Site -  City of Scotland","Kerrie Goehring","W of rail, N of Washington, E of Stafford, S of Main",Scotland,57059,Bon Homme,43.1484261,-97.72422,,,,"","0.00","","gasoline                                          ","0.00000",,"Petroleum","ATP","Public","UST","True","Corrosion",2455,"6382",,"","219",7507
2002.338,"NFA",KM,1/23/2003,5/9/2003,True,"ATP -  Bon Homme Co. Implement","Bon Homme County Implement","South Highway 50",Tyndall,57066,Bon Homme,42.9819031,-97.8664,,,,"","0.00","","waste oil                                         ","0.00000",,"Oil","ATP","Commercial","UST","True","Leakage",2695,"6644",,"","217",7619
2003.057,"C",RL,5/3/2003,9/9/2004,True,"Bon Homme County Implement - Fire","Tyndall Development Company","South Highway 50",Tyndall,57066,Bon Homme,42.981678,-97.86595,94N,59W,6,"SW","0.00","","motor oil                                         ","0.00000",,"Oil","Other(See Case File)","Commercial","Containers","False","Fire Event",,"null",,"","233",7704
2003.115,"C",BM,7/14/2003,9/8/2003,True,"Equipment in Emmanuel Creek","Bon Homme County","Emmanuel Creek culvert at 307 Street",Tyndall,57066,Bon Homme,42.9375954,-97.9914856,,,,"","0.00","","Petroleum                                         ","20.00000",gallons,"Petroleum","Other(See Case File)","Other(See Case File)","Equipment","False","Immersed ",,"null",,"","231",7762
2003.127,"NFA",TF,8/6/2003,1/26/2006,True,"Schneider Property - Overturned Tank","Ray Schneider","820 2nd Street",Scotland,57059,Bon Homme,43.1466675,-97.71897,,,,"","0.00","","heating fuel                                      ","70.00000",gallons,"Petroleum","Other(See Case File)","Residential","AST","False","Overturned",,"null",,"","243",7774
2003.202,"C",KM,12/5/2003,1/2/2004,True,"Transport Fuel Leak -  Dairy Queen","Unknown","Highway 50",Tyndall,57066,Bon Homme,42.98271,-97.86239,,,,"","0.00","","diesel fuel                                       ","25.00000",gallons,"Petroleum","Other(See Case File)","Commercial","Truck Tank","False","Leakage",,"null",,"","231",7849
2004.027,"NFA",KH,2/4/2004,2/10/2004,True,"ATP - Patricias Hometown Floral","Patricia Schuurmans or Patricia Sutera","1615 Main Street",Tyndall,57066,Bon Homme,42.992012,-97.8621445,,,,"","0.00","","fuel oil                                          ","0.00000",,"Petroleum","ATP","Commercial","UST","False","Leakage",2739,"6702",,"","225,",7912
2004.043,"NFA",TF,2/23/2004,4/12/2010,True,"ATP - Mike Durfee State Prison - Armory","SD Department of Corrections  (SD DOC)","College, between 12th & 13th",Springfield,57062,Bon Homme,42.8589821,-97.89796,,,,"","0.00","","fuel oil                                          ","0.00000",,"Petroleum","ATP","Public","UST","False","Leakage",2753,"6722",,"","273",7928
2005.051,"C",BW,3/12/2005,4/8/2005,True,"CHS Transport @ Tabor Lumber - Tank Overfill","Cenex Harvest States (CHS) Transportation","Lidice Avenue, S of Hwy 50",Tabor,57063,Bon Homme,42.9414,-97.6595154,,,,"","0.00","","Gasoline                                          ","400.00000",gal,"Petroleum","Other(See Case File)","Commercial","AST","True","Overfill",,"6940",,"","238",8145
2005.258,"C",JL ,9/26/2005,2/18/2009,True,"CERCLA - Gavins Point FOST - Lewis and Clark Lake","U.S. Army Corps of Engineers","Northern bank of Lewis and Clark Lake",Springfield,57062,Bon Homme,42.8777847,-97.81278,,,,"null","null","","Diesel                                            ","null",,"Combined(See Case File)","CERCLIS","Public","Combined(See Case File)","False","Historical",,"null",,"null","null",14812
2006.011,"C",MH,1/25/2006,5/11/2010,True,"Agri Chem Release - Contaminated Soils","Coop Farmers Association",".5 m E of Scotland on 292nd Street",Scotland,57509,Bon Homme,43.1556,-97.71191,96N,58W,4,"SW","0.00","","Agri Chem                                         ","0.00000",,"Agri Chem","Other(See Case File)","Agricultural","Sprayer","False","Handling",,"null",05N051809,"","274",10447
2007.006,"C",TK,1/11/2007,8/6/2007,True,"Tabor Lumber Cooperative Fertilizer Spill","Tabor Lumber Cooperative - Daryl Feilmeier","30673 427th Ave",Tabor,57063,Bon Homme,42.9417267,-97.65525,94N,58W,23,"","0.00","","Liquid Fertilizer 10-34-0                         ","600.00000",gallons,"Agri Chem","Other(See Case File)","Commercial","Portable Tank","False","Leakage",,"null",,"","254",10652
2007.071,"NFA",BM,6/8/2007,12/3/2007,True,"Forefront Mixture Spill -Aviation Accident","Firefly Spraying LLC","42330 292nd Street",Scotland,57059,Bon Homme,43.1571655,-97.7285,96,58,5,"SW","0.00","","Fore Front Mixture                                ","230.00000",gallons,"Agri Chem","Other(See Case File)","Agricultural","Aircraft Tanks","False","Accident",,"null",07N051916,"","255",10911
2007.170,"C",RL,10/31/2007,10/31/2007,True,"Fatality Aviation Event - Tyndall Area","Mettler Aviation Inc.","~29820 420th Avenue",Tyndall,57066,Bon Homme,43.065834,-97.79317,95N,59W,10,"NE","0.00","","Jet A Aviation Fuel, Pesticides","0.00000",,"Other(See Case File)","Other(See Case File)","Agricultural","Aircraft Tanks","False","Accident",,"null",07N051915,"","255, 260",11019
2007.210,"NFA",KM,12/28/2007,1/15/2008,True,"Carb Cleaner Disposal - Mr. Golf Cart","Mr. Golf Cart Inc.","822 8th Street (alley behind business)",Springfield,57062,Bon Homme,42.85475,-97.89652,,,,"","0.00","","Carb Cleaner                                      ","0.00000",,"Chemical","Other(See Case File)","Commercial","Containers","False","Handling",,"null",,"","255",11079
2008.001,"C",TK,1/7/2008,2/1/2008,True,"Valve Release - Poet","Poet Research","851 Washington Street",Scotland,57059,Bon Homme,43.1468124,-97.72586,,,,"","0.00","","Process Beer                                      ","50.00000",gallons,"Other(See Case File)","Other(See Case File)","Industrial","Operating System","False","Valve Activation",,"null",,"","255",11080
2008.070,"C",RL,4/30/2008,5/16/2008,True,"Thin Stillage Spill - Poet","Poet Research Facility","851 Washington Street",Scotland,57059,Bon Homme,43.1471519,-97.72675,96N,58W,,"","0.00","","Thin Stillage                                     ","80.00000",gallons,"Other(See Case File)","Other(See Case File)","Industrial","Operating System","False","Equipment Failure",,"null",,"","256",11152
2008.082,"C",TK,5/13/2008,6/17/2008,True,"Line Leak - Poet Research Center","Poet Research Center","851 Washington Street",Scotland,57059,Bon Homme,43.14678,-97.72633,,,,"","0.00","","Sodium Hydroxide                                  ","50.00000",gallons,"Chemical","Other(See Case File)","Industrial","Operating System","False","Line Leak",,"null",,"","257",11166
2008.106,"NFA",KM,6/11/2008,7/11/2008,True,"Schortzman Property Lead Contamination","Scotland Skeet Club","Schortzman Property",Scotland,57059,Bon Homme,43.1516571,-97.71053,96N,58W,9,"","0.00","","lead                                              ","0.00000",,"Other(See Case File)","Other(See Case File)","Agricultural","Bullets and Shot","False","Past Practices",,"null",,"","258",11191
2008.113,"C",RL,6/23/2008,12/10/2008,True,"Petroleum Sheen - Barge @ Lake Access","LW Matteson","312th Street @ Lake Access",Springfield,57062,Bon Homme,42.8667,-97.74142,93N,58W,18,"","0.00","","Petroleum                                         ","0.00000",,"Petroleum","Surface Water","Other(See Case File)","Drums","False","Handling",,"null",,"","260",11198
2008.114,"C",RL,6/25/2008,7/31/2008,True,"Process Beer Release - Poet","Poet Research Center, Inc","851 Washington Street",Scotland,57059,Bon Homme,43.1471,-97.72562,96N,58W,,"","0.00","","Process Beer                                      ","100.00000",gallons,"Other(See Case File)","Other(See Case File)","Industrial","Operating System","False","Valve Activation",,"null",,"","258",11199
2008.134,"C",TK,7/17/2008,8/7/2008,True,"Poet Ethanol - Mash Spill","Poet","Poet Ethanol Plant",Scotland,57059,Bon Homme,43.1470375,-97.7264252,96N,58W,,"","0.00","","Mash","50.00000",gallons,"Other(See Case File)","Other(See Case File)","Industrial","Operating System","False","Pressure Spike",,"null",,"","258",11220
2008.182,"C",RL,9/17/2008,10/15/2008,True,"Transformer Oil Spill","City of Tyndall","East River Substation (1 mile NW of Tyndall)",Tyndall,57066,Bon Homme,43.00354,-97.89035,,,,"","0.00","","Transformer Oil Non-PCB                           ","25.00000",gallons,"Oil","Other(See Case File)","Industrial","Transformer","False","Equipment Failure",,"null",,"","259",11274
2009.015,"C",RL,2/18/2009,3/25/2009,True,"POET - Process Beer Spill","Poet Research Center, Inc.","851 Washington Street",Scotland,57059,Bon Homme,43.1470947,-97.7265,96N,58W,,"","0.00","","Process Beer                                      ","500.00000",gallons,"Other(See Case File)","Other(See Case File)","Industrial","Operating System","False","Power Failure",,"null",,"","264",11370
2009.032,"C",RL,4/24/2009,6/15/2009,True,"Overturned Fuel Tank @ Cuka Farm","Allen Cuka","42240 303rd Street",Tyndall,57066,Bon Homme,43.0000954,-97.74664,95N,58W,31,"SW","0.00","","Diesel                                            ","300.00000",gallons,"Petroleum","Other(See Case File)","Agricultural","AST","False","Overturned",,"7389",,"","265,270",11387
2009.037,"NFA",KM,5/2/2009,8/5/2009,True,"Transport Fertilizer Spill @ Farmers Coop Tank Farm","Fiegen Trucking","Dollard Street",Scotland,57059,Bon Homme,43.15525,-97.71199,96N,58W,4,"SW","0.00","","Liquid Fertilizer                                 ","4465.00000",gallons,"Agri Chem","Other(See Case File)","Commercial","Transport Trailer","False","Transport Accident",,"null",09N050212,"","266,268",11392
2009.190,"NFA",TF,11/30/2009,4/12/2010,True,"ATP - Mike Durfee Prison","SD Department of Corrections","1412 Wood Street",Springfield,57062,Bon Homme,42.861187,-97.89949,,,,"","0.00","","Fuel Oil                                          ","0.00000",,"Petroleum","ATP","Public","UST","False","Corrosion",3125,"7429",,"","273",11569
2010.009,"C",RL,1/26/2010,3/8/2010,True,"Overfilled Transport","Poet Research Cntr & MG Oil","851 Washington Street",Scotland,57059,Bon Homme,43.14591,-97.72673,,,,"","0.00","","Denatured Ethanol                                 ","50.00000",gallons,"Chemical","Other(See Case File)","Industrial","AST","True","Overfill",,"7476",,"","273",11592
2010.018,"C",TK,2/15/2010,3/17/2010,True,"POET - Tank Failure","POET Biorefining","851 Washington",Scotland,57059,Bon Homme,43.14681,-97.72637,,,,"","0.00","","sulfuric acid                                     ","1600.00000",gallons,"Chemical","Other(See Case File)","Industrial","AST","True","Tank Failure",,"null",,"","273",11603
2010.048,"C",TK,4/7/2010,6/2/2010,True,"Open Valve Spill - Poet","Poet Research Center","851 Washington Street",Scotland,57059,Bon Homme,43.1470757,-97.72642,96N,58W,,"","0.00","","Thin Stillage                                     ","500.00000",gallons,"Other(See Case File)","Other(See Case File)","Industrial","AST","False","Open Valve",,"null",,"","274",11633
2010.172,"NFA",RL,8/18/2010,6/15/2011,True,"Fuel Oil Spill - Fire Event","Ed Lancaster","708 West 16th Avenue",Tyndall,57066,Bon Homme,42.99141,-97.87217,,,,"","0.00","","Fuel Oil                                          ","60.00000",gallons,"Petroleum","Other(See Case File)","Residential","AST","False","Fire Event",,"null",,"","278",11763
2010.226,"NFA",JPA,10/8/2010,6/30/2011,True,"Petroleum Impacted Soils - Hoop Building Site","City of Tyndall","SE corner of Maple & 18th",Tyndall,57066,Bon Homme,42.9931831,-97.86083,,,,"","0.00","","Petroleum                                         ","0.00000",,"Petroleum","Other(See Case File)","Public","AST","False","Unknown",,"7558",,"","280",11836
2010.245,"C",RL,11/4/2010,12/6/2010,True,"Corn Slurry Spill - POET","POET Research Center","851 Washington Street",Scotland,57059,Bon Homme,43.1471,-97.72566,,,,"","0.00","","Corn Mash                                         ","50.00000",gallons,"Other(See Case File)","Other(See Case File)","Industrial","Operating System","False","Overflow",,"null",,"","279",11855
2010.270,"C",TK,12/8/2010,12/20/2010,True,"Open Valve Spill - Poet","POET Research Center","851 Washington Street",Scotland,57059,Bon Homme,43.14675,-97.72637,,,,"","0.00","","Potassium Hydroxide                               ","70.00000",gallons,"Chemical","Other(See Case File)","Industrial","Operating System","False","Open Valve",,"null",,"","279",11888
2011.014,"C",TK,2/2/2011,2/18/2011,True,"Line Leak - Poet","Poet Biorefining (Poet Research Center)","851 Washington Street  (W side of facility)",Scotland,57059,Bon Homme,43.14712,-97.72643,96,58,,"","0.00","","Thin Stillage (Corn & Water) NO ethanol           ","350.00000",gallons,"Other(See Case File)","Other(See Case File)","Industrial","Operating System","False","Line Leak",,"null",,"","279",11916
2011.019,"C",RL,2/7/2011,2/24/2011,True,"Wet Well Overflow - Poet","Poet Research Center","851 Washington Street",Scotland,57059,Bon Homme,43.1469536,-97.7265,,,,"","0.00","","Process Beer                                      ","100.00000",gallons,"Other(See Case File)","Other(See Case File)","Industrial","Operating System","False","Overflow",,"null",,"","279",11921
2011.188,"C",TK,10/28/2011,1/30/2012,True,"Tank Overfill - Poet","POET Biorefining","851 Washington Street",Scotland,57059,Bon Homme,43.1467667,-97.72586,,,,"","0.00","","Syrup                                             ","100.00000",gallons,"Other(See Case File)","Other(See Case File)","Industrial","AST","False","Overfill",,"null",,"","",12109
2012.088,"C",BM,5/2/2012,6/27/2012,True,"Avon Ferrell Gas Site - Tank decommissioning","Skinner Brothers","West Railway street at south end of Polar",Avon,57315,Bon Homme,43.00318,-98.0629959,,,,"","0.00","","Propane Tank Residue                              ","0.00000",,"Combined(See Case File)","Other(See Case File)","Commercial","AST","False","Handling",,"null",,"","287",12347
2012.095,"C",TK,5/21/2012,6/12/2012,True,"Stillage Overflow - Poet","Poet Research Center","851 Washington Street",Scotland,57059,Bon Homme,43.1469879,-97.72648,,,,"","0.00","","Thin Stillage                                     ","200.00000",gallons,"Other(See Case File)","Other(See Case File)","Industrial","Operating System","False","Overflow",,"null",,"","286",12354
2012.113,"C",TK,6/11/2012,7/18/2012,True,"Shuttle Tank - Open Valve Spill","Tabor Lumber Cooperative","30673 427th Avenue",Tabor,57063,Bon Homme,42.9416,-97.65522,,,,"","0.00","","Liquid Fertilizer 28%                             ","75.00000",gallons,"Agri Chem","Other(See Case File)","Commercial","Portable Tank","False","Vandalism",,"null",12S061115,"","287",12374
2012.190,"C",TK,9/17/2012,10/19/2012,True,"POET - Tank Overfill","Poet Biorefining","851 Washington Street",Scotland,57059,Bon Homme,43.14581,-97.7267456,,,,"","0.00","","ethanol                                           ","110.00000",gallons,"Petroleum","Other(See Case File)","Industrial","AST","True","Overfill",,"null",,"","288",12462
2013.008,"C",RL,1/25/2013,3/1/2013,True,"Process Spill - Poet Research Center","Poet Biorefining","851 Washington Street",Scotland,57059,Bon Homme,43.1469955,-97.7269,,,,"","0.00","","stillage","100.00000",gallons,"Other(See Case File)","Other(See Case File)","Industrial","Operating System","False","Overflow",,"null",,"","289",12558
2013.030,"C",RL,2/28/2013,3/27/2013,True,"Tank Overflow - Poet Research Center","Poet Research Center","851 Washington Street",Scotland,57059,Bon Homme,43.146904,-97.7268753,,,,"","0.00","","Filtrate                                          ","50.00000",gallons,"Other(See Case File)","Other(See Case File)","Industrial","AST","False","Overflow",,"null",,"","290",12581
2013.032,"C",RL,3/4/2013,4/3/2013,True,"Tank Overflow - Poet Research Center","Poet Biorefining","851 Washington Street",Scotland,57059,Bon Homme,43.1468964,-97.7268753,,,,"","0.00","","Wastewater                                        ","750.00000",gallons,"Other(See Case File)","Other(See Case File)","Industrial","AST","False","Overflow",,"null",,"","290",12583
2013.073,"NFA",RL,5/7/2013,11/18/2013,True,"Sprayer Open Valve Spill - Kapps Property","Cargill Inc.","40778 292nd Street",Tripp,57376,Bon Homme,43.15656,-98.03308,,,,"","0.00","","Agri Chem                                         ","465.00000",gallons,"Agri Chem","Other(See Case File)","Agricultural","Sprayer","False","Open Valve",,"null",13N050706,"","295",12633
2013.115,"C",RL,6/24/2013,7/23/2013,True,"Process Beer Spill - Poet Research Center","Poet Biorefining","851 Washington Street",Scotland,57059,Bon Homme,43.1471176,-97.72627,,,,"","0.00","","Process Beer                                      ","100.00000",gallons,"Other(See Case File)","Other(See Case File)","Industrial","Operating System","False","Equipment Failure",,"null",,"","294",12678
2013.132,"NFA",GMS,7/8/2013,1/22/2016,True,"Contamination Complaint - Farmers Coop","Farmers Coop Elevator","NE at 406th and West 2nd",Avon,57315,Bon Homme,43.0070152,-98.06943,,,,"","0.00","","Agri Chem                                         ","0.00000",,"Agri Chem","Other(See Case File)","Commercial","Containers","False","Handling",,"null",13N070823,"","302",12695
2013.170,"C",TK,7/26/2013,7/29/2013,True,"Process Beer Spill - Poet Research Center","Poet Biorefining","851 Washington Street",Scotland,57059,Bon Homme,43.1469765,-97.72622,,,,"","0.00","","Process Beer                                      ","50.00000",gallons,"Other(See Case File)","Other(See Case File)","Industrial","Operating System","False","Equipment Failure",,"null",,"","294",12740
2013.283,"C",KN,12/13/2013,1/9/2014,True,"POET Syrup","POET Research Center","851 Washington Street",Scotland,57059,Bon Homme,43.14688,-97.72619,,,,"","0.00","","Syrup                                             ","2000.00000",Gallons,"Other(See Case File)","Other(See Case File)","Industrial","Transport Trailer","False","Disconnected Hose ",,"null",,"","296",12888
2014.029,"C",RL,2/21/2014,6/26/2014,True,"Johnson Property - Overturned Tank","Tim Johnson","40723 302nd Street",Avon,57315,Bon Homme,43.00925,-98.04596,,,,"","0.00","","Fuel Oil                                          ","0.00000",,"Petroleum","Other(See Case File)","Residential","AST","False","Overturned",,"7916",,"","296",12951
2014.034,"C",KN,2/27/2014,3/27/2014,True,"Recycled Water Release - Poet","POET Research Center","851 Washington Street",Scotland,57059,Bon Homme,43.14677,-97.72637,,,,"","0.00","","Recycled Water                                    ","200.00000",Gallons,"Other(See Case File)","Other(See Case File)","Industrial","Operating System","False","Equipment Failure",,"null",,"","296",12956
2015.008,"C",KN ,1/15/2015,1/29/2015,True,"POET Ethanol Spill","POET Biorefining","851 Washington Street",Scotland,57059,Bon Homme,43.14694,-97.7263,,,,"null","null","null","Ethanol                                           ","90.00000",Gallons,"Other(See Case File)","Other(See Case File)","Industrial","Operating System","False","Equipment Failure",,"null",,"null","298",13283
2015.187,"NFA",GMS,9/19/2015,5/24/2019,True,"Burlington Northern Sante Fe (BNSF) - Ethanol Derail","Burlington Northern Sante Fe (BNSF) Railroad","426 Avenue",Scotland,57059,Bon Homme,43.088768,-97.6769257,,,,"null","null","null","Denatured Ethanol                                 ","null",,"Other(See Case File)","Other(See Case File)","Other(See Case File)","Railcar","False","Derail",,"null",,"null","null",13489
2015.210,"C",RL ,10/22/2015,12/4/2015,True,"Recycled Water Release - POET","POET Research Center","851 Washington Street",Scotland,57053,Bon Homme,43.1465721,-97.7264,,,,"null","null","null","Recycled Water                                    ","100.00000",gallons,"Other(See Case File)","Other(See Case File)","Industrial","Operating System","False","Overflow",,"null",,"null","301",13513
2016.011,"C",RL ,1/21/2016,2/23/2016,True,"Recycled Water Release - POET Research Center","POET Research Center","851 Washington Street",Scotland,57053,Bon Homme,43.1463928,-97.7263641,,,,"null","null","null","Recycled Water                                    ","125.00000",gallons,"Other(See Case File)","Other(See Case File)","Industrial","Operating System","False","Overflow",,"null",,"null","302",13594
2016.036,"C",KM ,2/20/2016,2/22/2016,True,"Drinking Water Release - POET Research Center","POET Research Center","851 Washington Street",Scotland,57053,Bon Homme,43.14754,-97.7272644,,,,"null","null","null","Treated Drinking Water","10000.00000",gallons,"Other(See Case File)","Other(See Case File)","Industrial","Operating System","False","Damage",,"null",,"null","302",13620
2016.046,"NFA",KN ,3/14/2016,6/13/2016,True,"Dry Fertilizer Spill - Structure Failure","Coop Farmers Inc","431 Railway Street",Scotland,57059,Bon Homme,43.1524277,-97.72017,,,,"null","null","null","Dry Fertilizer                                    ","150.00000",tons,"Agri Chem","Other(See Case File)","Commercial","Storage Structure","False","Structure Failure",,"null",16SP030804,"null","null",13630
2016.184,"C",RL ,10/10/2016,10/12/2016,True,"Water Release - POET Research Facility","POET Biorefining","851 Washington Street",Scotland,57053,Bon Homme,43.1470032,-97.72588,,,,"null","null","null","Filtered Water (permeate)","110.00000",gallons,"Other","Other(See Case File)","Industrial","AST","False","Overfill",,"null",,"null","null",13785
2017.053,"NFA",KN ,4/27/2017,4/28/2017,True,"Poet Research Center - Waste Water","Poet Research Center","851 Washington Street",Scotland,57059,Bon Homme,43.146904,-97.72637,,,,"null","null","null","Wastewater                                        ","50.00000",Gallons,"Other(See Case File)","Other(See Case File)","Industrial","AST","False","Tank Leak",,"null",,"null","null",13974
2017.148,"C",TF ,8/9/2017,8/10/2017,True,"ATP - Tyndall School","Bon Homme School District","1404 Fir Street",Tyndall,57066,Bon Homme,42.98977,-97.86903,,,,"null","null","null","Diesel                                            ","null",,"Petroleum","ATP","Public","UST","False","Spillage",3591,"8299",,"null","null",14086
2017.217,"C",KM ,12/8/2017,12/11/2017,True,"Former Izaak Walton League Pistol Range","SD Department of Game, Fish and Parks","Lewis and Clark Recreation Area",Springfield,57062,Bon Homme,42.8727951,-97.82934,,,,"null","null","null","Lead                                              ","null",,"Other(See Case File)","Other(See Case File)","Public","shooting range","False","Past Practices",,"null",,"null","null",14164
2018.047,"C",KN ,3/29/2018,7/9/2018,True,"Caseys - Gasoline Spill","Caseys General Store ","609 Main Street",Tyndall,57066,Bon Homme,42.982502,-97.86229,,,,"null","null","null","Gasoline","50.00000",Gallons,"Petroleum","Other(See Case File)","Commercial","Transport Truck","False","Operational Error",,"8366",,"null","null",14225
2018.168,"NFA",TF ,9/20/2018,9/10/2019,True,"ATP - Former Creamery Site","Mike Golter","NW at Main and Railroad",Scotland,57059,Bon Homme,43.15007,-97.72179,,,,"null","null","null","Diesel                                            ","null",,"Petroleum","ATP","Commercial","UST","False","Immersed  ",3650,"8406",,"null","null",14354
2019.194,"C",NS ,10/23/2019,11/19/2019,True,"Brownfields - Former Residence","City of Scotland","913 3rd Street",Scotland,57059,Bon Homme,43.14637,-97.7172241,,,,"null","null","Informational Devices","Asbestos                                          ","null",,"Other","Brownfields","Residential","Construction Materials","False","Historical",,"null",,"null","null",14640
2020.069,"O",TK ,6/2/2020,,,"oil on gravel driveway","Tom Esterling","5316 Poplar Street",Springfield,57062,Bon Homme,42.7735,-97.98028,,,,"null","null","null","Motor Oil                                         ","null",,"Petroleum","Other(See Case File)","Residential","Handling","False","Dumping",,"null",,"null","null",14760
2020.142,"NFA",JAM,9/24/2020,7/6/2021,True,"Semi Collision - Derby Trucking","Derby Trucking","SD Highway 37 and SD Highway 46",Avon,57315,Bon Homme,43.08232,-97.9694748,,,,"null","null","null","Diesel","70.00000",gallons,"Petroleum","Other(See Case File)","Other(See Case File)","Regulator","False","Transport Accident",,"null",,"null","null",14846
2021.005,"C",JAM,1/12/2021,2/17/2021,True,"Anhydrous Ammonia - POET Scotland","POET Research Center","851 Washington Street",Scotland,57059,Bon Homme,43.1472931,-97.72683,,,,"null","null","null","Anhydrous Ammonia                                 ","150.00000",pounds,"Chemical","Other(See Case File)","Industrial","AST","False","Pressure Spike",,"null",,"null","null",14910
2022.007,"C",SB ,1/10/2022,2/22/2022,True,"Overfilled AST - Farmers Coop","Gerstner Oil","40623 SD Highway 50",Avon,57315,Bon Homme,43.009697,-98.0647,,,,"null","null","null","Diesel                                            ","700.00000",gallons,"Petroleum","Other(See Case File)","Agricultural","AST","True","Overfill",,"null",,"null","null",15147
2022.011,"NFA",JPA,1/14/2022,3/21/2023,True,"ATP - Avon School","Avon School District 4-1","210 North Pine Street",Avon,57315,Bon Homme,43.0055237,-98.0563354,,,,"null","null","null","Fuel Oil","null",,"Petroleum","ATP","Public","UST","False","Leaks and Spills",3754,"8605",,"null","null",15151
2022.030,"C",NS ,2/18/2022,4/20/2022,True,"Brownfields - Tabor Downtown Properties","Planning and Development District 3","114, 118, 120 North Lidice Street",Tabor,57063,Bon Homme,42.9491844,-97.65916,,,,"null","null","null","Asbestos                                          ","null",,"Other(See Case File)","Brownfields","Commercial","Construction Materials","False","Past Practices",,"null",,"null","null",15172
2022.073,"C",GK,5/9/2022,7/11/2022,True,"POET - Ethanol in containment","POET Biorefining","851 Washington Street",Scotland,57059,Bon Homme,43.1457253,-97.7268,,,,"null","null","null","Ethanol                                           ","50.00000",gallons,"Chemical","Other(See Case File)","Industrial","AST","True","Equipment Failure",,"null",,"null","null",15218
2022.110,"C",JAM,6/27/2022,11/30/2022,True,"Tank Mix spill into ditch","Central Farmers Elevator","424th Avenue (1.6 S of 292nd Street)",Scotland,57059,Bon Homme,43.130764,-97.65725,,,,"null","null","null","Agri Chem                                         ","700.00000",Gallons,"Agri Chem","Other(See Case File)","Agricultural","Tank","False","Equipment Failure",,"null",22JM062711,"null","null",15257
2022.125,"C",JAM,7/14/2022,8/8/2022,True,"Corn Syrup Overfill - Scotland POET","POET Research Center","851 Washington Street",Scotland,57059,Bon Homme,43.14646,-97.72636,,,,"null","null","null","Corn Syrup","300.00000",gallons,"Other(See Case File)","Other(See Case File)","Industrial","AST","False","Equipment Failure",,"null",,"null","null",15274
2022.169,"C",GK,10/14/2022,11/18/2022,True,"POET Research Center Clarified Stillage","POET Research Center","851 Washington Street",Scotland,57059,Bon Homme,43.1472626,-97.72652,96N,58W,8,"NE1/4","null","null","stillage","150.00000",gallons,"Other(See Case File)","Other(See Case File)","Industrial","AST","False","Equipment Failure",,"null",,"null","null",15324
2022.180,"C",NS ,11/1/2022,1/17/2023,True,"Brownfields -  Lidice Street","Planning and Development District III","114, 118, 120 North Lidice Street",Tabor,57063,Bon Homme,42.9490471,-97.65916,,,,"null","null","null","Asbestos                                          ","null",,"Other(See Case File)","Brownfields","Commercial","Construction Materials","False","Past Practices",,"null",,"null","null",15335
2022.181,"O",NS ,11/2/2022,,True,"Brownfields - Springfield Water Treatment Plant","City of Springfield","401 8th Street",Springfield,57062,Bon Homme,42.8535957,-97.88963,,,,"null","null","null","Unknown                                           ","null",,"Other(See Case File)","Brownfields","Public","Unknown(See Case File)","False","Unknown",,"null",,"null","null",15336
2023.053,"C",SB,5/8/2023,6/2/2023,True,"Tabor Lumber truck overfill","Tabor Lumber","218 E. Szymanski St.",Tabor,57063,Bon Homme,42.94456,-97.65452,,,,"null","null","null","Diesel                                            ","50.00000",gallons,"Petroleum","Other(See Case File)","Commercial","AST","False","Open Valve",,"null",,"null","null",15439
2023.100,"C",GK,8/7/2023,9/6/2023,True,"POET Research Corn Syrup","POET Research","851 Washington Street",Scotland,57069,Bon Homme,43.1467743,-97.7272,,,,"null","null","null","Corn Syrup","75.00000",gallons,"Other(See Case File)","Other(See Case File)","Industrial","AST","False","Overfill",,"null",,"null","null",15491
2023.193,"NFA",MJP,12/20/2023,6/10/2024,True,"POET Scotland - Wastewater","POET","851 Washington Street",Scotland,57059,Bon Homme,43.1469345,-97.7251358,,,,"null","null","null","Wastewater                                        ","6000.00000",Gallons,"Other","Other(See Case File)","Commercial","Tank","False","Equipment Failure",,"null",,"null","null",15606
7777.011,"T",,,,False,"Former Landfill Site - Scotland","City of Scotland","29280 Hwy 25 (approximate)",Scotland,57059,Bon Homme,43.1433449,-97.71506,96N,58W,9,"SW","0.00","","                                                  ","0.00000",,"Other(See Case File)","Former Landfill","Other(See Case File)","Wastes","False","Past Practices",,"null",,"SW277","",12280
8888.034,"T",,,,True,"Clandestine Drug Lab Seizure (vehicle)","Unknown","41107 Hwy 46",Avon,57315,Bon Homme,43.0821,-97.96827,,,,"","0.00","","various                                           ","0.00000",,"Other(See Case File)","Clandestine Drug Lab","Other(See Case File)","Drug Making Material","False","null",,"null",,"","",12223
9999.039,"W",,,,True,"Withdrawn ATP - Gough Property","Robert Gough","808 Main Street",Tyndall,57066,Bon Homme,42.98367,-97.86343,,,,"","0.00","","                                                  ","0.00000",,"Other(See Case File)","Withdrawn ATP","Residential","Other(See Case File)","False","null",654,"4590",,"","249",10694
9999.277,"W",,7/29/2019,,True,"Withdrawn ATP - Cardinal Fitness","Cardinal Fitness","100 West Yankton Street",Tabor,57063,Bon Homme,42.9503975,-97.65915,,,,"null","null","null","Gasoline","null",,"Other(See Case File)","Withdrawn ATP","Commercial","UST","False","null",3675,"8462",,"null","null",14698
90057.000,"C",DM ,8/9/1990,8/17/1990,True,"1990 Tank Removals - Former Otts Service"," M. L. Pudwill","300 North Maple",Avon,57315,Bon Homme,43.00635,-98.05833,,,,"null","null","null","null","null",,"Other(See Case File)","Other(See Case File)","Commercial","UST","True","No Release",,"null",,"null","null",13928
91071.000,"C",KM,12/16/1991,12/16/1991,True,"US West Facility","US West","1/4 mile S. and 1/2 mile E. of Avon, SD",Avon,57315,Bon Homme,42.9956,-98.0503,,,,"","0.00","","                                                  ","0.00000",,"Other(See Case File)","Clean Site","Other(See Case File)","UST","False","No Release",,"null",,"","",8358
2001065.000,"C",KM,6/27/2001,7/16/2001,True,"Clean ATP - Harlan DeJong Farm","Harlan DeJong","40983 314th Street",Springfield,57062,Bon Homme,42.8360176,-97.9958038,,,,"","0.00","","                                                  ","0.00000",,"Other(See Case File)","ATP","Agricultural","UST","False","No Release",1316,"5347",,"","205",8929
2001066.000,"C",KM,6/27/2001,7/16/2001,True,"Clean ATP - Leon Vanderlei Farm","Leon Vanderlei","40846 312th Street",Springfield,57062,Bon Homme,42.86756,-98.02199,,,,"","0.00","","                                                  ","0.00000",,"Other(See Case File)","ATP","Agricultural","UST","False","No Release",1473,"5478",,"","205,257",8930
2001067.000,"C",KM,6/27/2001,7/16/2001,True,"Clean ATP - Leon Vanderlei Property","Leon Vanderlei","40907 312th Street",Springfield,57062,Bon Homme,42.86507,-98.00904,,,,"","0.00","","                                                  ","0.00000",,"Other(See Case File)","ATP","Agricultural","UST","False","No Release",1461,"5422",,"","205",8931
2001068.000,"C",KM,6/27/2001,7/16/2001,True,"Clean ATP - Joe Pechous Farm","Joe Pechous","30436 426th Street",Tabor,57063,Bon Homme,42.9759331,-97.6734,,,,"","0.00","","                                                  ","0.00000",,"Other(See Case File)","ATP","Agricultural","UST","False","No Release",1451,"5391",,"","205",8932
2001069.000,"C",KM,6/27/2001,7/16/2001,True,"Clean ATP - Ron Hovorka Property","Ron Hovorka","318 West Chicago Street",Tabor,57063,Bon Homme,42.9487953,-97.66338,,,,"","0.00","","                                                  ","0.00000",,"Other(See Case File)","ATP","Residential","UST","True","No Release",1460,"5421",,"","205",8933
2001070.000,"C",KM,6/27/2001,7/16/2001,True,"Clean ATP - Rembold Property","Marlene L. Rembold","541 4th Street",Scotland,57059,Bon Homme,43.15008,-97.71585,,,,"","0.00","","                                                  ","0.00000",,"Other(See Case File)","ATP","Residential","UST","False","No Release",493,"4426",,"","204",8934
2001071.000,"C",KM,6/27/2001,7/16/2001,True,"Clean ATP - Former Phillips 66","Steve List","111 West 4th Street  (SE @ 4th & Dollard)",Scotland,57059,Bon Homme,43.1547737,-97.71603,,,,"","0.00","","                                                  ","0.00000",,"Other(See Case File)","ATP","Commercial","UST","True","No Release",960,"4995",,"","204",8935
2001072.000,"C",KM,6/27/2001,7/16/2001,True,"Clean ATP - Former Station","Leola Hornstra","Old Hwy 37 (314 Street)",Springfield,57062,Bon Homme,42.8453369,-97.9204941,,,,"","0.00","","                                                  ","0.00000",,"Other(See Case File)","ATP","Commercial","UST","False","No Release",231,"4021",,"","204",8936
2001073.000,"C",KM,6/27/2001,7/16/2001,True,"Clean ATP - Leola Hornstra Property","Leola Hornstra","514 6th Street",Springfield,57062,Bon Homme,42.8523445,-97.8922,,,,"","0.00","","                                                  ","0.00000",,"Other(See Case File)","ATP","Residential","UST","False","No Release",1149,"5112",,"","204",8937
2001074.000,"C",KM,6/27/2001,7/16/2001,True,"Clean ATP - Mesman Farm Supply","Linda Mesman","Old Highway 37  (Walnut)",Springfield,57062,Bon Homme,42.86167,-97.89097,,,,"","0.00","","                                                  ","0.00000",,"Other(See Case File)","ATP","Commercial","UST","True","No Release",1276,"5259",,"","205",8938
2001087.000,"C",KM,6/27/2001,11/8/2002,True,"Clean ATP - Bernard Kubal Farm","Bernard Kubal","42262 307th Street",Tabor,57063,Bon Homme,42.9384651,-97.7411652,,,,"","0.00","","                                                  ","0.00000",,"Other(See Case File)","ATP","Agricultural","UST","False","No Release",1864,"5766",,"","220",8951
2001088.000,"C",KM,7/20/2001,8/2/2001,True,"Clean ATP - Blane Nagel Farm","Blane Nagel","41209 312th Street   (Hwy 37)",Springfield,57062,Bon Homme,42.8636322,-97.9482651,,,,"","0.00","","                                                  ","0.00000",,"Other(See Case File)","ATP","Agricultural","UST","False","No Release",1277,"5261",,"","205",8952
2001089.000,"C",KM,7/20/2001,8/9/2001,True,"Clean ATP - Van Osdel Property","Ivan & Wade Van Osdel","41109 SD Highway 50",Tyndall,57066,Bon Homme,42.99509,-97.9704,,,,"","0.00","","                                                  ","0.00000",,"Other(See Case File)","ATP","Agricultural","UST","False","No Release",1245,"5264",,"","205",8953
2001092.000,"C",KM,7/20/2001,8/2/2001,True,"Clean ATP- Ron Wagner Property","Ron Wagner","407 East 14th Avenue",Tyndall,57066,Bon Homme,42.9887428,-97.8570251,,,,"","0.00","","                                                  ","0.00000",,"Other(See Case File)","ATP","Residential","UST","True","No Release",769,"4711",,"","204",8956
2001093.000,"C",KM,7/20/2001,8/2/2001,True,"Clean ATP - Whittmeier Property","Robert Whittmeier","111 West 16th Avenue",Tyndall,57066,Bon Homme,42.99081,-97.86388,,,,"","0.00","","                                                  ","0.00000",,"Other(See Case File)","ATP","Commercial","UST","True","No Release",163,"4074",,"","204",8957
2001094.000,"C",KM,7/20/2001,8/2/2001,True,"Clean ATP - Saint Leo's Church","Saint Leo's Catholic Church","100 East 20th Avenue",Tyndall,57066,Bon Homme,42.9964256,-97.86162,,,,"","0.00","","                                                  ","0.00000",,"Other(See Case File)","ATP","Other(See Case File)","UST","False","No Release",496,"4429",,"","204",8958
2002127.000,"C",KM,9/27/2002,10/25/2002,True,"Clean ATP - Bon Homme County Property","Bon Homme County","18th Avenue and Holly Street",Tyndall,57066,Bon Homme,42.9937057,-97.86661,,,,"","0.00","","                                                  ","0.00000",,"Other(See Case File)","ATP","Public","UST","False","No Release",2591,"6523",,"","220",9990
2002130.000,"C",KM,9/26/2002,10/25/2002,True,"Clean ATP - Stevenson Property","Hugh Stevenson","411 Poplar Street",Scotland,57059,Bon Homme,43.1504173,-97.71788,,,,"","0.00","","                                                  ","0.00000",,"Other(See Case File)","ATP","Residential","UST","False","No Release",2441,"6368",,"","220",9993
2002131.000,"C",KM,9/26/2002,10/25/2002,True,"Clean ATP - Berndt Property","Greg Berndt","1907 Holly Street",Tyndall,57066,Bon Homme,42.9949951,-97.86654,,,,"","0.00","","                                                  ","0.00000",,"Other(See Case File)","ATP","Residential","UST","True","No Release",2426,"6363",,"","220",9994
2002132.000,"C",KM,9/26/2002,10/25/2002,True,"Clean ATP - Brunken Property","Daniel Brunken","612 7th Street",Springfield,57062,Bon Homme,42.8534241,-97.89369,,,,"","0.00","","                                                  ","0.00000",,"Other(See Case File)","ATP","Residential","UST","False","No Release",2327,"6268",,"","220",9995
2002134.000,"C",KM,9/26/2002,10/25/2002,True,"Clean ATP - Swenson Property","Christi Swenson","511 Williams Street  (SW @ 2nd & Williams)",Scotland,57059,Bon Homme,43.144352,-97.71904,,,,"","0.00","","                                                  ","0.00000",,"Other(See Case File)","ATP","Residential","UST","True","No Release",2232,"6168",,"","220",9997
2002135.000,"C",KM,9/26/2002,10/25/2002,True,"Clean ATP - Petrik-Kelley Funeral Home","John Kelley","1806 Laurel Street",Tyndall,57066,Bon Homme,42.9938736,-97.86444,,,,"","0.00","","                                                  ","0.00000",,"Other(See Case File)","ATP","Commercial","UST","False","No Release",1823,"5784",,"","220",9998
2004003.000,"C",KH,2/4/2004,2/5/2004,True,"Clean ATP - St. Michaels Hospital","St. Michaels Hospita","410 West 16th",Tyndall,57066,Bon Homme,42.991333,-97.86805,,,,"","0.00","","                                                  ","0.00000",,"Other(See Case File)","ATP","Other(See Case File)","UST","False","No Release",2683,"6629",,"","225,",10215
2013010.000,"C",TF,5/13/2013,5/13/2013,True,"Clean ATP - SD DOT Shop","SD Department of Transportation","708 W Hwy 50",Tyndall,57066,Bon Homme,42.9847832,-97.86888,,,,"","0.00","","                                                  ","0.00000",,"Other(See Case File)","ATP","Other(See Case File)","UST","True","No Release",3284,"7779",,"","290",12640
2016014.000,"C",TF ,9/15/2016,9/16/2016,True,"Clean ATP - Coop Farmers Inc","Coop Farmers Inc.","431 Railway Road",Scotland,57059,Bon Homme,43.15154,-97.7194748,,,,"null","null","null","null","null",,"Other(See Case File)","ATP","Commercial","UST","True","No Release",3538,"8204",,"null","null",13769
2020002.000,"C",KF ,5/13/2020,10/29/2020,True,"Clean ATP - Mike Durfee State Prison","Mike Durfee State Prison","1412 Wood Street",Springfield,57062,Bon Homme,42.8619652,-97.90142,,,,"null","null","null","null","null",,"Other(See Case File)","ATP","Other(See Case File)","UST","True","No Release",3669,"8450",,"null","null",14733