id,status,r1,date_rep,date_close,image,site_name,resp_party,street,city,zip_code,county,latitude,longitude,township,range,section,secq1,acreage,instctrls,material,amount,units,spill_cat,site_type,proptype,sor_type,regulated,cause_type,atp_no,prcfnumber,ag_no,solidwaste,microroll,siteid
84.096,"C",JA,9/24/1984,2/16/1993,True,"Lawrence Farm - Basement","Unknown","UNKNOWN",Wood,57585,Mellette,43.50081,-100.4893,,,,"","0.00","","Toxaphene                                         ","0.00000",,"Agri Chem","Other(See Case File)","Agricultural","Containers","False","Spillage",,"null",,"","235",267
90.293,"NFA",KH,7/17/1990,8/13/2002,True,"Farmers Co-op Oil Company - Multiple Sites","Dakota Pride Cooperative","Highway 83",White River,57579,Mellette,43.570137,-100.749786,,,,"","0.00","","Gasoline                                          ","0.00000",,"Petroleum","Other(See Case File)","Commercial","UST","True","Leakage",,"1115",,"","202,209, 228",1528
90.371,"C",KM,8/21/1990,6/21/1991,True,"Norris Standard Service - Complaint","Alvin Huber","Service Station",Norris,56560,Mellette,43.4678879,-101.197845,,,,"","0.00","","Petroleum                                         ","0.00000",,"Petroleum","Other(See Case File)","Commercial","UST","True","Spillage",,"1218",,"","",1606
90.627,"NFA",KH,12/12/1990,8/13/2002,True,"Didier - NAPA - Former Coop Station Site","Monica Didier","Highway 83",White River,57579,Mellette,43.570282,-100.749649,42N,29E,35,"SW","0.00","","Petroleum                                         ","0.00000",,"Petroleum","Other(See Case File)","Commercial","UST","True","Leaks and Spills",,"1288",,"","199,209, 228",1862
91.115,"C",KM,3/29/1991,10/9/1991,True,"Oil release on roadway","Unknown","Highway 83 - along roadway surface",White River,57579,Mellette,43.5799255,-100.750053,,,,"","0.00","","Oil                                               ","0.00000",,"Oil","Other(See Case File)","Other(See Case File)","Unknown(See Case File)","False","Unknown",,"null",,"","",2005
91.304,"NFA",KH,7/11/1991,8/13/2002,True,"Gillen's Texaco - Tank Replacements","Matt Gillen","U.S. Highway 83 ",White River,57579,Mellette,43.5708961,-100.749672,,,,"","0.00","","Petroleum                                         ","0.00000",,"Petroleum","Other(See Case File)","Commercial","UST","True","Leakage",,"1533",,"","202,210, 228",2194
92.036,"C",TK,2/7/1992,6/18/1993,True,"Womco Ben Wheeler Company Transport Event","Womco Inc","Highway 83",White River,57579,Mellette,43.5328941,-100.733482,41N,29W,14,"NE","0.00","","Transformer oil                                   ","40.00000",gallons,"Oil","Other(See Case File)","Other(See Case File)","Transformer","False","Damage",,"null",,"","",2626
93.146,"C",RC,6/4/1993,9/9/1993,True,"Gas & Git - Tank Replacement -  Surface Spills","Jim Storm","Hwy. 83, East Side",White River,57579,Mellette,43.56766,-100.749641,,,,"","0.00","","Gasoline                                          ","0.00000",,"Petroleum","Other(See Case File)","Commercial","UST","True","Spillage",,"1861",,"","",3161
93.229,"C",TK,7/21/1993,8/24/1993,True,"Bob Bak Stock Dam","Mellette County Weed and Pest","Highway 83  (S of DOT yard)",White River,57579,Mellette,43.55884,-100.74807,,,,"","0.00","","Tordon                                            ","0.00000",,"Agri Chem","Surface Water","Other(See Case File)","Sprayer","False","Handling",,"null",,"","",3244
98.129,"C",KM,6/3/1998,7/15/1998,True,"Transport Event","Transport Design","Highway 83",White River,57579,Mellette,43.70326,-100.693443,43N,28W,18,"","0.00","","diesel                                            ","75.00000",gallons,"Petroleum","Other(See Case File)","Other(See Case File)","Truck Tank","False","Transport Accident",,"null",,"","",5237
98.246,"C",TF,9/11/1998,9/23/1998,True,"Mellette County Shop - Tank Removals","Mellette County","Mellette County Shop",Norris,57560,Mellette,43.46815,-101.196678,,,,"","0.00","","petroleum                                         ","0.00000",,"Petroleum","Other(See Case File)","Public","UST","True","Spillage",,"3484",,"","",5354
98.252,"C",KH,9/15/1998,11/18/1999,True,"Cedar Butte Store - Tank System Removal","Cedar Butte Store - Lewis Fuerst","Highway 44",Cedar Butte,57579,Mellette,43.5775642,-101.018494,42,31,33,"","0.00","","gasoline                                          ","0.00000",,"Petroleum","Other(See Case File)","Commercial","UST","True","Leakage",,"3561",,"","",5360
98.373,"C",TF,12/3/1998,2/18/2000,True,"Adrian Land and Cattle - Line Leak","Adrian Land and Cattle Company","19 miles SW of White River",White River,57579,Mellette,43.42257,-100.94696,40N,31W,24,"SW","0.00","","diesel fuel                                       ","0.00000",,"Petroleum","Other(See Case File)","Other(See Case File)","UST","True","Line Leak",,"3599",,"","",5481
99.291,"NFA",TF,7/12/1999,3/25/2009,True,"ATP 3 - Former Dewey's Service","Owner Dewey Larson","NW at 1st and Main St",Wood,57585,Mellette,43.4983,-100.478081,41N,27W,25,"SE","0.00","","gasoline                                          ","0.00000",,"Petroleum","ATP","Commercial","UST","True","Leakage",318,"3844",,"","263,270",5838
2001.865,"C",KM,9/10/2001,3/4/2002,True,"ATP - Jones Law Office & Jones Property","Eugene Jones","Main St & Investment Ave",White River,57579,Mellette,43.5679932,-100.572388,,,,"","0.00","","gasoline                                          ","0.00000",,"Petroleum","ATP","Commercial","UST","True","Spillage",316,"4250",,"","207",7147
2001.866,"C",KM,9/11/2001,3/4/2002,True,"ATP - Mellette County Courthouse","Mellette County","Courthouse",White River,57579,Mellette,43.56924,-100.746284,,,,"","0.00","","fuel oil                                          ","0.00000",,"Petroleum","ATP","Public","UST","False","Spillage",1930,"5876",,"","207",7148
2001.869,"C",KM,9/11/2001,3/4/2002,True,"ATP - Former Ryno Oil","Scott Dimond","Dimond Property",Wood,57585,Mellette,43.49826,-100.478271,,,,"","0.00","","Petroleum                                         ","0.00000",,"Petroleum","ATP","Commercial","UST","True","Spillage",2089,"6047",,"","207",7151
2002.043,"C",BM,4/17/2002,5/8/2002,True,"Transport Event","Jay & Gary Wendt","MM 37 on Highway 83",White River,57579,Mellette,43.4638748,-100.740616,,,,"","0.00","","Diesel                                            ","0.00000",,"Petroleum","Other(See Case File)","Other(See Case File)","Truck Tank","False","Transport Accident",,"null",,"","203",7324
2002.358,"NFA",KM,4/15/2003,8/15/2003,True,"ATP - SD DOT Maintenance Shop","SD Department of Transportation (SD DOT)","Highway 83 South",White River,57579,Mellette,43.56212,-100.749077,41N,29W,2,"NW","0.00","","motor oil                                         ","0.00000",,"Oil","ATP","Public","UST","True","Spillage",2636,"6573",,"","227",7639
2003.108,"C",KM,7/5/2003,10/15/2003,True,"Auto damage to pumps @ Country Pride Station","Donald Jones","US Hwy 83",White River,57579,Mellette,43.56923,-100.749779,,,,"","0.00","","petroleum                                         ","10.00000",gallons,"Petroleum","Other(See Case File)","Commercial","UST","True","Damage",,"6761",,"","224,",7755
2010.199,"NFA",ML,9/15/2010,9/15/2010,True,"CERCLIS - Moran Auto Salvage","Moran Auto Salvage","26920 260th Street (Hwy 83 & 260th St)",White River,57579,Mellette,43.6384277,-100.744263,,,,"","0.00","","Sodium Cyanide                                    ","0.00000",,"Chemical","CERCLIS","Industrial","Salvage Inventory","False","Handling",,"null",,"","276",11797
2015.076,"NFA",MH ,5/1/2015,5/18/2017,True,"Dumping of Agrichem - MidWest Coop","MidWest Coop / CHS Inc","259 Street near Cedar Butte Road intersection",Belvidere,57567,Mellette,43.65013,-101.113167,,,,"null","null","null","Liquid Fertilizer 28%                             ","null",,"Agri Chem","Other(See Case File)","Other(See Case File)","Transport Tank","False","Dumping",,"null",15JK050101,"null","null",13358
2016.173,"C",RL ,9/26/2016,8/29/2016,True,"Diesel Spill - Roadway Surfaces","C.R. England Inc.","Hwy 83 N, between 5th and 6th Streets",White River,57579,Mellette,43.570446,-100.749947,,,,"null","null","null","Diesel                                            ","30.00000",gallons,"Petroleum","Other(See Case File)","Other(See Case File)","Transport Tank","False","Damage",,"null",,"null","null",13774
2017.180,"C",RL ,10/6/2017,10/10/2017,True,"FedEx Diesel Spill - Transport Event","FedEx","Hwy 83",White River,57579,Mellette,43.6152344,-100.748337,,,,"null","null","null","Diesel                                            ","20.00000",gallons,"Petroleum","Other(See Case File)","Other(See Case File)","Truck Tank","False","Transport Accident",,"null",,"null","null",14123
2020.086,"NFA",JAM,6/29/2020,7/30/2020,True,"Liquid Fertilizer Spill - Cone AG","Cone AG Inc.","SD Hwy 44, mile marker 222",Wood,57585,Mellette,43.4929123,-100.340683,41N,25W,30,"SW","null","null","Liquid Fertilizer                                 ","4500.00000",gallons,"Agri Chem","Other(See Case File)","Other(See Case File)","Transport Tank","False","Transport Accident",,"null",20SP063007,"null","null",14780
2023.194,"C",BLM,11/28/2023,3/14/2024,True,"Brownfields - UST Removal RST Spi Spiza","Rosebud Sioux Tribe","SD Highway 44 and SD Highway 63",Norris,57560,Mellette,43.5628662,-101.205833,,,,"null","null","null","Diesel, Gasoline                                  ","null",,"Petroleum","Brownfields","Other(See Case File)","UST","True","Leaks and Spills",,"null",,"null","null",15633
2024.050,"O",JPA,4/2/2024,,True,"White River School District Fuel spill","White River School District","501 E 3rd St",White River,57579,Mellette,43.5682526,-100.743675,,,,"null","null","null","Diesel                                            ","null",,"Petroleum","Other(See Case File)","Public","UST","False","Unknown",,"null",,"null","null",15645
2024.082,"O",JAM,6/5/2024,,True,"Liquid Fertilizer - Burst portable tank","Central Valley Ag","0.5 miles north of 273rd Street",White River,57579,Mellette,43.45491,-100.759071,40N,29W,9,"NE","null","null","Liquid Fertilizer                                 ","1550.00000",gallons,"Agri Chem","Other(See Case File)","Agricultural","Portable Tank","False","Tank Failure",,"null",,"null","null",15677
9999.117,"W",,,,True,"Withdrawn ATP - Carr Ranch","John Carr","607 Rodeo Road",White River,57579,Mellette,43.54256,-101.031731,41,31,8,"NW","0.00","","                                                  ","0.00000",,"Other(See Case File)","Withdrawn ATP","Other(See Case File)","Other(See Case File)","False","null",1708,"5664",,"","249",10776
91038.000,"C",DM,3/18/1992,3/18/1992,True,"Department of Transportation (SD DOT)","SD Dept of Transportation (SD DOT)","Shop, 1/2 mi. south of White River on Hwy. 83",White River,57579,Mellette,43.56197,-100.749184,,,,"","0.00","","                                                  ","0.00000",,"Other(See Case File)","Clean Site","Public","UST","True","No Release",,"null",,"","",8326
92066.000,"C",RC,2/4/1992,2/4/1992,True,"Gas 'N' Git","Storms Oil Company","Hwy 83",White River,57579,Mellette,43.56765,-100.749733,,,,"","0.00","","                                                  ","0.00000",,"Other(See Case File)","Clean Site","Commercial","UST","True","No Release",,"null",,"","",8429
98030.000,"C",CH,9/11/1998,9/23/1998,True,"Mellette County Shop","Mellette County - Jean Iwan","Mellette County Shop",White River,57579,Mellette,43.5644951,-100.7406,,,,"","0.00","","                                                  ","0.00000",,"Other(See Case File)","Clean Site","Public","UST","True","No Release",,"3483",,"","",8693
98040.000,"C",CH,11/3/1998,12/9/1998,True,"White River Airport","City of White River","White River Airport",White River,57579,Mellette,43.56226,-100.74424,,,,"","0.00","","                                                  ","0.00000",,"Other(See Case File)","Clean Site","Other(See Case File)","UST","True","No Release",,"3581",,"","",8703
2001841.000,"C",KM,9/25/2001,3/4/2002,True,"Clean ATP - Weiss Farm","Charity Weiss","274 Street",Norris,57560,Mellette,43.43218,-101.149185,,,,"","0.00","","                                                  ","0.00000",,"Other(See Case File)","ATP","Agricultural","UST","False","No Release",2056,"6003",,"","205",9705
2001842.000,"C",KM,9/10/2001,3/4/2002,True,"Clean ATP - Carr Property","John Carr","Rural White River",White River,57579,Mellette,43.5468979,-100.864929,,,,"","0.00","","                                                  ","0.00000",,"Other(See Case File)","ATP","Agricultural","UST","False","No Release",1037,"5036",,"","205",9706
2001844.000,"C",KM,9/11/2001,3/4/2002,True,"Clean ATP - White Eagle Oil","Russell & Gloria Lauritsen","Main Street & Dakota",Wood,57585,Mellette,43.4983368,-100.476784,,,,"","0.00","","                                                  ","0.00000",,"Other(See Case File)","ATP","Commercial","UST","True","No Release",200,"4097",,"","205",9708
2011005.000,"C",TF,10/18/2011,12/29/2011,True,"Clean ATP - SD DOT, White River","SD Department of Transportation (SD DOT)","26522 Hwy 83",White River,57579,Mellette,43.56181,-100.74929,,,,"","0.00","","                                                  ","0.00000",,"Other(See Case File)","ATP","Other(See Case File)","UST","True","No Release",3206,"7624",,"","281",12093
2019018.000,"C",JPA,12/5/2019,2/21/2020,True,"ATP - CHS White River","CHS Inc.","US Highway 83, 1.6 miles North of Highway 44",White River,57579,Mellette,43.588623,-100.750305,,,,"null","null","null","null","null",,"Petroleum","ATP","Agricultural","UST","True","No Release",3676,"8464",,"null","null",14701