id,status,r1,date_rep,date_close,image,site_name,resp_party,street,city,zip_code,county,latitude,longitude,township,range,section,secq1,acreage,instctrls,material,amount,units,spill_cat,site_type,proptype,sor_type,regulated,cause_type,atp_no,prcfnumber,ag_no,solidwaste,microroll,siteid
89.240,"C",KM,9/22/1989,3/25/1991,True,"East River Electric at Substation","East River Electric","Highway 14,  3/4 mile East of Highmore",Highmore,57345,Hyde,44.5281219,-99.42085,,,,"","0.00","","Transformer Oil                                   ","100.00000",gallons,"Oil","Other(See Case File)","Industrial","Transformer","False","Equipment Failure",,"null",,"","",1128
90.074,"C",BL,3/27/1990,1/27/1993,True,"Hyde School District - Tank Replacements","Hyde School District","4th & Iowa",Highmore,57345,Hyde,44.51624,-99.44235,,,,"","0.00","","Fuel Oil                                          ","0.00000",,"Petroleum","Other(See Case File)","Public","UST","False","Corrosion",,"132",,"","",1309
90.469,"C",BL,9/27/1990,10/12/1990,True,"Hyde County Shop","Hyde County Highway Department","200 Scoby NE",Highmore,57345,Hyde,44.51897,-99.4385452,,,,"","0.00","","Diesel                                            ","0.00000",,"Petroleum","Other(See Case File)","Public","UST","True","Corrosion",,"1152",,"","",1704
90.524,"C",NS,10/22/1990,5/28/2002,True,"Highmore Post Office - Tank Removal","U.S. Postal Service","111 Commercial Avenue",Highmore,57345,Hyde,44.5199,-99.44068,,,,"","0.00","","Fuel Oil                                          ","0.00000",,"Petroleum","Federal","Public","UST","False","Corrosion",,"1200",,"","195",1759
91.169,"I",KH,5/2/1991,3/3/1997,True,"Farmers Union Oil","Farmers Union Oil","123 1st Street W.",Highmore,57345,Hyde,44.52061,-99.44308,,,,"","0.00","","Petroleum                                         ","0.00000",,"Petroleum","Other(See Case File)","Commercial","UST","True","Leakage",,"1465",,"","",2059
91.334,"I",GH,7/31/1991,3/1/1996,True,"Kusser Farm Service","Dick Kusser","Highway 14 and 47 N.",Highmore,57345,Hyde,44.52786,-99.44186,112N,72W,2,"SE","0.00","","Petroleum                                         ","0.00000",,"Petroleum","Other(See Case File)","Commercial","UST","True","Leakage",,"1565",,"","",2224
91.623,"I",JG,12/20/1991,11/13/1998,True,"Hokies Service","Bob Houdek","Highway 14",Highmore,57345,Hyde,44.52726,-99.4419,,,,"","0.00","","petroleum                                         ","0.00000",,"Petroleum","Other(See Case File)","Commercial","UST","True","Leakage",,"1954",,"","",2513
91.624,"C",BL,12/20/1991,3/2/1994,True,"Hokies Bulk","Bob Houdek","1st Street",Highmore,57345,Hyde,44.5208473,-99.43849,112N,72W,12,"NW","0.00","","petroleum                                         ","0.00000",,"Petroleum","Other(See Case File)","Commercial","AST","True","Spillage",,"1955",,"","",2514
92.122,"C",BL,4/24/1992,8/28/1992,True,"Hyde County Grain - Offsite Source","Hyde County Grain & Feed","301 1st Street SE",Highmore,57345,Hyde,44.5202255,-99.4393158,,,,"","0.00","","Petroleum                                         ","0.00000",,"Petroleum","Other(See Case File)","Commercial","AST","True","Leakage",,"2095",,"","",2712
92.215,"C",BL,6/17/1992,6/24/1992,True,"SD DOT, Highmore  - Line Leaks","SD Department of Transportation (SD DOT)","Maintenance Shop",Highmore,57345,Hyde,44.5280647,-99.44787,,,,"","0.00","","Diesel, Gasoline                                  ","0.00000",,"Petroleum","Other(See Case File)","Public","UST","True","Line Leak",,"1682",,"","",2805
93.107,"C",TK,5/7/1993,11/4/1993,True,"David Aesoph Transport Event","David Aesoph","1 mile S of Highmore",Highmore,57345,Hyde,44.84635,-99.3317261,116,71,24,"NW","0.00","","Fertilizer                                        ","1200.00000",,"Agri Chem","Other(See Case File)","Agricultural","Portable Tank","False","Equipment Failure",,"null",,"","",3122
94.161,"C",KH,6/9/1994,8/14/1996,True,"Sully Buttes Telephone Cooperative","Sully Buttes Telephone Cooperative","218 Commercial SE",Highmore,57345,Hyde,44.51851,-99.4395142,112N,72W,12,"SW","0.00","","Fuel Oil                                          ","0.00000",,"Petroleum","Other(See Case File)","Other(See Case File)","UST","True","Leakage",,"2696",,"","",3696
94.194,"C",JA,6/29/1994,8/2/1994,True,"Sully Buttes Telephone Cooperative","Sully Buttes Telephone Cooperative","2nd St, 1/2 block E of Commercial St",Highmore,57345,Hyde,44.520298,-99.439476,,,,"","0.00","","Battery Acid                                      ","5.00000",gallons,"Chemical","Other(See Case File)","Commercial","Batteries","False","Damage",,"null",,"","",3729
94.270,"C",JA,9/13/1994,10/11/1994,True,"Department of Transportation (SD DOT) - Drum Spill","SD Department of Transportaion  (SD DOT)","5 West of Macs Corner",Stephan,57346,Hyde,44.26629,-99.51941,,,,"","0.00","","Paint                                             ","70.00000",gallons,"Other(See Case File)","Other(See Case File)","Other(See Case File)","Drums","False","Spillage",,"null",,"","",3805
94.381,"C",TK,11/17/1994,10/4/1995,True,"Highmore Healthcare Center - Tank Removal","Tealwood Care Center","8th and Maple Street",Highmore,57345,Hyde,44.51376,-99.43579,,,,"","0.00","","Fuel Oil                                          ","0.00000",,"Petroleum","Other(See Case File)","Other(See Case File)","UST","False","Leakage",,"2795",,"","",3916
96.277,"NFA",TF,9/25/1996,1/7/2010,True,"Jim Hoffman Property - LUST Trust Waterline Replacement","Jim Hoffman","SE at Iowa & 1st Street",Highmore,57345,Hyde,44.5201836,-99.44139,,,,"","0.00","","Petroleum                                         ","0.00000",,"Petroleum","Lust Trust","Residential","UST","True","Leakage",,"3105",,"","271,294",4587
97.104,"C",BM,4/18/1997,11/23/1998,True,"Highmore Airport","Douglas Kroeplin Spray Service","Airport",Highmore,57345,Hyde,44.53901,-99.4447556,112N,72W,2,"N","0.00","","Dry Urea Fertilizer                               ","0.00000",,"Agri Chem","Other(See Case File)","Other(See Case File)","Aircraft  ","False","Accident",,"null",,"","",4792
97.128,"C",LB,5/1/1997,5/14/2001,True,"McDonnell Oil Bulk Site - Assessment","Mike McDonnell Oil Company","N of  1st Street and Maple Avenue",Highmore,57345,Hyde,44.521122,-99.4374,,,,"","0.00","","petroleum                                         ","0.00000",,"Petroleum","Other(See Case File)","Commercial","Off Site Source","True","Historical",,"3203",,"","",4816
99.019,"NFA",KH,1/20/1999,3/26/2002,True,"Former Houdek Oil - Line Leak","Hall Oil and Gas - Chad Hall","SW at Hwy 14 & Hwy 47",Highmore,57345,Hyde,44.52732,-99.44215,112N,72W,11,"NE","0.00","","gasoline                                          ","0.00000",,"Petroleum","Other(See Case File)","Commercial","UST","True","Line Leak",,"3699",,"","",5566
2000.313,"NFA",TF,9/28/2000,5/5/2003,True,"Cenex Harvest States - Assessment","Cenex Harvest States","First Street & Commercial Avenue",Highmore,57345,Hyde,44.5218,-99.43945,112N,72W,12,"NW","0.00","","Petroleum & Ag Chemicals                          ","0.00000",,"Combined","Other(See Case File)","Commercial","Combined(See Case File)","False","Handling",,"4331",,"","224,237",6211
2001.154,"C",BM,6/30/2001,2/28/2002,True,"Highway 14 - Asphalt Spill","Brower Construction","1/2 mile East of Highmore",Highmore,57345,Hyde,44.5279846,-99.41931,112N,71W,6,"SW","0.00","","asphalt emulsion                                  ","2000.00000",gallons,"Oil","Other(See Case File)","Other(See Case File)","AST","True","Overturned",,"null",,"","203",6439
2001.913,"C",KM,2/13/2002,3/11/2002,True,"ATP - Mason Property","Mike Mason","609 South Iowa Avenue",Highmore,57345,Hyde,44.51466,-99.44198,,,,"","0.00","","fuel oil                                          ","0.00000",,"Petroleum","ATP","Residential","UST","False","Spillage",2098,"6035",,"","208",7195
2001.914,"C",KM,2/14/2002,3/11/2002,True,"ATP - Knox Farm","Richard Knox","33070 209th Street",Highmore,57345,Hyde,44.35321,-99.55034,110N,73W,1,"SE","0.00","","Petroleum                                         ","0.00000",,"Petroleum","ATP","Agricultural","UST","False","Leakage",2135,"6071",,"","208",7196
2002.281,"C",JF,12/3/2002,12/30/2002,True,"Highmore Sales Barn - Dip Tank","Highmore Sales Barn","200 US Highway 14 East",Highmore,57345,Hyde,44.5259552,-99.43878,,,,"","0.00","","toxaphene                                         ","0.00000",,"Chemical","Other(See Case File)","Commercial","Tank","False","Handling",,"null",,"","232",7562
2002.332,"NFA",KM,2/4/2003,5/9/2003,True,"ATP - Former School Site","Crow Creek Tribal Schools","216th Street",Stephan,57346,Hyde,44.2471428,-99.45459,,,,"","0.00","","fuel oil                                          ","0.00000",,"Petroleum","ATP","Other(See Case File)","UST","False","Leakage",2382,"6310",,"","217",7613
2002.349,"NFA",TF,1/22/2003,1/7/2010,True,"LUST Trust - Former Straight's Corner","Dick Straight","224 S. Iowa Ave.",Highmore,57345,Hyde,44.51826,-99.44145,,,,"","0.00","","petroleum                                         ","0.00000",,"Petroleum","Lust Trust","Commercial","UST","True","Leakage",2602,"6540",,"","271,294",7630
2002.350,"NFA",KH,1/22/2003,1/14/2005,True,"ATP - Zastrow (Kroeplin) Trucking","Dale Kroeplin","Highway 47",Highmore,57345,Hyde,44.5236168,-99.44125,,,,"","0.00","","gasoline                                          ","0.00000",,"Petroleum","ATP","Commercial","UST","True","Leakage",2573,"6500",,"","235",7631
2002.351,"NFA",KH,1/22/2003,6/3/2003,True,"ATP - Nickelson Farm","Noreen Nickelson","33474 181st Street",Highmore,57345,Hyde,44.7658539,-99.47282,,,,"","0.00","","petroleum                                         ","0.00000",,"Petroleum","ATP","Agricultural","UST","False","Leakage",2627,"6566",,"","217",7632
2003.218,"C",RL,12/29/2003,6/24/2004,True,"Midwest Coop Bulk Site - Tank Overfill","CHS Transportation - Mike Bjelland","North Commercial Avenue",Highmore,57345,Hyde,44.5218544,-99.439064,,,,"","0.00","","diesel fuel                                       ","200.00000",gallons,"Petroleum","Other(See Case File)","Commercial","AST","True","Overfill",,"6809",,"","232",7865
2005.129,"C",KM,5/6/2005,7/13/2005,True,"Brownfields - Crow Creek Dorm","Bureau of Indian Affairs","Crow Creek  Sioux Tribal School Dormitory",Stephan,57346,Hyde,44.2468758,-99.4547043,,,,"","0.50","","Asbestos                                          ","0.00000",,"Other(See Case File)","Brownfields","Residential","Construction Materials","False","Past Practices",,"null",,"","239,244",10289
2008.158,"C",TK,8/12/2008,4/16/2009,True,"Transport Tank  Spill","Midwest Coop","Highmore Fertilizer Plant",Highmore,57345,Hyde,44.52201,-99.44107,,,,"","0.00","","2,4-D                                             ","60.00000",gallons,"Agri Chem","Other(See Case File)","Commercial","Tote","False","Open Valve",,"null",08N081227,"","264,270",11250
2008.194,"NFA",NS,10/17/2008,9/9/2009,True,"Midwest COOP Bulk Site - Closure Assessment","Midwest CO-OP","North Commercial Avenue",Highmore,57345,Hyde,44.52166,-99.4395447,,,,"","0.00","","Petroleum                                         ","0.00000",,"Petroleum","Other(See Case File)","Commercial","AST","True","Leakage",,"7334",,"","266",11289
2009.010,"C",RL,2/9/2009,2/9/2009,True,"Anonymous Complaint - Waste Oil Disposal","Bruce Mcloud","17851 337th Avenue",Highmore,57345,Hyde,44.802845,-99.431076,,,,"","0.00","","Waste Oil                                         ","0.00000",,"Oil","Other(See Case File)","Agricultural","Containers","False","Handling",,"null",,"","264",11365
2009.012,"NFA",RL,2/12/2009,3/26/2009,True,"Pioneer Garage - Assessment","Pioneer Garage","525 Commercial Ave. NE",Highmore,57345,Hyde,44.52641,-99.4411,,,,"","0.00","","Fuel Oil                                          ","0.00000",,"Petroleum","Unknown(See Case File)","Commercial","UST","False","Leakage",,"7369",,"","264,268",11367
2010.080,"C",BM,5/18/2010,6/30/2010,True,"CO-OP Warehouse - Overturned Tote","Midwest CO-OP - Bob Fuller","Iowa Ave (Hwy 47) - S. of Charles St. on east side of Hwy.",Highmore,57345,Hyde,44.52208,-99.44123,,,,"","0.00","","Roundup                                           ","250.00000",gallons,"Agri Chem","Other(See Case File)","Commercial","Tote","False","Overturned",,"null",,"","276",11666
2011.077,"C",RL,5/16/2011,10/21/2011,True,"Headline Fungicide Spill","Wilbur Ellis Air, LLC","Hwy 47 @ entrance to airport",Highmore,57345,Hyde,44.5379028,-99.4418945,112,72,2,"","0.00","","Headline Fungicide                                ","38.00000",gallons,"Agri Chem","Other(See Case File)","Other(See Case File)","Portable Tank","False","Overturned",,"null",11DB051603,"","281",11986
2011.106,"C",MH,6/17/2011,8/21/2012,True,"Fatality Aircraft  Accident","Wilbur-Ellis Air, LLC","193rd St, 1.75 W of Hwy 47",Highmore,57345,Hyde,44.59623,-99.48903,113,72,15,"NW","0.00","","Agri Chem, Diesel                             ","0.00000",,"Combined(See Case File)","Other(See Case File)","Agricultural","Aircraft Tanks","False","Accident",,"null",11DB061716,"","287",12016
2012.013,"NFA",RL,1/18/2012,2/10/2012,True,"Highmore Rail Corridor - Canadian Pacific","Canadian Pacific Railroad","Rail Siding, N of 1st St between Blaine & Ash",Highmore,57345,Hyde,44.5214844,-99.44087,110N,61W,12,"","28.60","","Oil                                               ","0.00000",,"Oil","Other(See Case File)","Industrial","AST","False","Handling",,"null",,"","",12161
2012.016,"C",RL,2/6/2012,12/5/2013,True,"Oil Stained Soils - Hoffman Trenching","Hoffman Trenching Inc.","Rail siding near 82 Iowa Avenue South",Highmore,57345,Hyde,44.5212021,-99.44065,,,,"","0.00","","Waste Oil                                         ","0.00000",,"Oil","Other(See Case File)","Industrial","Tote","False","Spillage",,"null",,"","295",12165
2012.125,"NFA",KM,6/20/2012,7/18/2012,True,"Complaint - Pesticide Disposal","North Central Farmers Elevator","Highmore Tree Dumping Site",Highmore,57345,Hyde,44.5313339,-99.43072,,,,"","0.00","","Pesticide                                         ","0.00000",,"Agri Chem","Other(See Case File)","Other(See Case File)","Materials","False","Handling",,"null",,"","288",12386
2012.169,"C",RL,8/7/2012,12/12/2012,True,"Open Valve Spill - Wilbur Ellis Facility","Wilbur Ellis","200 US Hwy 14 E",Highmore,57345,Hyde,44.5265656,-99.4389343,,,,"","0.00","","Glyphosate                                        ","35.00000",gallons,"Agri Chem","Other(See Case File)","Commercial","Spray Tank","False","Open Valve",,"null",12DB080723,"","288A",12439
2014.182,"NFA",RL,8/20/2014,9/14/2015,True,"Former Sales Barn Site - 2010 Assessment","Doug Kroeplin Realty","SE at Commercial Ave NE and US Hwy 14",Highmore,57345,Hyde,44.52608,-99.4388046,,,,"","0.00","","Nitrogen, Petroleum            ","0.00000",,"Combined(See Case File)","Other(See Case File)","Commercial","Historical","False","Past Practices",,"8006",,"","301",13117
2014.183,"C",RL,8/20/2014,9/5/2014,True,"Former Sales Barn Site - 2014 Assessment","Wilbur Ellis Company","SE at Commercial Ave NE & US Hwy 14",Highmore,57345,Hyde,44.52603,-99.43943,,,,"","0.00","","Nitrogen, Petroleum","0.00000",,"Combined(See Case File)","Other(See Case File)","Commercial","Supplies","False","Runoff",,"null",,"","297",13118
2014.199,"NFA",TF,9/23/2014,12/13/2016,True,"ATP - SD DOT Maintenance Shop","SD Department of Transportation","33360 US Hwy 14",Highmore,57345,Hyde,44.5281372,-99.44767,,,,"","0.00","","Petroleum                                         ","0.00000",,"Petroleum","ATP","Other(See Case File)","UST","True","Leakage",3414,"7967",,"","",13134
2015.256,"NFA",TF ,12/24/2015,2/10/2016,True,"ATP - SDDOT Right-of-Way Site #1","South Dakota Department of Transportation","Hwy 47, N of 3rd Street",Highmore,57345,Hyde,44.5185776,-99.44148,,,,"null","null","null","Gasoline                                          ","null",,"Petroleum","ATP","Other(See Case File)","UST","True","Leakage",3481,"8089",,"null","302",13573
2015.257,"NFA",TF ,12/24/2015,2/10/2016,True,"ATP - SDDOT Right-of-Way Site #2","South Dakota Department of Transportation","Hwy 47 at 2nd Street",Highmore,57345,Hyde,44.5193062,-99.44155,,,,"null","null","null","Gasoline                                          ","null",,"Other(See Case File)","ATP","Other(See Case File)","UST","True","Leakage",3482,"8090",,"null","302",13574
2016.089,"C",KN ,5/23/2016,3/15/2017,True,"Storm Event - CHS Facility","CHS/Midwest Coop","123 1st Street SW",Highmore,57345,Hyde,44.52219,-99.43921,,,,"null","null","null","zinc/10-34-0 liquid fertilizer","5350.00000",gallons,"Agri Chem","Other(See Case File)","Commercial","AST","False","Storm Event",,"null",16KC052305,"null","null",13675
2016.093,"C",RL ,5/24/2016,6/29/2016,True,"Molasses Release - MidWest Coop","CHS MidWest Cooperative","NW at 1st Street and Hwy 47, near rail",Highmore,57345,Hyde,44.5211678,-99.4422455,,,,"null","null","null","Molasses (cattle feed)                            ","1100.00000",gallons,"Other(See Case File)","Other(See Case File)","Commercial","AST","False","Equipment Failure",,"null",,"null","null",13679
2016.102,"NFA",KM ,5/31/2016,6/6/2016,True,"Brownfields Assessment - Hyde County Memorial Auditorium","City of Highmore","125 2nd Street SW",Highmore,57345,Hyde,44.5196381,-99.44283,,,,"null","null","null","Asbestos                                          ","null",,"Combined(See Case File)","Brownfields","Public","Construction Materials","False","Past Practices",,"null",,"null","null",13688
2016.149,"C",RL ,8/1/2016,9/29/2016,True,"PowerMax Spill near Highmore Tank Facility","North Central Farmers Elevator","525 Commercial Avenue / Hwy 47 S",Highmore,57345,Hyde,44.5259666,-99.44117,,,,"null","null","null","RoundUp PowerMax","240.00000",gallons,"Agri Chem","Other(See Case File)","Commercial","Tote","False","Overturned",,"null",16KC080119,"null","null",13743
2017.103,"NFA",RL ,6/28/2017,8/7/2017,True,"Transformer Spill - Wind Event","NorthWestern Energy","SW of Iowa and Charles St. intersection  at alley",Highmore,57345,Hyde,44.5225372,-99.44244,,,,"null","null","null","Transformer Oil                                   ","40.00000",gallons,"Oil","Other(See Case File)","Other(See Case File)","Transformer","False","Storm Event",,"null",,"null","null",14030
2017.115,"C",TF ,7/12/2017,12/19/2017,True,"ATP - Highmore School","Highmore - Harold School District","415 Iowa Avenue South",Highmore,57345,Hyde,44.5162354,-99.44235,,,,"null","null","null","Fuel Oil                                          ","null",,"Petroleum","ATP","Other(See Case File)","UST","False","Leakage",3536,"8201",,"null","null",14043
2017.155,"C",RL ,8/11/2017,9/7/2017,True,"Leaking Fuel Truck - Hall Oil & Gas","Hall Oil & Gas Company","Shop at alley SW of Charles St and Hwy 47/Iowa",Highmore,57345,Hyde,44.5224266,-99.44262,,,,"null","null","null","Diesel                                            ","null",,"Petroleum","Other(See Case File)","Commercial","Transport Tank","False","Leakage",,"null",,"null","null",14098
2018.093,"C",RL ,6/1/2018,7/19/2018,True,"Complaint -Dumping ","Travis Smith","Intersection at 200 Street & 326 Avenue",Holabird,57540,Hyde,44.48327,-99.6438446,,,,"null","null","null","Herbicide                                         ","20.00000",gallons,"Agri Chem","Other(See Case File)","Other(See Case File)","Spray Tank","False","Dumping",,"null",18NF052901,"null","null",14273
2019.029,"C",PDM,3/16/2019,9/5/2019,True,"RCP&E Railroad - Diesel Release","RCP&E Railroad","Rail at 333rd Avenue & 197th Street",Holabird,57540,Hyde,44.5222855,-99.51872,112N,78W,8,"null","null","null","Diesel                                            ","3500.00000",gallons,"Petroleum","Other(See Case File)","Industrial","Locomotive","False","Tank puncture",,"8431",,"null","null",14459
2021.154,"O",MJP,9/27/2021,,True,"CCF - Highway 14 Diesel","Cross Country Freight","US HWY 14 Eastbound 1mi East of Holabird",Holabird,57540,Hyde,44.52665,-99.57702,,,,"null","null","null","Diesel                                            ","40.00000",gallons,"Petroleum","Other(See Case File)","Public","Saddle Tank","False","Transport Accident",,"null",,"null","null",15073
2023.072,"O",MJP,6/14/2023,,True,"Wilbur Ellis Air Diesel","Wilbur Ellis Air","19651 SD Highway 47",Highmore,57345,Hyde,44.53851,-99.44486,,,,"null","null","null","Diesel                                            ","10.00000",gallons,"Petroleum","Other(See Case File)","Commercial","AST","True","Blown Hose",,"null",,"null","null",15462
2023.139,"O",MJP,10/5/2023,,True,"Simplot Gly Star","Simplot","200 US 14 ",Highmore,57345,Hyde,44.5273857,-99.43895,,,,"null","null","null","Glyphosate                                        ","220.00000",gallons,"Agri Chem","Other(See Case File)","Commercial","Tote","False","Transport Accident",,"null",,"null","null",15534
9999.137,"W",,,,True,"Withdrawn ATP - Highmore Auditorium","City of Highmore","125 2nd Street SW",Highmore,57345,Hyde,44.5198364,-99.44256,,,,"","0.00","","                                                  ","0.00000",,"Other(See Case File)","Withdrawn ATP","Public","Other(See Case File)","False","null",2094,"6027",,"","249",10797
9999.265,"W",JPA,,,True,"Withdrawn ATP - Highmore School (See 2017.115)","Highmore-Harrold School District","415 Iowa Street SE",Highmore,57345,Hyde,44.5167656,-99.44235,,,,"null","null","null","null","null",,"Other(See Case File)","Withdrawn ATP","Other(See Case File)","UST","False","null",3536,"8201",,"null","null",13850
2001917.000,"C",KM,2/14/2002,3/11/2002,True,"Clean ATP- Polzer Farm","Henry Polzer","17574 Holabird Grade",Holabird,57540,Hyde,44.84042,-99.61173,116N,73W,22,"SW","0.00","","                                                  ","0.00000",,"Other(See Case File)","ATP","Agricultural","UST","False","No Release",2097,"6034",,"","206",9781
2001952.000,"C",KM,3/4/2002,3/25/2002,True,"Clean ATP - Rissmann Farm","Don Rissmann","20545 Hwy 47",Highmore,57345,Hyde,44.40509,-99.443985,111N,72W,23,"NE","0.00","","                                                  ","0.00000",,"Other(See Case File)","ATP","Agricultural","UST","False","No Release",1205,"5136",,"","205",9816
2001953.000,"C",KM,3/4/2002,3/25/2002,True,"Clean ATP - Jirsa Farm","Mary Jirsa","1 mile E & .25 mile N of Mac's Corner",Highmore,57345,Hyde,44.25401,-99.42085,109N,71W,7,"SW","0.00","","                                                  ","0.00000",,"Other(See Case File)","ATP","Agricultural","UST","False","No Release",752,"4691",,"","205",9817
2002247.000,"C",KM,1/30/2003,6/20/2003,True,"Clean ATP - Novak Farm","Shirley  & M.A. Novak,",".75 Miles E of Macs Corner",Stephan,57346,Hyde,44.25246,-99.42583,109N,72W,12,"SE","0.00","","                                                  ","0.00000",,"Other(See Case File)","ATP","Agricultural","UST","False","No Release",2222,"6160",,"","220",10104
2002260.000,"C",KM,2/3/2003,6/20/2003,True,"Clean ATP - Eugene Pastian Place","Kyle Gross","18939 Holabird Grade",Holabird,57540,Hyde,44.6443748,-99.62011,,,,"","0.00","","                                                  ","0.00000",,"Other(See Case File)","ATP","Agricultural","UST","False","No Release",2646,"6581",,"","220",10117
2002261.000,"C",KM,2/3/2003,6/20/2003,True,"Clean ATP - Weidenbach Ranch","Larry A. Weidenbach","18037 331st Avenue",Highmore,57345,Hyde,44.7746162,-99.54098,,,,"","0.00","","                                                  ","0.00000",,"Other(See Case File)","ATP","Agricultural","UST","False","No Release",2645,"6583",,"","220",10118
2003014.000,"C",KH,12/1/2003,12/15/2003,True,"Clean ATP - Blasdell Property","George Blasdell","SW corner of Iowa and 2nd Street",Highmore,57345,Hyde,44.5192032,-99.44183,,,,"","0.00","","                                                  ","0.00000",,"Other(See Case File)","ATP","Commercial","UST","True","No Release",2628,"6565",,"","225,",10198
2005014.000,"C",KH,1/26/2005,1/28/2005,True,"Clean ATP - Troy Hofer Property","Troy Hofer","411 Maple Avenue SE ",Highmore,57345,Hyde,44.5164757,-99.4377747,,,,"","0.00","","                                                  ","0.00000",,"Other(See Case File)","ATP","Residential","UST","False","No Release",2818,"6823",,"","236",10264
2010011.000,"C",TF,8/31/2010,11/12/2010,True,"Clean ATP - Highmore School","Highmore-Harold School District","415 Iowa Avenue South",Highmore,57345,Hyde,44.5165558,-99.4431152,,,,"","0.00","","                                                  ","0.00000",,"Other(See Case File)","ATP","Public","UST","False","No Release",3145,"7490",,"","279",11769
2010023.000,"C",TF,12/6/2010,12/7/2010,True,"Clean ATP - Cowan Property","Todd Cowan","909 4th Street SE",Highmore,57345,Hyde,44.5129051,-99.44251,,,,"","0.00","","                                                  ","0.00000",,"Other(See Case File)","ATP","Residential","UST","False","No Release",3185,"7569",,"","279",11877
2013001.000,"C",TF,1/4/2013,1/4/2013,True,"Clean ATP - Hyde County","Hyde County","412 Commercial",Highmore,57345,Hyde,44.5165863,-99.43906,,,,"","0.00","","                                                  ","0.00000",,"Other(See Case File)","ATP","Other(See Case File)","UST","False","No Release",3270,"7746",,"","289",12547