id,status,r1,date_rep,date_close,image,site_name,resp_party,street,city,zip_code,county,latitude,longitude,township,range,section,secq1,acreage,instctrls,material,amount,units,spill_cat,site_type,proptype,sor_type,regulated,cause_type,atp_no,prcfnumber,ag_no,solidwaste,microroll,siteid
82.014,"C",JA,7/19/1982,2/16/1993,True,"Lake Leola - suspected pesticide impact","Unknown","NW Part of Lake",Leola,57456,McPherson,45.72927,-98.9336243,,,,"","0.00","","Unknown                                           ","0.00000",,"Agri Chem","Other(See Case File)","Other(See Case File)","No Release","False","No Release",,"null",,"","",74
90.375,"C",GH,8/23/1990,5/21/1991,True,"Triple E Convenience Store","Triple E Convenience Store","9th & Highway 10",Eureka,57437,McPherson,45.7673378,-99.62241,,,,"","0.00","","Diesel, Gasoline                                  ","0.00000",,"Petroleum","Other(See Case File)","Commercial","UST","True","Leakage",,"1113",,"","",1610
90.513,"C",GM,11/19/1990,7/23/1991,True,"Neuharth Oil","Howard Neuharth","F Ave and Main",Eureka,57437,McPherson,45.77056,-99.6196747,,,,"","0.00","","Gasoline                                          ","0.00000",,"Petroleum","Other(See Case File)","Commercial","UST","True","Corrosion",,"1245",,"","",1748
92.017,"NFA",JPA,1/6/1992,10/12/2010,True,"Schumaker -  Water Well Contamination","Art Schumaker","SW @ Main Street & 2nd Avenue",Long Lake,57457,McPherson,45.8564835,-99.20925,,,,"","0.00","","Petroleum                                         ","0.00000",,"Petroleum","Lust Trust","Residential","Containers","False","Handling",,"2029",,"","277",2607
92.226,"NFA",SH,6/23/1992,12/15/2011,True,"Eureka Equity Exchange Site","Eureka Equity Exchange","107 N. Chicago",Eureka,57437,McPherson,45.7716751,-99.61983,,,,"","0.00","","Fertilizer, nitrates                              ","0.00000",,"Agri Chem","Other(See Case File)","Commercial","Bulk Chemical","False","Handling",,"null",,"","",2816
92.234,"C",PG,7/1/1992,9/15/1998,True,"Eureka Equity Exchange","Cenex Harvest States","1 mile East",Eureka,57437,McPherson,45.7668152,-99.59344,,,,"","0.00","","Petroleum                                         ","0.00000",,"Petroleum","Other(See Case File)","Commercial","AST","True","Leaks and Spills",,"2083",,"","",2824
92.417,"C",KM,12/15/1992,1/19/1993,True,"Ipswich/Java Farmers Elevator Transport Event","Ipswich/Java Farmers Elevator","8 E, 1 N, and 2 E",Leola,57456,McPherson,45.7361526,-98.74598,126N,66,14,"NE","0.00","","Propane                                           ","900.00000",gallons,"Chemical","Other(See Case File)","Other(See Case File)","Transport Truck","False","Transport Accident",,"null",,"","",3007
93.270,"C",RC,8/19/1993,1/25/1994,True,"Dept of Transportation (SD DOT) - UST Removal","SD Department of Transportation (SD DOT)","Maintenance Shop",Leola,57456,McPherson,45.7230835,-98.94834,,,,"","0.00","","Petroleum                                         ","0.00000",,"Petroleum","Other(See Case File)","Public","UST","True","null",,"2245",,"","",3285
95.004,"C",KH,1/9/1995,8/12/1997,True,"Genes Oil Company Bulk Site","Mark Rau - Genes Oil Company","Elm & Grant",Leola,57456,McPherson,45.7234154,-98.94339,,,,"","0.00","","Diesel                                            ","12000.00000",gallons,"Petroleum","Other(See Case File)","Commercial","AST","True","Tank Failure",,"2811",,"","",3955
95.268,"C",NS,9/13/1995,5/17/2004,True,"Former Cenex - Line Leaks","Cenex Harvest States","Main & Old Sioux Road",Long Lake,57457,McPherson,45.8565063,-99.2049255,128,69,31,"SE","0.00","","Petroleum                                         ","0.00000",,"Petroleum","Other(See Case File)","Commercial","UST","True","Leakage",,"2944",,"","232,237",4219
95.286,"C",KH,10/13/1995,5/22/1996,True,"Farm Site Tank Failure","Farm Service Agency","Hwy 47, 3 miles S of Town",Eureka,57437,McPherson,45.7252655,-99.63368,,,,"","0.00","","Diesel                                            ","0.00000",,"Petroleum","Federal","Agricultural","UST","False","Tank Failure",,"2953",,"","",4237
95.292,"C",KM,10/19/1995,11/8/1995,True,"Agrichem Containers in Ditch","Unknown","N to Long Lake Rd., 9 East, 1/2 North",Eureka,57437,McPherson,45.8829269,-99.4274,,,,"","0.00","","Herbicide                                         ","25.00000",gallons,"Agri Chem","Other(See Case File)","Other(See Case File)","Containers","False","Handling",,"null",,"","",4243
96.028,"C",TK,2/16/1996,2/18/1997,True,"Stanley Strobel Property - Farm","D & D Oil Company","121 Street",Hillsview,57437,McPherson,45.6372032,-99.6418152,125,73,15,"","0.00","","Diesel Fuel                                       ","300.00000",gallons,"Petroleum","Other(See Case File)","Agricultural","AST","False","Damage",,"3008",,"","",4338
96.264,"C",KH,9/12/1996,6/18/1999,True,"Gene's Station - Tank Removals","Gene's Oil Company","Leola & Main   (Hwy 10)",Leola,57456,McPherson,45.72296,-98.93807,,,,"","0.00","","Gasoline                                          ","0.00000",,"Petroleum","Other(See Case File)","Commercial","UST","True","Spillage",,"3082",,"","",4574
97.144,"C",BM,5/9/1997,2/11/1999,True,"Transport Event","Cenex","6 miles South of Hwy 10 on Hillsview Road",Hillsview,57437,McPherson,45.6801834,-99.5522156,,,,"","0.00","","35-18-0 Dry Fertilizer Mix                        ","3000.00000",,"Agri Chem","Other(See Case File)","Other(See Case File)","Transport Truck","False","Transport Accident",,"null",,"","",4832
97.255,"NFA",KF,8/1/1997,3/1/2016,True,"Leola Bus Garage #44-2","Leola School District","Highway 10, Main Street",Leola,57456,McPherson,45.7228432,-98.94171,126N,67,17,"SW","0.00","","petroleum                                         ","0.00000",,"Petroleum","Other(See Case File)","Public","UST","True","Leakage",,"2832",,"","302",4943
97.312,"C",NS,9/18/1997,2/9/2004,True,"Cenex Bulk Site - Assessment","Cenex Supply and Marketing","Main Street",Longlake,57457,McPherson,45.857,-99.204834,,,,"","0.00","","Petroleum                                         ","0.00000",,"Petroleum","Other(See Case File)","Commercial","AST","True","Overfills/Spillage",,"3288",,"","230",5000
98.178,"C",DR,7/21/1998,10/17/2001,True,"Former Bulk Facility - Assessment","Ron Kappes","240 Elm Street",Leola,57456,McPherson,45.72409,-98.943634,126N,67W,17,"","0.00","","Petroleum                                         ","0.00000",,"Petroleum","Other(See Case File)","Commercial","AST","True","Leakage",,"3464",,"","202,240",5286
98.262,"C",TF,9/8/1998,10/5/1998,True,"McPherson County Shop - Tank System Removal","McPherson County","West Highway 10",Leola,57456,McPherson,45.72273,-98.94834,,,,"","0.00","","diesel fuel                                       ","0.00000",,"Petroleum","Other(See Case File)","Public","UST","True","Overfills/Spillage",,"3545",,"","",5370
98.326,"C",TF,10/29/1998,6/18/1999,True,"County Shop - Tank Removal","McPherson County","North 3rd Street",Eureka,57437,McPherson,45.7735443,-99.61399,,,,"","0.00","","diesel                                            ","0.00000",,"Petroleum","Other(See Case File)","Public","UST","True","Overfills/Spillage",,"3546",,"","",5434
99.039,"NFA",TF,2/9/1999,8/3/2006,True,"Wolff Company Inc. - Tank Removals","Wolff Company Inc","South of G Ave and West of 6th St",Eureka,57437,McPherson,45.76921,-99.6188354,127N,73W,35,"SE","0.00","","petroleum                                         ","0.00000",,"Petroleum","Other(See Case File)","Commercial","UST","True","Leakage",,"3664",,"","246",5586
99.040,"NFA",TF,2/9/1999,3/11/2003,True,"Kary's Service - Tank Removals","Kary's Service","813 7th Street",Eureka,57437,McPherson,45.7673721,-99.61958,,,,"","0.00","","petroleum                                         ","0.00000",,"Petroleum","Other(See Case File)","Commercial","UST","True","Leakage",,"3663",,"","223,276",5587
99.059,"C",BM,3/4/1999,11/9/1999,True,"Transport Event","John Wald","SD 247 E of MM186 at curve",Hillsview,57437,McPherson,45.67928,-99.34597,,,,"","0.00","","diesel                                            ","0.00000",,"Petroleum","Other(See Case File)","Other(See Case File)","Transport Truck","False","Transport Accident",,"null",,"","230",5606
2000.352,"C",KM,11/21/2000,9/27/2001,True,"ATP -  Former Lutheran College Site","McPherson County","4th Street, Lot 11, Block 2",Eureka,57437,McPherson,45.7727852,-99.61554,,,,"","0.00","","fuel oil                                          ","0.00000",,"Petroleum","ATP","Residential","UST","False","Corrosion",384,"4316",,"","208",6250
2001.280,"C",KM,8/21/2001,9/5/2001,True,"ATP - Jerry Dais property","Jerry Dais","107 Street",Eureka,57437,McPherson,45.8411064,-99.62521,127N,73W,11,"NW","0.00","","Petroleum                                         ","0.00000",,"Petroleum","ATP","Agricultural","UST","False","Corrosion",1391,"5325",,"","219",6564
2001.281,"C",KM,8/21/2001,9/5/2001,True,"ATP - Phillip Aman Property","Phillip Aman","309 F Avenue",Eureka,57437,McPherson,45.7701721,-99.6157,127N,73W,36,"SW","0.00","","Petroleum                                         ","0.00000",,"Petroleum","ATP","Residential","UST","False","Spillage",1350,"5283",,"","207, 219",6565
2001.282,"C",KM,8/21/2001,9/5/2001,True,"ATP - Vilhauer Farm","Leo Vilhauer","107 Street",Long Lake,57457,McPherson,45.838028,-99.18185,127N,69W,8,"NE","0.00","","Petroleum                                         ","0.00000",,"Petroleum","ATP","Agricultural","UST","False","Corrosion",452,"4386",,"","207",6566
2001.348,"C",JL,10/10/2001,12/19/2003,True,"Larry Kolb Farm - Burn Pit","Farmers Union Coop","362 Ave",Leola,57456,McPherson,45.82046,-98.94398,127,67,17,"NW","0.00","","Pesticide                                         ","0.00000",,"Agri Chem","Other(See Case File)","Agricultural","Containers","False","Handling",,"null",,"","236",6632
2001.450,"C",KM,9/11/2001,2/25/2002,True,"ATP - McIntosh Shop","Jason Weisbak","1606 J Avenue",Eureka,57437,McPherson,45.76746,-99.63399,,,,"","0.00","","Fuel Oil, Gasoline","0.00000",,"Petroleum","ATP","Commercial","UST","True","Leakage",1855,"5815",,"","207",6733
2001.456,"C",KM,9/13/2001,10/30/2001,True,"ATP - Aman Property","Rudolph Aman","12020 333rd  Avenue",Hillsview,57437,McPherson,45.6480179,-99.53097,125,72,15,"NW","0.00","","Gasoline                                          ","0.00000",,"Petroleum","ATP","Residential","UST","True","Leakage",1878,"5845",,"","207",6739
2001.488,"C",KM,9/11/2001,11/7/2001,True,"ATP - Vilhauer Property","Leona Vilhauer","Intersection at Hwys 247/45 and Hwy 10",Eureka,57437,McPherson,45.7667427,-99.36548,,,,"","0.00","","Gasoline                                          ","0.00000",,"Petroleum","ATP","Agricultural","UST","False","Spillage",1570,"5516",,"","207",6771
2001.987,"C",KM,11/15/2001,4/30/2002,True,"ATP - Eureka Pioneer Museum","Edmund Opp","NE Corner of Hwy 10 & 47",Eureka,57437,McPherson,45.7675247,-99.63463,127N,73W,35,"SW","0.00","","fuel oil                                          ","0.00000",,"Petroleum","ATP","Other(See Case File)","UST","False","Spillage",2103,"6055",,"","208",7269
2002.248,"C",RL,11/4/2002,8/16/2004,True,"Fertilizer Spill","North Central Farmers Elevator","1 mile S of  Hwy 10 on CR 17 (aka 358 Ave)",Leola,57456,McPherson,45.7073936,-99.03507,,,,"","0.00","","fertilizer                                        ","2000.00000",gallons,"Agri Chem","Other(See Case File)","Agricultural","Portable Tank","False","Transport Accident",,"null",03TO110401,"","233,235",7529
2002.277,"NFA",KH,11/7/2002,5/30/2003,True,"ATP - Leola School District #44-2","Leola School District #44-2","820 Leola Avenue",Leola,57456,McPherson,45.720295,-98.93694,,,,"","0.00","","fuel oil                                          ","0.00000",,"Petroleum","ATP","Public","UST","False","Corrosion",2201,"6137",,"","217",7558
2002.285,"NFA",KH,11/7/2002,5/21/2003,True,"ATP - Harlan Krein Farm","Harlan Krein","NE at 362 Ave & 119 St",Leola,57456,McPherson,45.66639,-98.95132,125,67,5,"SW","0.00","","petroleum                                         ","0.00000",,"Petroleum","ATP","Agricultural","UST","False","Leakage",2513,"6443",,"","217",7566
2003.188,"NFA",KH,11/13/2003,1/16/2004,True,"ATP - McPherson Co. Courthouse","Roger Rohwedder","706 Main Street",Leola,57456,McPherson,45.7234573,-98.94022,,,,"","0.00","","fuel oil                                          ","0.00000",,"Petroleum","ATP","Public","UST","False","Overfills/Spillage",2775,"6753",,"","225,",7835
2004.091,"C",BW,6/4/2004,8/24/2004,True,"Roundup Spill - Northern Plains Coop","Northern Plains Coop","6N & 5E of Eureka",Eureka,57437,McPherson,45.9264679,-99.51113,127N,72W,3,"","0.00","","Roundup                                           ","50.00000",gal,"Agri Chem","Other(See Case File)","Agricultural","Tote","False","Displaced Load",,"null",,"","233,236,242",7976
2004.156,"NFA",NS,9/14/2004,12/21/2004,True,"Surface Spill - Gab Motors","Mervin Gab","Intersection @ 112th Street & Walnut Road",Eureka,57437,McPherson,45.76781,-99.60987,,,,"","0.00","","oil                                               ","0.00000",,"Oil","Other(See Case File)","Commercial","Drums","False","Spillage",,"null",,"","236",8041
2006.005,"C",KM,1/11/2006,2/8/2006,True,"Harms Fuel Oil Spill at Leola School","Harms Oil Company","820 Leola Avenue",Leola,57006,McPherson,45.72028,-98.93694,126N,67W,20,"NE","0.00","","Fuel Oil                                          ","20.00000",gal,"Petroleum","Other(See Case File)","Public","Transport Tank","False","Operator Error",,"7057",,"","244",10441
2006.083,"NFA",RL,6/2/2006,9/8/2006,True,"Eureka Pioneer Museum - Damaged Tank","Jared M. Schaefer","Intersection of 47 & 10 (west side of town)",Eureka,57437,McPherson,45.76758,-99.63457,127N,73W,35,"SW","0.00","","Fuel Oil                                          ","100.00000",gal,"Other(See Case File)","Other(See Case File)","Public","AST","False","Transport Accident",,"7112",,"","246",10525
2007.068,"C",RL,6/1/2007,6/20/2007,True,"Seal Leak  - Wind Farm Site","Aggregate Industries","10002 359th Street",Long Lake,57439,McPherson,45.9380951,-99.01497,128N,68W,2,"NW","0.00","","AEA-92 Surfactant                                 ","200.00000",gallons,"Chemical","Other(See Case File)","Agricultural","Equipment","False","Leakage",,"null",,"","254",10908
2008.025,"C",BM,2/21/2008,6/11/2008,True,"Wind Farm - Transformer Spill","Tetonka Wind Power","NE of Long Lake",Long Lake,57457,McPherson,45.9392548,-99.01053,128,68,2,"NW","0.00","","Transformer Oil                                   ","200.00000",gallons,"Oil","Other(See Case File)","Other(See Case File)","Transformer","False","Equipment Failure",,"null",,"","257",11106
2009.041,"NFA",NS,5/7/2009,12/29/2009,True,"Assessment - Tank Removals","Northern Plains Coop","N of 3rd & E ave, on E side of 3rd",Eureka,57437,McPherson,45.77264,-99.61397,127N,73W,35,"","0.00","","Diesel                                            ","0.00000",,"Petroleum","Other(See Case File)","Commercial","AST","True","Leakage",,"7395 7200",,"","271",11396
2009.198,"C",RL,12/21/2009,1/27/2010,True,"Dry Fertilizer Spill - Overturned Transport","Northern Plains Coop","South of junction @ 114th St & 335th Ave",Eureka,57437,McPherson,45.7378922,-99.48988,126,72,13,"NW","0.00","","Dry Fertilizer 46-0-0                             ","12000.00000",lbs,"Agri Chem","Other(See Case File)","Agricultural","Transport Trailer","False","Transport Accident",,"null",10T121803,"","272",11581
2011.096,"NFA",TK,6/7/2011,8/25/2011,True,"Jensen Cattle Line - Site Investigation","Joy & Keith Jensen","35513 123rd Street",Leola,57456,McPherson,45.5999222,-99.09512,,,,"","0.00","","Diesel, Oil","0.00000",,"Petroleum","Other(See Case File)","Agricultural","AST","True","Leakage",,"7616",,"","281",12006
2011.105,"NFA",BW,6/17/2011,11/20/2012,True,"Anonymous Complaint - Herbicide Spill","Bruce Mack","353 Ave, NE of 10/45 intersection @ substation",Leola,57456,McPherson,45.72297,-98.93029,,,,"","0.00","","Herbicide                                         ","500.00000",gallons,"Agri Chem","Unknown(See Case File)","Other(See Case File)","Tote","False","Displaced Load",,"null",11DB062017,"","288",12015
2012.155,"C",BM,7/9/2012,8/2/2012,True,"Complaint - Contaminated Well","Unknown","102 South Penn Street",Long Lake,57457,McPherson,45.85614,-99.2083054,,,,"","0.00","","Unknown                                           ","0.00000",,"Other(See Case File)","Unknown(See Case File)","Residential","Unknown(See Case File)","False","Unknown",,"null",,"","288",12421
2013.268,"C",TF,11/22/2013,1/16/2014,True,"ATP - Eureka School","Eureka School District","706 9th Street",Eureka,57437,McPherson,45.7689934,-99.62336,,,,"","0.00","","Fuel Oil                                          ","0.00000",,"Petroleum","ATP","Other(See Case File)","UST","False","Leakage",3362,"7879",,"","295",12862
2014.134,"C",TF,5/28/2014,2/27/2015,True,"ATP - SD DOT","SD Department of Transportation (SD DOT)","NE at Main/Hwy 10 and Leola Avenue",Leola,57456,McPherson,45.72284,-98.9375153,,,,"","0.00","","Diesel                                            ","0.00000",,"Petroleum","ATP","Other(See Case File)","UST","True","Leakage",3412,"7956",,"","298",13064
2016.083,"C",KN ,5/18/2016,6/13/2016,True,"Lube Oil Leak","Northern Border Pipeline Company","36997 128th Street",Wetonka,57481,McPherson,45.5329132,-98.78679,,,,"null","null","null","Lubricating Oil                                   ","40.00000",Gallons,"Oil","Other(See Case File)","Other(See Case File)","Equipment","False","Equipment Failure",,"null",,"null","null",13669
2020.022,"C",JAM,3/5/2020,4/8/2020,True,"Fertilizer Spill on Highway","CHS Northern Plains","Highway 10, 0.5 miles East of 335 Avenue ",Eureka,57437,McPherson,45.7669334,-99.48107,,,,"null","null","null","Dry Fertilizer (MESZ)                             ","13.00000",tons,"Agri Chem","Other(See Case File)","Agricultural","Transport Truck","False","Equipment Failure",,"null",20MM030501,"null","null",14710
2021.050,"C",TK ,4/12/2021,6/30/2021,True,"Truck accident and Permeate spill","Polluck Trucking","Highway 10, Mile Marker 245",Leola,57456,Mcpherson,45.7506332,-99.20797,,,,"null","null","null","Diesel, Permeate","3900.00000",gallons,"Combined","Other(See Case File)","Public","Transport Truck","False","Transport Accident",,"null",,"null","null",14958
2023.165,"O",MJP,11/15/2023,,True,"Brownfields - Four Buildings In Eureka","Northeast Council of Governments","602, 604, 606, 608 7th Street",Eureka,57437,Mcpherson,45.7701149,-99.62019,,,,"null","null","null","Asbestos                                          ","null",,"Other(See Case File)","Brownfields","Commercial","Construction Materials","False","Past Practices",,"null",,"null","null",15564
7777.002,"T",,,,False,"Former Landfill Site - Eureka","City of Eureka","10960 327th Avenue (approximate)",Eureka,57437,McPherson,45.8013954,-99.64199,127N,73W,22,"SE","5.16","","                                                  ","0.00000",,"Other(See Case File)","Former Landfill","Other(See Case File)","Wastes","False","Past Practices",,"null",,"SW125","",12271
7777.006,"T",,,,False,"Former Landfill Site - Leola","City of Leola","11480 363rd Avenue (approximate)",Leola,57456,McPherson,45.72524,-98.9272461,126N,67W,16,"SW","0.26","","                                                  ","0.00000",,"Other(See Case File)","Former Landfill","Other(See Case File)","Wastes","False","Past Practices",,"null",,"SW164","",12275
7777.021,"T",,,,False,"Former Landfill Site - Long Lake","Town of Long Lake","35030 County 8 (approximate)",Long Lake,57457,McPherson,45.85196,-99.19757,127N,69W,5,"NW","0.33","","                                                  ","0.00000",,"Other(See Case File)","Former Landfill","Other(See Case File)","Wastes","False","Past Practices",,"null",,"SW346","",12290
98039.000,"C",CH,11/2/1998,12/10/1998,True,"McPherson County Long Lake Shop","McPherson County","McPherson County Long Lake Shop",Longlake,57457,McPherson,45.8570671,-99.20484,,,,"","0.00","","                                                  ","0.00000",,"Other(See Case File)","Clean Site","Public","UST","True","No Release",,"null",,"","",8702
2001153.000,"C",KM,7/5/2001,9/6/2001,True,"Clean ATP - Spitzer Property","August Spitzer","Moulton & Broadway",Leola,57456,McPherson,45.7218971,-98.94128,,,,"","0.00","","                                                  ","0.00000",,"Other(See Case File)","ATP","Residential","UST","False","No Release",750,"4689",,"","204",9017
2001154.000,"C",KM,7/5/2001,9/6/2001,True,"Clean ATP - United Church of Christ","United Church of Christ","J Avenue & 10th Street",Eureka,57437,McPherson,45.7672577,-99.62461,,,,"","0.00","","                                                  ","0.00000",,"Other(See Case File)","ATP","Other(See Case File)","UST","False","No Release",1766,"5726",,"","205",9018
2001155.000,"C",KM,8/21/2001,9/6/2001,True,"Clean ATP - Don Kallenberger property","Don Kallenberger","404 11th Street",Eureka,57437,McPherson,45.77238,-99.6255951,,,,"","0.00","","                                                  ","0.00000",,"Other(See Case File)","ATP","Residential","UST","False","No Release",1603,"5555",,"","205",9019
2001156.000,"C",KM,8/21/2001,9/6/2001,True,"Clean ATP - Orpha Bensen Property","Orpha Bensen","349 Avenue",Leola,57456,McPherson,45.71536,-99.2273941,126,70,24,"","0.00","","                                                  ","0.00000",,"Other(See Case File)","ATP","Agricultural","UST","False","No Release",848,"4809",,"","204",9020
2001354.000,"C",KM,9/11/2001,10/30/2001,True,"Clean ATP - McIntosh Farm","Jason Weibak","334th Avenue",Eureka,57437,McPherson,45.8477135,-99.5095749,,,,"","0.00","","                                                  ","0.00000",,"Other(See Case File)","ATP","Agricultural","UST","True","No Release",1854,"5816",,"","205",9218
2002190.000,"C",KM,8/15/2002,2/10/2003,True,"Clean ATP - Ladner Farm","Erwin Ladner","327th Avenue",Eureka,57437,McPherson,45.7938232,-99.63636,,,,"","0.00","","                                                  ","0.00000",,"Other(See Case File)","ATP","Agricultural","UST","False","No Release",2515,"6445",,"","220",10049
2002191.000,"C",KM,8/15/2002,2/10/2003,True,"Clean ATP - Mettler Farm","Larry Mettler","10454 340th Avenue",Eureka,57437,McPherson,45.878334,-99.3860245,,,,"","0.00","","                                                  ","0.00000",,"Other(See Case File)","ATP","Agricultural","UST","False","No Release",2433,"6356",,"","220",10050
2002192.000,"C",KM,8/15/2002,2/10/2003,True,"Clean ATP - Julius Wittmayer Property","Tom Wittmayer","Hwy 45 (approx. 3.75 m N of Hwy 10)",Eureka,57437,McPherson,45.8218765,-99.35956,,,,"","0.00","","                                                  ","0.00000",,"Other(See Case File)","ATP","Agricultural","UST","False","No Release",2434,"6357",,"","220",10051
2002193.000,"C",KM,8/15/2002,2/10/2003,True,"Clean ATP - Wolff Property","Quinton Wolff","10373 347th Avenue  (County 11)",Longlake,57457,McPherson,45.88628,-99.26238,,,,"","0.00","","                                                  ","0.00000",,"Other(See Case File)","ATP","Residential","UST","True","No Release",2416,"6344",,"","220",10052
2002195.000,"C",KM,8/23/2002,2/10/2003,True,"Clean ATP - Zion American Lutheran Church","Zion American Lutheran Church","909 G Avenue",Eureka,57437,McPherson,45.76908,-99.62356,,,,"","0.00","","                                                  ","0.00000",,"Other(See Case File)","ATP","Other(See Case File)","UST","False","No Release",2641,"6585",,"","220",10054
2005004.000,"C",KH,1/12/2005,1/14/2005,True,"Clean ATP - Rohrbach Property","Berneice Goehring","309 5th Street",Eureka,57437,McPherson,45.7731,-99.61696,,,,"","0.00","","                                                  ","0.00000",,"Other(See Case File)","ATP","Residential","UST","False","No Release",2827,"6833",,"","236",10254
2006003.000,"C",KH,1/5/2006,1/9/2006,True,"Clean ATP - Fischer Farm","Dennis Fischer","32332 112th Street",Eureka,57437,McPherson,45.76918,-99.71124,,,,"","0.00","","                                                  ","0.00000",,"Other(See Case File)","ATP","Agricultural","UST","False","No Release",2933,"7022",,"","242",10434
2014009.000,"C",TF,6/25/2014,2/27/2015,True,"Clean ATP - Leola Right-of-Way","City of Leola","901 Main",Leola,57456,McPherson,45.72284,-98.93759,,,,"","0.00","","                                                  ","0.00000",,"Other(See Case File)","ATP","Commercial","UST","False","No Release",3415,"7959",,"","298",13065
2018002.000,"C",TF ,6/21/2018,10/10/2018,True,"Clean ATP - SDDOT Maintenance Shop","SD Department of Transportation","147  6th  Avenue",Leola,57456,McPherson,45.72242,-98.9482651,,,,"null","null","null","null","null",,"Other(See Case File)","ATP","Other(See Case File)","UST","True","No Release",3368,"7885",,"null","null",14294