id,status,r1,date_rep,date_close,image,site_name,resp_party,street,city,zip_code,county,latitude,longitude,township,range,section,secq1,acreage,instctrls,material,amount,units,spill_cat,site_type,proptype,sor_type,regulated,cause_type,atp_no,prcfnumber,ag_no,solidwaste,microroll,siteid
75.003,"C",KM,11/10/1975,7/20/2000,True,"Pipeline Leak","Wyco Pipeline Company","Highway 18",Edgemont,57735,Fall River,43.2987442,-104.034737,9S,1E,6,"","0.00","","gasoline                                          ","2.00000",barrels,"Petroleum","Other(See Case File)","Other(See Case File)","Pipeline","False","Leakage",,"null",,"","232",15
82.038,"C",KM,10/26/1982,2/2/1993,True,"Husky Oil Transportation Truck Accident","Husky Oil Transportation","13 mi S of US 18 on County Road 8",Provo,57774,Fall River,43.1591072,-103.996315,,,,"","0.00","","Crude Oil                                         ","210.00000",,"Oil","Other(See Case File)","Other(See Case File)","Transport Tank","False","Accident",,"null",,"","",98
82.043,"C",KM,1/4/1982,7/20/2000,True,"Burlington Northern Diesel Spill  (BNSF)","Burlington Northern Santa Fe (BNSF)","Near Roundhouse",Edgemont,57735,Fall River,43.3032036,-103.820961,,,,"","0.00","","Diesel #2                                         ","1200.00000",gallons,"Petroleum","Other(See Case File)","Industrial","Locomotive","False","Damage",,"null",,"","237",103
86.063,"C",KM,8/11/1986,6/30/2000,True,"(BNSF) Burlington North RR Derail","(BNSF) Burlington Northern Santa Fe","9 mi. NW of Edgemont",Burdock,57735,Fall River,43.40214,-103.929878,7S,2E,31,"","0.00","","Coal                                              ","0.00000",,"Other(See Case File)","Other(See Case File)","Other(See Case File)","Railcar","False","Overturned",,"null",,"","",428
86.081,"C",TK,11/6/1986,8/11/1996,True,"Wyoming Pipeline - Damaged Pipeline","Unknown","Pipeline - Rural Fall River County",Hot Springs,57747,Fall River,43.2667847,-103.397911,9S,6E,15,"","0.00","","Jet Fuel                                          ","7.00000",gallons,"Petroleum","Other(See Case File)","Other(See Case File)","Pipeline","False","Damage",,"null",,"","268",446
86.096,"C",BL,12/22/1986,6/30/2000,True,"Wynia Property","Unknown","Hwy. 18",Hot Springs,57747,Fall River,43.4285126,-103.500748,7S,5E,22,"","0.00","","Motor Oil                                         ","0.00000",,"Oil","Other(See Case File)","Other(See Case File)","Equipment","False","Handling",,"null",,"","268",461
87.065,"C",TK,7/21/1987,3/23/1993,True,"Silver King Mine Mill Site - Petroleum at Mill Site","Tennessee Valley Authority","Mill Site, South of Hwy 18 and East of Rail",Edgemont,57735,Fall River,43.3036,-103.820824,9S,2E,1,"","0.00","","Fuel Oil                 ","0.00000",,"Petroleum","Federal","Industrial","Production Waste","False","Handling",,"null",,"","",530
87.086,"C",TK,8/19/1987,11/14/1991,True,"Beaver Creek Fish Kill","Unknown","Dewey Road at Beaver Creek",Burdock,57747,Fall River,43.4493866,-104.0151,7S,1E,9,"SW","0.00","","Unknown                                           ","0.00000",,"Other(See Case File)","Other(See Case File)","Other(See Case File)","Other(See Case File)","False","Naturally Occurring",,"null",,"","",551
88.007,"C",DM,1/26/1988,1/29/1988,True,"Maverick Truck Stop - Unattended Nozzle","Unknown","Jct. of Hwy 18-79-385",Hot Springs,57747,Fall River,43.39929,-103.396645,,,,"","0.00","","Fuel Oil #2                                       ","0.00000",,"Petroleum","Other(See Case File)","Commercial","UST","True","Unattended Nozzle",,"null",,"","",613
88.035,"C",KM,3/16/1988,4/12/1991,True,"Hot Springs Refinery - Transport Accident","Hot Springs Refinery","Hwy 385 ~ 200' N of Cheyenne River",Hot Springs,57747,Fall River,43.3870239,-103.404137,,,,"","0.00","","Diesel                                            ","200.00000",gallons,"Petroleum","Other(See Case File)","Industrial","Transport Truck","False","Transport Accident",,"null",,"","",639
88.123,"C",DM,7/15/1988,6/16/1993,True,"Nelson Oil & Gas","Jack Nelson","Hwy. 385 & Former Railroad Yard",Hot Springs,57747,Fall River,43.4397125,-103.479362,,,,"","0.00","","Gasoline                                          ","650.00000",gallon,"Petroleum","Other(See Case File)","Industrial","AST","True","Tank Failure",,"255",,"","",727
88.127,"C",KM,8/2/1988,11/18/1991,True,"Silver King Mine  Mill Site - Petroleum at  Cottonwood Creek","Silver King Mine","Area of mill site tailings at Cottonwood Creek",Edgemont,57735,Fall River,43.3040543,-103.81852,,,,"","0.00","","Fuel Oil                                          ","0.00000",,"Petroleum","Surface Water","Industrial","Operating System","True","Line Leak",,"null",,"","",731
89.022,"C",TK,2/23/1989,4/12/1991,True,"Evans Hotel - Offloading Event","Ted Bonde","National & N. River Street",Hot Springs,57747,Fall River,43.43517,-103.480362,,,,"","0.00","","Fuel Oil                                          ","100.00000",gallons,"Petroleum","Other(See Case File)","Industrial","UST","False","Disconnected Hose ",,"531",,"","",912
89.123,"C",KM,6/13/1989,10/17/1989,True,"Burlington Northern Railroad  (BNSF) - Tank Vandalism","Burlington Northern Railroad  (BNSF)","Downtown, across from Depot",Edgemont,57735,Fall River,43.3033066,-103.821022,,,,"","0.00","","Fuel Oil #1                                       ","200.00000",gallons,"Petroleum","Other(See Case File)","Industrial","AST","True","Open Valve",,"571",,"","234",1012
89.130,"C",BN,6/19/1989,6/30/2000,True,"CERCLIS Silver King Mine - Mill Site Decommissioning (also 2015.062)","Tennessee Valley Authority","Mill Site, South of Hwy 18 and East of Rail",Edgemont,57735,Fall River,43.3029175,-103.820526,,,,"","0.00","","uranium mill tailings                             ","0.00000",,"Other(See Case File)","CERCLIS","Industrial","Production Waste","False","Handling",,"null",,"","289",1019
89.164,"I",TF,7/24/1989,5/10/1999,True,"Edgemont School District - Tank Removal","Edgemont School District","715 D Street",Edgemont,57735,Fall River,43.3012276,-103.833992,9,,1,"NW","0.00","","Fuel Oil                                          ","0.00000",,"Petroleum","Other(See Case File)","Public","UST","False","Leaks and Spills",,"123",,"","",1053
89.226,"C",RC,7/21/1989,11/16/1993,True,"Former Chuck's Super Service - Tank Site Assessment","Lester Hagen","302 S. Chicago St.",Hot Springs,57747,Fall River,43.42897,-103.473763,,,,"","0.00","","Petroleum                                         ","0.00000",,"Petroleum","Other(See Case File)","Commercial","UST","True","Leaks and Spills",,"null",,"","",1114
89.269,"C",TA,7/21/1989,12/18/1998,True,"Amoco Station #5064 - Line Leak","Amoco Oil Company","6th & Detroit",Hot Springs,57747,Fall River,43.4271126,-103.470184,7S,5E,24,"NE","0.00","","Gasoline                                          ","0.00000",,"Petroleum","Other(See Case File)","Commercial","UST","True","Line Leak",,"264",,"","",1157
89.346,"C",KM,2/10/1989,7/20/2000,True,"Angostura Recreation Area  Tank Leak (SD GF&P)","SD Game Fish & Parks  (SD GF&P)","Angostura Reservoir, South Recreation Area",Hot Springs,57747,Fall River,43.2879562,-103.379646,,,,"","0.00","","gasoline                                          ","0.00000",,"Petroleum","Other(See Case File)","Public","UST","True","Leakage",,"null",,"","237",1234
89.347,"C",KM,3/17/1989,7/20/2000,True,"Angostura Reservoir Resort  - Tank Removals","SD Game Fish & Parks  (SD GF&P)","Angostura Reservoir, Longs Resort",Hot Springs,57747,Fall River,43.2877,-103.379448,,,,"","0.00","","gasoline                                          ","0.00000",,"Petroleum","Other(See Case File)","Public","UST","True","Leakage",,"null",,"","237",1235
90.025,"C",DP,2/9/1990,4/10/1990,True,"Nelson Oil Company","Nelson Oil Company","Fall River Courthouse",Hot Springs,57747,Fall River,43.436882,-103.480766,,,,"","0.00","","Fuel Oil                                          ","25.00000",gallons,"Petroleum","Other(See Case File)","Public","UST","False","Overfill",,"null",,"","",1260
90.143,"C",KM,5/2/1990,3/29/2000,True,"CERCLIS - Coldbrook Dam Mercury Spill","US Corps of Engineers - Mississippi River Division","Coldbrook Dam, Gauge House",Hot Springs,57747,Fall River,43.452404,-103.489609,,,,"","0.00","","Mercury                                           ","1.00000",quart,"Chemical","CERCLIS","Other(See Case File)","Containers","False","Spillage",,"null",,"","",1378
90.417,"C",RC,9/10/1990,12/6/1991,True,"Hot Springs School - Case Auditorium Tank Replacement","Hot Springs School District","17th and Lincoln",Hot Springs,57747,Fall River,43.43157,-103.482452,,,,"","0.00","","Fuel Oil                                          ","0.00000",,"Petroleum","Other(See Case File)","Public","UST","False","Overfills/Spillage",,"1117",,"","",1652
91.047,"C",TK,2/4/1991,2/25/1991,True,"State Veterans Home - Tank Overfill","State Veterans Home","2500 Minnekahta Avenue",Hot Springs,57747,Fall River,43.4360161,-103.495346,,,,"","0.00","","Heating Fuel                                      ","75.00000",gallons,"Petroleum","Other(See Case File)","Residential","AST","False","Overfill",,"null",,"","",1937
91.066,"C",KB,2/25/1991,2/23/1994,True,"T & L Transport","T & L Transport","Highway 18  MM 21",Hot Springs,57747,Fall River,43.39175,-103.723351,,,,"","0.00","","Diesel                                            ","0.00000",,"Petroleum","Other(See Case File)","Other(See Case File)","Truck Tank","False","Transport Accident",,"null",,"","",1956
91.428,"C",TK,9/12/1991,6/25/1992,True,"Transport into Angostura Project Canal","US Bureau of Reclamation","3 miles West of Oral",Oral,57766,Fall River,43.381546,-103.3222,8S,7,5,"SW","0.00","","Diesel                                            ","65.00000",gallons,"Petroleum","Federal","Public","Transport Truck","False","Immersed  ",,"null",,"","",2318
91.465,"C",TK,10/14/1991,10/19/1992,True,"SD State Veterans Home","SD Office of  State Engineer","Maintenance Garage",Hot Springs,57747,Fall River,43.4362144,-103.49543,,,,"","0.00","","Gasoline                                          ","0.00000",,"Petroleum","Other(See Case File)","Public","UST","True","Corrosion",,"1684",,"","",2355
91.477,"C",NS,10/22/1991,11/20/1996,True,"U.S. Postal Service - Edgemont","United States Postal Service","519 2nd Street",Edgemont,57735,Fall River,43.2991066,-103.824806,9S,2,1,"SW","0.00","","Heating Oil                                       ","0.00000",,"Petroleum","Federal","Public","UST","False","Overfills/Spillage",,"1796",,"","",2367
91.499,"C",SH,10/2/1991,1/22/2003,True,"Edgemont Ambulance Service","Beverly McBride","2nd Avenue & C Street",Edgemont,57735,Fall River,43.3019753,-103.824844,,,,"","0.00","","Gasoline                                          ","0.00000",,"Petroleum","Other(See Case File)","Other(See Case File)","UST","True","Corrosion",,"1816",,"","226",2389
91.524,"NFA",SD,11/20/1991,12/31/2009,True,"Norton's Sinclair Site - Tanks Replaced","Moyle Petroleum","1845 University Avenue  (SW at Hwy 18/Univ & 19th St)",Hot Springs,57747,Fall River,43.42965,-103.484833,,,,"","0.00","","Gasoline                                          ","0.00000",,"Petroleum","Other(See Case File)","Commercial","UST","True","Leakage",,"1791",,"","271, 276",2414
91.560,"C",SH,12/11/1991,11/30/1999,True,"Stevens Automotive","Rich Nelson","109 2nd Avenue",Edgemont,57735,Fall River,43.3010826,-103.824768,95,2E,1,"NW","0.00","","gasoline                                          ","0.00000",,"Petroleum","Other(See Case File)","Commercial","UST","True","Leaks and Spills",,"1674",,"","241",2450
91.616,"C",GH,12/20/1991,9/19/1994,True,"City of Edgemont","City of Edgemont","2nd Ave. & B Street",Edgemont,57735,Fall River,43.3027573,-103.824844,,,,"","0.00","","Gasoline                                          ","0.00000",,"Petroleum","Other(See Case File)","Public","UST","True","Corrosion",,"1937",,"","",2506
91.635,"C",PG,12/20/1991,3/26/1999,True,"Rainbow Motel","Franklin Manke","500 A Street",Edgemont,57735,Fall River,43.304287,-103.828377,,,,"","0.00","","gasoline                                          ","0.00000",,"Petroleum","Other(See Case File)","Commercial","UST","True","Corrosion",,"1935",,"","",2525
91.646,"C",SH,12/18/1991,6/18/1996,True,"Former Hi-D-Way Site","Hi-D-Way Oil & Gas","5th & A Street",Edgemont,57735,Fall River,43.3039474,-103.829659,,,,"","0.00","","Gasoline                                          ","0.00000",,"Petroleum","Other(See Case File)","Commercial","UST","True","Corrosion",,"1938",,"","241",2536
91.649,"C",SH,12/24/1991,5/4/1992,True,"Former Blackie's Corner site","Nelsons Oil & Gas","115 A Street",Edgemont,57735,Fall River,43.3040466,-103.824257,,,,"","0.00","","gasoline                                          ","50.00000",,"Petroleum","Other(See Case File)","Commercial","UST","True","Spillage",,"1673",,"","",2539
91.654,"C",JL,12/27/1991,10/18/1996,True,"Former Don's Sinclair","Fall River County - Contact Jack Mentele, County Highway Supt.","209 A Street (3rd & A)",Edgemont,57735,Fall River,43.30382,-103.826881,,,,"","0.00","","Petroleum","0.00000",,"Petroleum","Other(See Case File)","Commercial","UST","True","Dispenser Leak",,"1999",,"","241",2544
91.664,"C",RC,12/27/1991,11/7/1995,True,"Fall River Highway Shop","Fall River County Highway Department","A & 7th",Edgemont,57735,Fall River,43.303833,-103.833488,9N,2,1,"NW","0.00","","Diesel                                            ","0.00000",,"Petroleum","Other(See Case File)","Public","AST","True","Leaks and Spills",,"1974",,"","",2554
91.665,"C",SH,12/27/1991,6/17/1996,True,"Fire Department","Edgemont Volunteer Fire Department","2nd and F Street",Edgemont,57735,Fall River,43.2990646,-103.825531,,,,"","0.00","","gasoline                                          ","0.00000",,"Petroleum","Other(See Case File)","Public","UST","True","Corrosion",,"1939",,"","",2555
91.669,"NFA",JN,12/30/1991,8/27/2008,True,"Former R & L Oil & Gas","Ron Lavielle","NE @ Hwy 385 & Hwy 16",Hot Springs,57747,Fall River,43.4408569,-103.479645,,,,"","0.00","","Petroleum                                         ","0.00000",,"Petroleum","Other(See Case File)","Commercial","AST","True","Leakage",,"2012",,"","245,259",2559
91.690,"C",RC,12/30/1991,10/29/1992,True,"Fall River County - Ambulance","Fall River County","1033 N. River Street",Hot Springs,57747,Fall River,43.43951,-103.479691,7N,5,13,"SW","0.00","","Petroleum                                         ","0.00000",,"Petroleum","Other(See Case File)","Other(See Case File)","UST","True","Spillage",,"2010",,"","",2580
91.692,"C",JL,12/30/1991,2/14/1997,True,"Old County Shop","Fall River County","201 S. Garden Street",Hot Springs,57747,Fall River,43.4298553,-103.476738,,,,"","0.00","","Petroleum                                         ","0.00000",,"Petroleum","Other(See Case File)","Public","UST","True","Overfills/Spillage",,"2011",,"","",2582
92.037,"C",JL,1/27/1992,8/1/1995,True,"VA Medical Center","VA Medical Center","500 North 5th Street",Hot Springs,57747,Fall River,43.4380722,-103.477585,7S,5E,13,"","0.00","","Fuel oil                                          ","0.00000",,"Petroleum","Federal","Public","UST","False","Spillage",,"2044",,"","235",2627
92.145,"C",RC,4/28/1992,9/28/1992,True,"Bethesda Lutheran Church","Bethesda Lutheran Church","1537 Baltimore Avenue",Hot Springs,57747,Fall River,43.427166,-103.4795,,,,"","0.00","","Heating Fuel                                      ","0.00000",,"Petroleum","Other(See Case File)","Other(See Case File)","UST","False","Leaks and Spills",,"2112",,"","",2735
92.204,"C",GH,6/15/1992,9/1/1992,True,"Alta Gold Company","Tennessee Valley Authority","Shop Building",Edgemont,57735,Fall River,43.2910347,-103.814491,9S,3E,6,"SW","0.00","","Waste Oil                                         ","0.00000",,"Oil","Federal","Other(See Case File)","UST","True","Corrosion",,"null",,"","",2794
92.227,"C",TK,6/24/1992,8/22/1994,True,"Hot Springs Star - Smith Newspapers Inc.","Smith Newspaper Inc.","107 N. Chicago",Hot Springs,57747,Fall River,43.43072,-103.474159,,,,"","0.00","","Heating Fuel                                      ","0.00000",,"Petroleum","Other(See Case File)","Industrial","UST","False","Leakage",,"2193",,"","",2817
92.229,"C",JL,2/27/1992,8/1/1995,True,"VA Medical Center","VA Medical Center","Building 14: 500 N. 5th St.",Hot Springs,57747,Fall River,43.43701,-103.477066,7S,5E,13,"SW","0.00","","Mineral Spirits                                   ","0.00000",,"Petroleum","Federal","Other(See Case File)","UST","False","Spillage",,"2202",,"","235",2819
92.235,"NFA",TF,7/1/1992,5/14/2002,True,"Edgemont School District - Multi Purpose Bldg","Edgemont School District","715 D Street",Edgemont,57735,Fall River,43.3015175,-103.833336,,,,"","0.00","","Heating Fuel                                      ","0.00000",,"Petroleum","Other(See Case File)","Public","UST","False","Leakage",,"2205",,"","196",2825
92.264,"C",TK,7/28/1992,8/11/1992,True,"Boating Accident -  Angostura","SD Game Fish & Parks  (SD GF&P)","Angostura Reservoir",Oral,57766,Fall River,43.3388176,-103.424461,,,,"","0.00","","gasoline                                          ","6.00000",gallons,"Petroleum","Other(See Case File)","Other(See Case File)","Boat","False","Immersed  ",,"null",,"","",2854
92.287,"NFA",SD,8/18/1992,8/4/2010,True,"United Church - Tank Removal","United Church","342 North Garden Street",Hot Springs,57747,Fall River,43.4322739,-103.479774,,,,"","0.00","","Fuel Oil                                          ","0.00000",,"Petroleum","Other(See Case File)","Other(See Case File)","UST","False","Corrosion",,"2260",,"","276",2877
92.289,"C",JN,8/19/1992,1/24/1994,True,"Department of Transportation (SD DOT) - Tank Removals","SD Department of Transportation (SD DOT)","Maintenance Shop",Oelrichs,57763,Fall River,43.1809235,-103.238426,,,,"","0.00","","Petroleum                                         ","0.00000",,"Petroleum","Other(See Case File)","Public","UST","True","Leaks and Spills",,"2236",,"","",2879
92.304,"C",KM,9/3/1992,3/17/1993,True,"Black Hills Power & Light","Black Hills Power and Light","239 S. Chicago Alley",Hot Springs,57747,Fall River,43.42968,-103.473061,,,,"","0.00","","Transformer Oil PCB                               ","22.00000",gallons,"Chemical","Other(See Case File)","Other(See Case File)","Transformer","False","Leakage",,"null",,"","",2894
92.343,"C",TK,10/1/1992,10/14/1992,True,"T.L. Transport - Transport Event","T.L. Transport","Hwy. 18: MM 22",Hot Springs,57747,Fall River,43.3996658,-103.707695,,,,"","0.00","","Diesel                                            ","0.00000",,"Petroleum","Other(See Case File)","Other(See Case File)","Truck Tank","False","Fire Event",,"null",,"","",2933
93.009,"C",KM,1/16/1993,1/27/1993,True,"Burlington Northern Transport Event  (BNSF)","Burlington Northern Railroad  (BNSF)","5 East of Town",Edgemont,57735,Fall River,43.3298836,-103.734589,,,,"","0.00","","Diesel                                            ","20.00000",gallons,"Petroleum","Other(See Case File)","Other(See Case File)","Railcar","False","Derail",,"null",,"","234",3024
93.034,"C",JN,2/2/1993,1/19/1996,True,"Department of Transportation (SD DOT)","SD Department of Transportation (SD DOT)","Maintenance Garage Hwy 79 & 18",Hot Springs,57747,Fall River,43.39503,-103.398926,,,,"","0.00","","Petroleum                                         ","0.00000",,"Petroleum","Other(See Case File)","Public","UST","True","Leakage",,"2237",,"","",3049
93.063,"NFA",JN,3/24/1993,7/1/2009,True,"Nelson Oil & Gas - Kountry Korner","Nelson Oil & Gas Inc.","6th & Truck Bypass",Edgemont,57735,Fall River,43.30561,-103.831436,,,,"","0.00","","Gasoline                                          ","1900.00000",gallons,"Petroleum","Other(See Case File)","Commercial","AST","True","Leakage",,"2398",,"","265",3078
93.112,"C",TK,5/11/1993,1/25/1994,True,"Pro Weed at MDU Pole Yard -  Run-off","William Walker","Washington Street",Hot Springs,57747,Fall River,43.43288,-103.490463,,,,"","0.00","","Pesticide                                         ","0.00000",,"Agri Chem","Other(See Case File)","Other(See Case File)","Applied Material","False","Runoff",,"null",,"","",3127
93.231,"C",KH,7/21/1993,9/3/1993,True,"Hot Springs Elementary School","Hot Springs School District","19th and Lincoln",Hot Springs,57747,Fall River,43.43196,-103.484589,,,,"","0.00","","Heating Fuel                                      ","0.00000",,"Petroleum","Other(See Case File)","Public","UST","False","Leakage",,"2500",,"","",3246
93.339,"NFA",KM,10/21/1993,6/6/2006,True,"Former Hot Springs Refinery Site","SD DOT - Simunek - Bonde","Highway 18 - 2 miles E of Hot Springs",Hot Springs,57747,Fall River,43.40804,-103.43663,7S,6E,29,"SW","0.00","","oil like substance                                ","0.00000",,"Oil","Other(See Case File)","Industrial","Equipment","False","Leaks and Spills",,"2579",,"","245,249",3354
93.490,"C",JA,12/9/1993,1/4/1995,True,"City of Edgemont - Tank","City of Edgemont","H Street",Edgemont,57735,Fall River,43.297287,-103.840622,,,,"","0.00","","Petroleum                                         ","0.00000",,"Oil","Other(See Case File)","Other(See Case File)","AST","False","Leakage",,"null",,"","",3505
93.503,"C",KM,12/27/1993,1/20/1994,True,"Rich Port Construction   Transport Event","James Witt","River St. & VA Incline",Hot Springs,57747,Fall River,43.4377327,-103.480728,,,,"","0.00","","Diesel                                            ","50.00000",gallons,"Petroleum","Other(See Case File)","Other(See Case File)","Portable Tank","False","Unsecured",,"null",,"","234",3518
94.047,"C",JN,3/14/1994,3/21/1994,True,"Damaged UST","Dr. John Elston","University & Chicago",Hot Springs,57747,Fall River,43.43119,-103.474937,,,,"","0.00","","Gasoline                                          ","0.00000",,"Petroleum","Other(See Case File)","Commercial","UST","True","Damage",,"2639",,"","237",3582
94.053,"C",DM,3/22/1994,9/30/1999,True,"Mike's Place Tank System Upgrade","Mike Thompson","1645 University Avenue",Hot Springs,57747,Fall River,43.4296455,-103.481865,,,,"","0.00","","gasoline                                          ","0.00000",,"Petroleum","Other(See Case File)","Commercial","UST","True","Leaks and Spills",,"2526",,"","",3588
94.097,"C",TK,4/28/1994,1/11/1995,True," Reported Transport Event","Unknown","Hwy. 18 and 385",Hot Springs,57747,Fall River,43.43078,-103.476219,,,,"","0.00","","Diesel                                            ","0.00000",,"Petroleum","Other(See Case File)","Other(See Case File)","Transportation","False","No Release",,"null",,"","",3632
94.238,"C",JL,8/15/1994,10/9/1998,True,"V.A. Hospital - Tank Removals","Hot Springs V.A. Hospital","500 North 5th Street",Hot Springs,57747,Fall River,43.43774,-103.47773,7S,5E,13,"SW","0.00","","Petroleum                                         ","0.00000",,"Petroleum","Federal","Other(See Case File)","UST","True","Leaks and Spills",,"2742",,"","",3773
94.319,"O",AF,4/29/1994,,True,"CERCLIS - DOD/FUD Black Hills Army Depot #b08sd0008","U.S. Army Corps of Engineers - Missouri River Division","1 mi W of Provo",Provo,57735,Fall River,43.1782532,-103.920952,,,,"","0.00","","Industrial Solvents, heavy metals                 ","0.00000",,"Combined","CERCLIS","Other(See Case File)","Ordnance","False","Handling",,"null",,"","",3854
95.001,"C",KM,1/4/1995,6/22/2002,True,"VFD Fire Hall - (see 2000.289)","Hot Springs Volunteer Fire Department","202 North Garden Street",Hot Springs,57747,Fall River,43.4310036,-103.4774,,,,"","0.00","","Fuel Oil                                          ","0.00000",,"Petroleum","Other(See Case File)","Other(See Case File)","UST","False","Spillage",,"2808",,"","198",3952
95.032,"C",TK,2/8/1995,9/19/1995,True,"Black Hills Power and Light","Black Hills Power and Light Company","438 S. 19th St. at Alley",Hot Springs,57747,Fall River,43.42608,-103.484489,,,,"","0.00","","Transformer Oil                                   ","2.00000",quarts,"Oil","Other(See Case File)","Residential","Transformer","False","Equipment Failure",,"null",,"","",3983
95.066,"NFA",JN,4/3/1995,1/22/2002,True,"Pop In Mart - Tank System Removal","Bryan Holland - Holland Incorporated","North at Hwy 385 & Joplin Ave",Hot Springs,57747,Fall River,43.4223366,-103.463,,,,"","0.00","","Petroleum                                         ","0.00000",,"Petroleum","Other(See Case File)","Commercial","UST","True","Leakage",,"2847",,"","218",4017
95.067,"C",JN,4/3/1995,5/8/1995,True,"Karjalainen Warehouse Site - Tank Removals","Pat Mueller - Karjalainen","Albany & South River Street",Hot Springs,57747,Fall River,43.430233,-103.475487,,,,"","0.00","","Fuel Oil                                          ","0.00000",,"Petroleum","Other(See Case File)","Commercial","UST","False","Spillage",,"2848",,"","",4018
95.139,"C",JN,6/6/1995,10/16/1995,True,"Former Curts Standard - Surface Spills","Curt Larive","101 N. Chicago",Hot Springs,57747,Fall River,43.43146,-103.474831,,,,"","0.00","","Waste Oil                                         ","0.00000",,"Oil","Other(See Case File)","Commercial","UST","True","Spillage",,"1685",,"","",4090
95.335,"C",TK,12/15/1995,3/3/1997,True,"Oilfield Spill - L & J Operating ","L & J Operating","Wulf #1",Edgemont,57735,Fall River,43.26215,-103.874763,9S,2E,15,"SW","0.00","","Crude Oil                                         ","35.00000",gallons,"Oil","Oil Field","Other(See Case File)","AST","False","Overflow",,"null",,"","",4286
95.344,"C",JN,12/20/1995,10/2/1996,True,"Angostura Marina Tank Removal","SD Game Fish & Parks","Angostura Marina",Hot Springs,57747,Fall River,43.3391151,-103.42495,8S,6E,20,"SE","0.00","","Gasoline                                          ","0.00000",,"Petroleum","Other(See Case File)","Public","UST","True","Leakage",,"2951",,"","",4295
96.010,"C",TK,1/17/1996,3/3/1997,True,"Old City Shop - Humane Society","City of Edgemont","Old City Shop",Edgemont,57735,Fall River,43.2964668,-103.838066,,,,"","0.00","","Malathion                                         ","5.00000",,"Agri Chem","Other(See Case File)","Other(See Case File)","Containers","False","Leakage",,"null",,"","",4320
96.259,"C",KM,9/8/1996,10/10/1996,True,"Donnells Paint Store/Mini Mart - Line Leak","Art Donnell","906 North River",Hot Springs,57747,Fall River,43.43472,-103.480721,,,,"","0.00","","Fuel oil #1                                       ","500.00000",gallons,"Petroleum","Other(See Case File)","Commercial","AST","False","Line Leak",,"3096",,"","",4569
96.339,"NFA",ML,1/1/1996,12/9/2004,True,"Blue Lagoon","United States Forest Service","Edgemont Mining District",Edgemont,57735,Fall River,43.41794,-103.8331,7S,2E,25,"","0.00","","uranium mill tailings                             ","0.00000",,"Chemical","Federal","Industrial","Production Waste","False","Past Practices",,"null",,"","250",4649
96.340,"O",ML,1/1/1996,,False,"Darrow Abandoned Mine","Private owners to be identified","Darrow Mine (abandoned mine site)",Edgemont,57735,Fall River,43.2931,-103.833,,,,"","0.00","","heavy metals in mine tailings                     ","0.00000",,"Other","Other(See Case File)","Industrial","Production Waste","False","Past Practices",,"null",,"","",4650
96.341,"O",ML,1/1/1996,,False,"Virginia C Abandoned Mine","United States Forest Service","Virginia C Mine (abandoned mine site)",Edgemont,57735,Fall River,43.4064,-103.853,,,,"","0.00","","heavy metals in mine tailings                     ","0.00000",,"Chemical","Federal","Industrial","Production Waste","False","Past Practices",,"null",,"","",4651
96.342,"O",ML,1/1/1996,,False,"Taylor Abandoned Mine","Private owners to be identified","Taylor Mine (abandoned mine site)",Edgemont,57735,Fall River,43.4028,-103.844,,,,"","0.00","","mine wastes                                       ","0.00000",,"Other","Other(See Case File)","Industrial","Production Waste","False","Past Practices",,"null",,"","",4652
96.343,"O",ML,1/1/1996,,False,"Freezout Abandoned Mine","Private owners to be identified","Freezeout mine (abandoned mine site)",Edgemont,57735,Fall River,43.4714737,-103.95256,6S,1E,36,"SW","0.00","","uranium mill tailings                             ","0.00000",,"Chemical","Other(See Case File)","Industrial","Production Waste","False","Past Practices",,"null",,"","",4653
96.357,"NFA",JPA,12/13/1996,2/3/2010,True,"Former Stockman's Cafe (also see 91.665)","Properties West","506 Second Avenue  ( Main Street)",Edgemont,57735,Fall River,43.2993774,-103.825294,,,,"","0.00","","Fuel Oil                                          ","0.00000",,"Petroleum","Combined(See Case File)","Commercial","Off Site Source","False","Corrosion",,"3135",,"","271",4667
96.375,"NFA",LAS,1/17/1997,6/13/2002,True,"Oilfield Spill - Grynberg Exploration","Grynberg Exploration","Pfister Federal 32-34",Provo,57774,Fall River,43.1330261,-104.022865,10S,1E,32,"SE","0.00","","Crude Oil                                         ","168.00000",gallons,"Oil","Oil Field","Other(See Case File)","AST","False","Fire Event",,"null",,"","203, 232",4685
96.377,"C",KM,2/5/1996,10/30/1998,True,"Petroleum near creek","City of Hot Springs","Minacotta Avenue River Bridge",Hot Springs,57747,Fall River,43.4350967,-103.481544,,,,"","0.00","","Petroleum                                         ","0.00000",,"Petroleum","Other(See Case File)","Other(See Case File)","Containers","False","Handling",,"null",,"","",4687
97.324,"C",MP,9/29/1997,2/2/1998,True,"Braun Hotel","Patrons Coop (Rapid City)","902 N. River St.",Hot Springs,57747,Fall River,43.43501,-103.480515,,,,"","0.00","","fuel oil                                          ","0.00000",,"Petroleum","Other(See Case File)","Commercial","AST","False","Overfill",,"null",,"","",5012
97.342,"C",KM,10/13/1997,4/28/1998,True,"Anonymous Complaint - Various Locations","Aggregate Construction","Various Locations",Hot Springs,57747,Fall River,43.3476372,-103.540337,,,,"","0.00","","waste oil                                         ","0.00000",,"Oil","Other(See Case File)","Other(See Case File)","Containers","False","Handling",,"null",,"","",5030
97.398,"NFA",KM,12/1/1997,2/15/2007,True,"Tower Petroleum Corporation - Hot Springs Oil Refinery","Tower Petroleum Corporation","Hwys 18 & 385, 1.5 mi S. of Hot Springs,  N. Side of Road",Hot Springs,57747,Fall River,43.4080238,-103.436714,,,,"","0.00","","heavy oil                                         ","0.00000",,"Oil","Other(See Case File)","Industrial","AST","True","Leakage",,"null",,"","249",5086
98.087,"NFA",LAS,4/29/1998,7/11/2003,True,"Oilfield Spill - L & J","L & J Operating","Wulf 1 Federal Disposal Facility",Edgemont,57735,Fall River,43.2622375,-103.874817,9S,152,,"","0.00","","crude oil                                         ","7.00000",bbls,"Oil","Oil Field","Industrial","AST","False","Overfills/Spillage",,"null",,"","227",5195
98.165,"NFA",LAS,6/23/1998,7/14/2003,True,"Oilfield Spill - Roosevelt","Roosevelt Operating Systems","6-21 Porter",Edgemont,57735,Fall River,43.2549553,-103.889206,9S,2E,21,"SW","0.00","","Crude Oil, Produced Water","13.00000",,"Oil","Oil Field","Other(See Case File)","Equipment","False","Damage",,"null",,"","232",5273
98.175,"NFA",LAS,7/15/1998,7/14/2003,True,"Oilfield Spill - H & R Well Service ","H & R Well Service","North Hollingsworth Field Tank Battery",Provo,57774,Fall River,43.1613426,-104.0155,10S,1E,19,"","0.00","","Crude Oil                                         ","2.00000",gallons,"Oil","Oil Field","Other(See Case File)","Drums","False","Overflow",,"null",,"","219, 232",5283
98.379,"C",KM,12/11/1998,8/18/1999,True,"VA Hospital - Tank Overfill","VA Hospital","500 N. 5th Ave",Hot Springs,57747,Fall River,43.43891,-103.476906,,,,"","0.00","","diesel fuel                                       ","685.00000",gallons,"Petroleum","Federal","Other(See Case File)","AST","False","Overfill",,"null",,"","",5487
99.035,"NFA",KH,1/29/1999,1/28/2003,True,"Former Curt's Standard - LUST Trust","Curt Larive","101 North  Chicago Street",Hot Springs,57747,Fall River,43.4314041,-103.474594,7S,5E,24,"NE","0.00","","Gasoline                                          ","0.00000",,"Petroleum","Lust Trust","Commercial","UST","True","Leakage",1959,"3495",,"","217, 223, 296",5582
99.284,"C",SH,10/12/1999,3/18/2002,True,"Maverick Station - Tank Removal","Maverick Station","Hwy. 79 & 385",Hot Springs,57747,Fall River,43.39906,-103.396278,7S,6E,34,"NW","0.00","","diesel fuel                                       ","0.00000",,"Petroleum","Other(See Case File)","Commercial","UST","True","Leakage",,"3828",,"","",5831
99.307,"C",TB,11/1/1999,5/8/2000,True,"Edgemont Shop (SD DOT) - Assessment","SD Department of Transportation (SD DOT)","NE of Town",Edgemont,57735,Fall River,43.3116951,-103.826271,8S,2E,36,"","0.00","","petroleum                                         ","0.00000",,"Petroleum","Other(See Case File)","Other(See Case File)","UST","True","Spillage",,"3791",,"","",5854
2000.078,"C",KM,4/27/2000,5/16/2000,True,"Oil Dumping","Unknown","Chilson Bridge over Mickelson Trail",Edgemont,57735,Fall River,43.3299065,-103.734688,,,,"","0.00","","Waste Oil                                         ","20.00000",gallons,"Oil","Other(See Case File)","Other(See Case File)","Unknown(See Case File)","False","Dumping",,"null",,"","231",5976
2000.287,"C",KM,11/13/2000,11/29/2000,True,"ATP - Former SD DOT Maintenance shop yard","City of Hot Springs","346 South 21st Street",Hot Springs,57747,Fall River,43.4269447,-103.488274,,,,"","0.00","","petroleum                                         ","0.00000",,"Petroleum","ATP","Public","UST","True","Spillage",104,"4013",,"","208",6185
2000.288,"C",KM,11/14/2000,11/21/2000,True,"ATP - Hot Springs Municipal Airport","City of Hot Springs","27858 US Hwy 385/18",Hot Springs,57747,Fall River,43.36854,-103.392525,,,,"","0.00","","petroleum                                         ","0.00000",`,"Petroleum","ATP","Commercial","UST","True","Spillage",107,"4016",,"","208",6186
2000.289,"C",KM,11/14/2000,11/21/2000,True,"ATP - Volunteer Fire Department","Hot Springs Volunteer Fire Dept.","202 North Garden Street",Hot Springs,57747,Fall River,43.4313736,-103.478516,,,,"","0.00","","diesel fuel                                       ","0.00000",,"Petroleum","ATP","Other(See Case File)","UST","True","Spillage",129,"4024",,"","208",6187
2000.378,"C",KM,12/21/2000,2/25/2002,True,"ATP - Municipal Liquor Store","City of Hot Springs","201 North River Street",Hot Springs,57747,Fall River,43.432003,-103.476715,,,,"","0.00","","petroleum                                         ","0.00000",,"Petroleum","ATP","Public","UST","True","Spillage",106,"4015",,"","208",6276
2000.379,"C",KM,12/21/2000,8/23/2002,True,"ATP - Former Street Maintenance Shop","City of Hot Springs","South 11th Street",Hot Springs,57747,Fall River,43.4228,-103.474632,,,,"","0.00","","petroleum                                         ","0.00000",,"Petroleum","ATP","Public","UST","True","Leakage",105,"4014",,"","208",6277
2001.025,"C",KM,2/3/2001,3/12/2001,True,"West Highway Depot  (BNSF)","Burlington Northern Santa Fe RR  (BNSF)","West highway crossing @ RR",Edgemont,57735,Fall River,43.3047562,-103.822159,,,,"","0.00","","Cooling water - rust inhibitor                    ","276.00000",gallons,"Chemical","Other(See Case File)","Other(See Case File)","Locomotive","False","Handling",,"null",,"","225,",6310
2001.048,"C",KM,3/5/2001,3/21/2001,True,"SD Veteran's Home - Tank Overfill","MG Oil","Behind heating plant at VA Home",Hot Springs,57747,Fall River,43.4360123,-103.495262,,,,"","0.00","","heating fuel                                      ","25.00000",gallons,"Petroleum","Other(See Case File)","Residential","AST","False","Overfill",,"null",,"","231",6333
2001.144,"C",BM,6/18/2001,7/3/2001,True,"Schugel Trucking - Drum Leak","J & R Schugel Trucking","Maverick Junction",Hot Springs,57747,Fall River,43.3986359,-103.396469,,,,"","0.00","","phosphatizing compound                            ","40.00000",gallons,"Chemical","Other(See Case File)","Commercial","Drums","False","Leakage",,"null",,"","203",6429
2001.909,"C",KM,11/30/2001,3/11/2002,True,"ATP - Hoar Property","Annie Hoar","FR 79F & Hwy 18/385",Hot Springs,57747,Fall River,43.4034424,-103.4163,,,,"","0.00","","fuel oil                                          ","0.00000",,"Petroleum","ATP","Residential","UST","False","Spillage",1304,"5230",,"","208",7191
2001.910,"C",KM,11/2/2001,3/11/2002,True,"ATP - Farrell Property","Margaret Farrell","321 Dakota Street",Hot Springs,57747,Fall River,43.4268456,-103.475273,,,,"","0.00","","fuel oil                                          ","0.00000",,"Petroleum","ATP","Residential","UST","False","Spillage",1410,"5348",,"","208",7192
2001.911,"C",KM,11/1/2001,3/11/2002,True,"ATP - Erickson Property","Don Erickson","505 South 4th Street",Hot Springs,57747,Fall River,43.4283066,-103.467812,,,,"","0.00","","fuel oil                                          ","0.00000",,"Petroleum","ATP","Residential","UST","False","Spillage",1413,"5353",,"","208",7193
2001.915,"C",KM,11/14/2001,3/20/2002,True,"ATP - Stiver Property","Lute Stiver","5 mi E, .5 mi N of Oral",Oral,57766,Fall River,43.4262428,-103.201935,,,,"","0.00","","gasoline                                          ","0.00000",,"Petroleum","ATP","Agricultural","UST","False","Leakage",1745,"5704",,"","208",7197
2002.017,"C",KM,1/11/2002,3/11/2002,True,"ATP - Soden Property","Robert Soden","Soden Property",Oelrichs,57763,Fall River,43.1813431,-103.232285,,,,"","0.00","","gasoline                                          ","0.00000",,"Petroleum","ATP","Residential","UST","True","Spillage",1422,"5354",,"","208",7298
2002.018,"C",KM,1/21/2002,3/11/2002,True,"ATP - Fall River County Shop","Fall River County","913 North River Street",Hot Springs,57747,Fall River,43.43953,-103.479836,,,,"","0.00","","Petroleum                                         ","0.00000",,"Petroleum","ATP","Public","UST","True","Spillage",1946,"5351",,"","208",7299
2002.019,"C",KM,1/7/2002,3/11/2002,True,"ATP - White Ranch","Tom White","6 miles East on Hwy 18",Oelrichs,57763,Fall River,43.1893349,-103.122437,,,,"","0.00","","Petroleum                                         ","0.00000",,"Petroleum","ATP","Agricultural","UST","False","Spillage",2090,"6023",,"","208",7300
2002.074,"C",KM,5/28/2002,6/12/2002,True,"Brunson Property - AST Washout","Jack & Cindy Brunson","Igloo/Provo Well #2 area",Igloo,57774,Fall River,43.2095451,-103.8623,10S,2E,3,"NE","0.00","","Petroleum                                         ","0.00000",,"Petroleum","Oil Field","Agricultural","AST","False","Handling",,"null",,"","198",7355
2002.094,"C",BM,6/24/2002,7/2/2002,True,"Diesel Spill","Unknown","Highway 18",Hot Springs,57747,Fall River,43.4138756,-103.700737,,,,"","0.00","","Diesel                                            ","25.00000",gallons,"Petroleum","Other(See Case File)","Other(See Case File)","Truck Tank","False","Leakage",,"null",,"","203",7375
2002.150,"C",KM,7/29/2002,8/6/2002,True,"VA Hospital - Diesel as herbicide.","VA Hospital","500 N. 5th Street",Hot Springs,57747,Fall River,43.43705,-103.477333,,,,"","0.00","","Diesel Fuel                                       ","10.00000",gallons,"Petroleum","Federal","Other(See Case File)","Sprayer","False","Handling",,"null",,"","231",7431
2005.020,"NFA",KH,1/25/2005,1/28/2005,True,"ATP - Stockman Boot & Saddlery","James Bultsma","106 South Chicago Street",Hot Springs,57747,Fall River,43.430645,-103.475044,,,,"","0.00","","Fuel Oil                                          ","0.00000",,"Petroleum","ATP","Commercial","UST","False","Leakage",2853,"6871",,"","236",8114
2005.069,"C",BM,4/20/2005,6/29/2005,True,"Transportation Accident","A & J Trucking","Hwy 18 near MM21",Edgemont,57735,Fall River,43.3917351,-103.723213,7S,3E,35,"SE","0.00","","Diesel                                            ","60.00000",gal,"Petroleum","Other(See Case File)","Other(See Case File)","Truck Tank","False","Transport Accident",,"6960",,"","239",8163
2005.140,"NFA",TF,7/5/2005,4/13/2007,True,"ATP - Trevillyan Property","ATP - Kim Trevillyan","2031 Washington Avenue",Hot Springs,57747,Fall River,43.4328957,-103.487885,,,,"","0.00","","Heating Fuel                                      ","0.00000",,"Petroleum","ATP","Residential","UST","False","Leakage",2879,"6915",,"","252",10301
2005.155,"C",TF,7/25/2005,1/19/2007,True,"ATP - Hot Springs Ambulance  (see 2006.004)","Hot Springs Ambulance District","709 Jensen Hwy  (Hwy 18/385)",Hot Springs,57747,Fall River,43.4258461,-103.467812,,,,"","0.00","","Petroleum                                         ","0.00000",,"Petroleum","ATP","Commercial","UST","True","Leakage",77,"4189",,"","248",10316
2005.176,"NFA",BM,8/26/2005,6/11/2008,True,"Oilfield Spill - L & J ","L & J Operating, Inc.","L&J Well Battery",Edgemont,57735,Fall River,43.2677422,-103.872139,9S,2E,15,"NW","0.00","","Oil, Water","80.00000",bbls,"Oil","Oil Field","Agricultural","AST","False","Overflow",,"null",,"","257",10339
2005.180,"NFA",BM,9/6/2005,12/23/2009,True,"Wyoming Refining - Mule Creek WY Spill","Wyoming Refining Company","1/4 mi S of MM 10 on Hwy 18 in Wyoming",Edgemont,57735,Fall River,43.3005524,-104.054329,,,,"","0.00","","gasoline                                          ","5.00000",bbl,"Petroleum","Other(See Case File)","Other(See Case File)","Pipeline","False","Leakage",,"null",,"","271, 294, 295, 296",10343
2005.256,"C",BM,12/30/2005,12/22/2006,True,"Hot Springs Golf Course - Overturned Tank","City of Hot Springs","Hwy 18",Hot Springs,57747,Fall River,43.4268761,-103.503578,,,,"","0.00","","gasoline                                          ","150.00000",gallons,"Petroleum","Other(See Case File)","Public","AST","True","Overturned",,"null",,"","248",10428
2006.004,"NFA",KH,1/9/2006,1/17/2006,True,"ATP - Former Enco Station","Hot Springs Ambulance","709 Jensen Highway",Hot Springs,57747,Fall River,43.4259453,-103.467896,,,,"","0.00","","Gasoline                                          ","0.00000",,"Petroleum","ATP","Commercial","UST","True","Leakage",77,"4189",,"","244,266",10439
2006.009,"NFA",BM,1/20/2006,12/11/2006,True,"Oilfield Spill - L & J","L & J Operating","Wulf #2 Federal Well",Edgemont,57735,Fall River,43.2684631,-103.866837,9S,2E,15,"NW","0.00","","Crude Oil                                         ","30.00000",bbls,"Oil","Oil Field","Other(See Case File)","AST","False","Overflow",,"null",,"","248",10445
2006.136,"C",BM,9/8/2006,12/22/2006,True,"Big Bats  - Tank Overfill","Muddy Creek Oil & Gas","Hwy 79 & 18 Intersection",Hot Springs,57747,Fall River,43.40043,-103.398132,,,,"","0.00","","gasoline                                          ","40.00000",gallons,"Petroleum","Other(See Case File)","Commercial","UST","True","Overfill",,"7121",,"","248",10580
2006.190,"C",BM,12/26/2006,6/11/2008,True,"Edgemont Diesel Spill","City of Edgemont","Red Canyon Rd & Hwy 18, 2 1/2 E. of Edgemont",Edgemont,57735,Fall River,43.3384933,-103.785538,,,,"","0.00","","Diesel                                            ","45.00000",gallons,"Petroleum","Other(See Case File)","Other(See Case File)","Truck Tank","False","Transport Accident",,"7153",,"","257",10643
2007.004,"C",RL,1/5/2007,2/28/2007,True,"Magnesium Chloride Spill","Hot Springs VA","500 North 5th Street to Fall River",Hot Springs,57747,Fall River,43.4388657,-103.478737,,,,"","0.00","","Magnesium Chloride                                ","150.00000",Gallons,"Chemical","Surface Water","Other(See Case File)","Spray Tank","False","Equipment Failure",,"null",,"","252",10650
2007.017,"NFA",BM,2/27/2007,6/11/2008,True,"Oilfield Spill - L & J ","L & J Operating","Wulf Tank Battery ",Edgemont,57735,Fall River,43.26774,-103.872208,2E,,,"","0.00","","Crude Oil                                         ","101.00000",bbl,"Oil","Oil Field","Other(See Case File)","AST","False","Overflow",,"null",,"","257",10855
2007.085,"NFA",RL,7/2/2007,11/9/2007,True,"MG Oil - Tank Overfill at Birkholts Station","MG Oil","445 South Chicago",Hot Springs,57747,Fall River,43.4279671,-103.471451,,,,"","0.00","","Gasoline                                          ","100.00000",gallons,"Petroleum","Other(See Case File)","Commercial","UST","True","Overfill",,"null",,"","255",10925
2007.107,"C",RL,7/31/2007,8/6/2007,True,"Oil Spill - Hot Springs","Unknown","Minnekahta & Battle Mountain Roads",Hot Springs,57747,Fall River,43.4385033,-103.4802,,,,"","0.00","","Oily Substance                                    ","25.00000",gallons,"Oil","Other(See Case File)","Public","Unknown(See Case File)","False","Unknown",,"null",,"","254",10953
2007.128,"C",RL,8/29/2007,9/25/2007,True,"Mule Creek Oil Spill - Wyoming (see 2005.180)","Wyoming Refining Company","Mule Creek  - Buffalo Gap Grasslands",Edgemont,57735,Fall River,43.3003464,-104.053978,9S,1E,6,"NW","0.00","","Oil                                               ","0.00000",,"Oil","Other(See Case File)","Industrial","Operating System","False","Equipment Failure",,"null",,"","255",10975
2007.145,"NFA",TF,9/24/2007,10/24/2007,True,"ATP - Crossman Property","Mark Crossman","1431 University Avenue",Hot Springs,57747,Fall River,43.42942,-103.479568,,,,"","0.00","","fuel oil                                          ","0.00000",,"Petroleum","ATP","Residential","UST","False","Spillage",2993,"7159",,"","255",10992
2007.151,"NFA",BM,9/30/2007,8/6/2008,True,"Locomotive Diesel Spill   (BNSF)","Burlington Northern Santa Fe Railroad (BNSF)","East side of Rail yard at 301 1st Ave",Edgemont,57735,Fall River,43.3021,-103.821724,85,2E,1,"NE","0.00","","Diesel Fuel                                       ","25.00000",gallons,"Petroleum","Other(See Case File)","Industrial","Locomotive","False","Leakage",,"null",,"","258",10998
2008.023,"NFA",JN,2/12/2008,8/27/2008,True,"Tank Overfill - Heartland Transport","MG Oil dba Heartland Transport & CS Inc dba Amoco Food Shop","740 Battle Mountain Road (Amoco Food Shop)",Hot Springs,57747,Fall River,43.44024,-103.479324,,,,"","0.00","","Gasoline                                          ","0.00000",,"Petroleum","Other(See Case File)","Commercial","AST","True","Overfill",,"7257",,"","259",11104
2008.109,"C",RL,6/14/2008,7/2/2009,True,"Leaking Tank","City of Edgemont","H Street, near airport",Edgemont,57735,Fall River,43.2973251,-103.84066,,,,"","0.00","","Tar / Oil                                         ","25.00000",gallons,"Oil","Other(See Case File)","Other(See Case File)","AST","True","Leakage",,"null",,"","265",11194
2008.189,"NFA",RL,10/1/2008,10/20/2008,True,"Fuel Tank - Valve Leak","Unknown at time of report","303 3rd Avenue",Edgemont,57735,Fall River,43.3016357,-103.82634,,,,"","0.00","","Fuel Oil                                          ","0.00000",,"Petroleum","Other(See Case File)","Residential","AST","False","Valve Leak",,"null",,"","259",11281
2008.232,"NFA",TF,12/15/2008,3/25/2009,True,"ATP - City Shop","City of Edgemont","201 2nd Avenue",Edgemont,57735,Fall River,43.30263,-103.824562,,,,"","0.00","","Waste Oil                                         ","0.00000",,"Oil","ATP","Public","UST","True","Leakage",3038,"7227",,"","264",11337
2009.002,"NFA",BM,1/8/2009,12/28/2011,True,"Oilfield Spill - L & J","L & J Operating","Wulf Tank Battery ",Edgemont,57735,Fall River,43.26774,-103.872246,9S,2E,15,"NW","0.00","","Crude Oil, Produced Water","2.00000",bbls,"Oil","Oil Field","Other(See Case File)","Equipment","False","Equipment Failure",,"null",,"","281",11356
2009.046,"C",RL,5/11/2009,5/12/2009,True,"Transportation Accident - Motorhome Rollover","Unknown","~2.5 miles S of Hot Springs on Hwy 385",Hot Springs,57747,Fall River,43.4057579,-103.434822,,,,"","0.00","","Diesel                                            ","25.00000",gallons,"Petroleum","Other(See Case File)","Other(See Case File)","Truck","False","Transport Accident",,"null",,"","264",11401
2009.052,"NFA",BM,5/20/2009,10/30/2009,True,"Oilfield Spill - L & J","L & J Operating","Wulf Tank Battery",Edgemont,57735,Fall River,43.2679253,-103.872108,,,,"","0.00","","Crude Oil, Produced Water","0.00000",,"Oil","Oil Field","Public","AST","False","Overflow",,"null",,"","270",11408
2009.084,"C",RL,7/3/2009,10/8/2009,True,"Overturned Transport","Robert Cooper Trucking","Hwy 385, ~ 8 miles S of 385 / 79 intersection",Smithwick,57763,Fall River,43.27835,-103.31,,,,"","0.00","","roofing tar                                       ","0.00000",,"Oil","Other(See Case File)","Other(See Case File)","Containers","False","Transport Accident",,"null",,"","268",11444
2009.144,"C",RL,10/8/2009,10/29/2009,True,"Crane Accident near Maverick Junction","Heavy Constructors Inc.","Cheyenne River Bridges S of Hwy 79/385 junction",Hot Springs,57747,Fall River,43.3860321,-103.404007,,,,"","0.00","","Hydraulic Fluid                                   ","0.00000",,"Oil","Surface Water","Other(See Case File)","Equipment","False","Damage",,"null",,"","270",11516
2009.176,"NFA",TF,11/18/2009,12/1/2009,True,"ATP - Myrvik Property","Richard Myrvik","204 3rd Avenue",Edgemont,57735,Fall River,43.30262,-103.827042,,,,"","0.00","","heating oil                                       ","0.00000",,"Petroleum","ATP","Residential","UST","False","Corrosion",3133,"7446",,"","270",11555
2009.197,"C",BM,12/11/2009,2/5/2010,True,"Rick's Auto Center - Tank Line Leak","Rick's Auto Center - Rick Eudy","145 S. River Street",Hot Springs,57747,Fall River,43.4301529,-103.4754,,,,"","0.00","","Waste Oil                                         ","150.00000",gallons,"Oil","Other(See Case File)","Commercial","AST","True","Line Leak",,"null",,"","272",11580
2010.003,"NFA",BM,1/12/2010,12/28/2011,True,"Oilfield Spill - L & J","L & J Operating - Sherilyn Samuels","Wulf 1 Federal ",Edgemont,57735,Fall River,43.2679672,-103.872177,,,,"","0.00","","Crude Oil                                         ","2.00000",bbl,"Petroleum","Oil Field","Other(See Case File)","AST","False","Overflow",,"null",,"","281",11586
2010.033,"C",BM,3/24/2010,7/14/2010,True,"Big Bats #3 - Nozzle Spill","Unknown","Junction of Highways 79, 385, & 18",Hot Springs,57747,Fall River,43.4004745,-103.39798,,,,"","0.00","","Diesel                                            ","30.00000",gallons,"Petroleum","Other(See Case File)","Commercial","UST","True","Unattended Nozzle",,"7491",,"","276",11618
2010.075,"NFA",ML,5/10/2010,5/10/2010,True,"CERCLIS - Ordnance Depot","US Forest Service / Dept of Defense","Black Hills Ordnance Depot",Igloo,57735,Fall River,43.19839,-103.869339,10S,2E,10,"","0.00","","                                                  ","0.00000",,"Other(See Case File)","CERCLIS","Other(See Case File)","Ordnance","False","Past Practices",,"null",,"","274",11661
2010.092,"NFA",ML,6/3/2010,6/3/2010,True,"CERCLIS - Ordnance Depot","US Forest Service","Ordnance Depot",Igloo,57735,Fall River,43.1985054,-103.869186,10S,2E,10,"","0.00","","                                                  ","0.00000",,"Other(See Case File)","CERCLIS","Other(See Case File)","Ordnance","False","Past Practices",,"null",,"","274",11678
2010.105,"NFA",ML,6/15/2010,6/15/2010,True,"CERCLIS - Hot Springs Refinery Site","Steve Simunek","HWY 18 (former Hot Springs Refinery Site)",Hot Springs,57747,Fall River,43.4080353,-103.436531,7S,6E,29,"SW","0.00","","Waste Oil                                         ","0.00000",,"Oil","CERCLIS","Residential","Production Waste","False","Past Practices",,"null",,"","276",11692
2010.106,"NFA",ML,6/15/2010,6/15/2010,True,"CERCLIS - VA Hospital","US Veterans Administration","VA Hospital, 500 N 5th Street",Hot Springs,57747,Fall River,43.4388275,-103.478058,,,,"","0.00","","Transformer Oil                                   ","0.00000",,"Oil","CERCLIS","Other(See Case File)","Transformer","False","Leakage",,"null",,"","276",11693
2010.175,"NFA",TK,8/26/2010,2/11/2014,True,"Chicago Pacific Rail Yard (see 2014.022)","Chicage Pacific Railroad","Rail Right-of-Way",Oelrichs,57763,Fall River,43.18208,-103.229744,,,,"","0.00","","Petroleum                                         ","0.00000",,"Petroleum","Other(See Case File)","Industrial","Off Site Source","True","Leakage",,"7575",,"","298",11766
2010.283,"NFA",RL,12/27/2010,2/11/2011,True,"Transformer Oil Spill","Black Hills Power & Light","Edgemont Trap Club",Edgemont,57735,Fall River,43.34133,-103.836,85,2,24,"NE","0.00","","Transformer Oil Non-PCB                           ","12.00000",gallons,"Oil","Other(See Case File)","Other(See Case File)","Transformer","False","Leakage",,"null",,"","279",11901
2011.024,"C",KM,2/23/2011,3/3/2011,True,"Complaint - Tank Overfill","Nelson's Oil & Gas","1545 Detroit Avenue",Hot Springs,57747,Fall River,43.4252739,-103.480309,,,,"","0.00","","Fuel Oil                                          ","0.50000",Gallon,"Petroleum","Other(See Case File)","Residential","AST","False","Overfill",,"null",,"","279",11926
2011.113,"NFA",TF,6/23/2011,2/22/2012,True,"ATP - McCawley Property","Dale McCawley","505 H Street",Edgemont,57735,Fall River,43.2966461,-103.830536,,,,"","0.00","","Fuel Oil                                          ","0.00000",,"Petroleum","ATP","Residential","UST","False","Leakage",3183,"7557",,"","284",12026
2011.132,"C",TK,7/21/2011,1/25/2012,True,"Childer's Farm Dump Site - Assessment","Wayne Childers","Farm Dump - East of Dewey Road",Edgemont,57735,Fall River,43.3396149,-103.8281,8S,2E,24,"SW","0.00","","Landfill Waste                                    ","0.00000",,"Combined(See Case File)","Other(See Case File)","Other(See Case File)","Wastes","False","Handling",,"null",,"","",12045
2011.135,"C",TF,7/22/2011,9/8/2011,True,"ATP - Hettick Property","David Hettick","1942 Baltimore Avenue",Hot Springs,57747,Fall River,43.4279823,-103.48584,,,,"","0.00","","fuel oil                                          ","0.00000",,"Petroleum","ATP","Residential","UST","False","Leakage",3203,"7618",,"","281",12048
2011.151,"C",RL,8/11/2011,9/12/2011,True,"Damaged Fuel Tank - Black Hills Power Project","Brink Constructors","Near Flint Hill - E of Hwy 18 & N of Rockyford Rd",Edgemont,57735,Fall River,43.3399849,-103.669716,8S,4E,20,"NW","0.00","","Diesel                                            ","25.00000",gallons,"Petroleum","Other(See Case File)","Other(See Case File)","Truck Tank","False","Damage",,"7643",,"","281",12064
2011.171,"NFA",BM,9/28/2011,6/6/2012,True,"Oilfield Spill - L & J","L & J Operating","Balcron 21-5 Nautilus Federal",Provo,57774,Fall River,43.2158775,-103.909431,10S,2E,5,"","0.00","","Crude Oil                                         ","0.00000",,"Oil","Oil Field","Other(See Case File)","Flow Line","False","Line Leak",,"null",,"","284",12084
2012.136,"NFA",BM,7/2/2012,2/15/2013,True,"C-130 Air Transport Accident","North Carolina Air National Guard","Vicinity of Long Mountain and Craven Canyon",Minnekahta,57747,Fall River,43.40438,-103.793411,,,,"","0.00","","Aviation Fuel, Oils                            ","0.00000",,"Combined(See Case File)","Federal","Other(See Case File)","Aircraft Tanks","False","Accident",,"null",,"","288A",12400
2012.192,"C",KM,9/14/2012,1/14/2013,True,"Pole Storage Yard - Assessment","Black Hills Power Inc.","2237 Washington Avenue (Washington & 23rd)",Hot Springs,57747,Fall River,43.43293,-103.490341,7S,5E,23,"","0.00","","Wood Preservatives                                ","0.00000",,"Chemical","Other(See Case File)","Other(See Case File)","Bulk Chemical","False","Leaching",,"null",,"","289,290",12464
2012.237,"C",KN,11/29/2012,7/30/2013,True,"Oilfield Spill - L & J","L & J Operating","Wulf 1 Federal ",Edgemont,57735,Fall River,43.2681656,-103.871994,9S,2E,15,"SE","0.00","","Crude Oil                                         ","1.00000",bbl,"Oil","Oil Field","Other(See Case File)","AST","False","Leakage",,"null",,"","294",12524
2012.238,"NFA",KN,11/29/2012,10/16/2013,True,"Oilfield Spill - Citation","Citation Oil & Gas Corp","Placid 3-9 Federal",Provo,57774,Fall River,43.1215553,-103.978264,11S,1E,3,"NE","0.00","","Crude oil                                         ","2.00000",bbl,"Oil","Oil Field","Other(See Case File)","AST","False","Leakage",,"null",,"","295",12525
2012.240,"C",KN,11/29/2012,7/14/2014,True,"Oilfield Spill - Roosevelt","Peter Roosevelt","Ceja 13-17 Benton",Edgemont,57735,Fall River,43.3607063,-103.9136,,,,"","0.00","","Crude oil                                         ","4.00000",bbl,"Oil","Oil Field","Other(See Case File)","AST","False","Leakage",,"null",,"","296",12527
2013.018,"C",KN,2/4/2013,10/10/2013,True,"Oilfield Spill - Citation","Citation Oil and Gas Corporation","Alum Creek Unit, area of 3-9 Federal Well",Provo,57774,Fall River,43.12165,-103.977669,11S,1E,3,"SE","0.00","","Oil, Water","8.00000",bbls,"Oil","Oil Field","Other(See Case File)","Flow Line","False","Line Leak",,"null",,"","295",12568
2013.031,"NFA",RL,3/4/2013,10/11/2013,True,"Fertilizer Spill - Overturned Trailer","Kindred Trucking","West Oral Road",Oral,57766,Fall River,43.39824,-103.282829,,,,"","0.00","","Dry Fertilizer                                    ","12.50000",ton,"Agri Chem","Other(See Case File)","Agricultural","Transport Trailer","False","Transport Accident",,"null",13DD030403,"","295",12582
2013.044,"C",KN,4/4/2013,7/30/2013,True,"Oilfield Spill -L & J","L & J Operating","Wulf Federal #1",Edgemont,57735,Fall River,43.2677765,-103.872162,9S,2E,15,"SE","0.00","","Crude Oil                                         ","0.00000",,"Oil","Oil Field","Other(See Case File)","AST","False","Equipment Failure",,"null",,"","294",12601
2014.022,"NFA",ZB,2/10/2014,1/30/2018,True,"Former Trent Oil Bulk Site (also 2010.175)","Trent Oil","6th & Railway",Oelrichs,57763,Fall River,43.1809921,-103.229584,,,,"","0.00","","Petroleum                                         ","0.00000",,"Petroleum","Other(See Case File)","Commercial","AST","True","Leakage",,"7575",,"","",12944
2014.058,"C",KN,4/13/2014,5/1/2014,True,"Transportation Accident - Crete Carrier","Crete Carrier Corporation","Hwy 385 near MM 4.8",Oelrichs,57763,Fall River,43.0699577,-103.228607,,,,"","0.00","","Diesel                                            ","40.00000",gallons,"Petroleum","Other(See Case File)","Other(See Case File)","Truck Tank","False","Transport Accident",,"null",,"","297",12980
2014.079,"C",KN,5/6/2014,6/9/2014,True,"BNSF Hydraulic Oil","Burlington Northern Santa Fe","Rail",Edgemont,57735,Fall River,43.3040543,-103.821793,,,,"","0.00","","Hydraulic Oil                                     ","25.00000",Gallons,"Oil","Other(See Case File)","Other(See Case File)","Truck","False","Equipment Failure",,"null",,"","297",13002
2014.117,"C",KN,5/23/2014,6/25/2014,True,"Impacted Soils -  American Legion Property","American Legion","1045 Jennings Ave",Hot Springs,57747,Fall River,43.43072,-103.477142,,,,"","0.00","","VOCs/SVOCs / Arsenic                              ","0.00000",,"Other(See Case File)","Other(See Case File)","Commercial","Historical","False","Unknown",,"null",,"","297",13046
2014.164,"O",KN,7/31/2014,,False,"Oilfield Spill - L & J","L & J Operating","Wulf Federal 1",Edgemont,57735,Fall River,43.2678757,-103.872643,,,,"","0.00","","Crude Oil                                         ","1.00000",bbl,"Oil","Oil Field","Other(See Case File)","AST","False","Spillage",,"null",,"","",13098
2014.188,"O",KN,7/12/2014,,False,"Oilfield Spill - L & J","L & J Operating Inc.","Wulf 1 Tank Battery",Edgemont,57735,Fall River,43.2678566,-103.8727,,,,"","0.00","","Production Water                                  ","0.00000",,"Oil","Oil Field","Other(See Case File)","Oil Well","False","Equipment Failure",,"null",,"","",13123
2014.189,"O",KN,9/12/2014,,False,"Oilfield Spill - L & J","L & J Operating Inc.","Wulf 2  / Fiddle Creek Road",Edgemont,57735,Fall River,43.26847,-103.866753,,,,"","0.00","","Crude Oil                                         ","1.00000",bbl,"Oil","Oil Field","Other(See Case File)","Oil Well","False","Equipment Failure",,"null",,"","",13124
2014.190,"C",KN,9/12/2014,5/2/2018,True,"Oilfield Spill - L & J","L & J Operating Inc.","Balcron 21- 5 Nautilus Federal Well",Igloo,57774,Fall River,43.21575,-103.908928,,,,"","0.00","","Oil/Water Emulsion                                ","1.00000",bbl,"Oil","Oil Field","Other(See Case File)","Oil Well","False","Equipment Failure",,"null",,"","",13125
2015.005,"C",KN ,1/7/2015,1/29/2015,True,"Oilfield Spill - L & J","Whirlwind Services","Wulf 1 Federal Producer Tanks",Edgemont,57735,Fall River,43.2677155,-103.871826,,,,"null","null","null","Crude Oil                                         ","0.50000",Barrels,"Oil","Oil Field","Other(See Case File)","Oil Well","False","Equipment Failure",,"null",,"null","298",13280
2015.060,"C",KN ,4/7/2015,2/15/2018,True,"Oilfield Spill - L & J","L & J Operating","Balcron 21-5 Nautilus",Igloo,57774,Fall River,43.2158852,-103.909317,,,,"null","null","null","Crude Oil                                         ","1.00000",Barrel,"Oil","Oil Field","Other(See Case File)","Oil Well","False","Equipment Failure",,"null",,"null","null",13340
2015.062,"T",,,,True,"CERCLIS - Silver King Mill Decommissioning - Properties (also 89.130)","U.S. Department of Energy","Edgemont Area Properties",Edgemont,57735,Fall River,43.3009148,-103.829483,,,,"null","null","null","uranium mill tailings                             ","null",,"Other(See Case File)","CERCLIS","Residential","Historical","False","Handling",,"null",,"null","300",13342
2015.063,"T",,,,True,"Silver King Mill - Tailings Disposal Site","U.S. Department of Energy","County Road 6N / Lookout Road",Edgemont,57735,Fall River,43.2714767,-103.792809,,,,"null","null","null","Uranium Mill Tailings                             ","null",,"Other(See Case File)","Other(See Case File)","Other(See Case File)","Historical","False","Handling",,"null",,"null","null",13343
2015.119,"NFA",KN ,6/26/2015,5/23/2017,True,"Oifield Spill - Citation","Citation Oil and Gas Corporation","Federal 3-7 Well / Alum Creek",Provo,57755,Fall River,43.1251564,-103.982506,,,,"null","null","null","Crude Oil, Produced Water","130.00000",gallons,"Oil","Oil Field","Other(See Case File)","Oil Well","False","Line Leak",,"null",,"null","null",13403
2015.138,"NFA",ZB ,7/17/2015,9/11/2015,True,"Petroleum Impacted Drain Line - Coffee Cup Fuel Stop","Coffee Cup Fuel Stops and Convenience Stores Inc","27638 Hwy 385",Hot Springs,57747,Fall River,43.3987732,-103.396049,,,,"null","null","null","Petroleum                                         ","null",,"Petroleum","Other(See Case File)","Commercial","Drain System","False","Handling",,"8123",,"null","301",13427
2015.169,"O",KN ,8/20/2015,,True,"Oilfield Spill - Roosevelt","Peter K Roosevelt","3-36 State",Edgemont,57735,Fall River,43.22971,-103.8317,,,,"null","null","null","Water ","null",,"Other(See Case File)","Oil Field","Other(See Case File)","AST","False","Tank Leak",,"null",,"null","null",13463
2015.216,"NFA",RL ,10/27/2015,11/12/2015,True,"Unattended Nozzle Spill - Battle Mountain Store","Unknown","740 Battle Mountain Road",Hot Springs,57747,Fall River,43.4406471,-103.47953,,,,"null","null","null","Gasoline                                          ","25.00000",gallons,"Petroleum","Other(See Case File)","Commercial","AST","True","Unattended Nozzle",,"null",,"null","301",13519
2015.225,"NFA",KF ,10/29/2015,6/18/2019,True,"ATP - Weber Property","James and Marion Weber","910 E Street",Edgemont,57735,Fall River,43.3001175,-103.837082,,,,"null","null","null","Fuel Oil                                          ","null",,"Petroleum","ATP","Residential","UST","False","Leakage",3494,"8113",,"null","null",13535
2016.022,"NFA",ZB ,2/3/2016,11/14/2016,True,"Petroleum Impacted Soils - Hot Springs DOT Site","SD Department of Transportation","Hwy 385/79",Hot Springs,57747,Fall River,43.39479,-103.39959,,,,"null","null","null","Petroleum                                         ","null",,"Petroleum","Other(See Case File)","Other(See Case File)","Equipment","False","Equipment Washing",,"null",,"null","null",13606
2016.031,"NFA",RL ,2/16/2016,7/7/2016,True,"Transport Event - Diesel Spill","Matheson Trucking Inc.","Hwy 18, approx 6 miles W of Edgemont",Edgemont,57735,Fall River,43.29231,-103.874954,,,,"null","null","null","Diesel                                            ","30.00000",gallons,"Petroleum","Other(See Case File)","Other(See Case File)","Truck Tank","False","Transport Accident",,"null",,"null","null",13615
2016.101,"C",RL ,6/2/2016,7/7/2016,True,"Overturned Gravel Truck - Diesel Spill","Site Work Specialist","School Street",Hot Springs,57747,Fall River,43.4478035,-103.483994,,,,"null","null","null","Diesel                                            ","15.00000",gallons,"Petroleum","Other(See Case File)","Other(See Case File)","Truck","False","Accident",,"null",,"null","null",13687
2016.148,"NFA",KN ,7/27/2016,3/21/2018,True,"Oilfield Spill - Roosevelt","Peter K Roosevelt","6-21 Porter",Edgemont,57735,Fall River,43.254776,-103.8891,,,,"null","null","null","Crude Oil, Produced Water","1.00000",Barrel,"Oil","Oil Field","Industrial","Oil Well","False","Handling",,"null",,"null","null",13742
2016.167,"T",,,,True,"Complaint at  MinTec Edgemont -  Tracking File Only","Mineral Technology Corporation","11190 Pine Hills Road",Edgemont,57735,Fall River,43.2912254,-103.814453,,,,"null","null","null","null","null",,"Other(See Case File)","Other(See Case File)","Industrial","Production Waste","False","null",,"null",,"null","null",13764
2016.197,"NFA",RL ,10/25/2016,4/4/2017,True,"AST Removal Project - State Veterans Home","SD Department of Veterans Affairs ","2500 Minnekahta Avenue",Hot Springs,57747,Fall River,43.4359856,-103.495293,,,,"null","null","null","Diesel                                            ","null",,"Petroleum","Other(See Case File)","Other(See Case File)","AST","False","Spillage",,"7934",,"null","null",13798
2017.066,"NFA",KN ,5/16/2017,8/17/2017,True,"Oilfield Spill - Citation","Citation Oil and Gas","Tank Battery near 3-9 Federal",Edgemont,57774,Fall River,43.1217766,-103.978333,,,,"null","null","null","Produced water/oil","10.00000",Barrels,"Oil","Oil Field","Industrial","AST","False","Equipment Failure",,"null",,"null","null",13987
2017.124,"NFA",KM ,7/14/2017,4/24/2018,True,"Brownfields - Abandoned Water Fill Station Site","Southern Hills Economic Development Corporation","2100 Canton Street (NW at Canton & 21st )",Hot Springs,57747,Fall River,43.4269333,-103.488632,,,,"null","1.00","Informational Devices","Petroleum, Solvents                       ","null",,"Combined(See Case File)","Brownfields","Commercial","Historical","False","Past Practices",,"null",,"null","null",14053
2018.001,"NFA",KN ,1/2/2018,3/21/2018,True,"Oilfield Spill - Roosevelt","Peter K Roosevelt","6-21 Porter",Edgemont,57735,Fall River,43.2547722,-103.889114,,,,"null","null","null","Crude Oil                                         ","20.00000",bbls ,"Oil","Oil Field","Industrial","AST","False","Equipment Failure",,"null",,"null","null",14174
2018.086,"NFA",KN ,5/24/2018,7/31/2018,True,"Oil Field Spill - Citation","Citation Oil & Gas","Alum Creek Unit 3-10",Edgemont,82716,Fall River,43.121582,-103.982628,,,,"null","null","null","Crude Oil, Produced Water","5.50000",bbls,"Oil","Oil Field","Agricultural","Equipment Failure","False","Equipment Failure",,"null",,"null","null",14265
2018.089,"NFA",KN ,5/22/2018,10/9/2018,True,"Oil Field Spill - L & J","L & J Operating","Wulf 1 Federal",Edgemont,57735,Fall River,43.26768,-103.871841,,,,"null","null","null","Crude Oil                                         ","20.00000",Barrels,"Oil","Oil Field","Industrial","AST","False","Tank Leak",,"null",,"null","null",14269
2018.130,"C",TK ,7/15/2018,7/17/2018,True,"Car in the Fall River","Kenneth Howard","Highway 18/385",Hot Springs,57747,Fall River,43.4073372,-103.435852,,,,"null","null","null","Gasoline                                          ","10.00000",gallons,"Petroleum","Surface Water","Public","Vehicle","False","Immersed  ",,"null",,"null","null",14315
2018.136,"T",,,,True,"Angostura Sediment Studies","null","Angostura Reservoir",Hot Springs ,57747,Fall River,43.337532,-103.445038,,,,"null","null","null","Uranium  ","null",,"null","null","null","null","False","Naturally Occurring",,"null",,"null","null",14321
2018.152,"C",TF ,8/17/2018,8/28/2018,True,"ATP - Hot Springs High School","Hot Springs School District 23-2","1609 University Ave",Hot Springs,57747,Fall River,43.43055,-103.481468,,,,"null","null","null","Heating Oil                                       ","null",,"Petroleum","ATP","Public","UST","False","Spillage",3633,"8375",,"null","null",14337
2019.020,"NFA",ZB ,2/19/2019,5/6/2019,True,"Tank System Replacement - Yesway #1177","BW Gas & Convenience Retail, LLC","239 South Chicago",Hot Springs,57747,Fall River,43.4296,-103.473404,,,,"null","null","null","Petroleum                                         ","null",,"Petroleum","Other(See Case File)","Commercial","UST","True","Leaks and Spills",,"8409",,"null","null",14450
2019.036,"NFA",PDM,3/22/2019,10/19/2020,True,"Transport Accident at Maverick's Junction","George Lippincott","Intersection at Hwys 385/18 and 79",Hot Springs,57747,Fall River,43.39955,-103.3974,,,,"null","null","null","Diesel                                            ","100.00000",gallons,"Petroleum","Other(See Case File)","Other(See Case File)","Truck Tank","False","Damage",,"null",,"null","null",14466
2019.164,"C",JAM,9/11/2019,9/18/2019,True,"Propane and Diesel Release - Transport Accident","Stern Oil Company, Inc. ","Old Highway 79",Oral,57766,Fall River,43.3237038,-103.342552,,,,"null","null","null","Diesel, Propane","10.00000",gallons,"Petroleum","Other(See Case File)","Public","Truck Tank","False","Transport Accident",,"null",,"null","null",14608
2020.108,"C",JAM,8/6/2020,2/25/2021,True,"Asphalt spill at Simon Contractors plant","C & V Hayworth","1700 School Street",Hot Springs,57747,Fall River,43.45042,-103.491417,,,,"null","null","null","Asphalt                                           ","6000.00000",gallons,"Petroleum","Other(See Case File)","Industrial","Transport Tank","False","Equipment Failure",,"null",,"null","null",14804
2020.110,"C",BH,8/7/2020,11/17/2020,True,"Garbage Hauler Releases- Hot Springs","Cheyenne Sanitation","1314 Sherman Street",Hot Springs,57747,Fall River,43.4432144,-103.474724,,,,"null","null","null","Hydraulic Fluid                                   ","30.00000",gallons,"Other(See Case File)","Other(See Case File)","Other(See Case File)","Hydraulic Line","False","Leaks and Spills",,"null",,"null","null",14807
2020.131,"O",KN ,9/1/2020,,,"Oilfield Spill - Roosevelt","Roosevelt Operating Company","Fiddle Federal 3-24",Edgemont,57735,Fall River,43.2592659,-103.948257,9S,1E,24,"NE","null","null","Crude Oil","null",,"Oil","Oil Field","Public","AST","False","Valve Leak",,"null",,"null","null",14835
2020.172,"NFA",ZB ,12/9/2020,4/28/2021,True,"UST Removal - Big Bats #3","H & H Enterprises Inc.","13320 Fall River Road",Hot Springs,57747,Fall River,43.4005623,-103.39817,,,,"null","null","null","Diesel, Gasoline                                  ","null",,"Petroleum","Other(See Case File)","Commercial","UST","True","Leaks and Spills",,"8539",,"null","null",14894
2021.211,"C",KF ,1/4/2022,1/5/2022,True,"ATP - Former Lauing Home","Dakota Hills, Inc.","14129 Ringneck Road",Oral,57766,Fall River,43.419426,-103.2379,,,,"null","null","null","Diesel                                            ","null",,"Petroleum","ATP","Residential","UST","False","Leaks and Spills",3748,"8596",,"null","null",15140
2022.091,"O",JAM,6/1/2022,,True,"Hydraulic Oil Release - Borrego Solar","Borrego Solar","13699 Antelope Lane",Oelrichs,57763,Fall River,43.1525,-103.334908,,,,"null","null","null","Hydraulic Oil                                     ","25.00000",gallons,"Oil","Other(See Case File)","Residential","Hydraulic Line","False","Blown Hose",,"null",,"null","null",15236
2023.151,"O",ZB ,10/19/2023,,True,"AST System Closure at  Corner Pantry #11","M.G. Oil","740 Battle Mountain Avenue",Hot Springs,57747,Fall River,43.4402924,-103.479385,,,,"null","null","null","Diesel, Gasoline                                  ","null",,"Petroleum","Other(See Case File)","Commercial","AST","False","Historical",,"8693",,"null","null",15549
2024.011,"C",MJP,1/10/2024,4/26/2024,True,"Brownfields - Prairie Hills Transit","West River Transit Authority","145 South River Street",Hot Springs,57747,Fall River,43.43008,-103.475533,,,,"null","null","null","Asbestos                                          ","null",,"Other(See Case File)","Brownfields","Commercial","Construction Materials","False","Past Practices",,"null",,"null","null",15603
7777.012,"T",,,,False,"Former Landfill Site - Smithwick","Town of Smithwick","Smithwick Road",Smithwick,57782,Fall River,43.29695,-103.172523,9S,8E,4,"NE","0.00","","                                                  ","0.00000",,"Other(See Case File)","Former Landfill","Other(See Case File)","Wastes","False","Past Practices",,"null",,"SW281","",12281
7777.019,"T",,,,False,"Former Landfill Site - Provo","Town of Provo","W of Edgemont Rd & S of Hwy 471",Provo,57773,Fall River,43.1876564,-103.82888,10S,2E,13,"NW","1.93","","                                                  ","0.00000",,"Other(See Case File)","Former Landfill","Other(See Case File)","Wastes","False","Past Practices",,"null",,"SW323","",12288
7777.022,"T",,,,False,"Former Landfill Site - Edgemont","City of Edgemont","SW of Airport Runway",Edgemont,57735,Fall River,43.29384,-103.850441,9S,2E,2,"SW","0.66","","                                                  ","0.00000",,"Other(See Case File)","Former Landfill","Other(See Case File)","Wastes","False","Past Practices",,"null",,"SW383","",12291
7777.023,"T",,,,False,"Former Landfill Site - Buffalo Gap","Town of Buffalo Gap","South Buffalo Gap Road (4 miles S of Buffalo Gap)",Buffalo Gap,57722,Fall River,43.44997,-103.3129,7S,7E,8,"SW","0.67","","                                                  ","0.00000",,"Other(See Case File)","Former Landfill","Other(See Case File)","Wastes","False","Past Practices",,"null",,"SW385","",12292
7777.024,"T",,,,False,"Former Landfill Site - Oelrichs","Town of Oelrichs","Milligan Road (2 miles SE of Oelrichs)",Oelrichs,57763,Fall River,43.17362,-103.19783,10S,8E,17,"SE","3.05","","                                                  ","0.00000",,"Other(See Case File)","Former Landfill","Other(See Case File)","Wastes","False","Past Practices",,"null",,"SW429","",12293
9999.080,"W",,,,True,"Withdrawn ATP - Markey Property","Woodrow Markey","110 Washington",Edgemont,57735,Fall River,43.3051147,-103.82914,,,,"","0.00","","                                                  ","0.00000",,"Other(See Case File)","Withdrawn ATP","Other(See Case File)","Other(See Case File)","False","null",1211,"5143",,"","249",10736
9999.090,"W",,,,True,"Withdrawn ATP - Butler Clinic","Mary Sewright","602 Jennings Avenue",Hot Springs,57747,Fall River,43.43247,-103.474228,,,,"","0.00","","                                                  ","0.00000",,"Other(See Case File)","Withdrawn ATP","Commercial","Other(See Case File)","False","null",1343,"5277",,"","249",10748
9999.151,"W",,,,True,"Withdrawn ATP - Scott Property","Barry Scott","2202 Wilson Avenue",Hot Springs,57747,Fall River,43.43442,-103.489296,,,,"","0.00","","                                                  ","0.00000",,"Other(See Case File)","Withdrawn ATP","Residential","Other(See Case File)","False","null",2373,"6302",,"","249",10811
9999.189,"W",,,,True,"Withdrawn ATP - Wilson Property","Barbara Wilson","2001 Wilson Avenue",Hot Springs,57747,Fall River,43.4339142,-103.486748,,,,"","0.00","","Fuel Oil","0.00000",,"Other(See Case File)","Withdrawn ATP","Residential","UST","False","null",3674,"8460",,"","",10849
9999.220,"W",,,,True,"Withdrawn ATP - Edgemont Oil Tank","City of Edgemont","H Street",Edgemont,57735,Fall River,43.29733,-103.84063,,,,"","0.00","","Tar / Oil                                         ","0.00000",,"Other(See Case File)","Withdrawn ATP","Other(See Case File)","Other(See Case File)","False","null",3094,"7346",,"","286",12406
90005.000,"C",RC,11/19/1990,11/19/1990,True,"Fall River Feedlot Facility","Fall River Feedlot","FR-1 Fall River Feedlot Facility",Hot Springs,57747,Fall River,43.3540573,-103.380058,8S,6E,14,"NW","0.00","","                                                  ","0.00000",,"Other(See Case File)","Clean Site","Commercial","UST","True","No Release",,"528",,"","",8240
90006.000,"C",DM,3/29/1990,3/29/1990,True,"South Side Service","Frank Birkholt","445 South Chicago",Hot Springs,57747,Fall River,43.4279137,-103.471504,,,,"","0.00","","                                                  ","0.00000",,"Other(See Case File)","Clean Site","Commercial","UST","True","No Release",,"null",,"","",8241
90016.000,"C",MV,7/6/1990,7/6/1990,True,"Hills Materials Quarry","Hills Materials Company","Hills Materials Quarry",Hot Springs,57747,Fall River,43.44774,-103.487167,7N,5E,11,"SE","0.00","","                                                  ","0.00000",,"Other(See Case File)","Clean Site","Industrial","UST","True","No Release",,"null",,"","",8251
91020.000,"C",DM,6/10/1991,6/10/1991,True,"Angostura Irrigation","Angostura Irrigation","Main Street",Oral,57766,Fall River,43.40463,-103.267723,7N,7E,34,"NE","0.00","","                                                  ","0.00000",,"Other(See Case File)","Clean Site","Other(See Case File)","UST","True","No Release",,"532",,"","",8308
91045.000,"C",DM,6/10/1991,7/26/1991,True,"Angostura Irrigation","Angostura Irrigation","Main",Oral,57766,Fall River,43.404686,-103.2677,7N,7E,34,"NE","0.00","","                                                  ","0.00000",,"Other(See Case File)","Clean Site","Other(See Case File)","UST","True","No Release",,"null",,"","",8333
92079.000,"C",KM,9/1/1992,9/1/1992,True,"Farm Credit Service property","Farm Credit Services","Farm Credit Service property",Oral,57766,Fall River,43.4193878,-103.169273,7S,8E,21,"SE","0.00","","                                                  ","0.00000",,"Other(See Case File)","Clean Site","Other(See Case File)","UST","False","No Release",,"null",,"","",8442
93036.000,"C",RC,2/11/1993,2/19/1993,True,"AT&T Communications","AT&T Communications","AT&T Communications",Smithwick,57782,Fall River,43.30363,-103.218422,,,,"","0.00","","                                                  ","0.00000",,"Other(See Case File)","Clean Site","Other(See Case File)","UST","False","No Release",,"null",,"","",8482
93049.000,"C",GS,1/1/1993,1/1/1993,False,"Weslyn Native American Industries","Weslyn Native American Industries","Weslyn Native American Industries",Hot Springs,57747,Fall River,43.4322357,-103.475563,,,,"","0.00","","                                                  ","0.00000",,"","Clean Site","Unknown(See Case File)","","False","No Release",,"null",,"","",8495
94032.000,"C",RC,7/14/1994,7/19/1994,True,"Harold White","Harold White","304 Second Ave.",Edgemont,57735,Fall River,43.3018265,-103.825089,,,,"","0.00","","                                                  ","0.00000",,"Other(See Case File)","Clean Site","Residential","UST","True","No Release",,"null",,"","",8535
94055.000,"C",RC,7/5/1994,8/2/1994,True,"Edwards Oil Company property","Fall River Feedlots","Edwards Oil Company property",Hot Springs,57747,Fall River,43.3546677,-103.382919,8S,6E,15,"","0.00","","                                                  ","0.00000",,"Other(See Case File)","Clean Site","Commercial","UST","True","No Release",,"null",,"","",8558
95001.000,"C",JN,1/31/1995,2/10/1995,True,"Pamida - Pat Karjalainen","Pat Karjalainen","144 South Chicago Street",Hot Springs,57747,Fall River,43.43017,-103.474983,,,,"","0.00","","                                                  ","0.00000",,"Other(See Case File)","Clean Site","Commercial","UST","False","No Release",,"null",,"","",8561
95008.000,"C",JN,5/15/1995,5/15/1995,True,"Fall River Feedlots","Fall River Feedlots","Angustora Road  (former Edwards Oil)",Hot Springs,57747,Fall River,43.3546753,-103.382782,8S,6E,15,"NE","0.00","","                                                  ","0.00000",,"Other(See Case File)","Clean Site","Other(See Case File)","UST","True","No Release",,"2827",,"","",8568
95030.000,"C",JN,12/4/1995,12/6/1995,True,"Frank's Southside Standard","Frank Birkholt","445 South Chicago",Hot Springs,57747,Fall River,43.4278526,-103.471657,,,,"","0.00","","                                                  ","0.00000",,"Other(See Case File)","Clean Site","Commercial","UST","False","No Release",,"null",,"","",8590
98027.000,"C",JL,8/19/1998,8/19/1998,True,"VA Medical Center  - Building 10","VA Medical Center","500 North 5th Street",Hot Springs,57747,Fall River,43.43739,-103.477951,,,,"","0.00","","                                                  ","0.00000",,"Other(See Case File)","Clean Site","Other(See Case File)","UST","False","No Release",,"null",,"","",8690
98034.000,"C",JN,10/6/1998,4/9/1999,True,"Hills Edge Auto Sales","Gaylen Sig","289 Street (north on highway 285)",Hot Springs,57747,Fall River,43.43314,-103.482933,,,,"","0.00","","                                                  ","0.00000",,"Other(See Case File)","Clean Site","Commercial","UST","True","No Release",,"3565",,"","",8697
2000003.000,"C",TF,1/14/2000,1/15/2001,True,"Murner Chevrolet","Bill Murner","747 Mt. Rushmore Rd.",Hot Springs,57747,Fall River,43.4226875,-103.4638,,,,"","0.00","","                                                  ","0.00000",,"Other(See Case File)","Clean Site","Commercial","UST","True","No Release",,"3652",,"","",8794
2000055.000,"C",KM,11/10/2000,11/21/2000,True,"Clean ATP- Former Enco Station","Hot Springs Ambulance","709 Jensen Highway  (Hwy 18/385)",Hot Springs,57747,Fall River,43.42597,-103.46788,,,,"","0.00","","                                                  ","0.00000",,"Other(See Case File)","ATP","Commercial","UST","True","No Release",77,"4189",,"","204",8846
2001915.000,"C",KM,11/2/2001,3/11/2002,True,"Clean ATP - Merkel Property","Gary Merkel","1746 Canton Avenue",Hot Springs,57747,Fall River,43.42687,-103.483261,,,,"","0.00","","                                                  ","0.00000",,"Other(See Case File)","ATP","Residential","UST","False","No Release",1411,"5349",,"","205",9779
2001916.000,"C",KM,10/31/2001,3/11/2002,True,"Clean ATP - Elliott Property","Orval Elliott","407 University Avenue",Hot Springs,57747,Fall River,43.4322357,-103.470993,,,,"","0.00","","                                                  ","0.00000",,"Other(See Case File)","ATP","Residential","UST","False","No Release",1412,"5352",,"","205",9780
2001918.000,"C",KM,11/3/2001,3/11/2002,True,"Clean ATP - Angostura Recreation Area","SD Game Fish & Parks (SD GF&P)","Angostura Recreation Area",Hot Springs,57747,Fall River,43.34333,-103.421692,,,,"","0.00","","                                                  ","0.00000",,"Other(See Case File)","ATP","Public","UST","False","No Release",1432,"5369",,"","205",9782
2001919.000,"C",KM,11/9/2001,3/11/2002,True,"Clean ATP - Angostura Park Residence","SD Game Fish & Parks (SD GF&P)","Angostura Park Residence",Hot Springs,57747,Fall River,43.343132,-103.424011,,,,"","0.00","","                                                  ","0.00000",,"Other(See Case File)","ATP","Public","UST","False","No Release",1434,"5373",,"","205",9783
2001920.000,"C",KM,11/13/2001,3/11/2002,True,"Clean ATP - Angostura Shop","SD Game Fish & Parks  (SD GF&P)","Angostura Shop",Hot Springs,57747,Fall River,43.34333,-103.4218,,,,"","0.00","","                                                  ","0.00000",,"Other(See Case File)","ATP","Public","UST","True","No Release",1435,"5374",,"","205",9784
2001921.000,"C",KM,11/2/2001,3/11/2002,True,"Clean ATP - Schuchardt Property","Paul Schuchardt","1346 Albany Avenue",Hot Springs,57747,Fall River,43.4290352,-103.478195,,,,"","0.00","","                                                  ","0.00000",,"Other(See Case File)","ATP","Residential","UST","False","No Release",1156,"5116",,"","205",9785
2002003.000,"C",KM,1/11/2002,3/11/2002,True,"Clean ATP - Pucket Ranch","Daniel Pucket","West Flag Pole Road",Hot Springs,57747,Fall River,43.3003922,-103.545586,,,,"","0.00","","                                                  ","0.00000",,"Other(See Case File)","ATP","Agricultural","UST","False","No Release",1200,"5130",,"","205",9866
2002004.000,"C",KM,1/10/2002,3/11/2002,True,"Clean ATP - Shucks General Store","Victor Pedersen","Hwy 471",Provo,57774,Fall River,43.1923943,-103.834,,,,"","0.00","","                                                  ","0.00000",,"Other(See Case File)","ATP","Commercial","UST","True","No Release",416,"4348",,"","205",9867
2002006.000,"C",KM,1/15/2001,3/22/2002,True,"Clean ATP - Murner Motors","William S. Murner","Fall River Road",Hot Springs,57747,Fall River,43.4226646,-103.463692,,,,"","0.00","","                                                  ","0.00000",,"Other(See Case File)","ATP","Commercial","UST","True","No Release",1923,"5882",,"","205",9869
2002210.000,"C",KM,8/23/2002,2/10/2003,True,"Clean ATP - Mt. View Masonic Lodge #161","Albert Jensen","4th and D Street",Edgemont,57735,Fall River,43.30087,-103.826736,,,,"","0.00","","                                                  ","0.00000",,"Other(See Case File)","ATP","Other(See Case File)","UST","False","No Release",1858,"5798",,"","220",10068
2003013.000,"C",KH,12/8/2003,12/15/2003,True,"Clean ATP - William Martin Property","William M. Martin","309 Canton Avenue",Hot Springs,57747,Fall River,43.42919,-103.467514,,,,"","0.00","","                                                  ","0.00000",,"Other(See Case File)","ATP","Other(See Case File)","UST","False","No Release",2783,"6765",,"","225,",10197
2005009.000,"C",KH,1/24/2005,1/27/2005,True,"Clean ATP - Birkholt Property","Frank Birkholt","445 South Chicago Street",Hot Springs,57747,Fall River,43.4279175,-103.471436,,,,"","0.00","","                                                  ","0.00000",,"Other(See Case File)","ATP","Commercial","UST","True","No Release",2828,"6834",,"","236",10259
2007010.000,"C",TF,10/23/2007,10/24/2007,True,"Clean ATP - Hot Springs Elementary","Hot Springs School District","240 North 19th Street",Hot Springs,57747,Fall River,43.43182,-103.48568,,,,"","0.00","","                                                  ","0.00000",,"Other(See Case File)","ATP","Public","UST","False","No Release",3010,"7206",,"","255",11007
2008009.000,"C",TF,10/8/2008,11/6/2008,True,"Clean ATP - Strauser Property","Garry Strauser","402 Jennings Avenue",Hot Springs,57747,Fall River,43.4337044,-103.471924,,,,"","0.00","","                                                  ","0.00000",,"Other(See Case File)","ATP","Residential","UST","False","No Release",3065,"7285",,"","260",11284
2009023.000,"C",TF,11/18/2009,12/1/2009,True,"Clean ATP - Southside Service","DTJ, LLC","455 S. Chicago Street",Hot Springs,57747,Fall River,43.4279251,-103.47171,,,,"","0.00","","                                                  ","0.00000",,"Other(See Case File)","ATP","Commercial","UST","True","No Release",3120,"7414",,"","270",11551
2009024.000,"C",TF,11/18/2009,12/1/2009,True,"Clean ATP - Hettick Property","David Hettick","1942 Baltimore Avenue",Hot Springs,57747,Fall River,43.4281273,-103.485878,,,,"","0.00","","                                                  ","0.00000",,"Other(See Case File)","ATP","Residential","UST","True","No Release",3130,"7440",,"","270",11552
2015029.000,"C",TF ,11/4/2015,12/28/2015,True,"Clean ATP - Hoskins Property","David Hoskins","12943  Argyle Road",Hot Springs,57747,Fall River,43.4608765,-103.474846,,,,"null","null","null","null","null",,"Other(See Case File)","ATP","Residential","UST","False","No Release",3454,"8049",,"null","302",13543
2016004.000,"C",TF ,4/28/2016,4/29/2016,True,"Clean ATP - DOT Maintenance Shop","SD Department of Transportation","27660 US Hwy 385",Hot Springs,57747,Fall River,43.39535,-103.399216,,,,"null","null","null","null","null",,"Other(See Case File)","ATP","Other(See Case File)","UST","False","No Release",3522,"8161",,"null","null",13654
2018009.000,"C",JPA,10/1/2018,1/28/2019,True,"Clean ATP - Richard Pollard Ranch","Wilkinson Trust","12215 West Highway 18",Hot Springs,57747,Fall River,43.4227066,-103.617027,,,,"null","null","null","null","null",,"Other(See Case File)","ATP","Residential","UST","False","null",3644,"8394",,"null","null",14366
2020019.000,"C",KF ,10/19/2020,11/10/2020,True,"Clean ATP - Shuttlesworth Property","Robert Shuttlesworth","28814 US Highway 385",Oelrichs,57763,Fall River,43.22835,-103.278633,,,,"null","null","null","null","null",,"Petroleum","ATP","Residential","UST","False","No Release",3700,"8516",,"null","null",14873
2023004.000,"C",JPA,7/11/2023,8/23/2023,True,"Clean ATP - near Wells Fargo Hot Springs","South Dakota Department of Transportation","101 South Chicago Street",Hot Springs,57757,Fall River,43.43093,-103.474655,,,,"null","null","null","                                                  ","null",,"Other(See Case File)","ATP","Other(See Case File)","No Release","False","No Release",3799,"8667",,"null","null",15477