id,status,r1,date_rep,date_close,image,site_name,resp_party,street,city,zip_code,county,latitude,longitude,township,range,section,secq1,acreage,instctrls,material,amount,units,spill_cat,site_type,proptype,sor_type,regulated,cause_type,atp_no,prcfnumber,ag_no,solidwaste,microroll,siteid
77.001,"C",BM,2/1/1977,10/7/1999,True,"Holiday Gas Station  (see 90.335)","Holiday Service, Inc.","Hwy 10 & 127",Sisseton,57262,Roberts,45.65958,-97.0199356,,,,"","0.00","","Gasoline                                          ","3000.00000",gallons,"Petroleum","Other(See Case File)","Commercial","AST","True","Leakage",,"null",,"","235",19
79.005,"C",TK,7/20/1979,10/4/1996,True,"Farmers Union Coop  (see 90.423 & 90.424)","Farmers Union Coop","Farmers Union Coop",Wilmot,57279,Roberts,45.4095039,-96.86169,,,,"","0.00","","Gasoline                                          ","0.00000",,"Petroleum","Other(See Case File)","Commercial","Combined(See Case File)","True","Historical",,"null",,"","",40
80.004,"C",TK,5/30/1980,1/26/1995,True,"Roberts County Highway Shop (see 91.354)","Roberts County","Hwy 10 and 8th Ave W",Sisseton,57262,Roberts,45.65903,-97.06218,,,,"","0.00","","Gasoline                                          ","3000.00000",gallons,"Petroleum","Other(See Case File)","Other(See Case File)","UST","True","Leakage",,"null",,"","",48
82.006,"C",KM,2/10/1982,10/7/1993,True,"Otter Tail Power Company","Otter Tail Power Company","Substation",Sisseton,57262,Roberts,45.6745148,-97.04611,,,,"","0.00","","Capacitor Oil                                     ","5.00000",gallons,"Oil","Other(See Case File)","Industrial","Transformer","False","Leakage",,"null",,"","259",66
82.042,"C",GH,12/2/1982,8/1/2003,True,"Dale Medenwald Well","Unknown","SD Hwy 127",New Effington,57255,Roberts,45.84842,-96.9647446,,,,"","0.00","","Malathion                                         ","0.00000",,"Agri Chem","Other(See Case File)","Other(See Case File)","Unknown(See Case File)","False","Dumping",,"null",,"","219",102
83.024,"C",TK,6/29/1983,10/4/1996,True,"Pesticide Containers","Unknown","Gravel Pit, 3 m E & 2.25 m N",Rosholt,57260,Roberts,45.89492,-96.66461,,,,"","0.00","","Pesticide                                         ","0.00000",,"Agri Chem","Other(See Case File)","Other(See Case File)","Containers","False","Handling",,"null",,"","",129
84.000,"C",KM,8/28/1984,10/7/1993,True,"Spray Plane  (also 84.077)","Dale Anderson Spray Service","Western Roberts County",Ortley,57256,Roberts,45.3337135,-97.22507,122N,52W,19,"W","0.00","","Parathion Mixture                                 ","210.00000",gallons,"Agri Chem","Other(See Case File)","Agricultural","Aircraft Tanks","False","Accident",,"null",,"","259",171
84.023,"C",BL,4/10/1984,9/20/1995,True,"Farmers Union Coop Association (see 90.132)","Farmers Union Coop","401 1st Ave. W.",Sisseton,57262,Roberts,45.6642,-97.05206,,,,"","0.00","","Gasoline                                          ","249.00000",gallons,"Petroleum","Other(See Case File)","Commercial","UST","True","Corrosion",,"null",,"","",194
84.077,"C",JC,8/28/1984,8/30/1984,True,"Cropduster spill  (also 84.000)","Dale Anderson","Rural Roberts County",Ortley,57256,Roberts,45.33379,-97.2240448,122N,52W,19,"","0.00","","Parathion                                         ","40.00000",gal,"Agri Chem","Other(See Case File)","Agricultural","Aircraft Tanks","False","Accident",,"null",,"","",248
85.038,"C",KM,5/21/1985,10/7/1993,True,"J.F. Forrette Aerial - Aircraft Accident","Jim Forrette - Forrette Aerial Spraying","2 mi. S & 1/2 mi. W.",Claire City,57224,Roberts,45.8258171,-97.11343,128N,52W,36,"","0.00","","Herbicide                                         ","60.00000",gallons,"Agri Chem","Other(See Case File)","Agricultural","Aircraft Tanks","False","Accident",,"null",,"","266",306
85.065,"C",KM,8/6/1985,1/28/2000,True,"Petroleum Vapors - Sewer  (see 86.024)","Christianson Inc","City Sewer System",Wilmot,57279,Roberts,45.4097366,-96.859314,,,,"","0.00","","Gasoline Odors                                    ","0.00000",,"Petroleum","Other(See Case File)","Public","UST","False","Corrosion",,"null",,"","",333
86.024,"I",KH,4/30/1986,10/11/1995,True,"Christianson Inc  (and 85.065)","Christianson Inc","701 Main St.   (Main & 2nd)",Wilmot,57279,Roberts,45.4098167,-96.8577652,122N,49W,6,"NW","0.00","","Gasoline                                          ","300.00000",gallons,"Petroleum","Other(See Case File)","Commercial","UST","True","Corrosion",,"0505",,"","259,267",389
86.072,"C",KM,9/22/1986,10/7/1993,True,"Quality Welding - Hose Failure","Jim Meadows","Elevator Street",New Effington,57255,Roberts,45.8562927,-96.9196854,,,,"","0.00","","Diesel                                            ","20.00000",gallons,"Petroleum","Other(See Case File)","Commercial","AST","False","Disconnected Hose ",,"null",,"","259,267",437
86.077,"C",JA,10/31/1986,10/7/1993,True,"Sisseton Municipal Airport - Aerial Sprayer Accident","Hillestad Air Service","N side of Airport Drive",Sisseton,57262,Roberts,45.66771,-96.99649,126N,51W,25,"NE","0.00","","Pesticide                                         ","0.00000",,"Agri Chem","Other(See Case File)","Commercial","Aircraft Tanks","False","Accident",,"null",,"","267",442
87.002,"C",KM,1/6/1987,6/30/2000,True,"Consumers Coop Oil - Line Leak","Consumers Coop Oil","Hwy. 81,  1/4 mi. E.",Rosholt,57260,Roberts,45.8630867,-96.7279,128N,48E,19,"","0.00","","Diesel                                            ","1000.00000",gallons,"Petroleum","Other(See Case File)","Commercial","AST","False","Line Leak",,"null",,"","259",467
87.053,"C",KM,5/5/1987,5/29/1987,True,"Wilmot Coop - Transport Event","Farmers Union Coop","465 Ave",Wilmot,57279,Roberts,45.4712067,-96.90307,123,50,11,"SE","0.00","","Fuel                                              ","1600.00000",gallons,"Petroleum","Other(See Case File)","Other(See Case File)","Transport Truck","False","Overturned",,"null",,"","",518
87.054,"C",BL,6/10/1987,9/20/1995,True,"SoDak Park Supper Club - Line Leak","Leon Jurgens","SoDak Park Marina",Wilmot,57279,Roberts,45.41464,-96.69757,,,,"","0.00","","Gasoline                                          ","0.00000",,"Petroleum","Other(See Case File)","Commercial","UST","True","Line Leak",,"null",,"","235",519
87.131,"C",KM,12/16/1987,9/22/1994,True,"Residential Tank Leak","Peter Chase","Lot 12, Block 2",Corona,57227,Roberts,45.33379,-96.76325,,,,"","0.00","","Fuel Oil #1                                       ","250.00000",gallons,"Petroleum","Other(See Case File)","Residential","AST","False","Leakage",,"null",,"","234",596
88.018,"C",JA,2/16/1988,3/3/1994,True,"Tank Overfill at Senior Citizen Center","Jeff Thompson","SW, Main Street & 2nd Ave",Ortley,57256,Roberts,45.3317032,-97.19599,,,,"","0.00","","Diesel                                            ","0.00000",,"Petroleum","Other(See Case File)","Other(See Case File)","UST","False","Overfill",,"null",,"","237",622
88.256,"NFA",SH,2/4/1988,9/18/2002,True,"Stillson Oil Company - UST Removals","Stillson Oil Company","NE at Highway 10 and 1st Avenue East",Sisseton,57262,Roberts,45.66041,-97.04909,126N,51W,28,"SE","0.00","","Petroleum                                         ","0.00000",,"Petroleum","Aquifer","Commercial","UST","True","Leakage",,"524",,"","209, 244, 259",856
89.090,"C",JC,5/18/1989,6/30/2000,True,"Coffee Cup Cafe - Damaged tank","Denise Deeley","5 1/2 E. Oak Ave.",Sisseton,57262,Roberts,45.664814,-97.0505753,,,,"","0.00","","Fuel Oil                                          ","0.00000",,"Petroleum","Other(See Case File)","Commercial","AST","False","Damage",,"null",,"","",979
90.017,"C",KD,1/31/1990,5/22/1992,True,"Fire Hall - City of Summit / Former Station Site","City of Summit","Municipal Fire Hall",Summit,57266,Roberts,45.3052177,-97.03607,,,,"","0.00","","Gasoline                                          ","0.00000",,"Petroleum","Other(See Case File)","Public","UST","False","Leaks and Spills",,"199",,"","",1252
90.132,"C",MV,4/25/1990,8/24/1993,True,"Sisseton Farmers Union Coop","Sisseton Farmers Union Coop","400 1st Avenue West",Sisseton,57262,Roberts,45.66389,-97.0520554,126N,51W,28,"SW","0.00","","Gasoline                                          ","0.00000",,"Petroleum","Other(See Case File)","Commercial","UST","True","Corrosion",,"1047",,"","",1367
90.147,"C",TK,4/30/1990,10/25/1991,True,"Sisseton Bottle Gas Company - Tank Removals","John Ackerman","2nd Ave. W. & Hwy 10",Sisseton,57262,Roberts,45.6596832,-97.05383,,,,"","0.00","","Gasoline                                          ","0.00000",,"Petroleum","Other(See Case File)","Commercial","UST","True","Leaks and Spills",,"1016",,"","",1382
90.167,"C",JL,5/10/1990,8/2/1995,True,"Consumer Coop Oil Company - Station Site","Consumer COOP Oil Company","SW corner of Hahn & Main",Rosholt,57260,Roberts,45.8663559,-96.7331848,,,,"","0.00","","Gasoline                                          ","0.00000",,"Petroleum","Non-Aquifer","Commercial","UST","True","Leakage",,"1063",,"","",1402
90.247,"C",BL,6/18/1990,7/24/1991,True,"Tekakwitha Treatment Facility - Leaking Tank","Tekakwitha Adolescent Treatment Center","BIA 7, approximately .5 mi S of Sisseton",Sisseton,57262,Roberts,45.6523438,-97.05914,126N,51,33,"SW","0.00","","Fuel Oil                                          ","250.00000",gallons,"Petroleum","Other(See Case File)","Other(See Case File)","AST","False","Leakage",,"213",,"","",1482
90.311,"I",BL,7/25/1990,12/20/1995,True,"Claire City Coop Association","Claire City Farmers Union Coop Association","NE Corner of Feeney & Hwy 106",Claire City,57224,Roberts,45.8570175,-97.1036,,,,"","0.00","","Petroleum                                         ","0.00000",,"Petroleum","Other(See Case File)","Commercial","UST","True","Leakage",,"1049",,"","",1546
90.335,"NFA",NS,8/8/1990,10/12/2007,True,"Conoco - Holiday Service Station","Holiday Service Inc.","SW  at Hwys 10 & 127",Sisseton,57262,Roberts,45.6597176,-97.020134,126N,51,34,"","0.00","","Gasoline                                          ","0.00000",,"Petroleum","Other(See Case File)","Commercial","AST","True","Leakage",,"225",,"","240,254",1570
90.389,"C",BL,8/28/1990,2/2/1994,True,"Kromers Standard - Tank Basin 2","Allen Kromer","Hwy. 10 and 3rd Ave.",Sisseton,57262,Roberts,45.66033,-97.046814,,,,"","0.00","","Petroleum                                         ","0.00000",,"Petroleum","Other(See Case File)","Commercial","UST","True","Leakage",,"1093",,"","261",1624
90.423,"C",KB,9/11/1990,7/6/1994,True,"Farmers Union - Bulk Site","Farmers Union Coop.","NW corner at First St and Towne Ave",Wilmot,57279,Roberts,45.4077568,-96.8542,122N,49W,5,"NW","0.00","","Petroleum                                         ","0.00000",,"Petroleum","Other(See Case File)","Commercial","AST","True","Overfills/Spillage",,"1121",,"","",1658
90.424,"I",BL,9/11/1990,10/4/1994,True,"Farmers Union Station - Line Leak","Farmers Union Coop.","West Main & 5th",Wilmot,57279,Roberts,45.4094162,-96.86169,122N,49W,6,"NW","0.00","","Petroleum                                         ","0.00000",,"Petroleum","Other(See Case File)","Commercial","UST","True","Line Leak",,"1122",,"","",1659
90.460,"C",RC,9/21/1990,5/4/1994,True,"Department of Transportation (SD DOT) - Tank Leak","SD Department of Transportation  (SD DOT)","I-29 & 10",Sisseton,57262,Roberts,45.6618462,-96.98769,,,,"","0.00","","Gasoline Unleaded                                 ","100.00000",gallons,"Petroleum","Other(See Case File)","Other(See Case File)","UST","True","Leakage",,"1147",,"","",1695
90.519,"C",KM,10/18/1990,12/30/1990,True,"Diesel Spill","Unknown","U.S. 12: 1/4 mi. W.",Ortley,57256,Roberts,45.3358269,-97.20122,,,,"","0.00","","Diesel                                            ","100.00000",gallons,"Petroleum","Other(See Case File)","Other(See Case File)","Truck Tank","False","Damage",,"null",,"","",1754
91.141,"NFA",TF,4/15/1991,1/16/2007,True,"Tekakwitha Nursing Home - Generator Tank Replacement","Tekakwitha Nursing Home","6 East Chestnut",Sisseton,57262,Roberts,45.6665459,-97.05042,126N,51,28,"","0.00","","Diesel #2                                         ","0.00000",,"Petroleum","Other(See Case File)","Other(See Case File)","UST","True","Leakage",,"1445",,"","247",2031
91.354,"I",BL,8/9/1991,10/27/1994,True,"Roberts County Highway Dept. Shop","Roberts County Highway Dept.","Maintenance Yard",Sisseton,57262,Roberts,45.6591,-97.06166,126N,51W,32,"NE","0.00","","Petroleum                                         ","0.00000",,"Petroleum","Other(See Case File)","Public","UST","True","Leakage",,"1575",,"","",2244
91.360,"C",KM,8/9/1991,9/9/1991,True,"Bituminous Hot Mix Plant","James Sorenson","Roberts Co. Rd. 5.5 m S of Peever",Peever,57257,Roberts,45.4969254,-96.969,124N,50W,30,"NW","0.00","","Asphalt Cement                                    ","1000.00000",gallons,"Oil","Other(See Case File)","Other(See Case File)","Equipment","False","Overturned",,"null",,"","",2250
91.429,"C",BL,9/9/1991,3/24/1994,True,"Stadium Grocery","Charles Wyman","619 E. Hickory",Sisseton,57262,Roberts,45.6603775,-97.0423355,126N,51W,28,"SE","0.00","","gasoline                                          ","0.00000",,"Petroleum","Other(See Case File)","Commercial","UST","True","Dispenser Leak",,"1631",,"","241",2319
91.460,"C",DM,10/1/1991,3/28/2002,True,"Henry's Super Value","Don Henry","320 1st Ave East (also known as Veteran's Ave)",Sisseton,57262,Roberts,45.6630554,-97.04983,,,,"","0.00","","Gasoline                                          ","0.00000",,"Petroleum","Other(See Case File)","Commercial","UST","True","Corrosion",,"1653",,"","200",2350
91.653,"C",BL,12/27/1991,2/17/1993,True,"Farmers Union Coop - Bulk Site","Farmers Union Coop","BIA 7",Sisseton,57262,Roberts,45.65699,-97.06068,126N,51W,33,"NW","0.00","","petroleum                                         ","0.00000",,"Petroleum","Other(See Case File)","Commercial","AST","True","Leakage",,"1967",,"","",2543
92.029,"NFA",NS,1/29/1992,8/20/2004,True,"Fleischacker  Radiator Shop Site - LUST Trust","Karl Fleischacker","221 Hickory Street E  (NW at Hwy 10/Hickory & 3rd Ave E)",Sisseton,57262,Roberts,45.6603966,-97.0471344,,,,"","0.00","","Gasoline                                          ","0.00000",,"Petroleum","Lust Trust","Commercial","UST","True","Leakage",,"1727",,"","234",2619
92.161,"NFA",NS,5/13/1992,7/20/2004,True,"Schooler Resort - Tank Removal","Henry Harms","Hartford Beach @ Big Stone Lake",Corona,57227,Roberts,45.40644,-96.67902,122N,48W,3,"","0.00","","Petroleum                                         ","0.00000",,"Petroleum","Aquifer","Commercial","UST","True","Leakage",,"2114",,"","232",2751
92.202,"C",TK,6/8/1992,6/8/1992,True,"Sisseton School District - Tank Removal","Sisseton School District","Bus Garage @ 8th Ave West",Sisseton,57262,Roberts,45.6659775,-97.06263,,,,"","0.00","","gasoline                                          ","0.00000",,"Petroleum","Other(See Case File)","Public","UST","True","Spillage",,"2105",,"","",2792
92.209,"C",GH,6/10/1992,12/14/1993,True,"Otter Tail Power - Former Generator Plant","Otter Tail Power Company","Corner of 2nd Ave & Pine St.",Sisseton,57262,Roberts,45.66135,-97.0480652,,,,"","0.00","","gasoline                                          ","0.00000",,"Petroleum","Other(See Case File)","Industrial","UST & AST","True","Leaks and Spills",,"2274",,"","",2799
92.346,"C",KD,10/1/1992,10/14/1992,True,"Guderian Garage","Lyle Guderian","SW, Main St. & Railroad",Ortley,57256,Roberts,45.3330421,-97.19609,,,,"","0.00","","gasoline                                          ","0.00000",,"Petroleum","Other(See Case File)","Commercial","UST","True","Overfills/Spillage",,"2299",,"","261",2936
92.390,"C",KM,11/17/1992,3/8/1993,True,"U.S. West - Generator Tank","U.S. West - Ron Rupe","1st Avenue",Sisseton,57262,Roberts,45.668026,-97.05238,,,,"","0.00","","Diesel                                            ","0.00000",,"Petroleum","Other(See Case File)","Commercial","UST","True","Spillage",,"null",,"","",2980
93.044,"NFA",GH,3/5/1993,8/29/2007,True,"BIA - Road Shop - Federal Id # R4030001 - Tank Removal","Bureau of Indian Affairs","East Chestnut Street (N at 3rd Ave E)",Sisseton,57262,Roberts,45.6679268,-97.04699,126N,51W,28,"NW","0.00","","Unleaded Gasoline                                 ","0.00000",,"Petroleum","Federal","Other(See Case File)","UST","True","Leakage",,"2348",,"","254",3059
93.139,"C",TK,5/28/1993,11/8/1993,True,"Farmers Union Coop (Cenex) - Surface Spill","Farmers Union Oil Co.","South 5th  (Hwy 123)",Wilmot,57279,Roberts,45.4045334,-96.86262,,,,"","0.00","","Diesel                                            ","0.00000",,"Petroleum","Other(See Case File)","Commercial","AST","True","Spillage",,"2451",,"","",3154
93.256,"C",KH,8/9/1993,8/12/1993,True,"J. A. Dady Wholesaler - Tank Leak","J.A. Dady Distributing Inc.","610 W. Main",Sisseton,57262,Roberts,45.66613,-97.05086,,,,"","0.00","","Gasoline                                          ","0.00000",,"Petroleum","Other(See Case File)","Commercial","UST","True","Leakage",,"2486",,"","237",3271
93.285,"C",KH,9/2/1993,8/4/1995,True,"Carlson Mini Mart","Martin Carlson","316 East Hickory",Sisseton,57262,Roberts,45.6599464,-97.0462,126N,51W,33,"NE","0.00","","Gasoline                                          ","0.00000",,"Petroleum","Other(See Case File)","Commercial","UST","True","Leaks and Spills",,"2539",,"","",3300
93.293,"C",KM,8/6/1993,9/1/2005,True,"Soo Line Railroad Company","Soo Line Railroad Company","Railroad Avenue, between 3rd & Main",Claire City,57224,Roberts,45.85574,-97.10511,,,,"","0.00","","Petroleum                                         ","0.00000",,"Petroleum","Other(See Case File)","Other(See Case File)","AST","True","Leaks and Spills",,"null",,"","239",3308
93.301,"C",KH,9/21/1993,10/14/1993,True,"Sisseton City Shop - Tank Leak","City of Sisseton","7 West Cherry",Sisseton,57262,Roberts,45.665638,-97.05151,,,,"","0.00","","Diesel                                            ","0.00000",,"Petroleum","Other(See Case File)","Public","UST","True","Leakage",,"2487",,"","237",3316
94.032,"C",JL,3/3/1994,10/30/1995,True,"Post Office  - Tank Leak","US General Services Administration","205 East Oak (behind bldg)",Sisseton,57262,Roberts,45.6649857,-97.04794,,,,"","0.00","","Fuel Oil                                          ","6000.00000",gallons,"Petroleum","Federal","Other(See Case File)","UST","False","Leakage",,"2631",,"","",3567
94.179,"I",KH,6/21/1994,9/29/1997,True,"Wilmot School  Bus Garage - Tank Removal","Wilmot Public School","1000 First Ave",Wilmot,57279,Roberts,45.4048157,-96.85694,122N,49,6,"SW","0.00","","Gasoline                                          ","0.00000",,"Petroleum","Other(See Case File)","Public","UST","True","Leakage",,"2699",,"","261",3714
94.210,"C",RC,6/8/1994,7/13/1994,True,"Steves Service - Tank Removals","Eileen Parkhurst","Highway 127 & Dahl",Rosholt,57260,Roberts,45.8634338,-96.73109,,,,"","0.00","","Petroleum                                         ","0.00000",,"Petroleum","Other(See Case File)","Commercial","UST","True","Spillage",,"null",,"","237",3745
94.222,"NFA",KH,7/29/1994,2/7/2001,True,"Consumers Coop Oil - Bulk Site","Consumers Coop Oil","E of town on Hwy 127,  S side of hwy.",Rosholt,57260,Roberts,45.8627243,-96.728035,,,,"","0.00","","Petroleum                                         ","0.00000",,"Petroleum","Other(See Case File)","Commercial","AST","True","Leakage",,"2721",,"","",3757
94.234,"C",TK,8/10/1994,11/4/1994,True,"Cz's Jz's Bz's Honey Company - Fire Event","Jim Paysen","1 block E & 1 block S of Main Street",Wilmot,57279,Roberts,45.4089737,-96.85335,122N,49W,6,"","0.00","","Diesel #2                                         ","0.00000",,"Petroleum","Other(See Case File)","Industrial","AST","False","Line Leak",,"2739",,"","",3769
94.374,"NFA",KH,11/8/1994,4/10/2001,True,"Steve's Service - Site Assessment","Steve Parkhurst","SE at  Dakota / Hwy 127 & Dahl Ave",Rosholt,57260,Roberts,45.8633575,-96.73113,128N,49W,24,"NE","0.00","","Petroleum                                         ","0.00000",,"Petroleum","Other(See Case File)","Commercial","UST","True","Leakage",,"2791",,"","",3909
95.055,"C",JA,3/22/1995,5/12/1995,True,"Thompson Brothers Inc. Transport Event","Thompson Brothers Inc.","I-29 S @ MM 242 Overpass",New Effington,57255,Roberts,45.79076,-96.89478,,,,"","0.00","","Diesel                                            ","50.00000",gallons,"Petroleum","Other(See Case File)","Other(See Case File)","Truck Tank","False","Transport Accident",,"null",,"","237",4006
95.060,"NFA",RL ,3/27/1995,9/8/2015,True,"WAPA Substation Oil Spill","Western Area Power Administration WAPA","Sub Station, 142 Street & I-29",Summit,57266,Roberts,45.3253746,-97.05415,,,,"","0.00","","Transformer Oil                                   ","10.00000",gallons,"Oil","Federal","Other(See Case File)","Transformer","False","Equipment Failure",,"null",,"","300",4011
95.078,"C",KM,4/20/1995,6/7/1995,True,"Coteau De Prairie Hospital - Tank Removal","Coteau De Prairie Hospital","205 Orchard Drive",Sisseton,57262,Roberts,45.6576462,-97.05052,,,,"","0.00","","Fuel Oil                                          ","0.00000",,"Petroleum","Other(See Case File)","Other(See Case File)","UST","False","Leakage",,"2856",,"","",4029
95.215,"C",TK,8/11/1995,9/22/1995,True,"Browns Valley Substation","Otter Tail Power Company","Hwy 10: 4 mi. NW of Browns Valley, Mn",Sisseton,57262,Roberts,45.6455956,-96.86369,126,50,36,"","0.00","","Breaker Oil                                       ","12.00000",gallons,"Oil","Other(See Case File)","Industrial","Transformer","False","Spillage",,"null",,"","",4166
95.305,"C",TK,11/1/1995,1/1/1996,True,"Hartford Beach  (SD GF&P) - Surface Spills","SD Game, Fish, & Parks  (SD GF&P)","Hartford Beach  GFP facility",Corona,57227,Roberts,45.40138,-96.67134,,,,"","0.00","","Gasoline                                          ","0.00000",,"Petroleum","Other(See Case File)","Public","UST","True","Spillage",,"2962",,"","232",4256
95.322,"C",KM,11/27/1995,12/19/1995,True,"Brantseg Property Tank Replacement","Wallace Brantseg","516 2nd Avenue East (behind law office)",Sisseton,57262,Roberts,45.66485,-97.0483551,,,,"","0.00","","Heating Fuel                                      ","0.00000",,"Petroleum","Other(See Case File)","Commercial","UST","False","Leakage",,"2974",,"","237",4273
96.347,"C",TK,11/30/1996,5/16/1997,True,"Frito Lay Transport Event","Frito Lay","I-29, Mile Marker 212.5, in Median",Summit,57266,Roberts,45.3923569,-97.0310059,,,,"","0.00","","diesel fuel                                       ","130.00000",gallons,"Petroleum","Other(See Case File)","Other(See Case File)","Truck Tank","False","Transport Accident",,"null",,"","",4657
97.113,"C",NS,4/23/1997,5/29/2002,True,"Consumer Coop Site - Visible Sheen","Consumer Coop Oil Company"," 216 Nolan Avenue, Bulk Facility",New Effington,57255,Roberts,45.85515,-96.92048,128,49,13,"","0.00","","diesel fuel                                       ","200.00000",gallons,"Petroleum","Other(See Case File)","Commercial","AST","True","Overfills/Spillage",,"3201",,"","195",4801
97.115,"C",KM,4/22/1997,10/22/1998,True,"Harris Harms Oil - Truck Leak","Harris Harms Oil","Main Street, alley behind station",Corona,57227,Roberts,45.3330956,-96.76528,,,,"","0.00","","Diesel                                            ","0.00000",,"Petroleum","Other(See Case File)","Commercial","Transport Truck","False","Leakage",,"null",,"","231",4803
97.193,"C",PG,6/10/1997,4/7/1998,True,"Old Auto Dealership - Alinder Building","Sisseton Economic Development Corp.","E. Hwy 10",Sisseton,57262,Roberts,45.6598053,-97.03042,126N,51W,34,"","0.00","","Waste oil                                         ","0.00000",,"Oil","Other(See Case File)","Commercial","Containers","True","Handling",,"null",,"","",4881
97.240,"C",PG,7/16/1997,5/4/1998,True,"Alinder Building - Assessment","Sisseton Development Corporation","Frontage Road, Highway 10 and 81",Sisseton,57262,Roberts,45.6594048,-97.03057,126N,51W,34,"NW","0.00","","Waste Oil                                         ","0.00000",,"Oil","Other(See Case File)","Commercial","AST","True","Spillage",,"null",,"","",4928
97.249,"C",KM,7/29/1997,9/12/1997,True,"Transport Event","Parris Trucking","I-29  (~5 miles N of Summit)",Summit,57266,Roberts,45.38364,-97.04149,,,,"","0.00","","Diesel                                            ","100.00000",gallons,"Petroleum","Other(See Case File)","Other(See Case File)","Truck Tank","False","Transport Accident",,"null",,"","231",4937
97.352,"C",NS,10/20/1997,4/27/1999,True,"Jurgen's Oil Company - Tank System Removal","Jurgen's Oil Company - Kevin Jurgen","S of SD 127 on 3rd",Wilmot,57279,Roberts,45.4124374,-96.85903,,,,"","0.00","","gasoline                                          ","0.00000",,"Petroleum","Other(See Case File)","Commercial","UST","True","Spillage",,"3303",,"","",5040
98.207,"C",KH,8/13/1998,7/30/2001,True,"Tuff's Service - Tank System Removal","Tuff's Service - Alvin Tuff","202 Main Street",Peever,57257,Roberts,45.5402679,-96.95774,124N,50W,8,"NW","0.00","","gasoline                                          ","0.00000",,"Petroleum","Other(See Case File)","Commercial","UST","True","Leakage",,"3498",,"","",5315
98.257,"NFA",TF,9/16/1998,6/10/2002,True,"Jim's Service - Tank Removals","Jim's Service - Jim Ercink","SW at Main & Oddin / 464th",New Effington,57255,Roberts,45.85647,-96.9176254,,,,"","0.00","","petroleum                                         ","0.00000",,"Petroleum","Other(See Case File)","Commercial","UST","True","Leakage",,"3572",,"","196",5365
98.267,"C",NS,9/25/1998,6/24/2002,True,"Hortness Implement - Tank System Removal","Hortness Implement","212 Grant Avenue",Peever,57257,Roberts,45.5438843,-96.9553146,,,,"","0.00","","Gasoline                                          ","0.00000",,"Petroleum","Other(See Case File)","Commercial","UST","True","Leakage",,"3575 ",,"","197",5375
98.335,"NFA",KF ,11/9/1998,4/20/2022,True,"Bob's Service - LUST Trust","Bob Schultz","185 Main Street",Claire City,57224,Roberts,45.8567352,-97.10362,128N,51W,19,"","0.00","","Gasoline                                          ","0.00000",,"Petroleum","Lust Trust","Commercial","UST","True","Leakage",,"2361",,"","",5443
99.027,"NFA",KH,1/17/1999,10/8/2002,True,"End Zone Bar / Former Bulk Site - Line Leaks","Steve Horning","112 East Hickory",Sisseton,57262,Roberts,45.6598625,-97.04948,126N,51W,33,"NE","0.00","","petroleum                                         ","0.00000",,"Petroleum","Other(See Case File)","Commercial","UST","True","Line Leak",,"3703",,"","211",5574
99.061,"C",BM,3/11/1999,6/24/1999,True,"Transport Event","Midcontinent Transport","I-29,  North of the Peever Exit",Peever,57257,Roberts,45.5649223,-96.9893951,,,,"","0.00","","diesel fuel                                       ","0.00000",,"Petroleum","Other(See Case File)","Other(See Case File)","Truck Tank","False","Transport Accident",,"null",,"","",5608
99.176,"C",KM,6/2/1999,12/20/2000,True,"Farmers Coop Terrigator Accident","Wilmot Farmers Coop","4 mi. W, 1 mi. N, 1/2 mi. W of Wilmot",Wilmot,57279,Roberts,45.4270325,-96.95116,123N,50W,17,"","0.00","","roundup                                           ","15.00000",,"Agri Chem","Other(See Case File)","Agricultural","Sprayer","False","Overturned",,"null",99PA060203,"","",5723
99.197,"C",KH,6/29/1999,2/23/2000,True,"Westside Elementary School - Tank Removal","Sisseton School District","4th Ave W and Walnut",Sisseton,57262,Roberts,45.6617928,-97.0559,126N,51W,28,"SW","0.00","","heating fuel                                      ","0.00000",,"Petroleum","Other(See Case File)","Public","UST","False","Leakage",,"3806",,"","",5744
2000.020,"C",BM,2/12/2000,3/7/2000,True,"Signs Company Truck Accident","Werner Enterprises","Hwy 15 MM 190",Wilmot,57279,Roberts,45.39747,-96.6899261,,,,"","0.00","","Crankcase Oil                                     ","10.00000",gallons,"Oil","Other(See Case File)","Other(See Case File)","Truck","False","Transport Accident",,"null",,"","203",5918
2000.314,"NFA",JL,10/3/2000,1/8/2002,True,"Indian Health Service Hospital - Tank Removal","Indian Health Service","5 Chestnut Street East  (NE at Main & Chestnut)",Sisseton,57262,Roberts,45.6680565,-97.05019,126N,51W,28,"NE","0.00","","heating oil                                       ","0.00000",,"Petroleum","Other(See Case File)","Other(See Case File)","UST","False","Corrosion",,"4289",,"","",6212
2001.919,"C",KM,2/25/2002,4/30/2002,True,"ATP - Thelin Cleaners","Dennis Schulz","612 Veterans Avenue",Sisseton,57262,Roberts,45.66595,-97.0498657,,,,"","0.00","","fuel oil & perc                                   ","0.00000",,"Combined(See Case File)","ATP","Commercial","UST","True","Leakage",1248,"5168",,"","208",7201
2001.920,"NFA",KH,2/25/2002,3/26/2003,True,"ATP - Tekakwitha Nursing Center","Tekakwitha Nursing Center","Chestnut & Main",Sisseton,57262,Roberts,45.6669731,-97.04985,,,,"","0.00","","fuel oil                                          ","0.00000",,"Petroleum","ATP","Commercial","UST","False","Leakage",81,"4194",,"","217,258",7202
2001.921,"NFA",KH,2/25/2002,12/26/2003,True,"ATP - Kemnitz Farm","Arvin Kemnitz","456th Avenue",Claire City,57224,Roberts,45.89734,-97.08699,,,,"","0.00","","Petroleum                                         ","0.00000",,"Petroleum","ATP","Agricultural","UST","False","Leakage",1695,"5649",,"","225,",7203
2001.922,"NFA",KM,2/25/2002,1/10/2003,True,"ATP - Hansen Farm","Arlene Hansen","464th Avenue",Wilmot,57279,Roberts,45.46633,-96.92233,,,,"","0.00","","Petroleum                                         ","0.00000",,"Petroleum","ATP","Agricultural","UST","False","Leakage",1742,"5700",,"","217",7204
2001.923,"NFA",KH,2/25/2002,9/16/2005,True,"ATP - Braun Farm","Richard Braun","3 m N & .75 m E",Rosholt,57260,Roberts,45.9061737,-96.7158661,,,6,"","0.00","","Petroleum                                         ","0.00000",,"Petroleum","ATP","Agricultural","UST","False","Leakage",1965,"5937",,"","239",7205
2001.924,"C",KM,2/25/2002,5/10/2002,True,"ATP - Nora Thone Trust - Former Larson Station","Craig O. Ash","NE corner of Main & Oak",Sisseton,57262,Roberts,45.66478,-97.0507355,,,,"","0.00","","Petroleum                                         ","0.00000",,"Petroleum","ATP","Commercial","UST","True","Leakage",1982,"5944",,"","208",7206
2001.931,"C",KM,2/25/2002,3/20/2002,True,"ATP - Erickson Property","Wayne Erickson","515 4th Avenue East",Sisseton,57262,Roberts,45.66528,-97.0455,,,,"","0.00","","fuel oil                                          ","0.00000",,"Petroleum","ATP","Residential","UST","False","Spillage",466,"4408",,"","208",7213
2001.932,"C",KM,2/25/2002,3/20/2002,True,"ATP - Ebert Property","Craig Ebert","610 4th Avenue East",Sisseton,57262,Roberts,45.6660233,-97.0461655,,,,"","0.00","","fuel oil                                          ","0.00000",,"Petroleum","ATP","Residential","UST","False","Spillage",674,"4608",,"","208",7214
2001.933,"C",KM,2/25/2002,3/20/2002,True,"ATP- Corona High School","City of Corona","Main Street",Corona,57227,Roberts,45.3339729,-96.7621,,,,"","0.00","","fuel oil                                          ","0.00000",,"Petroleum","ATP","Public","UST","False","Spillage",44,"3939",,"","208",7215
2001.935,"C",KM,2/25/2002,3/20/2002,True,"ATP - Wilmot Care Center","Wilmot Development Corporation","SE corner of 15 & 123 intersection",Wilmot,57279,Roberts,45.4121437,-96.86008,,,,"","0.00","","fuel oil                                          ","0.00000",,"Petroleum","ATP","Other(See Case File)","UST","False","Spillage",1650,"5606",,"","208",7217
2001.936,"C",KM,2/25/2002,3/20/2002,True,"ATP - Kaufman Resort","Dale Kaufman","11544 Lake Road",Rosholt,57260,Roberts,45.7155151,-96.75068,,,,"","0.00","","gasoline                                          ","0.00000",,"Petroleum","ATP","Commercial","UST","True","Spillage",1814,"5775",,"","208",7218
2001.937,"C",KM,2/25/2002,3/20/2002,True,"ATP - Rosholt School","Rosholt School District","Finely, Emil & 1st",Rosholt,57260,Roberts,45.864357,-96.7368851,,,,"","0.00","","fuel oil                                          ","0.00000",,"Petroleum","ATP","Public","UST","False","Spillage",1956,"5922",,"","208",7219
2002.006,"C",SB,1/18/2002,2/20/2002,True,"Claire City Oil Bulk Site - Assessment","Verne Wolfe","SE corner at  Sandsmark and 106",Claire City,57224,Roberts,45.85872,-97.1032944,128N,51W,19,"NW","0.00","","Petroleum                                         ","0.00000",,"Petroleum","Other(See Case File)","Commercial","AST","True","Spillage",,"null",,"","266",7287
2002.016,"C",BM,2/11/2002,3/18/2002,True,"Sisseton Substation - Vandalism","Otter Tail Power Company","North of Sisseton",Sisseton,57262,Roberts,45.674614,-97.04615,126N,51,28,"NW","0.00","","Transformer oil                                   ","300.00000",gallons,"Oil","Other(See Case File)","Industrial","Transformer","False","Damage",,"",,"","203",7297
2002.071,"NFA",TF,5/24/2002,6/16/2008,True,"Former IHS Health Facility Site","IHS - Marty LaRoche","5 Chestnut Street",Sisseton,57262,Roberts,45.6681442,-97.0501556,126,,28,"SE","0.00","","heating fuel                                      ","0.00000",,"Petroleum","Federal","Other(See Case File)","UST","False","Tank Failure",,"6472",,"","260",7352
2002.176,"C",BM,9/20/2002,9/25/2002,True,"Highway 10 Oil Spill","Country Partners CO-OP","Highway 10 & 3rd Ave. East",Sisseton,57262,Roberts,45.66016,-97.04701,126N,51W,,"","0.00","","Oil                                               ","60.00000",gallons,"Oil","Other(See Case File)","Other(See Case File)","Sprayer","False","Equipment Failure",,"null",,"","231",7457
2002.263,"C",TF,12/2/2002,1/9/2003,True,"Harvest States - Liquid Feed Spill","Harvest States","Railroad Avenue",Claire City,57224,Roberts,45.8556633,-97.10778,128N,52W,24,"SE","0.00","","Liquid Cattle Feed                                ","12153.00000",lbs,"Agri Chem","Other(See Case File)","Commercial","AST","False","Damage",,"null",03TO120302,"","224,",7544
2002.275,"C",LAS,12/3/2002,8/27/2003,True,"Truck / Train  Incident - Fuel Spill","Werner Enterprises","1/2 mile S. of 207 on I-29",Summit,57266,Roberts,45.3075142,-97.05148,,,,"","0.00","","Diesel Fuel                                       ","100.00000",,"Petroleum","Other(See Case File)","Other(See Case File)","Truck Tank","False","Transport Accident",,"null",,"","232",7556
2002.318,"NFA",KM,1/15/2003,5/9/2003,True,"ATP - Bartnick Farm","Paul Bartnick","457th Avenue",Claire City,57224,Roberts,45.88786,-97.06066,,,,"","0.00","","Gasoline                                          ","0.00000",,"Petroleum","ATP","Agricultural","UST","False","Overfills/Spillage",2004,"5953",,"","217",7599
2002.354,"NFA",KH,1/16/2003,6/22/2006,True,"ATP - Albert Braun Farm","Albert Braun","10716 475th Avenue",Rosholt,57260,Roberts,45.83194,-96.6871948,,,,"","0.00","","petroleum                                         ","0.00000",,"Petroleum","ATP","Agricultural","UST","False","Leakage",2468,"6395",,"","246",7635
2002.360,"NFA",KM,4/22/2003,8/15/2003,True,"ATP - Quade Farm","Edward W. Quade","472nd Avenue",Wilmot,57279,Roberts,45.3916779,-96.75844,129N,50W,25,"NE","0.00","","petroleum                                         ","0.00000",,"Petroleum","ATP","Agricultural","UST","False","Leakage",2478,"6406",,"","227",7641
2002.361,"NFA",KM,4/22/2003,8/15/2003,True,"ATP - Knudsen, Jr., Farm","George Knudsen, Jr.","S side of 100 St between 466 Ave and I-29",New Effington,57255,Roberts,45.9348221,-96.8584747,129N,50W,25,"NE","0.00","","petroleum                                         ","0.00000",,"Petroleum","ATP","Agricultural","UST","False","Leakage",2469,"6396",,"","227",7642
2002.365,"NFA",KM,4/22/2003,8/15/2003,True,"ATP - Bartnick Property","Jeffrey Bartnick","457 Avenue",Claire City,57224,Roberts,45.8942833,-97.06444,,,,"","0.00","","petroleum                                         ","0.00000",,"Petroleum","ATP","Agricultural","UST","False","Leakage",2003,"5957",,"","227",7646
2003.040,"C",LAS,4/3/2003,8/19/2003,True,"Fertilizer Spill","Farmers CO-OP Association of Wilmot","Hwy 15, 250' E of MM 204",Wilmot,57279,Roberts,45.41293,-96.9680252,123N,50W,19,"","0.00","","dry fertilizer                                    ","0.00000",,"Agri Chem","Other(See Case File)","Other(See Case File)","Transport Truck","False","Overturned",,"null",,"","227",7687
2003.072,"C",BM,5/20/2003,7/1/2003,True,"Harvest States - Agrichem Spill","Harvest States","Hwy 106, in town",Claire City,57224,Roberts,45.8570824,-97.1038,128N,52W,24,"NE","0.00","","Trifluralin                                       ","6.00000",gallons,"Agri Chem","Other(See Case File)","Commercial","Tote","False","Leakage",,"null",,"","231",7719
2003.194,"NFA",KH,11/19/2003,1/16/2004,True,"ATP - Wilmot Public School","Wilmot Public School","800 Ordway Street",Wilmot,57279,Roberts,45.406353,-96.85537,,,,"","0.00","","fuel oil                                          ","0.00000",,"Petroleum","ATP","Public","UST","False","Overfills/Spillage",2731,"6690",,"","225,",7841
2004.026,"C",RL,2/2/2004,2/16/2004,True,"Tekakwitha Nursing Center - Tank Overflow","Tekakwitha Nursing Center","6 East Chestnut Street",Sisseton,57262,Roberts,45.6672745,-97.05067,126N,51W,28,"S","0.00","","Fuel Oil #2                                       ","600.00000",gal,"Petroleum","Other(See Case File)","Residential","AST","False","Overflow",,"null",,"","225,",7911
2004.037,"NFA",KH,2/13/2004,3/4/2004,True,"ATP - Roberts County Property","J. Wohlleber","NE corner, 455th Ave & Hwy 12",Summit,57266,Roberts,45.3266754,-97.10313,,,,"","0.00","","petroleum                                         ","0.00000",,"Petroleum","ATP","Agricultural","UST","True","Leakage",2788,"6778",,"","227",7922
2004.075,"C",RL,5/16/2004,8/27/2004,True,"Trifluralin Spill","Dan Biel","2m E, 5m N of Wilmot Roberts CR #4",Wilmot,57279,Roberts,45.4712563,-96.8214645,123N,49W,5,"SE","0.00","","Treflan                                           ","500.00000",gal,"Agri Chem","Other(See Case File)","Agricultural","Portable Tank","False","Tank Failure",,"null",,"","233,239",7960
2004.082,"C",TF,5/20/2004,2/9/2005,True,"Assessment - Border States Coop Property","Border States Coop","SW Corner of Oak Street West & 1st Avenue West",Sisseton,57262,Roberts,45.664257,-97.05244,126N,51W,28,"SW","0.00","","Gasoline                                          ","0.00000",,"Petroleum","Other(See Case File)","Commercial","UST","True","Leakage",,"6853",,"","236",7967
2004.149,"C",RL,9/9/2004,10/18/2004,True,"KRS Transport Accident","KRS Transport Limited","Intersection of 25 & 106",Claire City,57224,Roberts,45.8629,-97.10374,128N,52W,23,"SE","0.00","","fuel oil                                          ","5000.00000",gal,"Petroleum","Other(See Case File)","Other(See Case File)","Transport Trailer","False","Transport Accident",,"null",,"","235",8034
2005.049,"C",RL,3/4/2005,3/10/2005,True,"Transportation Accident - Viking Bees","Viking Bees","Hwy 10,  .5 mile E of MM 365",Sisseton,57262,Roberts,45.6596642,-96.90893,,,,"","0.00","","Diesel                                            ","100.00000",Gal,"Petroleum","Other(See Case File)","Other(See Case File)","Truck Tank","False","Transport Accident",,"null",,"","238",8143
2005.194,"NFA",KH,10/4/2005,12/30/2005,True,"ATP - Ceroll Property","Darrell Ceroll","45768 101st Street",Claire City,57224,Roberts,45.92505,-97.04637,,,,"","0.00","","Gasoline                                          ","0.00000",,"Petroleum","ATP","Agricultural","UST","False","Leakage",2924,"7019",,"","242",10359
2006.039,"NFA",RL,4/7/2006,11/29/2006,True,"Vandalism - Transformer Coolant Release","vandals  (convicted Nov. 2006)","Substation N of town on CR #1",Sisseton,57262,Roberts,45.67458,-97.04623,126N,51W,28,"","0.00","","Transformer Oil                                   ","0.00000",,"Oil","Surface Water","Other(See Case File)","Transformer","False","Damage",,"null",,"","248",10477
2006.041,"C",RL,4/10/2006,6/5/2006,True,"Diesel Spill - CFI Trucking","Contract Freighter Inc (CFI)","Hwy 10, W of 456 Avenue",Sisseton,57262,Roberts,45.66022,-97.08979,,,,"","0.00","","Diesel                                            ","75.00000",gal,"Petroleum","Other(See Case File)","Other(See Case File)","Truck Tank","False","Transport Accident",,"7078",,"","244",10479
2006.120,"C",RL,8/21/2006,10/6/2006,True,"North Country Ethanol - Diesel Spill - Storm Event","North Country Ethanol - Dave Badgely","47333 104th Street",Rosholt,57260,Roberts,45.8726425,-96.72507,128N,48W,18,"NW","0.00","","Diesel                                            ","165.00000",gallons,"Petroleum","Other(See Case File)","Industrial","AST","True","Overturned",,"7114",,"","246",10564
2006.153,"NFA",KH,10/5/2006,11/17/2006,True,"ATP - Sisseton School Property","Sisseton School District","516 8th Avenue West",Sisseton,57262,Roberts,45.6652145,-97.0642242,,,,"","0.00","","Fuel Oil                                          ","0.00000",,"Petroleum","ATP","Public","UST","False","Leakage",2934,"7028",,"","248",10597
2006.188,"NFA",BM,12/18/2006,4/26/2012,True,"Eccles Rental Property - Overturned Tank","Frank Eccles","Maple Street",Summit,57266,Roberts,45.30347,-97.03663,,,,"","0.00","","Fuel Oil #1                                       ","250.00000",gallons,"Petroleum","Other(See Case File)","Residential","AST","False","Overturned",,"7151",,"","284",10640
2007.008,"C",RL,1/9/2007,6/12/2007,True,"Abandoned auto in drainage.","Bob Schaller","Approximately 3 miles W of Sisseton",Sisseton,57262,Roberts,45.6600456,-97.11754,,,,"","0.00","","Automobile                                        ","0.00000",,"Other(See Case File)","Surface Water","Other(See Case File)","Vehicle","False","Immersed ",,"null",,"","252",10654
2007.100,"NFA",BW,7/16/2007,1/9/2009,True,"Border States Coop - Valve Leak","Border States Coop","Bulk Site - South 5th Avenue",Wilmot,57279,Roberts,45.40383,-96.86224,123N,50W,1,"","0.00","","Diesel                                            ","400.00000",gallons,"Petroleum","Other(See Case File)","Commercial","AST","True","Valve Leak",,"7209",,"","260",10945
2007.104,"C",RL,7/20/2007,8/3/2007,True,"Syrup Release","North Country Ethanol","47333 104th Street",Rosholt,57260,Roberts,45.87339,-96.72446,128N,48W,18,"NW","0.00","","Syrup                                             ","55.00000",gallons,"Other(See Case File)","Other(See Case File)","Industrial","Operating System","False","Equipment Failure",,"null",,"","",10950
2007.106,"NFA",BM,7/23/2007,1/28/2010,True,"Sisseton drainage contamination - LUST Trust","Unknown","Area of Walnut St. & Veterans Ave.",Sisseton,57262,Roberts,45.6620636,-97.0494156,,,,"","0.00","","suspected petroleum                               ","0.00000",,"Petroleum","Lust Trust","Other(See Case File)","Unknown(See Case File)","False","Unknown",,"null",,"","271",10952
2007.127,"C",BM,8/24/2007,9/14/2007,True,"North Country Ethanol - Mash Spill","North Country Ethanol","47333 104th Street",Rosholt,57260,Roberts,45.873127,-96.72487,128N,48W,18,"NW","0.00","","Ethanol Mash                                      ","1000.00000",gallons,"Chemical","Other(See Case File)","Industrial","Operating System","False","Equipment Failure",,"null",,"","255",10974
2007.141,"C",RL,9/20/2007,10/8/2007,True,"Process Beer Spill ","North Country Ethanol","47333 104th Street",Rosholt,57260,Roberts,45.87338,-96.72413,,,,"","0.00","","Process Beer                                      ","650.00000",gallons,"Other(See Case File)","Other(See Case File)","Industrial","Operating System","False","Valve Activation",,"null",,"","255",10988
2007.174,"C",RL,11/2/2007,12/17/2007,True,"Process Syrup Release - North Country","North Country Ethanol","47333 104th Street",Rosholt,57260,Roberts,45.87337,-96.7235,128N,48W,18,"NW","0.00","","Process Syrup                                     ","5000.00000",gallons,"Other(See Case File)","Other(See Case File)","Industrial","Operating System","False","Equipment Failure",,"null",,"","255",11023
2008.057,"C",TF,4/3/2008,4/29/2008,True,"Contaminated Soils - Development Property","Northeast SD Economic Corporation","104 East Ash Street",Sisseton,57262,Roberts,45.6625,-97.0494,126N,51W,28,"SE","0.00","","petroleum                                         ","0.00000",,"Petroleum","Other(See Case File)","Other(See Case File)","Unknown(See Case File)","False","Unknown",,"7264",,"","256",11139
2008.193,"NFA",JPA,10/15/2008,2/23/2009,True,"Tank System Removal - Former Border States Cenex","Kraig  Archer","316 East Hickory",Sisseton,57262,Roberts,45.6599159,-97.046196,126N,51W,33,"NE","0.00","","Petroleum                                         ","0.00000",,"Petroleum","Other(See Case File)","Commercial","UST","True","Leakage",,"7333",,"","264",11288
2009.128,"NFA",TF,9/15/2009,11/10/2009,True,"ATP - Moen Rental Property","Larry Moen","517 3rd Avenue E",Sisseton,57262,Roberts,45.6653633,-97.04673,,,,"","0.00","","fuel oil                                          ","0.00000",,"Petroleum","ATP","Residential","UST","False","Spillage",3114,"7401",,"","270",11498
2009.143,"NFA",JPA,10/6/2009,2/17/2023,True,"Vapors in basement at Coffee Cup #1","Coffee Cup Fuel Stops","I-29 & Hwy 12",Summit,57266,Roberts,45.3112259,-97.0462646,122N,51W,33,"NE","0.00","","Diesel                                            ","0.00000",,"Petroleum","Other(See Case File)","Commercial","AST","True","Leaching",,"7448",,"","",11515
2010.040,"C",RL,3/30/2010,4/14/2010,True,"Power Failure - Overflow - Poet","North Country Ethanol","47333 104th Street",Rosholt,57260,Roberts,45.8728752,-96.7247543,128N,48W,18,"NW","0.00","","Corn Mash                                         ","75.00000",gallons,"Other(See Case File)","Other(See Case File)","Industrial","Operating System","False","Overflow",,"null",,"","273",11625
2010.051,"C",RL,4/12/2010,5/14/2010,True,"Mash Spill (~5% ethanol)","North Country Ethanol","47333 104th Street",Rosholt,57260,Roberts,45.87287,-96.7247543,128N,48N,18,"NW","0.00","","Mash","500.00000",gallons,"Other(See Case File)","Other(See Case File)","Industrial","Operating System","False","Overflow",,"null",,"","274",11636
2010.179,"C",RL,9/7/2010,12/16/2010,True,"Wet Well Overflow - North Country Ethanol","North Country Ethanol","47333 104th Street",Rosholt,57260,Roberts,45.87328,-96.72448,,,,"","0.00","","Process Beer                                      ","600.00000",gallons,"Other(See Case File)","Other(See Case File)","Industrial","Operating System","False","Overflow",,"null",,"","278",11777
2010.187,"NFA",ML,9/10/2010,9/10/2010,True,"CERCLIS - Former Grain Bin Site","US Department of Agriculture","~47225 105th Street (Hwy 127)",Rosholt,57260,Roberts,45.8637543,-96.7455444,,,,"","0.00","","Agri Chem                                         ","0.00000",,"Agri Chem","CERCLIS","Agricultural","Containers","False","Handling",,"null",,"","276",11785
2010.217,"NFA",ML,9/17/2010,9/17/2010,True,"CERCLIS - Buried Explosives","Sisseton-Whapeton Oyate","E of BIA 7",Agency Village,57262,Roberts,45.570858,-97.05024,,,,"","0.00","","Dynamite & Blasting Caps                          ","0.00000",,"Other(See Case File)","CERCLIS","Agricultural","Materials","False","Handling",,"null",,"","276",11815
2010.218,"C",RL,9/17/2010,12/16/2010,True,"Wet Well Overflow - North Country Ethanol","North Country Ethanol","47333 104th Street",Rosholt,57260,Roberts,45.87328,-96.72448,,,,"","0.00","","Process Beer                                      ","200.00000",gallons,"Other(See Case File)","Other(See Case File)","Industrial","Operating System","False","Overflow",,"null",,"","279",11816
2010.262,"NFA",RL,12/2/2010,4/1/2011,True,"Wet Well Overflow - North Country Ethanol","North Country Ethanol","47333 104th Street",Rosholt,57260,Roberts,45.87327,-96.7243958,,,,"","0.00","","Process Beer                                      ","1500.00000",gallons,"Other(See Case File)","Other(See Case File)","Industrial","Operating System","False","Overflow",,"null",,"","279",11872
2010.278,"NFA",RL,12/21/2010,5/11/2011,True,"Transport Event","PVS Transport","I-29 MM 224",Peever,57257,Roberts,45.54116,-96.989006,,,,"","0.00","","Diesel                                            ","70.00000",gallons,"Petroleum","Other(See Case File)","Other(See Case File)","Truck Tank","False","Transport Accident",,"null",,"","279",11896
2011.078,"C",BM,5/13/2011,7/12/2011,True,"Con-Way Transport Spill","Con-Way Freight","Intersection of Hwy 25 & Co. Road 3",Claire City,57224,Roberts,45.862915,-97.1861954,,,,"","0.00","","Diesel Fuel                                       ","40.00000",gallons,"Petroleum","Other(See Case File)","Other(See Case File)","Truck Tank","False","Transport Accident",,"null",,"","280",11987
2011.164,"C",RL,9/19/2011,10/6/2011,True,"Test Truck Spill at Sisseton SD DOT","Public Safety Office of Weights & Measures","DOT Yard, Hwy 10 (W of I-29)",Sisseton,57262,Roberts,45.6627045,-96.98713,,,,"","0.00","","Diesel                                            ","25.00000",gallons,"Petroleum","Other(See Case File)","Other(See Case File)","Transport Tank","False","Spillage",,"7653",,"","281",12077
2012.029,"C",BM,2/23/2012,5/10/2012,True,"Coteau des Prairie Hospital - Mercury Spill","Coteau des Prairie","205 Orchard Drive",Sisseton,57262,Roberts,45.6576729,-97.050415,,,,"","0.00","","mercury                                           ","3.00000",grams,"Chemical","Other(See Case File)","Other(See Case File)","Equipment","False","Damage",,"null",,"","286",12178
2012.075,"C",RL,5/3/2012,8/6/2012,True,"Tote Valve Damage - Folk Farm Yard","Wilbur-Ellis Company","47762 140th Street",Corona,57227,Roberts,45.3558578,-96.64561,,,,"","0.00","","2,4-D                                             ","40.00000",gallons,"Agri Chem","Other(See Case File)","Other(See Case File)","Tote","False","Valve Leak",,"null",12T050303,"","287",12332
2012.124,"C",KM,6/20/2012,7/19/2012,True,"Gravel Truck vs Train","GCC Ready Mix, Inc.","454th Avenue RR Crossing",Summit,57266,Roberts,45.3254471,-97.1237,,,,"","0.00","","Diesel Fuel                                       ","10.00000",Gal,"Petroleum","Other(See Case File)","Other(See Case File)","Truck Tank","False","Transport Accident",,"null",,"","288",12385
2012.154,"C",KM,7/18/2012,7/19/2012,True,"Diesel Spill - Transport Event","Brian Mische","Hwy 15 at I-29 near Rest Area",Wilmot,57279,Roberts,45.4043579,-97.01649,,,,"","0.00","","Diesel                                            ","50.00000",gallons,"Petroleum","Other(See Case File)","Other(See Case File)","Truck Tank","False","Transport Accident",,"null",,"","288",12420
2012.250,"C",TK,12/31/2012,7/23/2013,True,"Open Sample Port - Red River Energy","Red River Energy","47333 104th Street",Rosholt,57260,Roberts,45.8732758,-96.72449,,,,"","0.00","","Process Beer 14%                                  ","500.00000",gallons,"Chemical","Other(See Case File)","Industrial","Operating System","False","Operational Error",,"null",,"","294",12544
2013.162,"NFA",TF,7/18/2013,2/26/2014,True,"ATP - Coteau des Prairies","Coteau des Prairies Hospital and Clinic","205 Orchard Drive",Sisseton,57262,Roberts,45.6571236,-97.0502,,,,"","0.00","","Fuel Oil                                          ","0.00000",,"Petroleum","ATP","Other(See Case File)","UST","False","Leakage",3228,"7678",,"","296",12729
2013.190,"C",KN,8/20/2013,10/22/2013,True,"Anderson Restoration - Waste Oil Spill","Anderson Restoration","46621 134th Street",Wilmot,57279,Roberts,45.4418,-96.87698,,,,"","0.00","","Motor Oil                                         ","0.00000",,"Oil","Other(See Case File)","Other(See Case File)","Drums","False","Overturned",,"null",,"","295",12763
2013.255,"C",RL,11/12/2013,6/4/2014,True,"Transport Event - Diesel Spill","Kaden / Rick Huber","Hwy 12 at I-29 northbound Summit exit",Summit,57266,Roberts,45.3137321,-97.04948,,,,"","0.00","","Diesel                                            ","60.00000",Gallons,"Petroleum","Other(See Case File)","Other(See Case File)","Truck Tank","False","Transport Accident",,"null",,"","296",12846
2014.002,"C",RL,1/8/2014,1/15/2014,True,"Red River Energy - Diesel Spill","Red River Energy","47333 104th Street",Rosholt,57260,Roberts,45.8736572,-96.723175,,,,"","0.00","","Diesel                                            ","50.00000",gallons,"Petroleum","Other(See Case File)","Industrial","AST","False","Spillage",,"null",,"","296",12924
2014.066,"C",KN,4/21/2014,6/11/2014,True,"LG Everist","CHS Transportation","14340 454th Ave",Summit,57266,Roberts,45.30568,-97.11715,,,,"","0.00","","Diesel                                            ","10.00000",Gallons,"Petroleum","Other(See Case File)","Other(See Case File)","AST","False","Overfill",,"null",,"","297",12988
2014.132,"C",GMS,6/25/2014,4/22/2015,True,"Wohlleber Fertilizer Spill - Transport Spill","Johnny Wohlleber","Hwy 12 at 453 Avenue",Ortley,57256,Roberts,45.3285942,-97.14422,,,,"","0.00","","Liquid Fertilizer 28%                             ","1250.00000",gallons,"Agri Chem","Other(See Case File)","Other(See Case File)","Transport Trailer","False","Transport Accident",,"null",14T062508,"","299",13061
2014.193,"C",KN,9/18/2014,12/10/2014,True,"Wash Solution - Red River Energy","Red River Energy","47333 104th Street",Rosholt,57260,Roberts,45.87336,-96.72486,,,,"","0.00","","Wash Solution                                     ","800.00000",Gallons,"Other(See Case File)","Other(See Case File)","Industrial","Operating System","False","Equipment Failure",,"null",,"","298",13128
2014.261,"C",RL ,12/1/2014,6/3/2015,True,"Tank Overfill - Coffee Cup Fuel Stop","Harms Oil Company","45789 US Hwy 12",Summit,57266,Roberts,45.3107872,-97.0460052,,,,"null","null","null","Diesel #2                                         ","100.00000",gallons,"Petroleum","Other(See Case File)","Commercial","AST","True","Overfill",,"8040",,"null","300",13213
2014.283,"C",KN ,12/19/2014,1/29/2015,True,"Syrup Spill - Rosholt","Red River Energy","47333 104th St ",Rosholt,57260,Roberts,45.8731079,-96.7241,,,,"null","null","null","Syrup                                             ","150.00000",,"Other","Other(See Case File)","Other(See Case File)","Operating System","False","Equipment Failure",,"null",,"null","298",13249
2015.010,"C",RL ,1/19/2015,2/19/2015,True,"Transportation Accident - Roberts County","Daniel Piotter","Hwy 127, approximately .5 mile S of 107 Street",Claire City,57224,Roberts,45.8267365,-97.0209351,,,,"null","null","null","Diesel                                            ","65.00000",gallons,"Petroleum","Other(See Case File)","Other(See Case File)","Transport Tank","False","Transport Accident",,"null",,"null","298",13285
2015.014,"C",KN ,1/22/2015,7/5/2016,True,"CIP Solution - Red River Energy","Red River Energy","47333 104th Street",Rosholt,57260,Roberts,45.8734741,-96.72469,,,,"null","null","null","CIP Solution","1500.00000",Gallons,"Other","Other(See Case File)","Industrial","Operating System","False","Equipment Failure",,"null",,"null","null",13289
2015.021,"C",JPA,2/6/2015,2/6/2018,True,"Vapors - Senior Citizens Center (also 2015.229)","Arvig Enterprises Inc","511 Veterans Avenue",Sisseton,57262,Roberts,45.6650124,-97.04904,,,,"null","null","null","Fuel Oil Heating                                  ","null",,"Petroleum","Other(See Case File)","Commercial","UST","False","Leakage",,"8053",,"null","null",13296
2015.033,"C",RL ,2/24/2015,3/16/2015,True,"Transport Accident - Old Dutch","Old Dutch Foods Inc","Hwy 12",Summit,57266,Roberts,45.30585,-97.00123,,,,"null","null","null","Diesel                                            ","60.00000",gallons,"Petroleum","Other(See Case File)","Other(See Case File)","Transport Tank","False","Transport Accident",,"null",,"null","300",13309
2015.081,"C",KN ,5/6/2015,6/11/2015,True,"Syrup Spill - Red River Energy","Red River Energy","47333 104th Street",Rosholt,57260,Roberts,45.8735924,-96.7241058,,,,"null","null","null","Syrup                                             ","100.00000",Gallons,"Other(See Case File)","Other(See Case File)","Other(See Case File)","Operating System","False","Open Valve",,"null",,"null","300",13363
2015.114,"C",KN ,6/23/2015,7/5/2016,True,"Corn Mash at Red River Energy","Red River Energy","47333 104th Street N",Rosholt,57260,Roberts,45.87339,-96.7248,,,,"null","null","null","Corn Mash                                         ","200.00000",Gallons,"Other","Other(See Case File)","Industrial","Equipment","False","Open Valve",,"null",,"null","null",13398
2015.178,"C",TF ,9/3/2015,1/15/2016,True,"ATP - Law Office","Delaney,Vander Linden,Delany, Nelson & Sannes","520  2nd  Avenue East",Sisseton,57262,Roberts,45.6653862,-97.04882,,,,"null","null","null","Fuel Oil                                          ","null",,"Petroleum","ATP","Commercial","UST","False","Leakage",3489,"8105",,"null","301",13478
2015.224,"C",TF ,10/29/2015,12/28/2015,True,"ATP - Davids Furniture","David Wallensten","508 Veterans Avenue",Sisseton,57262,Roberts,45.66497,-97.05029,,,,"null","null","null","Fuel Oil                                          ","null",,"Petroleum","ATP","Commercial","UST","False","Leakage",3508,"8135",,"null","301",13534
2015.229,"NFA",TF ,11/2/2015,3/9/2016,True,"ATP - Senior Citizens Center (also see 2015.021)","Sisseton Senior Citizens Association","511 Veterans Avenue",Sisseton,57262,Roberts,45.665062,-97.0490341,,,,"null","null","null","Fuel Oil                                          ","null",,"Petroleum","ATP","Other(See Case File)","UST","False","Spillage",3488,"8106",,"null","302",13540
2015.232,"C",TF ,11/4/2015,1/5/2016,True,"ATP - SD DOT Maintenance Shop","SD Department of Transportation","11885 Nickel Road",Sisseton,57262,Roberts,45.6619568,-96.98762,,,,"null","null","null","Petroleum                                         ","null",,"Petroleum","ATP","Other(See Case File)","UST","True","Leakage",3369,"7886",,"null","301",13544
2015.235,"NFA",JPA,11/5/2015,1/17/2017,True,"Line Leak - Dakota Connection C Store","Dakota Connection Convenience Store","46102 SD Hwy 10",Sisseton,57262,Roberts,45.66111,-96.97767,,,,"null","null","null","Petroleum                                         ","null",,"Petroleum","Other(See Case File)","Commercial","UST","True","Line Leak",,"8168",,"null","null",13549
2016.033,"C",RL ,2/19/2016,4/5/2016,True,"Red River Energy","Red River Energy","47333 104th Street",Rosholt,57260,Roberts,45.8730621,-96.72424,,,,"null","null","null","Corn Mash                                         ","200.00000",gallons,"Other","Other(See Case File)","Industrial","Operating System","False","Overflow",,"null",,"null","null",13617
2016.049,"C",RL ,3/25/2016,6/30/2016,True,"Denaturant Release - Red River Tank Containment","Red River Energy","47333  104th  Street",Rosholt,57260,Roberts,45.8736954,-96.72309,,,,"null","null","null","Gasoline                                          ","20.00000",gallons,"Petroleum","Other(See Case File)","Industrial","AST","False","Overflow",,"8192",,"null","null",13634
2016.100,"C",RL ,6/2/2016,7/11/2016,True,"Resicore Spill - Border States Facility","CHS Border States Cooperative","13660 SD Hwy 123",Wilmot,57279,Roberts,45.405323,-96.8626862,,,,"null","null","null","Resicore Herbicide","55.00000",gallons,"Agri Chem","Other(See Case File)","Commercial","Tote","False","Handling",,"null",,"null","null",13686
2016.127,"C",KN ,7/1/2016,8/9/2016,True,"Acid Leak - Red River Energy","Red River Energy","47333 104th Street N",Rosholt,57260,Roberts,45.8733864,-96.7242661,,,,"null","null","null","Sulfuric Acid                                ","10.00000",gallons,"Chemical","Other(See Case File)","Industrial","Operating System","False","Leakage",,"null",,"null","null",13715
2016.166,"C",RL ,8/25/2016,9/26/2016,True,"Acid / Mash Spill into dry drainage - Red River Energy","Red River Energy","47333  104th  Street",Rosholt,57260,Roberts,45.8734245,-96.72474,,,,"null","null","null"," Acid / Mash","500.00000",gallons,"Chemical","Other(See Case File)","Industrial","Operating System","False","Line Leak",,"null",,"null","null",13763
2017.007,"C",RL ,2/11/2017,3/20/2017,True,"Mash Spill - Red River Energy","Red River Energy LLC","47333  104th  Street",Rosholt,57260,Roberts,45.8732262,-96.7250748,,,,"null","null","null","Corn Mash                                         ","3000.00000",gallons,"Other(See Case File)","Other(See Case File)","Industrial","Operating System","False","Open Valve",,"null",,"null","null",13897
2017.040,"NFA",JPA,4/10/2017,2/17/2023,True,"Diesel into basement at Coffee Cup #1","H & H Inc dba Coffee Cup Fuel Stop","US Hwy 12, SE at Hwy 12 & I-29",Summit,57266,Roberts,45.3111458,-97.04636,,,,"null","null","null","Diesel                                            ","null",,"Petroleum","Other(See Case File)","Commercial","AST","True","Line Leak",,"8292",,"null","null",13958
2017.182,"NFA",KM ,10/10/2017,1/9/2018,True,"AST Facility Closure - Consumers Cooperative","Consumers Cooperative Oil Company","216 Nolan Avenue",New Effington,57255,Roberts,45.8551559,-96.92058,,,,"null","null","null","Petroleum                                         ","null",,"Petroleum","Other(See Case File)","Commercial","AST","True","Overfills/Spillage",,"8336",,"null","null",14125
2017.193,"NFA",RL ,10/22/2017,11/13/2017,True,"Car vs Semi - Diesel Spill","Brian Heupel","Hwy 12 near I-29",Summit,57266,Roberts,45.3138542,-97.04952,,,,"null","null","null","Diesel                                            ","100.00000",gallons,"Petroleum","Other(See Case File)","Other(See Case File)","Truck Tank","False","Damage",,"null",,"null","null",14136
2018.015,"C",KN ,1/25/2018,2/8/2018,True,"Dakota Plains Ag - Molasses","Dakota Plains Ag/CHS","390 Railroad Ave",Claire City,57224,Roberts,45.85574,-97.10705,,,,"null","null","null","Molasses","2800.00000",Gallons,"Agri Chem","Other(See Case File)","Commercial","AST","False","Tank Failure",,"null",,"null","null",14191
2018.016,"C",RL ,1/25/2018,2/12/2018,True,"Damaged Transformers","Oien Electric","1/2 Block E of Veterans/1st Ave and Oak St",Sisseton,57262,Roberts,45.66478,-97.04914,,,,"null","null","null","Transformer Oil Non-PCB                           ","55.00000",gallons,"Oil","Other(See Case File)","Commercial","Transformer","False","Damage",,"null",,"null","null",14192
2018.052,"NFA",RL ,4/12/2018,6/4/2018,True,"Equipment Shed Fire - Atrazine Spill","Robert Meyer","11214  465th  Avenue",Sisseton,57262,Roberts,45.75865,-96.89277,,,,"null","null","null","Atrazine                                          ","220.00000",gallons,"Agri Chem","Other(See Case File)","Agricultural","Tote","False","Fire Event",,"null",18HR041201,"null","null",14230
2018.073,"C",KN ,5/11/2018,9/25/2018,True,"Beer Spill - Red River Energy","Red River Energy","47333 104th Street",Rosholt,57260,Roberts,45.87311,-96.72404,,,,"null","null","null","Beer","1875.00000",Gallons,"Other(See Case File)","Other(See Case File)","Industrial","AST","False","Overflow",,"null",,"null","null",14252
2018.101,"C",KN ,6/10/2018,9/25/2018,True,"Process Beer Release - Red River Energy","Red River Energy LLC","47333  104th  Street",Rosholt,57260,Roberts,45.8730545,-96.72415,,,,"null","null","null","Process Beer 14%                                  ","1000.00000",gallons,"Other(See Case File)","Other(See Case File)","Industrial","Equipment","False","Pressure Spike",,"null",,"null","null",14282
2019.003,"C",PDM,1/5/2019,6/5/2019,True,"Transformer Oil Spill - Otter Tail Power","unknown","146 Long Hollow",Sisseton,57262,Roberts,45.6540756,-97.01833,,,,"null","null","null","Transformer Oil Non-PCB                           ","15.00000",gallons,"Oil","Other(See Case File)","Residential","Transformer","False","Damage",,"null",,"null","null",14432
2019.014,"C",TK ,2/5/2019,4/30/2020,True,"Wheelhouse Spill at Wilmot CHS","CHS Border States (CHS Inc)","13653 SD Hwy 123",Wilmot,57279,Roberts,45.4044151,-96.86282,,,,"null","null","null","Wheelhouse (Wetting Agent)","2000.00000",gallons,"Agri Chem","Other(See Case File)","Commercial","AST","False","Valve Leak",,"null",,"null","null",14444
2019.097,"C",JAM,6/19/2019,7/9/2020,True,"Brawl spill on road in Wilmot","CHS Wilmot","5-6 block of Hwy 123/467th Ave",Wilmot,57279,Roberts,45.4069366,-96.86192,,,,"null","null","null","Herbicide                                         ","30.00000",Gallons,"Agri Chem","Other(See Case File)","Residential","Tote","False","Dispenser Leak",,"null",19MSO61901,"null","null",14532
2019.179,"O",MSB,9/20/2019,,True,"LUST Trust- Sisseton Utilities","Unknown","19 3rd Avenue East",Sisseton,57262,Roberts,45.6601753,-97.04683,126N,51W,28,"SE","null","null","Petroleum                                         ","null",,"Petroleum","Lust Trust","Public","UST","True","Unknown",,"null",,"null","null",14623
2020.034,"C",JAM,3/24/2020,5/7/2020,True,"Transport Accident - White Rock Dam","Raguse Family Partnership","County Road 10, SD MN border",White Rock,57260,Roberts,45.8617249,-96.57315,,,,"null","null","null","Petroleum Products                                ","null",,"Petroleum","Surface Water","Agricultural","Truck","False","Transport Accident",,"null",,"null","null",14724
2020.040,"C",BH,5/6/2020,11/12/2020,True,"Bulk Tank Overfill - CHS Sisseton","CHS Sisseton","11920 BIA Highway 700",Sisseton,57262,Roberts,45.65665,-97.06051,,,,"null","null","null","Diesel","50.00000",gallons,"Petroleum","Other(See Case File)","Industrial","AST","True","Equipment Failure",,"8514",,"null","null",14730
2020.049,"C",JAM,5/18/2020,6/10/2020,True,"Semi vs Tractor - Claire City","Joann & Curtis Curran","Highway 106 Mile Marker 335",Claire City,57262,Roberts,45.84866,-97.07512,,,,"null","null","null","Diesel","100.00000",gallons,"Petroleum","Other(See Case File)","Other(See Case File)","Saddle Tank","False","Transport Accident",,"null",,"null","null",14740
2020.126,"C",KF ,8/25/2020,1/25/2021,True,"ATP - Wilmot School","Wilmot School","803 Charles Street",Wilmot,57279,Roberts,45.4059029,-96.8563843,,,,"null","null","null","Diesel","null",,"Petroleum","ATP","Public","UST","False","Leaks and Spills",3684,"8496",,"null","null",14829
2021.092,"NFA",GK,6/17/2021,9/9/2021,True,"Rosholt - Agchem Dumping","Alan Sand","47198 101st Street",Rosholt,57260,Roberts,45.9213867,-96.74525,,,,"null","null","null","Unknown-suspected Ag Chemical                     ","15.00000",gallons,"Agri Chem","Other(See Case File)","Agricultural","Sprayer","False","Dumping",,"null",21MM061705,"null","null",15003
2022.010,"O",JAM,1/12/2022,,True,"Transport Accident - Jade Transport","Jade Transport","I-29 South, mile marker 220",Peever,57257,Roberts,45.4869,-96.98987,,,,"null","null","null","Diesel                                            ","200.00000",gallons,"Petroleum","Other(See Case File)","Other(See Case File)","Saddle Tank","False","Transport Accident",,"null",,"null","null",15150
2022.120,"O",KN ,7/8/2022,,True,"CHS Herbicide Leak","CHS",".5 mile south of 133rd St and 467th Ave",Wilmot,57279,Roberts,45.4490738,-96.86195,,,,"null","null","null","Liberty Herbicide","60.00000",Gallons,"Agri Chem","Other(See Case File)","Agricultural","Trailer","False","Leakage",,"null",22KN070802,"null","null",15269
2022.200,"NFA",JPA,12/1/2022,2/17/2023,True,"AST Removal - Summit Coffee Cup","H & H Enterprises","45789 Highway 12",Summit,57266,Roberts,45.31086,-97.04603,,,,"null","null","null","Diesel                                            ","null",,"Petroleum","Other(See Case File)","Commercial","AST","True","Leaks and Spills",,"8648",,"null","null",15359
2023.146,"O",MSB,10/12/2023,,True,"Rosholt Crossroads Diesel","Crossroads C Store","19 E Dakota St",Rosholt,57260,Roberts,45.8638153,-96.7302856,,,,"null","null","null","Diesel                                            ","null",,"Petroleum","Other(See Case File)","Commercial","UST","True","Leaks and Spills",,"8692",,"null","null",15544
2023.162,"O",MSB,11/6/2023,,True,"Stern Oil - Rosholt Northeast Oil","Stern Oil","10 Hahn Ave",Rosholt,57260,Roberts,45.8663635,-96.7332,,,,"null","null","null","Oil","null",,"Oil","Other(See Case File)","Commercial","UST","True","Leaks and Spills",,"8697",,"null","null",15561
2023.180,"O",MJP,11/27/2023,,True,"Northdale Oil Road Diesel","Northdale Oil","Southbound I-29 MM 224",Peever,57257,Roberts,45.54783,-96.98991,,,,"null","null","null","Diesel                                            ","90.00000",Gallons,"Petroleum","Other(See Case File)","Public","Saddle Tank","False","Accident",,"null",,"null","null",15579
2024.015,"O",MJP,1/16/2024,,True,"CHS 28% Wilmot","CHS","13660 SD-123 ",Wilmot,57279,Roberts,45.4045067,-96.86279,,,,"null","null","null","Liquid Fertilizer 28%                             ","100.00000",gallons,"Agri Chem","Other(See Case File)","Commercial","AST","True","Leaks and Spills",,"null",,"null","null",15608
9999.037,"W",,,,True,"Withdrawn ATP - Rauchwarter Property","Lenore Rauchwarter","502 East Maple",Sisseton,57262,Roberts,45.6636467,-97.04462,,,,"","0.00","","                                                  ","0.00000",,"Other(See Case File)","Withdrawn ATP","Residential","Other(See Case File)","False","null",638,"4570",,"","249",10692
9999.079,"W",,,,True,"Withdrawn ATP - Ceroll Property","Michael Ceroll","120 Whittier Avenue",New Effington,57255,Roberts,45.8575668,-96.91868,,,,"","0.00","","                                                  ","0.00000",,"Other(See Case File)","Withdrawn ATP","Other(See Case File)","Other(See Case File)","False","null",1206,"5138",,"","249",10735
9999.161,"W",,,,True,"Withdrawn ATP - Anderson Property","Ken Anderson","Rural Roberts County  (466 Avenue)",New Effington,57255,Roberts,45.9346848,-96.87744,,,,"","0.00","","                                                  ","0.00000",,"Other(See Case File)","Withdrawn ATP","Other(See Case File)","Other(See Case File)","False","null",2518,"6449",,"","249",10821
9999.196,"W",,,,True,"Withdrawn ATP - Former Warrens Grocery","Northeast SD Economic Corporation (NESDEC)","104 Ash Street E",Sisseton,57262,Roberts,45.6630058,-97.04918,,,,"","0.00","","                                                  ","0.00000",,"Other(See Case File)","Withdrawn ATP","Commercial","Other(See Case File)","False","null",3059,"7264",,"","258",11234
9999.233,"W",,,,True,"Withdrawn ATP - SDDOT Sisseton Shop","SD Department of Transportation (SDDOT)","11885 Nickel Road",Sisseton,57262,Roberts,45.6618538,-96.9870453,,,,"","0.00","","                                                  ","0.00000",,"Other(See Case File)","Withdrawn ATP","Other(See Case File)","UST","False","null",3337,"7851",,"","294",12754
93054.000,"C",KH,10/28/1993,10/28/1993,True,"Sisseton Airport","City of Sisseton","Sisseton Airport",Sisseton,57262,Roberts,45.6677933,-96.99499,,,,"","0.00","","                                                  ","0.00000",,"Other(See Case File)","Clean Site","Other(See Case File)","UST","True","No Release",,"2485",,"","",8500
99053.000,"C",JL,10/19/1999,10/28/1999,True,"Peever School Site","Bureau of Indian Affairs","Intersection of Park and Second Street",Peever,57257,Roberts,45.54491,-96.95468,,,,"","0.00","","                                                  ","0.00000",,"Other(See Case File)","Clean Site","Other(See Case File)","UST","False","No Release",,"3820",,"","257",8786
2001295.000,"C",KM,10/4/2001,10/24/2001,True,"Clean ATP - SLA Property","Ralph Schmidt","Main Street & Railroad Tracks",Wilmot,57279,Roberts,45.4100761,-96.8553543,,,,"","0.00","","                                                  ","0.00000",,"Other(See Case File)","ATP","Industrial","UST","True","No Release",432,"4362",,"","204",9159
2001929.000,"C",KM,2/25/2002,3/20/2002,True,"ATP - McDaniel Property (tank not removed)","James McDaniel","2 miles East & 2 miles South of town",New Effington,57255,Roberts,45.8178253,-96.8788147,127,50,2,"","0.00","","                                                  ","0.00000",,"Other(See Case File)","ATP","Agricultural","UST","False","No Tank Removed",1070,"4851",,"","249",9793
2001947.000,"C",KM,2/25/2002,3/20/2002,True,"Clean ATP - Hanson Farm","Devon N. Hanson","47350 106th Street",Rosholt,57260,Roberts,45.8508,-96.72111,,,,"","0.00","","                                                  ","0.00000",,"Other(See Case File)","ATP","Agricultural","UST","False","No Release",712,"4658",,"","205",9811
2001948.000,"C",KM,2/25/2002,3/20/2002,True,"Clean ATP - Ralph Theile Farm","Clarence G. Nielsen","1 mile E, .25 m S",Peever,57257,Roberts,45.538,-96.9388657,,,,"","0.00","","                                                  ","0.00000",,"Other(See Case File)","ATP","Agricultural","UST","False","No Release",441,"4374",,"","205",9812
2001949.000,"C",KM,2/25/2002,3/20/2002,True,"Clean ATP - Larson Farm","Olvin Larson","1 mile North of Wilmot",Wilmot,57279,Roberts,45.42777,-96.86092,,,,"","0.00","","                                                  ","0.00000",,"Other(See Case File)","ATP","Agricultural","UST","False","No Release",1539,"5486",,"","205",9813
2001950.000,"C",KM,2/25/2002,3/20/2002,True,"Clean ATP - Rosholt Care Center","Rosholt Nursing Inc.","85 1st  Avenue East",Rosholt,57260,Roberts,45.8668442,-96.7277756,,,,"","0.00","","                                                  ","0.00000",,"Other(See Case File)","ATP","Residential","UST","False","No Release",1498,"5415",,"","205",9814
2002290.000,"C",KM,4/22/2003,7/28/2003,True,"Clean ATP - Tim Braun Farm","Tim Braun","~47780 104th Street",Rosholt,57260,Roberts,45.87552,-96.63063,128N,48W,11,"NE","0.00","","                                                  ","0.00000",,"Other(See Case File)","ATP","Agricultural","UST","False","No Release",2481,"6409",,"","220",10147
2002291.000,"C",KM,4/28/2003,7/28/2003,True,"Clean ATP - Rabenberg Property","Maurice J. Rabenberg","515 East Pine Street",Sisseton,57262,Roberts,45.66135,-97.04342,,,,"","0.00","","                                                  ","0.00000",,"Other(See Case File)","ATP","Residential","UST","False","No Release",2446,"6373",,"","220",10148
2002296.000,"C",KM,4/23/2003,7/28/2003,True,"Clean ATP - Ken Anderson Farm - Site #1","Ken Anderson","~46680 101st Street",New Effington,57255,Roberts,45.9222031,-96.85793,129N,50W,25,"SE","0.00","","                                                  ","0.00000",,"Other(See Case File)","ATP","Agricultural","UST","False","No Release",2517,"6521",,"","220",10153
2002299.000,"C",KM,4/22/2003,7/28/2003,True,"Clean ATP - Argo Farm","Henry & Maxine German","N of 128 st & E of BIA 700",Peever,57257,Roberts,45.53142,-97.04815,124N,51W,9,"SE","0.00","","                                                  ","0.00000",,"Other(See Case File)","ATP","Agricultural","UST","False","No Release",2179,"6116",,"","220",10156
2002300.000,"C",KM,4/22/2003,7/28/2003,True,"Clean ATP - Rau Estate Farm","Dean Thompson","11750 462nd Ave",Sisseton,57262,Roberts,45.6980743,-96.9613953,126N,50W,18,"NE","0.00","","                                                  ","0.00000",,"Other(See Case File)","ATP","Agricultural","UST","False","No Release",2217,"6155",,"","220",10157
2002301.000,"C",KM,4/22/2003,7/28/2003,True,"Clean ATP - Sherman Peterson Property","Sherman Peterson","607 Veterans Avenue",Sisseton,57262,Roberts,45.665947,-97.0492554,,,,"","0.00","","                                                  ","0.00000",,"Other(See Case File)","ATP","Residential","UST","False","No Release",2153,"6086",,"","220",10158
2005025.000,"C",NS,7/1/2005,7/13/2005,True,"Former Bulk Site - Interstate Coop","Interstate Coop Oil Association","207 Highland Avenue",White Rock,57260,Roberts,45.9194679,-96.56852,,,,"","0.00","","                                                  ","0.00000",,"Other(See Case File)","Clean Site","Commercial","UST","True","No Release",,"null",,"","240",10290
2005029.000,"C",KH,10/4/2005,10/5/2005,True,"Clean ATP - Kemnitz Farm","Aaron Kemnitz",".5 miles S, 2 miles W, 1 mile S of Claire City",Claire City,57224,Roberts,45.83091,-97.1421051,,,,"","0.00","","                                                  ","0.00000",,"Other(See Case File)","ATP","Agricultural","UST","False","No Release",2894,"6943",,"","240",10355
2008016.000,"C",TF,11/5/2008,1/23/2009,True,"Clean ATP - IHS Indian Hospital","Indian Health Services","5 Chestnut Street E",Sisseton,57262,Roberts,45.6680832,-97.0499954,,,,"","0.00","","                                                  ","0.00000",,"Other(See Case File)","ATP","Other(See Case File)","UST","False","No Release",3072,"7298",,"","265",11311
2009015.000,"C",TF,9/15/2009,11/10/2009,True,"Clean ATP - Moen Rental House","Larry Moen","511 3rd Avenue E",Sisseton,57262,Roberts,45.66509,-97.0468,,,,"","0.00","","                                                  ","0.00000",,"Other(See Case File)","ATP","Residential","UST","False","No Release",3115,"7402",,"","270",11496
2010015.000,"C",TF,9/7/2010,9/8/2010,True,"Clean ATP - Sisseton Wahpeton Oyate School","Sisseton Wahpeton Oyate","BIA7",Sisseton,57262,Roberts,45.65175,-97.0595856,,,,"","0.00","","                                                  ","0.00000",,"Other(See Case File)","ATP","Other(See Case File)","UST","False","No Release",3151,"7500",,"","276",11776
2013004.000,"C",RL ,5/28/1992,6/4/1992,True,"UST Removal (historical, see comments)","Sisseton School District","Former Bus Garage",New Effington,57255,Roberts,45.8545265,-96.91987,,,,"","0.00","","                                                  ","0.00000",,"Other(See Case File)","Clean Site","Public","UST","True","No Release",,"null",,"","",12554
2015018.000,"C",TF ,9/3/2015,1/6/2016,True,"Clean ATP - Former City Hall","City of Sisseton","513 Veterans Avenue",Sisseton,57262,Roberts,45.6651459,-97.04905,,,,"null","null","null","null","null",,"Other(See Case File)","ATP","Other(See Case File)","UST","False","No Release",3487,"8102",,"null","301",13479
2021008.000,"C",KF ,8/9/2021,8/13/2021,True,"Clean ATP - Rosholt School","Roscholt School District","202 Finley Avenue",Rosholt,57260,Roberts,45.864666,-96.73704,,,,"null","null","null","null","null",,"Other(See Case File)","ATP","Public","UST","False","No Release",3728,"8565",,"null","null",15039