id,status,r1,date_rep,date_close,image,site_name,resp_party,street,city,zip_code,county,latitude,longitude,township,range,section,secq1,acreage,instctrls,material,amount,units,spill_cat,site_type,proptype,sor_type,regulated,cause_type,atp_no,prcfnumber,ag_no,solidwaste,microroll,siteid
77.003,"C",KM,8/18/1977,2/16/1993,True,"Northern State Power NSP","Northern States Power","Unknown",Canistota,57012,McCook,43.5980377,-97.29409,,,,"","0.00","","Transformer Oil                                   ","20.00000",gallons,"Oil","Other(See Case File)","Unknown(See Case File)","Transformer","False","Equipment Failure",,"null",,"","",21
80.003,"C",JA,5/15/1980,2/16/1993,True,"Ron Addy Farm","Ronald Addy","unknown",Canistota,57012,McCook,43.6244,-97.28557,,,,"","0.00","","Lasso Herbicide                                   ","0.00000",,"Agri Chem","Other(See Case File)","Agricultural","Containers","False","Displaced Load",,"null",,"","",47
83.042,"C",JA,8/26/1983,11/11/1993,True,"Parathion Spill - Aircraft Accident","Unknown","1 mi. N. & 1 mi. W.  (Duck Rd)",Montrose,57048,McCook,43.7170334,-97.206,,,,"","0.00","","Parathion                                         ","5.00000",gallons,"Agri Chem","Other(See Case File)","Agricultural","Aircraft Tanks","False","Accident",,"null",,"","",146
84.011,"NFA",SB,2/22/1984,9/22/2008,True,"Cenex Service Center","Cenex Service Center","1/2 mi. E. of Hwy 81,  S of SD 38.",Salem,57058,McCook,43.71658,-97.3814545,103N,55W,24,"NE","0.00","","Fuel Oil #2                                       ","1400.00000",gallons,"Petroleum","Other(See Case File)","Commercial","AST","True","Leakage",,"null",,"","259",182
85.005,"C",LB,1/22/1985,6/30/2000,True,"Petroleum Vapors","Larry's Standard","City Sewer System",Canistota,57012,McCook,43.598,-97.29292,,,,"","0.00","","Gasoline vapors                                   ","0.00000",,"Petroleum","Other(See Case File)","Public","UST","True","Leakage",,"null",,"","255",273
85.053,"C",KM,6/21/1985,6/30/2000,True,"Pesticide Contamination Complaint","WIN Inc","130 Main Street",Bridgewater,57319,McCook,43.549427,-97.5015945,,,,"","0.00","","Pesticide                                         ","0.00000",,"Agri Chem","Other(See Case File)","Commercial","Bulk Chemical","False","Runoff",,"null",,"","",321
85.082,"C",KM,10/23/1985,6/30/2000,True,"Northern States Power NSP - Transformer Release","Northern States Power","320 North Main",Salem,57058,McCook,43.7267075,-97.38732,,,,"","0.00","","Dilectric Oil                                     ","0.00000",,"Oil","Other(See Case File)","Other(See Case File)","Transformer","False","Equipment Failure",,"null",,"","",350
86.037,"C",KM,5/26/1986,12/22/1993,True,"Bladex Spill","Unknown","Hwy 42, MM 327",Bridgewater,57319,McCook,43.5433769,-97.5078354,,,,"","0.00","","Herbicide                                         ","8.00000",gallons,"Agri Chem","Other(See Case File)","Other(See Case File)","Unknown(See Case File)","False","Unknown",,"null",,"","267",402
87.048,"C",KM,5/30/1987,12/22/1993,True,"Midwest Transport - Diesel Spill","Midwest Transport","I-90: MM 364 (@ Vermillion River Bridge)",Salem,57058,McCook,43.6663971,-97.40007,,,,"","0.00","","Diesel                                            ","90.00000",gallons,"Petroleum","Other(See Case File)","Other(See Case File)","Truck Tank","False","Transport Accident",,"null",,"","234",513
87.072,"C",TK,7/26/1987,6/30/1992,True,"Northern States Power NSP - Transformer Spill","Northern States Power","Platform Substation, West of Bridgewater",Bridgewater,57319,McCook,43.5523,-97.50811,,,,"","0.00","","Transformer Oil                                   ","0.00000",,"Oil","Other(See Case File)","Other(See Case File)","Transformer","False","Equipment Failure",,"null",,"","237",537
87.085,"I",BL,8/21/1987,1/23/1995,True,"Larry's Service - Petroleum Impacted Site","Larry Ondrozeck","300 N. Main",Canistota,57012,McCook,43.5980072,-97.29275,,,,"","0.00","","Petroleum                                         ","0.00000",,"Petroleum","Other(See Case File)","Commercial","UST","True","Leakage",,"0239",,"","",550
89.187,"C",GH,8/3/1989,2/27/1995,True,"McCook County Highway Dept. - Tank Removals","McCook County","331 West Norton (Maintenance Shop)",Salem,57058,McCook,43.7247467,-97.39138,103N,55W,14,"NE","0.00","","Gasoline                                          ","0.00000",,"Petroleum","Other(See Case File)","Public","UST","True","Corrosion",,"0050",,"","",1075
89.247,"C",DS,9/15/1989,6/30/2000,True,"Win Incorporated","Win Incorporated","Hwy 262",Bridgewater,57319,McCook,43.5493965,-97.50136,,,,"","0.00","","Pesticide                                         ","0.00000",,"Agri Chem","Other(See Case File)","Commercial","Containers","False","Handling",,"null",,"","",1135
89.272,"C",PG,10/20/1989,5/10/1999,True,"Sabers Oil Company - Tank Removals","Paul Sabers","NW corner of Nebraska (Hwy  81) & Norton",Salem,57058,McCook,43.7256279,-97.38931,103N,55W,14,"NE","0.00","","Petroleum                                         ","0.00000",,"Petroleum","Other(See Case File)","Commercial","UST","True","Corrosion",,"0079",,"","",1160
90.015,"C",LB,11/1/1989,1/20/1993,True,"Marion Grain Company - Sprayer Spill","Marion Grain Company","Highway 42",Canistota,57012,McCook,43.54364,-97.1565247,101N,53W,14,"","0.00","","Pesticide 2,4-D dilu                              ","65.00000",gallons,"Agri Chem","Other(See Case File)","Agricultural","Sprayer","False","Overturned",,"null",,"","",1250
90.062,"C",DM,3/8/1990,11/28/1994,True,"Meyer Ford - UST Removal","Ed Meyer","Hwy. 262 & Juniper",Bridgewater,57319,McCook,43.55016,-97.5035248,,,,"","0.00","","Petroleum Products                                ","0.00000",,"Petroleum","Other(See Case File)","Commercial","UST","True","Leaks and Spills",,"0143",,"","",1297
90.148,"C",DP,5/4/1990,9/9/1991,True,"Salem Cenex - Tank System Removal","Salem Farmers Union Coop.","131 S. Nebraska   (Nebraska & Drake)",Salem,57058,McCook,43.7236443,-97.3891144,,,12,"NE","0.00","","Petroleum                                         ","0.00000",,"Petroleum","Other(See Case File)","Commercial","UST","True","Leakage",,"1014",,"","",1383
90.252,"C",KM,6/21/1990,12/4/1990,True,"Blindert - Unsecured Containers","Craig Blindert","Hwy 81 & Co. Rd. #8",Salem,57058,McCook,43.7752,-97.42901,,,,"","0.00","","Pesticide                                         ","5.00000",gallons,"Agri Chem","Other(See Case File)","Other(See Case File)","Containers","False","Unsecured",,"null",,"","",1487
90.275,"C",SB,6/28/1990,6/17/1992,True,"Midway Garage - Tank Leak","McCook County National Bank","SW corner of Vermont & Nebraska (HWY 81)",Salem,57058,McCook,43.7263031,-97.38923,103N,55W,14,"NE","0.00","","Petroleum                                         ","0.00000",,"Petroleum","Other(See Case File)","Commercial","UST","True","Leakage",,"1076",,"","",1510
90.397,"NFA",SB,8/30/1990,12/19/2000,True,"Feteral Conoco - Tank System Replacement","Sabers Oil - Paul Sabers","401 S. Nebraska (Hwy 81)",Salem,57058,McCook,43.7206154,-97.38912,,,,"","0.00","","Diesel, Gasoline                                  ","0.00000",,"Petroleum","Other(See Case File)","Commercial","UST","True","Leaks and Spills",,"1098",,"","",1632
90.529,"C",BL,10/22/1990,1/4/1991,True,"Blindert Farm","Sabers Oil Company - Paul Sabers","439 Avenue",Salem,57058,McCook,43.7411041,-97.43054,103N,55W,9,"NE","0.00","","Diesel                                            ","50.00000",gallons,"Petroleum","Other(See Case File)","Agricultural","AST","False","Overflow",,"null",,"","",1764
90.644,"C",MV,12/20/1990,10/5/1992,True,"Canistota Schools","Canistota Schools","Pine & 5th",Canistota,57012,McCook,43.5974579,-97.29462,,,,"","0.00","","Fuel Oil                                          ","0.00000",,"Petroleum","Other(See Case File)","Public","UST","False","Corrosion",,"1303",,"","",1879
91.036,"C",JG,1/14/1991,10/30/1996,True,"Stanley Corner Former Station Site","SD Department of Transportation SD DOT","Hwy 81 & Hwy 42",Stanley Corner,57012,McCook,43.5435,-97.38695,,,,"","0.00","","Petroleum                                         ","0.00000",,"Petroleum","Other(See Case File)","Commercial","UST","True","Leaks and Spills",,"1333",,"","",1926
91.038,"I2",JG,1/14/1991,10/30/1996,True,"Hart - Former Fuel Stations","Karen F. & Daniel A. Hart","Hwy 81 & Hwy 42",Stanley Corner,57012,McCook,43.5434761,-97.38707,,,,"","0.00","","Petroleum                                         ","0.00000",,"Petroleum","Other(See Case File)","Commercial","UST","True","Leakage",,"1342",,"","",1928
91.039,"I2",JG,1/14/1991,10/30/1996,True,"Hofer - Former Fuel Station","Roger Hofer","US Hwy. 81 & Hwy. 42",Stanley Corner,57319,McCook,43.5428772,-97.38653,,,,"","0.00","","Petroleum                                         ","0.00000",,"Petroleum","Other(See Case File)","Commercial","UST","True","Leakage",,"1343",,"","",1929
91.160,"C",KM,4/26/1991,5/15/1991,True,"Salem Cenex","Salem Cenex","131 S. Nebraska",Salem,57058,McCook,43.72364,-97.3891144,,,,"","0.00","","Tri 4                                             ","10.00000",gallons,"Agri Chem","Other(See Case File)","Commercial","AST","True","Overfill",,"null",,"","",2050
91.247,"C",KM,6/5/1991,4/13/1993,True,"Splitrock Transportation","Brandon Wood Preserving","I-90 westbound,  3 mi. W of Humboldt exit.",Humboldt,57035,McCook,43.66689,-97.12948,,,,"","0.00","","Court Master Color                                ","250.00000",gallons,"Chemical","Other(See Case File)","Other(See Case File)","Drums","False","Transport Accident",,"null",,"","",2137
91.417,"C",GH,9/6/1991,2/27/1995,True,"McCook County Highway Department","McCook County","331 W. Norton",Salem,57058,McCook,43.724678,-97.39144,,,,"","0.00","","Waste Oil                                         ","0.00000",,"Oil","Other(See Case File)","Public","UST","True","Spillage",,"1620",,"","263",2307
91.430,"C",KM,9/20/1991,10/23/1991,True,"Northern States Power","Northern States Power","131 Oak St. S.",Bridgewater,57319,McCook,43.5484543,-97.49667,,,,"","0.00","","Hydraulic Oil                                     ","30.00000",gallons,"Oil","Other(See Case File)","Residential","Truck","False","Equipment Failure",,"null",,"","",2320
91.457,"C",KM,10/9/1991,10/31/1991,True,"Total Stop Complaint - No Release","Jeff Nielsen","Main St. & Railway",Canistota,57012,McCook,43.5981369,-97.29069,,,,"","0.00","","Petroleum                                         ","0.00000",,"Petroleum","Other(See Case File)","Commercial","UST","False","No Release",,"1777",,"","",2347
91.550,"NFA",JF,12/9/1991,7/22/2003,True,"Former Dakota Junction Truck Stop","Cole's Bulk Petroleum - David Cole","SE at Hwy 81 & I-90 intersection",Salem,57058,McCook,43.662323,-97.38786,,,,"","0.00","","Diesel, Gasoline                                  ","0.00000",,"Petroleum","Other(See Case File)","Commercial","UST","True","Leakage",,"1827",,"","231,235",2440
91.618,"C",BL,12/20/1991,2/21/1996,True,"Sabers Oil Company-#1","Sabers Oil Company","Jct 81 and I-90  (NW of intersection)",Salem,57058,McCook,43.66932,-97.3891754,,,,"","0.00","","petroleum                                         ","0.00000",,"Petroleum","Other(See Case File)","Commercial","AST","True","Leakage",,"1950",,"","271",2508
91.619,"NFA",JL,12/20/1991,7/2/2002,True,"Former Sabers Oil Site #2","Paul Sabers","702 South Oliver  (NE at Hwys 38 & 81)",Salem,57058,McCook,43.7175,-97.3884,103N,55W,13,"SW","0.00","","petroleum                                         ","0.00000",,"Petroleum","Other(See Case File)","Commercial","UST & AST","True","Leaks and Spills",,"1951",,"","209",2509
91.620,"C",DP,12/20/1991,10/14/1992,True,"Salem Sales - Don Sabers","Don Sabers","141 North Nebraska",Salem,57058,McCook,43.72522,-97.38919,,,,"","0.00","","petroleum                                         ","0.00000",,"Petroleum","Other(See Case File)","Commercial","UST","True","Leaks and Spills",,"1952",,"","",2510
91.659,"NFA",TF,12/27/1991,6/3/2009,True,"Griff's Service Site - Tank System Replacement","William Griffith - Griff's Service","SW at Main & First",Montrose,57048,McCook,43.700882,-97.1839142,103N,53W,27,"NW","0.00","","gasoline                                          ","0.00000",,"Petroleum","Other(See Case File)","Commercial","UST","True","Leakage",,"1969",,"","265",2549
91.661,"NFA",JF,12/27/1991,2/14/2001,True,"Agri Energy Service Site","Agri Energy Service - James Head","East Main Street",Canistota,57012,McCook,43.5978546,-97.28869,,,,"","0.00","","Petroleum","0.00000",,"Petroleum","Other(See Case File)","Commercial","UST & AST","True","Leaks and Spills",,"1971",,"","252",2551
91.696,"C",BL,12/3/1991,4/13/1992,True,"Good Samaritan Center","Good Samaritan Society","1000 N. West Street",Canistota,57012,McCook,43.5978127,-97.29848,102N,54W,34,"NW","0.00","","Fuel Oil                                          ","0.00000",,"Petroleum","Other(See Case File)","Other(See Case File)","UST","False","Spillage",,"2001",,"","",2586
92.006,"C",BL,1/7/1992,2/9/1996,True,"Sabers Oil - Overfilled Vehicle","Sabers Oil","702 S. Oliver",Salem,57058,McCook,43.71739,-97.38818,,,,"","0.00","","Diesel #2                                         ","200.00000",gallons,"Petroleum","Other(See Case File)","Commercial","AST","True","Overfill",,"2019",,"","237",2596
92.065,"C",KM,3/6/1992,5/6/1992,True,"Diamond Care Center","Diamond Care Center","901 N Main",Bridgewater,57319,McCook,43.5565262,-97.50222,,,,"","0.00","","Fuel Oil                                          ","15.00000",gallons,"Petroleum","Other(See Case File)","Other(See Case File)","UST","False","Overfill",,"2058",,"","",2655
92.216,"C",TK,6/16/1992,6/29/1992,True,"Farmers Co-op Storm Event","Farmers Union Oil Co-op Oil Co.","W Hwy. 262",Bridgewater,57319,McCook,43.552906,-97.5092545,101N,56,14,"NE","0.00","","Pesticide                                         ","1600.00000",,"Agri Chem","Other(See Case File)","Commercial","AST","False","Storm Event",,"null",,"","",2806
92.233,"C",DP,6/29/1992,10/6/1992,True,"McCook Central School District","McCook Central School District","200 E. Essex",Salem,57058,McCook,43.72786,-97.3846359,103N,55W,13,"NW","0.00","","Fuel Oil                                          ","0.00000",,"Petroleum","Other(See Case File)","Public","UST","False","Line Leak",,"2204",,"","",2823
92.295,"I",GH,8/24/1992,2/12/1996,True,"Spencer Automotive Service","Charles Roberts - Spencer Automotive Service","215 Second   (Second & Fuller)",Spencer,57374,McCook,43.7244339,-97.59212,103N,56W,18,"SE","0.00","","Petroleum                                         ","0.00000",,"Petroleum","Other(See Case File)","Commercial","UST","True","Leakage",,"2238",,"","254,293",2885
92.316,"C",TK,9/9/1992,9/12/1992,True,"Paint Spill","Unknown","I-90: Spencer Exit",Spencer,57374,McCook,43.66547,-97.58306,,,,"","0.00","","Paint                                             ","0.00000",,"Other(See Case File)","Other(See Case File)","Other(See Case File)","Containers","False","Unsecured",,"",,"","",2906
93.053,"C",JA,3/15/1993,2/16/1994,True,"Transport Inc Transport Event - Surface Spill","Transport Inc. - Tom Pitsenbarger","I-90 Spencer Exit ( 431 Ave )",Spencer,57374,McCook,43.6630821,-97.58698,,,,"","0.00","","Gasoline                                          ","358.00000",gallons,"Petroleum","Other(See Case File)","Other(See Case File)","UST","True","Spillage",,"2401",,"","",3068
93.141,"C",JA,5/30/1993,12/21/1993,True,"Northern Hills American Transport. Transport Event","American Transport Inc.","I-90: MM 356.5",Spencer,57048,McCook,43.6645546,-97.53841,,,,"","0.00","","Diesel                                            ","0.00000",,"Petroleum","Other(See Case File)","Other(See Case File)","Truck Tank","False","Transport Accident",,"null",,"","",3156
93.178,"C",JJB,6/22/1993,11/30/1995,True,"Cenex Service Center Spill","Dean Koch","N side of Clark Street @ Clark & 2nd",Montrose,57048,McCook,43.70272,-97.18525,,,,"","0.00","","2,4-D, Banvel                  ","2.00000",,"Agri Chem","Other(See Case File)","Commercial","Sprayer","False","Overturned",,"null",,"","",3193
93.184,"C",KM,6/28/1993,7/29/1993,True,"Northern States Power - Storm Damage","Northern States Power Company",".5 m N of Hwy. 42  (447 Ave)",Canistota,57012,McCook,43.55005,-97.26754,,,,"","0.00","","Mineral Oil                                       ","15.00000",gallons,"Oil","Other(See Case File)","Industrial","Transformer","False","Storm Event",,"null",,"","",3199
93.477,"NFA",SB,11/23/1993,12/10/2001,True,"TJ 49er - Petroleum Contaminated Site","Mark Sabers","111 Nebraska Ave N",Salem,57058,McCook,43.7255058,-97.3891144,103W,55W,14,"","0.00","","Petroleum                                         ","0.00000",,"Petroleum","Other(See Case File)","Commercial","AST","True","Leakage",,"2407",,"","",3492
93.482,"C",JA,12/1/1993,1/18/1994,True,"North American Van Lines - Transport  Event","Transport Design","I-90:  W of MM 368",Salem,57058,McCook,43.66635,-97.31223,,,,"","0.00","","Diesel                                            ","0.00000",,"Petroleum","Other(See Case File)","Other(See Case File)","Truck Tank","False","Transport Accident",,"null",,"","",3497
93.505,"C",DM,11/8/1993,1/27/1994,True,"Highway Service Tank Removal","Highway Service","Hwy 262 & Main",Bridgewater,57319,McCook,43.54943,-97.50182,,,,"","0.00","","Diesel                                            ","0.00000",,"Petroleum","Other(See Case File)","Commercial","UST","True","Spillage",,"2189",,"","237",3520
94.024,"C",JA,2/18/1994,10/18/1994,True,"Stern Oil Company @ Bridgewater School","Gillas Stern","Bridgewater School",Bridgewater,57319,McCook,43.5533257,-97.50149,,,,"","0.00","","Fuel Oil                                          ","7.00000",gallons,"Petroleum","Other(See Case File)","Public","UST","False","Overfill",,"null",,"","",3559
94.111,"C",JA,5/5/1994,6/8/1994,True,"Terra International Transport Event","Terra International Inc.","452 Avenue",Center,57058,McCook,43.7899437,-97.16894,104N,53W,23,"SW","0.00","","Fertilizer                                        ","1000.00000",gallons,"Agri Chem","Other(See Case File)","Other(See Case File)","Transport Trailer","False","Transport Accident",,"null",,"","",3646
94.250,"C",KM,8/24/1994,4/25/1997,True,"Cenex Service Center - Complaint","Cenex Service Center","S. Side of Hwy. 38",Salem,57058,McCook,43.7166443,-97.3797455,,,,"","0.00","","Fertilizer-Nitrogen                               ","0.00000",,"Agri Chem","Other(See Case File)","Commercial","Bulk Chemical","False","Runoff",,"null",,"","",3785
95.113,"C",TK,5/24/1995,3/14/1997,True,"Farmers Union Oil Transport Event","Farmers Union Oil","2.25 miles South of Town",Bridgewater,57319,McCook,43.50748,-97.49762,101,56,36,"","0.00","","Surpass & Fertilizer                              ","300.00000",gallons,"Agri Chem","Other(See Case File)","Other(See Case File)","Sprayer","False","Equipment Failure",,"null",,"","",4064
95.251,"C",BL,9/12/1995,9/22/1995,True,"Petroleum in H2O Stand-pipe","Unknown","212 Fuller",Spencer,57374,McCook,43.7246,-97.59247,,,,"","0.00","","Petroleum                                         ","0.00000",,"Petroleum","Other(See Case File)","Residential","Equipment","False","Handling",,"null",,"","237",4202
95.355,"C",TK,12/1/1995,11/1/1996,True,"McCook County Electric Co-op","McCook County Electric Co-op","236 North Main (Transformer storage area)",Salem,57058,McCook,43.7242851,-97.38695,,,,"","0.00","","Transformer Oil                                   ","0.00000",,"Oil","Other(See Case File)","Industrial","Transformer","False","Leaks and Spills",,"null",,"","",4306
96.007,"C",TK,1/12/1996,3/6/1996,True,"Feterl Service","Magill Company","401 South Nebraska",Salem,57058,McCook,43.7207451,-97.3891144,,,,"","0.00","","Diesel                                            ","150.00000",gallons,"Petroleum","Other(See Case File)","Commercial","Truck Tank","False","Transport Accident",,"null",,"","",4317
96.072,"C",BM,4/9/1996,10/29/1999,True,"Joe Stahl Property - Tank Overfill","Cenex","420 East 4th Street",Bridgewater,57319,McCook,43.5519066,-97.50305,,,,"","0.00","","Fuel oil                                          ","50.00000",gallons,"Petroleum","Other(See Case File)","Residential","AST","False","Overfill",,"null",,"","",4382
96.075,"C",TK,4/11/1996,4/17/1996,True,"Salem Rest Area  - Propane Leak","SD Department of Transportation","I-90, Salem Rest Area",Salem,57058,McCook,43.6659966,-97.421814,,,,"","0.00","","Propane                                           ","1000.00000",gallons,"Other(See Case File)","Other(See Case File)","Other(See Case File)","AST","False","Valve Leak",,"null",,"","",4385
96.076,"C",RC,4/10/1996,7/26/1996,True,"Burns Brothers Truck Stop - Tank Fill Spill","Black Hills Oil Company","I-90 Spencer Exit ( 431 Ave)",Spencer,57374,McCook,43.66304,-97.5869446,102,56,5,"SW","0.00","","Gasoline                                          ","250.00000",gallons,"Petroleum","Other(See Case File)","Commercial","UST","True","Disconnected Hose ",,"3021",,"","",4386
96.102,"C",TK,4/24/1996,9/19/1996,True,"Spill on I-90  Transport Event","Transwood Incorporated","I-90 MM 368.7",Canistota,57012,McCook,43.66691,-97.29228,103N,55W,14,"NE","0.00","","JP-8                                              ","500.00000",gallons,"Petroleum","Other(See Case File)","Other(See Case File)","Transport Trailer","False","Overturned",,"3038",,"","",4412
96.117,"C",KM,5/2/1996,12/8/2000,True,"Spill Along I-90","Golden Transportation","I-90, 1 mi W of Minnehaha/McCook County Line",Montrose,57048,McCook,43.66691,-97.1589,,,,"","0.00","","Ramrod                                            ","0.00000",,"Agri Chem","Other(See Case File)","Other(See Case File)","Containers","False","Damage",,"null",,"","",4427
96.139,"C",JG,5/17/1996,8/30/1996,True,"Diamond Lake Tower - Tank Removal","Midco TV of South Dakota","246 Street",Montrose,57048,McCook,43.81787,-97.1625,104N,53W,14,"NW","0.00","","Gasoline                                          ","0.00000",,"Petroleum","Other(See Case File)","Other(See Case File)","UST","True","Leakage",,"3032",,"","",4449
97.184,"C",KM,6/4/1997,12/31/1997,True,"Agrichem Release","Winn Inc","435 Ave",Bridgewater,57319,McCook,43.5986443,-97.50752,102,56,,"","0.00","","Agri Chem                                         ","0.00000",,"Agri Chem","Other(See Case File)","Other(See Case File)","Sprayer","False","Leakage",,"null",,"","",4872
97.186,"C",GH,6/4/1997,2/7/2002,True,"City of Spencer","Spencer Automotive","Second Street between Fuller and Wilcox",Spencer,57374,McCook,43.7245522,-97.59206,,,,"","0.00","","petroleum                                         ","0.00000",,"Petroleum","Other(See Case File)","Other(See Case File)","Off Site Source","False","Leakage",,"null",,"","",4874
97.260,"I",KH,8/1/1997,12/22/1999,True,"Rumpus Ridge Cenex - Tank Replacements","Cenex Oil Company",".5 mile S of Lake Vermillion",Canistota,57012,McCook,43.58023,-97.18891,101N,53W,4,"","0.00","","petroleum                                         ","0.00000",,"Petroleum","Other(See Case File)","Commercial","UST","True","Leakage",,"3258",,"","",4948
97.328,"C",SB,10/2/1997,11/10/1997,True,"Good Samaritan Center - Abandoned Tank","Canistota Good Samaritan Center","700 W. Main Street",Canistota,57012,McCook,43.5977135,-97.29846,102N,54W,34,"NW","0.00","","fuel oil                                          ","0.00000",,"Petroleum","Other(See Case File)","Commercial","UST","False","Overfills/Spillage",,"null",,"","",5016
97.386,"C",NS,11/20/1997,1/28/2000,True,"Farmers Union Station - Assessment","Farmers Union Oil","Highway 262 and Juniper Avenue",Bridgewater,57319,McCook,43.5502167,-97.50399,101N,56W,13,"","0.00","","gasoline                                          ","0.00000",,"Petroleum","Other(See Case File)","Commercial","UST","True","Leakage",,"3320",,"","",5074
98.118,"C",KM,5/26/1998,12/11/1998,True,"Transport Event - Agrichem Spill","Lavern Rapp","Ag land along 453 Avenue",Montrose,57048,McCook,43.6952477,-97.1408157,103N,53W,25,"","0.00","","Atrazine, Clarity","0.00000",,"Agri Chem","Other(See Case File)","Agricultural","Sprayer","False","Overturned",,"null",,"","",5226
98.232,"C",MSB,9/1/1998,7/8/2019,True,"Guest Room Motel","Unknown","130 Main Street",Bridgewater,57319,McCook,43.54958,-97.50212,,,,"","0.00","","Petroleum                                         ","0.00000",,"Petroleum","Lust Trust","Commercial","Unknown(See Case File)","False","Unknown",,"null",,"","",5340
98.329,"C",TS,11/4/1998,2/24/1999,True,"Battle Creek Campground - Tank Removal","Battle Creek Campground","Battle Creek Campground, East Fork Vermillion River",Canistota,57012,McCook,43.59014,-97.18763,102N,53W,34,"","0.00","","gasoline                                          ","0.00000",,"Petroleum","Other(See Case File)","Other(See Case File)","UST","True","Spillage",,"3621",,"","",5437
98.378,"C",JL,11/24/1998,9/30/1999,True,"Street Project - Offsite Source  (see #99.067)","Unknown","Main Street, 1/4 Block S. of 4th Street",Spencer,57374,McCook,43.7261238,-97.59406,,,,"","0.00","","Fuel Oil                                          ","0.00000",,"Petroleum","Other(See Case File)","Other(See Case File)","Off Site Source","False","Leakage",,"3681",,"","236",5486
99.011,"C",BM,1/15/1999,3/24/1999,True,"Semi Accident","Midwest Coast Transport","I-90 MM 376.5",Montrose,57048,McCook,43.6669235,-97.13925,102N,53W,1,"NW","0.00","","Diesel                                            ","0.00000",,"Petroleum","Other(See Case File)","Other(See Case File)","Transport Truck","False","Transport Accident",,"null",,"","",5558
99.013,"NFA",SB,1/15/1999,1/28/2004,True,"Chess Steak House  - Tank Removals","First Dakota National Bank","630 East Ruton Avenue - Hwy 38",Salem,57058,McCook,43.7174225,-97.3802,103N,55W,13,"SW","0.00","","petroleum                                         ","0.00000",,"Petroleum","Other(See Case File)","Commercial","UST","True","Corrosion",,"3569",,"","224,",5560
99.067,"NFA",KH,3/15/1999,2/11/2003,True,"ATP - Former Station Site","City of Spencer","SE at 4th and Main Street",Spencer,57374,McCook,43.7262077,-97.5939,103N,56W,18,"NE","0.00","","gasoline                                          ","0.00000",,"Petroleum","ATP","Commercial","UST","True","Leakage",38,"3931",,"","253,258,281",5614
99.145,"C",TB,5/4/1999,1/17/2001,True,"Randall Field Spill","Brian Randall","Agland, SW of Montrose",Montrose,57048,McCook,43.69498,-97.2128448,103,53,29,"SE","0.00","","frontier and fertilizer                           ","1000.00000",,"Agri Chem","Other(See Case File)","Agricultural","Sprayer","False","Damage",,"null",,"","",5692
99.219,"C",BM,7/19/1999,9/23/1999,True,"I-90 Truck Rollover","Vande Berg Scales, Inc.","I-90, 1/4 mi E. of  Hwy 81 Exit",Salem,57058,McCook,43.6666832,-97.38331,,,,"","0.00","","diesel                                            ","75.00000",gallons,"Petroleum","Other(See Case File)","Other(See Case File)","Truck Tank","False","Transport Accident",,"null",,"","230",5766
99.252,"NFA",SB,8/30/1999,6/26/2001,True,"R & S Sanitation - Tank Removal","R & S Sanitation","Intersection of Highways 81 and 38",Salem,57058,McCook,43.7174,-97.3893661,103N,55W,14,"SE","0.00","","petroleum                                         ","0.00000",,"Petroleum","Other(See Case File)","Commercial","UST","True","Leakage",,"3553",,"","",5799
2000.059,"C",LAS,4/7/2000,4/27/2000,True,"Transport Event","Lone Star Ranger Trucking c/o Spill Response Management","I-90 MM 357",Bridgewater,57319,McCook,43.6643677,-97.52815,,,,"","0.00","","Diesel                                            ","50.00000",gallons,"Petroleum","Other(See Case File)","Other(See Case File)","Truck Tank","False","Transport Accident",,"null",,"","203",5957
2000.252,"NFA",KM,8/7/2000,3/13/2002,True,"ATP - Former D & P Mini Mart","City of Canistota","330 First Avenue",Canistota,57012,McCook,43.5966377,-97.28981,,,,"","0.00","","Gasoline                                          ","0.00000",,"Petroleum","ATP","Commercial","UST","True","Leakage",24,"3963",,"","208",6150
2000.328,"C",BM,10/20/2000,10/27/2000,True,"Travel Centers of America - Hose Spill","Travel Centers of America","25678 431st Avenue",Spencer,57374,McCook,43.6628456,-97.5870743,,,,"","0.00","","diesel fuel                                       ","55.00000",gallons,"Petroleum","Other(See Case File)","Commercial","UST","True","Disconnected Hose ",,"null",,"","203",6226
2001.052,"C",BM,3/21/2001,6/13/2001,True,"Kapp Trucking - Oil Container Spill","Duane Kapp","110 Main Street",Montrose,57048,McCook,43.70107,-97.1836853,,,,"","0.00","","Waste Oil                                         ","0.00000",,"Oil","Other(See Case File)","Commercial","Containers","False","Overflow",,"null",,"","203",6337
2001.053,"C",KM,3/26/2001,1/8/2002,True,"Travel Centers of America - Nozzle Spills","Travel Centers of America","25670 431st Avenue",Spencer,57374,McCook,43.6628532,-97.58717,,,,"","0.00","","diesel fuel                                       ","25.00000",gallons,"Petroleum","Other(See Case File)","Commercial","UST","True","Unattended Nozzle",,"null",,"","231",6338
2001.132,"NFA",KM,6/6/2001,4/8/2003,True,"ATP - Former Pure Oil Company","David Twedt","Highway 38 S. , West of  431st Street",Spencer,57374,McCook,43.7166634,-97.5909958,,,,"","0.00","","waste oil / diesel                                ","0.00000",,"Petroleum","ATP","Commercial","UST","True","Corrosion",843,"4804",,"","217",6417
2001.133,"C",KM,6/6/2001,2/25/2002,True,"ATP - Robert and Colleen Johns Property","Robert and Colleen Johns","601 N. East Avenue",Canistota,57012,McCook,43.6003036,-97.28823,,,,"","0.00","","diesel                                            ","0.00000",,"Petroleum","ATP","Residential","UST","False","Leakage",295,"4233",,"","207",6418
2001.134,"NFA",KH,6/6/2001,5/16/2003,True,"ATP - Kim D. Potter Property","Kim D. Potter","26424 436th Avenue",Bridgewater,57319,McCook,43.5542,-97.4865646,,,,"","0.00","","diesel                                            ","0.00000",,"Petroleum","ATP","Residential","UST","False","Corrosion",742,"4681",,"","217",6419
2001.135,"NFA",KM,6/6/2001,3/17/2003,True,"ATP - Guest Room Motel - Former Glanzer Property","George and Cindy Guenthner","130 Main Street  (SE at Main & 2nd)",Bridgewater,57319,McCook,43.54961,-97.50209,,,,"","0.00","","gasoline                                          ","0.00000",,"Petroleum","ATP","Commercial","UST","True","Corrosion",858,"4956",,"","217",6420
2001.136,"NFA",KM,6/6/2001,1/17/2003,True,"ATP - Sievers Sales and Service","Steve Sievers","201 North Main Avenue  (NW at Main & 2nd)",Bridgewater,57319,McCook,43.5497551,-97.50253,,,,"","0.00","","petroleum                                         ","0.00000",,"Petroleum","ATP","Commercial","UST","True","Corrosion",1471,"5409",,"","217",6421
2001.137,"C",KM,6/6/2001,2/25/2002,True,"ATP - American Legion","City of Bridgewater","Main Street",Bridgewater,57319,McCook,43.5502663,-97.50161,,,,"","0.00","","fuel oil                                          ","0.00000",,"Petroleum","ATP","Other(See Case File)","UST","False","Corrosion",1477,"5483",,"","207",6422
2001.138,"C",KM,6/6/2001,2/25/2002,True,"ATP - Baier Property","James G. Baier","44722 262nd Street",Canistota,57012,McCook,43.5873947,-97.263176,,,,"","0.00","","petroleum                                         ","0.00000",,"Petroleum","ATP","Agricultural","UST","False","Corrosion",287,"4228",,"","207",6423
2001.139,"C",KM,6/6/2001,6/28/2001,True,"ATP - C.H. Burgett - Steven Schlueter","Steven Schlueter","Railway and Pine",Canistota,57012,McCook,43.59739,-97.29045,,,,"","0.00","","petroleum                                         ","0.00000",,"Petroleum","ATP","Other(See Case File)","UST","True","Leakage",315,"4249",,"","207",6424
2001.140,"C",KM,6/6/2001,6/28/2001,True,"ATP - Golden Pheasant Motel","David Twedt","43098 SD Highway 38",Spencer,57374,McCook,43.71676,-97.59001,,,,"","0.00","","fuel oil                                          ","0.00000",,"Petroleum","ATP","Commercial","UST","False","Leakage",844,"4805",,"","207",6425
2001.292,"C",DR,9/13/2001,1/7/2002,True,"Feterl Manufacturing - Dipping Pit","Feterl Manufacturing","411 W. Center Avenue",Salem,57058,McCook,43.7218475,-97.38949,,,,"","0.00","","Paint                                             ","0.00000",,"Chemical","Other(See Case File)","Industrial","Pit","False","Past Practices",,"null",,"","202",6576
2001.486,"NFA",JF,10/31/2001,11/7/2003,True,"Win, Inc. - Suspected Vandalism Event","Win, Inc.","Bulk Facility @ Loading Pad",Bridgewater,57319,McCook,43.54935,-97.50148,101N,56W,13,"","0.00","","Pesticide                                         ","0.00000",,"Agri Chem","Other(See Case File)","Commercial","AST","False","Handling",,"null",01CA091903,"","232",6769
2001.520,"NFA",KM,10/18/2001,1/17/2003,True,"ATP - Former Hiway Service","Gerald Keefe","510 East Highway 262",Bridgewater,57319,McCook,43.5495262,-97.50195,,,,"","0.00","","Petroleum                                         ","0.00000",,"Petroleum","ATP","Commercial","UST","True","Corrosion",1553,"5499",,"","217, 225,",6803
2002.005,"C",LAS,1/13/2002,1/7/2004,True,"Transport Event","Seattle Pacific East Transport","I-90 1 1/2 miles East of Exit 357",Salem,57058,McCook,43.6654129,-97.4784,,,,"","0.00","","diesel                                            ","50.00000",gallons,"Petroleum","Surface Water","Other(See Case File)","Truck Tank","False","Transport Accident",,"null",,"","232",7286
2002.028,"C",BM,4/1/2002,5/1/2002,True,"Sather Trucking - Transport Event","Sather Trucking","I-90 mile marker 373",Montrose,57048,McCook,43.66621,-97.2089,,,,"","0.00","","Diesel                                            ","60.00000",gallons,"Petroleum","Other(See Case File)","Other(See Case File)","Truck Tank","False","Transport Accident",,"null",,"","203,253",7309
2002.056,"C",GH,5/7/2002,4/21/2004,True,"Lacey's Farmacy - Fertilizer Spill","Tate Lacey","251st and 437th intersection",Salem,57058,McCook,43.7463379,-97.46869,103N,55W,6,"SE","0.00","","Liquid fertilizer (100-30-0)                      ","3000.00000",gallons,"Agri Chem","Other(See Case File)","Agricultural","Transport Trailer","False","Damage",,"null",02N050708,"","231",7337
2002.085,"NFA",MSB,5/17/2002,1/30/2019,True,"Petroleum Odor - LUST Trust","Unknown","Northwest corner of Main and Third Avenue",Canistota,57012,McCook,43.59814,-97.2929459,,,,"","0.00","","Petroleum                                         ","0.00000",,"Petroleum","Lust Trust","Commercial","Unknown(See Case File)","False","Unknown",,"null",,"","",7366
2002.145,"C",BM,7/29/2002,10/4/2002,True,"Win, Inc.  - Agrichem Spill","Win, Inc.","Highway 262 between 5th & Juniper",Bridgewater,57319,McCook,43.5499458,-97.5037155,,56W,13,"","0.00","","Pesticide                                         ","20.00000",gallons,"Agri Chem","Other(See Case File)","Other(See Case File)","Sprayer","False","Line Leak",,"null",01CA091903,"","231",7426
2002.188,"C",KM,7/29/2002,10/18/2002,True,"ATP - Dakota Junction","David Cole","Highway 81, S of I-90",Salem,57058,McCook,43.6623077,-97.38795,,,,"","0.00","","Petroleum                                         ","0.00000",,"Petroleum","ATP","Commercial","UST","True","Spillage",2499,"6432",,"","219",7469
2002.193,"C",KM,7/29/2002,10/18/2002,True,"ATP - Lester Hagen","Lester Hagen","45185 263rd Street",Canistota,57012,McCook,43.568634,-97.17083,,,,"","0.00","","Petroleum                                         ","0.00000",,"Petroleum","ATP","Agricultural","UST","False","Spillage",1824,"5785",,"","219",7474
2002.194,"C",KM,7/29/2002,10/18/2002,True,"ATP - Degner Chevrolet","Dave & Don Sabers","220 West Norton",Salem,57058,McCook,43.725502,-97.3898,,,,"","0.00","","Petroleum                                         ","0.00000",,"Petroleum","ATP","Commercial","UST","True","Spillage",1835,"5806",,"","217, 219",7475
2002.195,"C",KM,7/30/2002,10/18/2002,True,"ATP - Hansen, Inc.","Dean Koch","101 North Nebraska  (Hwy 81 & Drake)",Salem,57058,McCook,43.72419,-97.38842,,,,"","0.00","","Petroleum                                         ","0.00000",,"Petroleum","ATP","Commercial","UST","True","Spillage",2335,"6265",,"","219",7476
2002.199,"NFA",KH,7/26/2002,5/16/2003,True,"ATP - Zion Lutheran Church","Zion Lutheran Church","811 North Main Avenue",Bridgewater,57319,McCook,43.5560646,-97.50286,,,,"","0.00","","fuel oil                                          ","0.00000",,"Petroleum","ATP","Other(See Case File)","UST","False","Corrosion",2204,"6140",,"","217",7480
2002.200,"NFA",KH,7/26/2002,7/14/2003,True,"ATP - Lucy Strong Property","Lori Ann Arends","250 North 3rd Avenue",Canistota,57012,McCook,43.5958138,-97.2924347,,,,"","0.00","","fuel oil                                          ","0.00000",,"Petroleum","ATP","Residential","UST","False","Leakage",2466,"6393",,"","219",7481
2002.201,"C",KM,7/29/2002,2/20/2003,True,"ATP - Puthoff Repair","Iron Wheel Sales & Service","NW of intersection @ Main and Lightner",Salem,57058,McCook,43.7225,-97.3875,,,,"","0.00","","gasoline                                          ","0.00000",,"Petroleum","ATP","Commercial","UST","True","Spillage",2365,"6293",,"","224,",7482
2002.236,"C",KM,7/26/2002,10/31/2002,True,"ATP - Popkes Property","Rick Popkes","691 Willow   (Willow & 7th)",Canistota,57012,McCook,43.6009,-97.2972641,,,,"","0.00","","heating fuel                                      ","0.00000",,"Petroleum","ATP","Residential","UST","False","Spillage",2507,"6439",,"","217",7517
2003.076,"C",BM,5/8/2003,6/6/2003,True,"Unknown Substance - Disposal","Unknown","451st Avenue & Hawk Drive",Montrose,57048,McCook,43.6518021,-97.18877,,,,"","0.00","","unknown                                           ","0.00000",,"Other","Other(See Case File)","Other(See Case File)","Unknown(See Case File)","False","Unknown",,"null",,"","231",7723
2007.055,"C",BM,5/11/2007,6/18/2007,True,"Liquid Fertilizer Spill - Win Inc","Win Inc.","550 SD Hwy 262",Bridgewater,57319,McCook,43.5491028,-97.50136,,,,"","0.00","","Liquid Fertilizer 28%                             ","1000.00000",gallons,"Agri Chem","Other(See Case File)","Commercial","AST","False","Dispenser Leak",,"null",07N051112,"","252,259",10895
2007.166,"NFA",KM,10/25/2007,8/19/2008,True,"Brownfields - Former Saber's Oil Bulk Site","Saber's Oil Company","SW Corner of Main & 446th Ave (East Ave)",Canistota,57012,McCook,43.5978851,-97.28793,,,,"","0.37","No - minor contamination","petroleum                                         ","0.00000",,"Other(See Case File)","Brownfields","Commercial","AST","True","Leakage",,"null",,"","265",11015
2007.185,"C",RL,11/23/2007,4/15/2008,True,"Fuel Mart # 645 - Nozzle Spill","Ports Petroleum Company","25678 431st Avenue / SE at  I-90  Exit 353",Spencer,57374,McCook,43.66282,-97.5872,,,,"","0.00","","Diesel                                            ","120.00000",gallons,"Petroleum","Other(See Case File)","Commercial","UST","True","Uncontrolled Nozzle",,"7249",,"","256",11034
2008.081,"NFA",SB,5/14/2008,12/22/2008,True,"Tank Removals/Abandonment - Fuel Mart","Ports Petroleum","431 Avenue, SE at I-90  Exit 353",Spencer,57374,McCook,43.6631737,-97.58709,102N,56W,5,"SW","0.00","","Petroleum                                         ","0.00000",,"Petroleum","Other(See Case File)","Commercial","UST","True","Leakage",,"7271",,"","260",11165
2008.124,"NFA",RL,7/3/2008,10/29/2009,True,"Valve Leak - Deckert Farm","Charles Deckert","SW at Hwy 81 & 267 Street",Stanley Corner,57319,McCook,43.5100822,-97.39017,101,55,35,"","0.00","","Fertilizer 10-34-0                                ","900.00000",gallons,"Agri Chem","Other(See Case File)","Agricultural","AST","False","Valve Leak",,"null",08S070313,"","270",11210
2009.020,"C",BM,3/25/2009,4/29/2009,True,"Transport Diesel Spill","Interstate Distributor Company","I-90 W, 1/2 mile E. of exit 353",Spencer,57374,McCook,43.665493,-97.57863,,,,"","0.00","","Diesel                                            ","100.00000",gallons,"Petroleum","Other(See Case File)","Other(See Case File)","Truck Tank","False","Transport Accident",,"7379",,"","264",11375
2009.189,"NFA",BM,11/30/2009,1/12/2010,True,"Rockport Colony  - Transport Accident","Rockport Colony - Stanley Wipf","SE at  Intersection of Hwy 81 & 251st St",Salem,57058,McCook,43.7456436,-97.38855,103N,55W,12,"NW","0.00","","Diesel Fuel                                       ","100.00000",gallons,"Petroleum","Other(See Case File)","Agricultural","Truck Tank","False","Transport Accident",,"7469",,"","272",11568
2010.279,"C",TK,12/23/2010,5/5/2011,True,"Fire Event - Salem Body Shop","Chad Krempges","580 N. Green",Salem,57058,McCook,43.7313576,-97.395256,,,,"","0.00","","Auto Paint & Cleaners                             ","0.00000",,"Chemical","Other(See Case File)","Commercial","Supplies","False","Fire Event",,"null",,"","279",11897
2012.022,"C",BM,2/15/2012,6/26/2012,True,"Transport Event","Matheson Trucking","I-90 West MM 357",Salem,57058,McCook,43.6647224,-97.50778,,,,"","0.00","","Diesel Fuel                                       ","50.00000",gallons,"Petroleum","Other(See Case File)","Other(See Case File)","Truck Tank","False","Transport Accident",,"null",,"","286",12171
2012.056,"C",RL,4/14/2012,5/23/2012,True,"Overturned Terragator","Central Farmer's Coop","400' E of intersection @ 432 Ave & 250 St.",Spencer,57783,McCook,43.7607231,-97.56785,,,,"","0.00","","Dry Fertilizer                                    ","9000.00000",lbs,"Agri Chem","Other(See Case File)","Other(See Case File)","Spreader","False","Overturned",,"null",12S041606,"","286",12310
2012.060,"C",SB,4/23/2012,6/11/2012,True,"Former T & C's Pit Stop - Tank Closure","Todd Mathies","401 South Nebraska",Salem,57058,McCook,43.7206345,-97.38919,,,,"","0.00","","gasoline                                          ","0.00000",,"Other(See Case File)","Other(See Case File)","Commercial","UST","True","No Release",,"7682",,"","286",12314
2012.241,"NFA",SB,11/30/2012,12/20/2012,True,"Former Bulk Site - Assessment","CHS Inc. / Farmers Alliance","711 West Highway 262",Bridgewater,57319,McCook,43.5534172,-97.50897,,,,"","0.00","","Diesel, Gasoline                                  ","0.00000",,"Petroleum","Other(See Case File)","Commercial","AST","True","Spillage",,"7753",,"","289",12528
2013.120,"C",TF ,6/25/2013,7/2/2015,True,"Petroleum Contamination - Salem DOT Yard","SD Dept. of Transportation","411 East Rutan Avenue (Hwy 38)",Salem,57058,McCook,43.71666,-97.38382,,,,"","0.00","","Petroleum                                         ","0.00000",,"Petroleum","Other(See Case File)","Other(See Case File)","UST","True","Leakage",3453,"7838",,"","299",12683
2013.147,"C",ML,7/5/2013,7/10/2013,True,"Salem M-31 Range - SDARNG (also see 2013.133)","South Dakota Army National Guard","252nd Street",Salem,57058,McCook,43.7288475,-97.42193,,,,"","0.00","","Metals-below stds                                 ","0.00000",,"Other(See Case File)","Federal","Other(See Case File)","Historical","False","Past Practices",,"null",,"","294",12710
2014.060,"C",RL,4/16/2014,7/31/2014,True,"Overturned Transport - Helena Chemical","Helena Chemical","252 Street, approx 1.5 miles W of Salem",Salem,57058,McCook,43.7315063,-97.41991,,,,"","0.00","","Urea Fertilizer                                   ","10.00000",tons,"Agri Chem","Other(See Case File)","Other(See Case File)","Transport Trailer","False","Transport Accident",,"null",14PA041503,"","297",12982
2014.141,"C",RL,7/1/2014,7/22/2014,True,"Storage Tank Release - Farmers Alliance","Farmers Alliance / CHS Inc","711 SD Hwy 262 W",Bridgewater,57319,McCook,43.5529633,-97.50879,,,,"","0.00","","Liquid Fertilizer                                 ","1400.00000",gallons,"Agri Chem","Other(See Case File)","Commercial","AST","False","Line Leak",,"null",,"","297",13072
2014.233,"C",RL,10/31/2014,11/21/2014,True,"Diesel Spill Upon Hwy 38 Surfaces","First Rate Excavate Inc.","Intersection at Hwy 38 and 448 Avenue",Montrose,57048,McCook,43.70775,-97.24865,,,,"","0.00","","Diesel                                            ","50.00000",gallons,"Petroleum","Other(See Case File)","Other(See Case File)","Truck Tank","False","Transport Accident",,"null",,"","298",13173
2015.117,"C",KN ,6/25/2015,7/15/2015,True,"Hydraulic Fluid Spill","Q3 Contracting ","Corner of W. Hollister Ave and Jackson Ave",Salem,57058,McCook,43.71992,-97.39259,,,,"null","null","null","Hydraulic Fluid                                   ","37.00000",Gallons,"Other","Other(See Case File)","Public","Equipment","False","Equipment Failure",,"null",,"null","300",13401
2015.190,"C",RL ,9/24/2015,11/2/2015,True,"Truck Fire Event at Fuel Mart #645","H & I Grain","25678  431st  Avenue",Spencer,57374,McCook,43.6632233,-97.5878143,,,,"null","null","null","Diesel                                            ","null",,"Petroleum","Other(See Case File)","Commercial","Transport Truck","False","Fire Event",,"8149",,"null","301",13492
2016.076,"C",RL ,5/7/2016,11/2/2016,True,"Agrichem Spill -  Bridgewater Facility","CHS Farmers Alliance","100 South Hwy 262",Bridgewater,57319,McCook,43.5532875,-97.5091,,,,"null","null","null","28% & Acuron","20.00000",gallons,"Agri Chem","Other(See Case File)","Commercial","Tote","False","Leakage",,"null",,"null","null",13662
2016.214,"NFA",RL ,12/1/2016,6/20/2017,True,"Fertilizer Spill - Winter Storm Transport Accident","Hunt Inc","I-90 westbound, mile marker 359",Salem,57058,McCook,43.66483,-97.48812,,,,"null","null","null","Liquid Fertilizer                                 ","2500.00000",gallons,"Agri Chem","Other(See Case File)","Other(See Case File)","Transport Trailer","False","Transport Accident",,"null",,"null","null",13828
2017.054,"C",KN ,4/29/2017,5/25/2017,True,"Over Turned Semi - Dry Fertilizer","CHS Farmers Alliance","26615 432nd Ave",Bridgewater,57319,McCook,43.52508,-97.56759,,,,"null","null","null","Dry Fertilizer","41000.00000",lbs,"Agri Chem","Other(See Case File)","Agricultural","Transport Truck","False","Accident",,"null",17SP042902,"null","null",13975
2017.137,"C",KN ,7/31/2017,9/18/2017,True,"Suspected Contamination - Drinking Water Well","Unknown","410 East Street",Spencer,57374,McCook,43.726593,-97.588295,,,,"null","null","null","Petroleum                                         ","null",,"Petroleum","Source Water","Residential","Unknown(See Case File)","False","Unknown",,"null",,"null","null",14074
2017.157,"C",KN ,8/18/2017,9/7/2018,True,"MAP Spill - Step Saver","Step Saver Inc","Hwy 81 near 255th Street",Salem,57058,McCook,43.68941,-97.38847,,,,"null","null","null","Monoammonium Phosphate","20000.00000",lbs,"Agri Chem","Other(See Case File)","Public","Transport Trailer","False","Accident",,"null",17L081833,"null","null",14100
2018.081,"NFA",GMS,5/22/2018,9/5/2018,True,"28% Liquid Fertilizer Spill - CHS Farmers Alliance","CHS Farmers Alliance","100 SD Hwy 262",Bridgewater,57319,McCook,43.5530243,-97.5089,,,,"null","null","null","Liquid Fertilizer 28%                             ","2030.00000",gallons,"Agri Chem","Other(See Case File)","Commercial","AST","False","Overflow",,"null",18SP052305,"null","null",14260
2018.097,"NFA",SB ,6/7/2018,10/12/2018,True,"Line Leak - McCook County Highway Shop","McCook County","331 West Norton",Salem,57058,McCook,43.7247734,-97.39145,,,,"null","null","null","Gasoline                                          ","null",,"Petroleum","Other(See Case File)","Public","UST","True","Line Leak",,"8377",,"null","null",14278
2018.137,"C",RL ,7/24/2018,9/20/2018,True,"Transport Accident - Diesel Spill","Mayfield Truss / Mayfield Hutterite Colony","Hwy 81, approx 1/4 mile S of 244 Street",Center,57058,McCook,43.8458672,-97.38903,,,,"null","null","null","Diesel                                            ","100.00000",gallons,"Petroleum","Other(See Case File)","Other(See Case File)","Truck Tank","False","Damage",,"null",,"null","null",14322
2018.185,"NFA",NS ,10/16/2018,11/29/2018,True,"Brownfields Assessment - Salem Armory","City of Salem","740 North Peck Street",Salem,57058,McCook,43.7309875,-97.38109,,,,"null","0.50","null","Asbestos, Lead                                    ","null",,"Other(See Case File)","Brownfields","Commercial","Construction Materials","False","Past Practices",,"null",,"null","null",14377
2020.073,"C",TK ,6/13/2020,9/16/2020,True,"Level Best Spill in lot at CHS of Bridgewater","CHS Inc.","711 West SD Highway 262",Bridgewater,57319,McCook,43.5529,-97.50855,,,,"null","null","null","Wetting Agent","125.00000",gallons,"Agri Chem","Other(See Case File)","Industrial","Equipment","False","Equipment Failure",,"null",,"null","null",14764
2020.104,"C",KN ,7/21/2020,8/13/2020,True,"Drum in Lake Vermillion","Unknown","26140 451st Avenue",Humboldt,57035,McCook,43.621006,-97.16737,,,,"null","null","null","Waste Oil","20.00000",Gallons,"Oil","Surface Water","Public","Drums","False","Dumping",,"null",,"null","null",14800
2020.109,"C",JAM,8/7/2020,9/29/2020,True,"Dry Fertilizer - Bridgewater CHS","CHS Farmers Alliance","420 SD Highway 262",Bridgewater,57319,McCook,43.5500069,-97.50418,,,,"null","null","null","Urea (dry fertilizer)                             ","100.00000",pounds,"Agri Chem","Other(See Case File)","Public","Spreader","False","Operator Error",,"null",20SP081015,"null","null",14806
2020.127,"NFA",KF ,8/26/2020,1/28/2021,True,"ATP - Diamond Care Center","Bridgewater Nursing Home","901 North Main Street",Bridgewater,57319,McCook,43.5570259,-97.50359,,,,"null","null","null","Diesel","null",,"Petroleum","ATP","Commercial","UST","False","Leaks and Spills",3697,"8511",,"null","null",14831
2021.173,"O",MSB,10/25/2021,,True,"ATP - Central Farmer Coop Truck Service","Central Farmer's Elevator","131 South Nebraska Street",Salem,57058,McCook,43.72357,-97.38922,,,,"null","null","null","Petroleum                                         ","null",,"Petroleum","ATP","Commercial","UST","True","Leaks and Spills",3745,"8590",,"null","null",15094
2022.079,"NFA",MSB,5/13/2022,8/1/2022,True,"Diesel Release - Salem Bulk Plant","Central Farmers Co-op","44137 SD Highway 38",Salem,57058,McCook,43.7165527,-97.38163,,,,"null","null","null","Diesel                                            ","2500.00000",gallons,"Petroleum","Other(See Case File)","Commercial","AST","True","Storm Event",,"null",,"null","null",15224
2022.088,"NFA",JAM,5/29/2022,12/2/2022,True,"Overturned diesel tanker - Locken Oil","Locken Oil","I-90 West, Exit 364",Salem,57058,McCook,43.6667175,-97.3859,,,,"null","null","null","Diesel                                            ","3400.00000",gallons,"Petroleum","Other(See Case File)","Public","Transport Tank","False","Trailer tipped",,"null",,"null","null",15233
2022.144,"NFA",GK,8/9/2022,9/19/2022,True,"Hoffman Diesel Mccook","Hoffman Construction","I90 Westbound Rest Area MM 362",Salem,57058,McCook,43.6668663,-97.41613,102N,55W,3,"SW1/4","null","null","Diesel                                            ","300.00000",gallons,"Petroleum","Other(See Case File)","Public","Truck Tank","False","Vandalism",,"null",,"null","null",15295
2022.179,"C",NS ,11/1/2022,5/15/2024,True,"Brownfields - Salem Armory","City of Salem","740 North Peck Street",Salem,57058,McCook,43.7309036,-97.3811646,,,,"null","null","null","Asbestos                                          ","null",,"Other","Brownfields","Public","Construction Materials","False","Past Practices",,"null",,"null","null",15334
2023.004,"NFA",SB ,1/23/2023,4/17/2023,True,"Central Farmers Bulk -  Broken Valve","Central Farmers Coop","44137 SD Hwy 38",Salem,57058,McCook,43.7166672,-97.38155,,,,"null","null","null","Gasoline                                          ","1600.00000",gallons,"Petroleum","Other(See Case File)","Commercial","Transport Tank","True","Equipment Failure",,"8650",,"null","null",15390
2023.061,"C",GK,5/22/2023,8/3/2023,True,"Gravel Pit Excavator Fire","Milton Peterson","Near Intersection of 248th Street and 445th Ave",Salem,57058,McCook,43.78567,-97.31629,,,,"null","null","null","Diesel                                            ","75.00000",gallons,"Petroleum","Other(See Case File)","Industrial","Equipment","False","Fire Event",,"null",,"null","null",15447
2023.121,"O",MJP,8/31/2023,,True,"Salem Truck Diesel","Boucher Transportation, Inc.","Corner of 253rd and 438th Ave",Salem,57702,Mccook,43.7176781,-97.45143,,,,"null","null","null","Diesel                                            ","200.00000",gallons,"Petroleum","Other(See Case File)","Agricultural","Saddle Tank","False","Transport Accident",,"null",,"null","null",15514
2023.127,"C",JPA,9/13/2023,11/21/2023,True,"ATP - Salem Armory","City of Salem","740 N Peck St",Salem,57058,McCook,43.7311249,-97.38108,,,,"null","null","null","Fuel Oil                 ","null",,"Petroleum","ATP","Public","UST","False","Leaks and Spills",3781,"8641",,"null","null",15521
8888.002,"T",,,,True,"Clandestine Drug Lab Seizure","Unknown","43340 SD Hwy 42",Bridgewater,57319,McCook,43.5433159,-97.53966,,,,"","0.00","","unknown                                           ","0.00000",,"Other(See Case File)","Clandestine Drug Lab","Unknown(See Case File)","Drug Making Material","False","null",,"null",,"SDR000004135","",12191
9999.019,"W",,,,True,"Withdrawn ATP - Salem NG Armory","City of Salem","740 N Peck",Salem,57058,McCook,43.7309074,-97.38077,103N,55W,13,"NW","0.00","","                                                  ","0.00000",,"Other(See Case File)","Withdrawn ATP","Other(See Case File)","Other(See Case File)","False","null",253,"4199",,"","249",10674
9999.164,"W",,,,True,"Withdrawn ATP - Leiferman Implement","Raymond Lieferman","3rd & Poplar Street",Bridgewater,57319,McCook,43.55102,-97.5016556,,,,"","0.00","","                                                  ","0.00000",,"Other(See Case File)","Withdrawn ATP","Commercial","Other(See Case File)","False","null",2583,"6513",,"","249",10824
9999.188,"W",,,,True,"Withdrawn ATP - Bridgewater Depot","City of Bridgewater","Bridgewater Depot",Bridgewater,57319,McCook,43.5487747,-97.50198,,,,"","0.00","","                                                  ","0.00000",,"Other(See Case File)","Withdrawn ATP","Public","Other(See Case File)","False","null",2891,"6936",,"","249",10848
89017.000,"C",MV,11/21/1989,11/27/1989,True,"Montrose Highway Maintenance Shop - McCook County Highway Dept.","McCook County Highway Department","Main Street and County Road #11",Montrose,57048,McCook,43.702343,-97.18331,103N,53W,22,"SW","0.00","","                                                  ","0.00000",,"Other(See Case File)","Clean Site","Public","UST","True","No Release",,"null",,"","",8229
91012.000,"C",DM,10/21/1991,11/18/1991,True,"McCook County Courthouse","McCook County","130 E. Essex Ave.",Salem,57058,McCook,43.72744,-97.3883743,,,,"","0.00","","                                                  ","0.00000",,"Other(See Case File)","Clean Site","Public","UST","False","No Release",,"1770",,"","",8300
93020.000,"C",GS,5/27/1993,5/27/1993,True,"Montrose School System Bus Garage","Montrose School District","First and Main",Montrose,57048,McCook,43.70131,-97.18333,103N,53W,27,"","0.00","","                                                  ","0.00000",,"Other(See Case File)","Clean Site","Public","UST","True","No Release",,"null",,"","",8466
94038.000,"C",JA,10/3/1994,10/17/1994,True,"Auction Property","Merle Miller Real Estate and Auction Company","Highway 42",Pumpkin Center,57035,McCook,43.5391464,-97.15509,,,,"","0.00","","                                                  ","0.00000",,"Other(See Case File)","Clean Site","Agricultural","UST","False","No Release",,"null",,"","257",8541
95033.000,"C",RC,7/5/1995,12/12/1995,False,"Montrose School District","Montrose School District","East End of Main Street",Montrose,57048,McCook,43.7012,-97.18339,,,,"","0.00","","                                                  ","0.00000",,"Other(See Case File)","Clean Site","Public","UST","False","No Release",,"null",,"","",8593
98014.000,"C",CH,7/14/1998,7/23/1998,True,"East Lake Vermillion Recreation Area","SD Dept of Game Fish and Parks SD GF&P","Lake Vermillion Recreation Area",Canistota,57012,Mccook,43.5955,-97.18526,,,,"","0.00","","                                                  ","0.00000",,"Other(See Case File)","Clean Site","Public","UST","True","No Release",,"null",,"","",8677
2001024.000,"C",KM,6/6/2001,6/28/2001,True,"Clean ATP - Former Station","Mamie Rietz","800 North Main Street",Spencer,57374,McCook,43.730854,-97.59394,,,,"","0.00","","                                                  ","0.00000",,"Other(See Case File)","ATP","Commercial","UST","True","No Release",709,"4651",,"","",8888
2001025.000,"C",KM,6/6/2001,7/5/2001,True,"Clean ATP - Stahl Bridgewater","Diane Stahl","43674 264th Street",Bridgewater,57319,McCook,43.558506,-97.47302,,,,"","0.00","","                                                  ","0.00000",,"Other(See Case File)","ATP","Agricultural","UST","False","No Release",1444,"5383",,"","205",8889
2001026.000,"C",KM,6/6/2001,6/28/2001,True,"Clean ATP - St. Mary's Hall Apartments","St. Mary's Catholic Church","300 West Vermont Street",Salem,57058,McCook,43.7268372,-97.39061,,,,"","0.00","","                                                  ","0.00000",,"Other(See Case File)","ATP","Residential","UST","False","No Release",859,"5411",,"","204",8890
2002116.000,"C",KM,7/30/2002,10/23/2002,True,"Clean ATP - Koepsell Farm","B. Lorraine Koepsell","245 St & 436 Ave",Canova,57321,McCook,43.83577,-97.48872,104,55,6,"SW","0.00","","                                                  ","0.00000",,"Other(See Case File)","ATP","Agricultural","UST","False","No Release",2452,"6378",,"","220",9979
2002117.000,"C",KM,7/29/2002,10/18/2002,True,"Clean ATP - John Rinehart Property","John Rinehart","420 South Walnut Avenue",Bridgewater,57319,McCook,43.5437775,-97.4964752,,,,"","0.00","","                                                  ","0.00000",,"Other(See Case File)","ATP","Residential","UST","True","No Release",1977,"5918",,"","220",9980
2002118.000,"C",KM,7/26/2002,10/23/2002,True,"Clean ATP - Richards Farms, Inc.","Forrest Richards","Hwy 262",Bridgewater,57319,McCook,43.5629921,-97.53364,101N,56W,10,"SE","0.00","","                                                  ","0.00000",,"Other(See Case File)","ATP","Agricultural","UST","False","No Release",323,"4254",,"","220",9981
2002143.000,"C",KM,9/27/2002,10/25/2002,True,"Clean ATP - Salem Lutheran Church","Salem Lutheran Church","44312 245th Street",Center,57058,McCook,43.8337479,-97.3472,,,,"","0.00","","                                                  ","0.00000",,"Other(See Case File)","ATP","Other(See Case File)","UST","False","No Release",1916,"5868",,"","220",10006
2002250.000,"C",KM,1/23/2003,6/20/2003,True,"ATP - Former Gambles Store (no tank found)","Virginia Bundy","Main and Railway",Canistota,57012,McCook,43.59818,-97.29111,,,,"","0.00","","                                                  ","0.00000",,"Other(See Case File)","ATP","Commercial","UST","False","No Tank Found",2703,"6653",,"","220",10107
2004007.000,"C",KH,2/4/2004,2/5/2004,True,"Clean ATP - Pringle Property","Ronald Pringle","263 Street",Bridgewater,57319,McCook,43.5734138,-97.48538,101,55,6,"SW","0.00","","                                                  ","0.00000",,"Other(See Case File)","ATP","Residential","UST","True","No Release",2736,"6696",,"","225,",10219
2004011.000,"C",KH,2/6/2004,2/10/2004,True,"Clean ATP - Ortman Clinic Property","Troy Coatsworth","26705 447th Avenue",Monroe,57047,McCook,43.5135345,-97.27004,,,,"","0.00","","                                                  ","0.00000",,"Other(See Case File)","ATP","Other(See Case File)","UST","True","No Release",2794,"6787",,"","225,",10223
2007004.000,"C",TF,7/5/2007,7/5/2007,True,"Clean ATP - Schock Property","Larry Schock","25719 US Hwy 81",Salem,57058,McCook,43.6560173,-97.39055,,,,"","0.00","","                                                  ","0.00000",,"Other(See Case File)","ATP","Agricultural","UST","False","No Release",2998,"7182",,"","252",10928
2021010.000,"C",SB ,9/9/2021,10/5/2021,True,"Larry's Service","Russell Bunger - Larry's Service","300 West Main Street",Canistota,57012,McCook,43.59813,-97.29302,,,,"null","null","null","No known contamination                            ","null",,"Other(See Case File)","Other(See Case File)","Commercial","UST","True","No Release",,"8584",,"null","null",15075