id,status,r1,date_rep,date_close,image,site_name,resp_party,street,city,zip_code,county,latitude,longitude,township,range,section,secq1,acreage,instctrls,material,amount,units,spill_cat,site_type,proptype,sor_type,regulated,cause_type,atp_no,prcfnumber,ag_no,solidwaste,microroll,siteid
88.134,"C",TK,8/8/1988,11/13/1991,True,"Department of Transportation (SD DOT)","SD Department of Transportation  (SD DOT)","Stanley Street",Philip,57567,Haakon,44.0406227,-101.674042,,,,"","0.00","","Pesticide                                         ","0.00000",,"Agri Chem","Other(See Case File)","Public","Spray Tank","False","Overfill",,"null",,"","",738
88.170,"C",KM,9/6/1988,10/28/1988,True,"Western Area Power Administration WAPA - Philip Warehouse","Western Area Power Administration WAPA","Scottie Ave. & Bennett Street",Philip,57567,Haakon,44.0446129,-101.668678,,,,"","0.00","","Fuel Oil                                          ","0.00000",,"Petroleum","Federal","Commercial","UST","False","Spillage",,"null",,"","234",772
89.134,"I",TK,6/12/1989,12/29/1995,True,"SD DOT Maintenance Shop","SD Department of Transportation (SD DOT)","125 Stanley",Philip,57567,Haakon,44.0400429,-101.673889,,,,"","0.00","","Gasoline                                          ","0.00000",,"Petroleum","Other(See Case File)","Public","UST","True","Leakage",,"0265",,"","",1023
89.179,"C",TK,8/1/1989,1/6/1992,True,"Duplicate of 89.134 - (SD DOT)","SD Department of Transportation (SD DOT)","125 Stanley",Philip,57567,Haakon,44.04003,-101.673935,,,,"","0.00","","Gasoline Unleaded                                 ","0.00000",,"Petroleum","Other(See Case File)","Public","UST","True","Leakage",,"1755",,"","",1068
90.127,"NFA",JN,4/24/1990,3/6/2009,True,"Morrison Pit Stop - Line Leak","Dale Morrison","SW @ Hwy. Jct. 14 & 73 (North Latimer)",Philip,57567,Haakon,44.04495,-101.667458,,,,"","0.00","","Gasoline                                          ","0.00000",,"Petroleum","Other(See Case File)","Commercial","AST","True","Line Leak",,"1279",,"","261",1362
90.521,"C",MV,10/18/1990,10/29/1993,True,"Former Hubbard Milling Facility","Dennis Fredrickson - Hubbard Milling Co.","NE at Midland Ave and Dakota St",Midland,57552,Haakon,44.0718575,-101.153893,,,,"","0.00","","Petroleum                                         ","0.00000",,"Petroleum","Other(See Case File)","Industrial","UST","True","Corrosion",,"1197",,"","",1756
90.645,"C",BL,12/27/1990,1/8/1991,True,"Philip Motors - Sonny Lebeau","Darral Brooks - Brooks Brothers","South Larimer Ave & Oak Street",Philip,57567,Haakon,44.03839,-101.66507,1N,20,24,"NW","0.00","","Gasoline                                          ","0.00000",,"Petroleum","Other(See Case File)","Commercial","UST","True","Overfill",,"null",,"","",1880
91.230,"NFA",GH,5/30/1991,9/24/2003,True,"Former D&J 66 Service - Tank Replacements","Dean Fitzgerald","105 West Pine  (NW at Pine & Larimer/ Hwy 73)",Philip,57567,Haakon,44.0398064,-101.665733,1N,20E,13,"SW","0.00","","Gasoline                                          ","0.00000",,"Petroleum","Other(See Case File)","Commercial","UST","True","Leaks and Spills",,"1497",,"","222,",2120
91.423,"C",MM,9/10/1991,11/20/1995,True,"Haakon County Courthouse - Tank","Haakon County","140 Howard Avenue",Philip,57567,Haakon,44.03872,-101.666367,,,,"","0.00","","Fuel Oil                                          ","0.00000",,"Petroleum","Other(See Case File)","Public","UST","False","Spillage",,"1627",,"","",2313
91.582,"NFA",TF,12/16/1991,5/28/2002,True,"Kennedy Implement & Auto","Howard Kennedy","100 S. Larimer Ave.  (SE at Larimer & Pine)",Philip,57567,Haakon,44.0393066,-101.665321,1N,20E,,"SW","0.00","","Gasoline                                          ","0.00000",,"Petroleum","Other(See Case File)","Commercial","UST","True","Corrosion",,"1863",,"","196",2472
91.590,"C",RC,12/18/1991,10/15/1992,True,"Philip Motors Chevrolet - Line Leaks","Lee Schoniger","Pine Street & Larimer Avenue",Philip,57567,Haakon,44.039257,-101.665733,,,,"","0.00","","gasoline                                          ","0.00000",,"Petroleum","Other(See Case File)","Commercial","UST","True","Line Leak",,"1864",,"","",2480
91.592,"C",BL,12/18/1991,2/24/1992,True,"Brooks Brothers","Brooks Brothers Partnership","101 South Larimer",Philip,57567,Haakon,44.0383949,-101.665611,,,,"","0.00","","Petroleum                                         ","0.00000",,"Petroleum","Other(See Case File)","Commercial","UST","True","Corrosion",,"1866",,"","",2482
91.594,"NFA",GH,12/18/1991,1/9/2002,True,"Former Les's Body Shop / Station Site - Tank Removals","Mike Noteboom","113 Oak Street",Philip,57567,Haakon,44.0385666,-101.664833,,,,"","0.00","","Petroleum                                         ","0.00000",,"Petroleum","Other(See Case File)","Commercial","UST","True","Leakage",,"1862",,"","",2484
91.599,"C",TK,12/17/1991,7/30/1992,True,"Farmers Union Coop Oil","Farmers Union Coop Oil","300 East Cherry",Philip,57567,Haakon,44.0374641,-101.664413,1N,20,24,"NW","0.00","","Nitrogen                                          ","0.00000",,"Agri Chem","Other(See Case File)","Commercial","Bulk Chemical","False","Handling",,"null",,"","",2489
91.614,"NFA",KM,12/20/1991,10/31/2000,True,"Corky's Super Valu - Incinerator Tank Removal","Hans Hanson","101 E. Pine Street (NE at Larimer & Pine)",Philip,57567,Haakon,44.0398064,-101.665222,,,13,"SW","0.00","","petroleum                                         ","0.00000",,"Petroleum","Other(See Case File)","Commercial","UST","True","Spillage",,"1901",,"","",2504
91.688,"C",BL,12/18/1991,2/14/1992,True,"Philip Ford Mercury","Brooks Brothers","140 S. Larimer",Philip,57567,Haakon,44.0384178,-101.6653,,,,"","0.00","","Petroleum                                         ","0.00000",,"Petroleum","Other(See Case File)","Commercial","UST","True","Corrosion",,"2007",,"","",2578
92.300,"C",TK,8/27/1992,1/12/1993,True,"Aircraft Emergency Action","Jim Bierle","1 mi E & 2.5 mi N of Midland",Midland,57552,Haakon,44.1065636,-101.07502,2N,25E,26,"NE","0.00","","Agri Chem                                         ","0.00000",,"Agri Chem","Other(See Case File)","Other(See Case File)","Aircraft Tanks","False","Handling",,"",,"","",2890
93.022,"C",JA,1/29/1993,5/11/1993,True,"Dakota Minnesota & Eastern Railroad - Engine Overfill","Dakota Minnesota & Eastern Railroad","Railroad Avenue",Midland,57552,Haakon,44.06923,-101.152184,,,,"","0.00","","Diesel                                            ","60.00000",gallons,"Petroleum","Other(See Case File)","Industrial","AST","True","Overfill",,"2373",,"","",3037
93.118,"C",JN,5/13/1993,4/22/2005,True,"Morrison Pit Stop","Dale Morrison","Highway 14  & Larimer",Philip,57567,Haakon,44.04466,-101.667618,,,,"","0.00","","Gasoline                                          ","3000.00000",gallons,"Petroleum","Other(See Case File)","Commercial","AST","True","Equipment Failure",,"2437",,"","239",3133
93.258,"C",KH,8/12/1993,5/7/2002,True,"Midland LUST Trust","Keith Farries and Joy Jones","US Highway 14, W of Bridge Street",Midland,57552,Haakon,44.075058,-101.157928,,,,"","0.00","","Petroleum                                         ","0.00000",,"Petroleum","Lust Trust","Other(See Case File)","UST","True","Leakage",,"2530",,"","237",3273
93.312,"C",MM,9/30/1993,4/19/1995,True,"DOD/USAF/MMII Delta 2  UST Removal","Ellsworth Air Force Base (EAFB)","207 Avenue",Quinn,57775,Haakon,44.0364723,-101.945427,1N,18E,22,"NW","0.00","","Diesel                                            ","0.00000",,"Petroleum","Federal","Other(See Case File)","UST","True","Leaks and Spills",,"null",,"","237",3327
93.355,"C",TK,11/2/1993,12/28/1994,True,"Fire Event - Thomas Foley Property","Unknown","Hwy 14, 1 mile W, S Side",Philip,57567,Haakon,44.034977,-101.701782,,,,"","0.00","","LP Gas                                            ","200.00000",,"Petroleum","Other(See Case File)","Residential","AST","False","Line Leak",,"null",,"","",3370
93.374,"C",MM,10/5/1993,3/27/1995,True,"DOD/USAF/MMII Alpha 3","Ellsworth Air Force Base (EAFB)","South Ash Creek Road",Creighton,57790,Haakon,44.3176346,-101.94928,4N,18E,9,"SE","0.00","","Petroleum                                         ","0.00000",,"Petroleum","Federal","Other(See Case File)","UST","False","Leaks and Spills",,"null",,"","237",3389
93.376,"C",MM,10/5/1993,1/26/1995,True,"DOD/USAF/MMII Charlie 3 (Sump H2O & Tank Closure)","Ellsworth Air Force Base (EAFB)","Airport Road",Philip,57567,Haakon,44.1630974,-101.605911,2N,21E,4,"NW","0.00","","PCB                                               ","0.00000",,"Combined(See Case File)","Federal","Other(See Case File)","Combined(See Case File)","False","Past Practices",,"null",,"","237",3391
93.383,"C",MM,10/5/1993,1/26/1995,True,"DOD/USAF/MMII Alpha 5 (Sump H2O & Tank Closure)","Ellsworth Air Force Base (EAFB)","Grindstone Road",Cottonwood,57767,Haakon,44.22011,-101.960869,3N,18E,16,"NW","0.00","","PCB                                               ","0.00000",,"Combined(See Case File)","Federal","Other(See Case File)","Combined(See Case File)","False","Past Practices",,"null",,"","237",3398
93.392,"C",MM,10/5/1993,4/17/1995,True,"DOD/USAF/MMII Charlie 4 (Sump H2O & Tank Closure)","Ellsworth Air Force Base (EAFB)","Hwy 73",Philip,57567,Haakon,44.09636,-101.668915,2N,20E,26,"SW","0.00","","Petroleum                                         ","0.00000",,"Petroleum","Federal","Other(See Case File)","Combined(See Case File)","False","Leaks and Spills",,"null",,"","237",3407
93.393,"C",MM,10/5/1993,4/17/1995,True,"DOD/USAF/MMII  Charlie 5 (Sump H2O & Tank Closure)","Ellsworth Air Force Base (EAFB)","Hwy 14",Philip,57567,Haakon,44.0264053,-101.724693,1N,20E,21,"SW","0.00","","Arsenic                                           ","0.00000",,"Combined(See Case File)","Federal","Other(See Case File)","Combined(See Case File)","False","Past Practices",,"null",,"","237",3408
93.395,"C",MM,10/5/1993,4/17/1995,True,"DOD/USAF/MMII Charlie 7 (Sump H2O & Tank Closure)","Ellsworth Air Force Base (EAFB)","East Grindstone Road",Philip,57567,Haakon,44.080555,-101.795341,1N,19E,2,"NE","0.00","","TPH, PCB                                          ","0.00000",,"Combined","Federal","Other(See Case File)","Combined(See Case File)","False","Past Practices",,"null",,"","237",3410
93.396,"C",MM,10/5/1993,4/17/1995,True,"DOD/USAF/MMII Charlie 8 (Sump H2O & Tank Closure)","Ellsworth Air Force Base (EAFB)","NE at East Grindstone Road and 210 Avenue",Cottonwood,57775,Haakon,44.11161,-101.885788,2N,19E,19,"SW","0.00","","Petroleum                                         ","0.00000",,"Petroleum","Federal","Other(See Case File)","Combined(See Case File)","False","Leaks and Spills",,"null",,"","237",3411
93.425,"C",MM,10/5/1993,4/28/1997,True,"DOD/USAF/MMII Echo-11","Ellsworth Air Force Base (EAFB)","Hwy 14",Philip,57567,Haakon,44.0553436,-101.58857,1N,21E,9,"SE","0.00","","PCB                                               ","0.00000",,"Chemical","Federal","Other(See Case File)","Handling","False","Past Practices",,"null",,"","237",3440
94.220,"NFA",KH,7/26/1994,1/12/2004,True,"The Country Place - LUST Trust","Keith & Linda Farries","Midland Avenue",Midland,57552,Haakon,44.07498,-101.156548,,,,"","0.00","","Petroleum                                         ","0.00000",,"Petroleum","Lust Trust","Commercial","Off Site Source","False","Leakage",,"2728",,"","222,263,271",3755
94.347,"NFA",KH,10/6/1994,1/12/2004,True,"Sinclair Service / Joy's Service - LUST Trust Emergency Action","Joy Jones","Highway 14",Midland,57552,Haakon,44.0754662,-101.158005,1N,25E,6,"","0.00","","Petroleum                                         ","0.00000",,"Petroleum","Lust Trust","Commercial","UST","True","Leakage",2763,"6737",,"297","222,",3882
95.009,"C",MM,1/6/1995,1/24/1995,True,"DOD/USAF/MMII Echo 11 - No Release","Ellsworth Air Force Base (EAFB)","Hwy 14",Philip,57567,Haakon,44.0550423,-101.588455,,,,"","0.00","","Petroleum                                         ","0.00000",,"Petroleum","Federal","Other(See Case File)","UST","False","No Release",,"null",,"","",3960
95.014,"C",MM,1/6/1995,1/23/1995,True,"DOD/USAF/MMII Alpha-2 ","Ellsworth Air Force Base (EAFB)","Ash Creek Road",Billsburg,57553,Haakon,44.4072723,-101.93071,5,18,10,"","0.00","","Petroleum                                         ","0.00000",,"Petroleum","Federal","Other(See Case File)","UST","False","Spillage",,"null",,"","",3965
95.237,"NFA",KH,8/30/1995,1/12/2004,True,"Former Texaco - LUST Trust Emergency Action","Edna Joy","HWY 14",Midland,57552,Haakon,44.07406,-101.159454,,,,"","0.00","","petroleum                                         ","0.00000",,"Petroleum","Lust Trust","Commercial","UST","True","Leakage",,"null",,"","222,271",4188
96.258,"C",KM,9/6/1996,9/23/1996,True,"Odor Complaint - Senechl Hotel/Apts","Unknown","Senechl Hotel basement",Philip,57567,Haakon,44.03969,-101.664742,,,,"","0.00","","Sewer Gas","0.00000",,"Chemical","Other(See Case File)","Commercial","Operating System","False","No Release",,"null",,"","",4568
97.068,"NFA",JN,3/21/1997,2/26/2007,True,"Philip Standard - Tank Replacements","Philip Standard - Mark Paul Coyle","NE @ Highway 14 & 73",Philip,57567,Haakon,44.0456238,-101.666916,,,,"","0.00","","gasoline                                          ","0.00000",,"Petroleum","Other(See Case File)","Commercial","UST","True","Leakage",,"3177",,"","252",4756
97.139,"C",BM,5/8/1997,11/9/1998,True,"Transport Event","Golden Willow Seeds Incorporated","Highway 14, 9 miles E of Town",Philip,57567,Haakon,44.0516472,-101.481537,,,,"","0.00","","Diesel Fuel                                       ","50.00000",gallons,"Petroleum","Other(See Case File)","Other(See Case File)","Truck Tank","False","Leakage",,"null",,"","",4827
99.345,"C",BM,1/3/2000,2/1/2000,True,"Philip Tap - Transformer Spill","Basin Electric","10 miles N. of Philip",Philip,57567,Haakon,44.30423,-101.696014,4,20,15,"","0.00","","Transformer oil                                   ","25.00000",gallons,"Oil","Other(See Case File)","Commercial","Transformer","False","Damage",,"null",,"","230",5892
2000.306,"NFA",TF,9/15/2000,3/17/2003,True,"Farmers Union Oil - Former Tank Site","Midwest Cooperatives","300 East Cherry Street",Philip,57567,Haakon,44.0366974,-101.665085,1N,20E,13,"NE","0.00","","petroleum                                         ","0.00000",,"Petroleum","Other(See Case File)","Commercial","AST","True","Leakage",,"4277",,"","224,",6204
2000.375,"NFA",JF,12/26/2000,12/30/2005,True,"Fertilizer Spill","M&M Spraying","Philip Airport",Philip,57567,Haakon,44.0504951,-101.600143,,,,"","0.00","","fertilizer                                        ","200.00000",pounds,"Agri Chem","Other(See Case File)","Commercial","Bulk Chemical","False","Handling",,"null",,"","252",6273
2001.454,"C",KM,7/17/2001,10/30/2001,True,"ATP - Sampson Farm","Vern Sampson","Hwy  63, south of Midland",Midland,57552,Haakon,43.91058,-101.142883,,,,"","0.00","","Petroleum                                         ","0.00000",,"Petroleum","ATP","Agricultural","UST","False","Leakage",930,"4846",,"","207",6737
2001.459,"C",BM,10/24/2001,11/1/2001,True,"Heidler Truck Accident","John Heidler","Approx. 10 miles W of Hwy 34 & 73 Junction",Billsburg,57553,Haakon,44.4582138,-101.880524,,,,"","0.00","","Diesel Fuel                                       ","10.00000",gallons,"Petroleum","Other(See Case File)","Other(See Case File)","Truck Tank","False","Transport Accident",,"null",,"","203",6742
2001.782,"C",KM,8/20/2001,2/18/2002,True,"ATP - Pearson Property","Cheryl Pearson","405 Larimer Avenue",Philip,57567,Haakon,44.0441971,-101.667534,,,,"","0.00","","fuel oil                                          ","0.00000",,"Petroleum","ATP","Residential","UST","False","Spillage",1962,"5934",,"","207",7064
2001.850,"C",KM,1/28/2002,3/4/2002,True,"ATP - Daly Ranch","Mickey Daly","221 Street",Midland,57552,Haakon,44.2012749,-101.35817,3N,23E,21,"SW","0.00","","Petroleum                                         ","0.00000",,"Petroleum","ATP","Agricultural","UST","False","Leakage",1293,"5228",,"","207",7132
2001.851,"C",KM,1/28/2002,3/4/2002,True,"ATP - Trinity Lutheran Church","Trinity Lutheran Church","Corner of Pierre Street & Russell Avenue",Midland,57552,Haakon,44.07259,-101.1562,,,,"","0.00","","fuel oil                                          ","0.00000",,"Petroleum","ATP","Other(See Case File)","UST","False","Spillage",2018,"5971",,"","207",7133
2001.852,"C",KM,1/30/2002,3/4/2002,True,"ATP - Tolton Ranch","Kathleen Tolton","215 Street",Midland,57552,Haakon,44.28148,-101.234207,4N,24E,28,"NE","0.00","","Petroleum                                         ","0.00000",,"Petroleum","ATP","Agricultural","UST","False","Leakage",1569,"5515",,"","207",7134
2001.857,"C",KM,1/25/2002,3/4/2002,True,"ATP - Thompson Farm","Hazel Thompson","6 miles SE of Philip",Philip,57567,Haakon,43.9990425,-101.590363,1N,21E,33,"SE","0.00","","Petroleum                                         ","0.00000",,"Petroleum","ATP","Agricultural","UST","False","Spillage",1459,"5403",,"","207",7139
2001.858,"C",KM,1/30/2002,3/4/2002,True,"ATP - Haakon County School District 27-1","Haakon County School District","High School Avenue & May Street",Philip,57567,Haakon,44.0433426,-101.668953,,,,"","0.00","","fuel oil                                          ","0.00000",,"Petroleum","ATP","Public","UST","False","Leakage",1394,"5328",,"","207",7140
2001.859,"C",KM,1/30/2002,3/4/2002,True,"ATP - Moodie Implement","Rob Moodie","300 North Wray Avenue",Philip,57567,Haakon,44.0440025,-101.65612,,,,"","0.00","","Petroleum                                         ","0.00000",,"Petroleum","ATP","Commercial","UST","True","Spillage",1407,"5344",,"","207",7141
2001.861,"C",KM,1/25/2002,3/4/2002,True,"ATP - Staben Farm","Paul Staben","199 Street",Milesville,57553,Haakon,44.5173225,-101.61795,7N,21E,32,"SW","0.00","","Petroleum                                         ","0.00000",,"Petroleum","ATP","Agricultural","UST","False","Spillage",1905,"5873",,"","207",7143
2001.945,"C",KM,3/13/2002,5/10/2002,True,"ATP - Merkle's Station","Dennis Sinkey","NW corner, Main and Wakapala Street",Midland,57552,Haakon,44.07066,-101.153,1N,25E,6,"SE","0.00","","Petroleum                                         ","0.00000",,"Petroleum","ATP","Commercial","UST","True","Leakage",637,"4569",,"","208",7227
2001.946,"C",KM,3/12/2002,5/10/2002,True,"ATP - Stub by Joy / Farries Racing","Keith Farries","Highway 14",Midland,57552,Haakon,44.0738678,-101.159531,1N,25E,6,"SW","0.00","","gasoline                                          ","0.00000",,"Petroleum","ATP","Commercial","UST","True","Leakage",1103,"5341",,"","",7228
2002.004,"C",BM,1/11/2002,2/1/2002,True,"Troska Trucking - Transport Event","Troska Trucking Company","1 mile E. of Midland on Highway 14",Midland,57552,Haakon,44.078125,-101.147354,,,,"","0.00","","Diesel                                            ","100.00000",gallons,"Petroleum","Other(See Case File)","Other(See Case File)","Truck Tank","False","Transport Accident",,"6473",,"","198",7285
2003.214,"NFA",KH,12/2/2003,3/22/2005,True,"ATP - Post Office Site","Jen-Pear, Inc.","Wood Avenue and Pine Street",Philip,57567,Haakon,44.0391922,-101.662788,,,,"","0.00","","fuel oil                                          ","0.00000",,"Petroleum","ATP","Commercial","UST","False","Leakage",2751,"6712",,"","238,246",7861
2005.147,"NFA",KH,7/13/2005,1/17/2006,True,"ATP  -  Former SD DOT Shop","SD Department of Transportation  (SD DOT)","125 N. Stanley",Philip,57567,Haakon,44.04019,-101.674126,,,,"","0.00","","Diesel                                            ","0.00000",,"Petroleum","ATP","Public","UST","True","Leakage",2856,"6874",,"","244",10308
2008.161,"C",TK,8/12/2008,6/12/2009,True,"CHS Truck Accident at Lake Waggoner","Cenex Harvest States (CHS)","North of Philip on Highway 73 - at Grindstone Creek/Lake Waggoner Bridge",Philip,57567,Haakon,44.0822678,-101.667183,,,,"","0.00","","Diesel Fuel                                       ","150.00000",Gallons,"Petroleum","Surface Water","Other(See Case File)","Truck","False","Transport Accident",,"7311",,"","265,266",11253
2008.227,"C",RL,12/8/2008,5/12/2009,True,"Transformer Oil Spill @ WAPA Substation","Basin Electric Power Cooperative","221st Avenue (~1.25 miles N of Philip)",Philip,57567,Haakon,44.0834465,-101.686295,,,,"","0.00","","Transformer Oil Non-PCB                           ","0.00000",,"Oil","Federal","Other(See Case File)","Transformer","False","Leakage",,"null",,"","264",11329
2009.035,"C",RL,4/30/2009,5/15/2009,True,"Offloading Hose Spill @ MidWest Coop","CHS Inc. Transportation","Bulk Facility near 300 East Cherry",Philip,57567,Haakon,44.03686,-101.663986,,,,"","0.00","","Diesel                                            ","25.00000",gallons,"Petroleum","Other(See Case File)","Commercial","AST","True","Disconnected Hose ",,"7391",,"","264",11390
2010.167,"C",BM,8/9/2010,12/8/2010,True,"Midwest COOP - Valve Leak on Shuttle","Midwest COOP - Bob Fuller","300 E. Cherry Street",Philip,57567,Haakon,44.0379639,-101.6608,,,,"","0.00","","Glyphosate                                        ","50.00000",gallons,"Agri Chem","Other(See Case File)","Other(See Case File)","Portable Tank","False","Valve Leak",,"null",,"","278",11757
2010.228,"NFA",BM,10/8/2010,8/13/2012,True,"Rail Corridor Assessment - Canadian Pacific","Canadian Pacific Railroad","West Cherry Street @ rail",Philip,57567,Haakon,44.0372963,-101.66642,1N,20E,24,"","0.00","","Diesel                                            ","0.00000",,"Petroleum","Other(See Case File)","Industrial","Equipment","False","Leaks and Spills",,"7559",,"","287",11838
2011.045,"C",BM,3/29/2011,4/4/2011,True,"Transportation Spill","Winston Agneau","2 Miles N. of Midland on Hwy 14",Midland,57552,Haakon,44.0825424,-101.135178,,,,"","0.00","","Diesel Fuel                                       ","75.00000",gallons,"Petroleum","Other(See Case File)","Other(See Case File)","Truck Tank","False","Transport Accident",,"null",,"","279",11947
2011.175,"NFA",TF,10/18/2011,3/29/2012,True,"ATP - Neuhauser Property","Kevin Neuhauser","23817 192nd Street",Cherry Creek,57622,Haakon,44.61742,-101.331917,,,,"","0.00","","Gasoline                                          ","0.00000",,"Petroleum","ATP","Agricultural","UST","False","Leakage",3214,"7648",,"","284",12088
2012.187,"C",BM,9/8/2012,10/29/2012,True,"Tank Overfill at MidWest Bulk Site","MG Oil","311 E. Cherry",Philip,57567,Haakon,44.037365,-101.665115,,,,"","0.00","","Fuel Oil                                          ","25.00000",gallons,"Petroleum","Other(See Case File)","Commercial","AST","False","Overfill",,"7747",,"","288",12459
2013.039,"NFA",KN,3/26/2013,1/6/2014,True,"Glyphosate Spill - CHS/Midwest Coop","Midwest Coop / Cenex Harvest States (CHS)","300 E. Cherry",Philip,57567,Haakon,44.0375137,-101.6632,,,,"","0.00","","Glyphosate                                        ","400.00000",gallons,"Agri Chem","Other(See Case File)","Commercial","AST","False","Vandalism",,"null",13DD032604,"","295",12596
2018.002,"C",RL ,1/3/2018,1/22/2018,True,"Flooded Dry Fertilizer Building - MidWest Coop","MidWest Coop","300 East Cherry",Philip,57467,Haakon,44.0375061,-101.664665,,,,"null","null","null","Fertilizer                 ","null",,"Agri Chem","Other(See Case File)","Commercial","Bulk Chemical","False","Immersed  ",,"null",,"null","null",14175
2018.215,"NFA",JPA,11/28/2018,1/2/2019,True,"Philip LUST Investigation - Oak Street","unknown","Oak Street at Larimer",Philip,57567,Haakon,44.0382957,-101.665581,,,,"null","null","null","Petroleum                                         ","null",,"Petroleum","Lust Trust","Public","Unknown(See Case File)","False","Leaks and Spills",,"null",,"null","null",14408
2019.089,"C",PDM,6/6/2019,7/8/2019,True,"Roundup Release - Philip","CHS Inc.","300 East Cherry Street",Philip,57567,Haakon,44.03745,-101.663826,,,,"null","null","null","Roundup                                           ","41.55000",gallons,"Agri Chem","Other(See Case File)","Commercial","Tote","False","Spillage",,"null",19JK060602,"null","null",14524
2021.163,"O",JAM,10/9/2021,,True,"Roundup - Unsecured Tote","Jeff Lodahl","Highway 34, mile marker 150",Billsburg,57553,Haakon,44.4025879,-101.53009,,,,"null","null","null","Glyphosate                                        ","null",gallons,"Agri Chem","Other(See Case File)","Other(See Case File)","Tote","False","Unsecured",,"null",22JM100901,"null","null",15084
2022.017,"C",JAM,1/28/2022,3/4/2022,True,"Wheat in Bad River - Derailment","Rapid City, Pierre, and Eastern Railroad","Mile Post 560.38, near 218th Avenue",Philip,57567,Haakon,44.0342445,-101.673286,,,,"null","null","null","Wheat","100.00000",tons,"Other(See Case File)","Surface Water","Agricultural","Railcar","False","Derail",,"null",,"null","null",15157
2022.071,"C",NS ,5/6/2022,6/24/2022,True,"Brownfields - Vivian Hanson Subdivision","City of Philip","410 US Highway 14, Vivian Hanson Subdivision",Philip,57567,Haakon,44.04656,-101.6616,,,,"null","null","null","null","null",,"Other(See Case File)","Brownfields","Residential","Unknown(See Case File)","False","Unknown",,"null",,"null","null",15216
2022.099,"O",JAM,6/12/2022,,True,"Lake Waggoner - Diesel Release","Weston Engineering","Lake Wagner Road, SW side of Waggoner Lake",Philip,57567,Haakon,44.0745354,-101.653168,,,,"null","null","null","Diesel                                            ","35.00000",gallons,"Petroleum","Surface Water","Public","Drill Rig","False","Storm Event",,"null",,"null","null",15245
2022.217,"C",GK,12/30/2022,2/2/2023,True,"RCPE Diesel and Oil Midland","Rapid City, Pierre, & Eastern Railroad","505 SD-63",Midland,57552,Haakon,44.0686646,-101.162567,,,,"null","null","null","Diesel, Oil","250.00000",gallons,"Petroleum","Other(See Case File)","Industrial","Locomotive","False","Equipment Failure",,"null",,"null","null",15379
2023.062,"O",KN ,5/24/2023,,True,"CHS River Plains","CHS Inc.","300 East Cherry Street",Philip,57567,Haakon,44.03681,-101.664688,,,,"null","null","null","2,4-D                                             ","120.00000",gallons,"Agri Chem","Other(See Case File)","Commercial","Tote","False","Handling",,"null",,"null","null",15448
2024.026,"NFA",BLM,2/1/2024,2/16/2024,True,"Fuel Dispenser closure","CHS River Plains","300 E Cherry Street",Philip,57442,Haakon,44.0369568,-101.664139,,,,"null","null","null","Diesel, Gasoline                                  ","null",,"Petroleum","Other(See Case File)","Commercial","AST","True","Historical",,"null",,"null","null",15619
9999.093,"W",,,,True,"Withdrawn ATP - Parsons Property","Bart Parsons","Hardin Grove Road",Milesville,57553,Haakon,44.50285,-101.718864,6N,20E,4,"SW","0.00","","                                                  ","0.00000",,"Other(See Case File)","Withdrawn ATP","Other(See Case File)","Other(See Case File)","False","null",1359,"5292",,"","249",10751
9999.268,"W",,,,True,"Withdrawn ATP - Philip Health Services","Philip Health Services","503 West Pine",Philip,57567,Haakon,44.04009,-101.671806,,,,"null","null","null","null","null",,"Other(See Case File)","Withdrawn ATP","Other(See Case File)","UST","False","null",3529,"8183",,"null","null",14095
90060.000,"C",NS ,7/10/1990,6/2/2017,True,"1990 Tank Removal - Recorded June 2017","Ray Hanson","Hwy 14, NW at Hoag Avenue",Philip,57567,Haakon,44.0456047,-101.66465,,,,"null","null","null","null","null",,"Other(See Case File)","Clean Site","Commercial","UST","True","No Release",,"null",,"null","null",13998
91046.000,"C",RC,8/16/1991,8/16/1991,True,"Haakon County Auditor - Courthouse","Haakon County","Howard & Pine",Philip,57567,Haakon,44.0389557,-101.666542,,,,"","0.00","","                                                  ","0.00000",,"Other(See Case File)","Clean Site","Public","UST","False","No Release",,"null",,"","",8334
92018.000,"C",RC,6/8/1992,6/16/1992,True,"Department of Transportation (SD DOT)","SD Department of Transportation (SD DOT)","Shop, Hwy 73 - 11 miles N. of Philip",Philip,57567,Haakon,44.197258,-101.6677,,,,"","0.00","","                                                  ","0.00000",,"Other(See Case File)","Clean Site","Public","UST","True","No Release",,"2027",,"","",8381
93026.000,"C",RC,3/2/1993,3/22/1993,True,"U.S. West Radio Tower","U.S. West","East Grindstone Road",Philip,57567,Haakon,44.0370522,-101.783089,,,,"","0.00","","                                                  ","0.00000",,"Other(See Case File)","Clean Site","Other(See Case File)","UST","True","No Release",,"null",,"","",8472
93058.000,"C",RL ,9/29/1993,12/21/1994,True,"DOD/USAF/MMII Alpha 4  (recorded January 2017)","Ellsworth Air Force Base","Deadman Creek Road",Philip,57567,Haakon,44.263382,-101.848785,,,,"null","null","null","null","null",,"Other(See Case File)","Federal","Other(See Case File)","UST","False","No Release",,"null",,"null","null",13865
93064.000,"C",RL ,9/22/1993,12/21/1994,True,"DOD/USAF/MMII Charlie 1 (recorded Jan 2017)","Ellsworth Air Force Base","10 Mile Road",Philip,57567,Haakon,44.1836624,-101.702492,,,,"null","null","null","null","null",,"Other(See Case File)","Federal","Other(See Case File)","UST","True","No Release",,"null",,"null","null",13871
93065.000,"C",RL ,9/20/1993,12/21/1994,True,"DOD/USAF/MMII Charlie 2 (recorded Jan 2017)","Ellsworth Air Force Base","NW at Hwy 73 and Brooks Street",Billsburg,57567,Haakon,44.32919,-101.679039,,,,"null","null","null","null","null",,"Other(See Case File)","Federal","Other(See Case File)","UST","False","No Release",,"null",,"null","null",13872
93066.000,"C",RL ,9/27/1993,12/21/1994,True,"DOD/USAF/MMII Charlie 9 (recorded Jan 2017)","Ellsworth Air Force Base","Kelly Hill Road",Cottonwood,57567,Haakon,44.11132,-101.980568,,,,"null","null","null","null","null",,"Other(See Case File)","Federal","Other(See Case File)","UST","False","No Release",,"null",,"null","null",13874
93067.000,"C",RL ,10/6/1993,12/21/1994,True,"DOD/USAF/MMII Charlie 10 (recorded Jan 2017)","Ellsworth Air Force Base","SE at Deadman Creek Road and 10 Mile Road",Cottonwood,57567,Haakon,44.18004,-101.843269,,,,"null","null","null","null","null",,"Other(See Case File)","Federal","Other(See Case File)","UST","False","No Release",,"null",,"null","null",13875
93068.000,"C",RL ,9/22/1993,12/21/1994,True,"DOD/USAF/MMII Charlie 11 (recorded Jan 2017)","Ellsworth Air Force Base","SW at Hilland Road and 217 Avenue",Philip,57567,Haakon,44.28298,-101.749535,,,,"null","null","null","null","null",,"Other(See Case File)","Federal","Other(See Case File)","UST","False","No Release",,"null",,"null","null",13876
93073.000,"C",RL ,10/5/1993,12/21/1994,True,"DOD/USAF/MMII Echo 2 (recorded Jan 2017)","Ellsworth Air Force Base","Hwy 14",Philip,57567,Haakon,44.05639,-101.45089,,,,"null","null","null","null","null",,"Other(See Case File)","Federal","Other(See Case File)","UST","False","No Release",,"null",,"null","null",13884
2001750.000,"C",KM,1/10/2002,2/18/2002,True,"ATP - Slovek Oil (no tank found)","Glenn O'Connell","West Cherry Street & Park Avenue",Philip,57567,Haakon,44.03668,-101.6674,,,,"","0.00","","                                                  ","0.00000",,"Other(See Case File)","ATP","Commercial","UST","False","No Tank Found",1960,"5936",,"","204",9614
2001751.000,"C",KM,1/10/2002,2/18/2002,True,"ATP - Philip Standard (no tank found)","Mark Coyle","NE corner of  US 14 & SD 73",Philip,57567,Haakon,44.0456848,-101.66684,,,,"","0.00","","                                                  ","0.00000",,"Other(See Case File)","ATP","Commercial","UST","False","No Tank Found",1961,"5935",,"","",9615
2001837.000,"C",KM,1/29/2002,3/4/2002,True,"Clean ATP - Schofield Property","Terry & Linda Schofield","East Main Street",Midland,57552,Haakon,44.0701981,-101.151718,,,,"","0.00","","                                                  ","0.00000",,"Other(See Case File)","ATP","Commercial","UST","False","No Release",695,"4636",,"","205",9701
2001838.000,"C",KM,1/29/2002,3/4/2002,True,"Clean ATP- St. Williams Catholic Church","St. Williams Catholic Church","NW Corner Elm Avenue & Pierre Street",Midland,57552,Haakon,44.0730324,-101.160583,,,,"","0.00","","                                                  ","0.00000",,"Other(See Case File)","ATP","Other(See Case File)","UST","False","No Release",1964,"5932",,"","205",9702
2001839.000,"C",KM,1/28/2002,3/4/2002,True,"Clean ATP - Petoske Property","Clarence Petoske","NW of Hwy 14 & 63 intersection",Midland,57552,Haakon,44.0724831,-101.164246,5N,21E,5,"SW","0.00","","                                                  ","0.00000",,"Other(See Case File)","ATP","Residential","UST","True","No Release",1244,"5171",,"","205",9703
2001847.000,"C",KM,1/23/2002,3/4/2002,True,"Clean ATP - Griesel Farm","Jack Griesel","Rural Haakon County",Philip,57567,Haakon,44.27051,-101.866119,,,,"","0.00","","                                                  ","0.00000",,"Other(See Case File)","ATP","Agricultural","UST","False","No Release",1996,"5952",,"","205",9711
2001848.000,"C",KM,1/25/2002,3/4/2002,True,"Clean ATP - Parsons Property","Byron Parsons","3 mile NE of Milesville",Milesville,57553,Haakon,44.4845619,-101.599586,6,21,17,"NE","0.00","","                                                  ","0.00000",,"Other(See Case File)","ATP","Agricultural","UST","False","No Release",1947,"5896",,"","205",9712
2001849.000,"C",KM,1/25/2002,3/4/2002,True,"Clean ATP - Staben Farm","Jeffrey Staben","4 E and 4 N of Milesville",Milesville,57553,Haakon,44.5184021,-101.6001,7N,21E,32,"SE","0.00","","                                                  ","0.00000",,"Other(See Case File)","ATP","Agricultural","UST","False","No Release",582,"4508",,"","205",9713
2001850.000,"C",KM,1/25/2002,3/4/2002,True,"Clean ATP - Fitch Farm","Ed Fitch","Rural Milesville",Milesville,57553,Haakon,44.4221344,-101.618446,5N,21E,5,"SW","0.00","","                                                  ","0.00000",,"Other(See Case File)","ATP","Agricultural","UST","False","No Release",1371,"5304",,"","205",9714
2001851.000,"C",KM,1/25/2002,3/4/2002,True,"Clean ATP - Hamill Farm","Jason Hamill","Milesville Road",Milesville,57553,Haakon,44.46647,-101.679276,6,20,22,"E","0.00","","                                                  ","0.00000",,"Other(See Case File)","ATP","Agricultural","UST","False","No Release",1910,"5891",,"","205",9715
2002103.000,"C",KM,8/14/2002,10/23/2002,True,"Clean ATP - Stoeser Property #3","Gene Stoeser","196 Street",Cherry Creek,57622,Haakon,44.5603,-101.264206,7,24,,"","0.00","","                                                  ","0.00000",,"Other(See Case File)","ATP","Agricultural","UST","False","No Release",2312,"6283",,"","220",9966
2021009.000,"C",KF ,8/16/2021,8/18/2021,True,"Clean ATP - Philip Health Services","Philip Health Services","503 West Pine Street",Philip,57567,Haakon,44.0400848,-101.671829,,,,"null","null","null","null","null",,"Other(See Case File)","ATP","Commercial","UST","False","No Release",3716,"8183",,"null","null",15043
2022010.000,"C",JPA,8/15/2022,11/22/2022,True,"Clean ATP - Philip Health","Philip Health Services","503 West Pine Street",Philip,57567,Haakon,44.04007,-101.671829,,,,"null","null","null","null","null",,"Other(See Case File)","ATP","Public","UST","False","No Release",3775,"8635",,"null","null",15300