id,status,r1,date_rep,date_close,image,site_name,resp_party,street,city,zip_code,county,latitude,longitude,township,range,section,secq1,acreage,instctrls,material,amount,units,spill_cat,site_type,proptype,sor_type,regulated,cause_type,atp_no,prcfnumber,ag_no,solidwaste,microroll,siteid
83.061,"C",KH,12/19/1983,9/22/1995,True,"Petroleum Vapors - (see 92.002)","City of Gregory","Main Street between 4th & 5th",Gregory,57533,Gregory,43.2306328,-99.43079,,,,"","0.00","","Gasoline                                          ","0.00000",,"Petroleum","Other(See Case File)","Commercial","UST","True","Leakage",,"null",,"","289",165
87.033,"C",KM,5/1/1987,2/22/1993,True,"Rosebud Farmers Union - Line Leak (also 90.256)","Rosebud Farmers Union","Highway 18",Gregory,57533,Gregory,43.22677,-99.4330139,,,,"","0.00","","Diesel                                            ","100.00000",gallons,"Petroleum","Other(See Case File)","Commercial","UST","True","Line Leak",,"null",,"","234",498
89.043,"C",DM,4/14/1989,6/30/2000,True,"Rosebud Farmer's Union Cenex - Displaced Tank","Rosebud Farmer's Union Cenex","West Highway 18",Gregory,57533,Gregory,43.2263336,-99.4289856,97N,3W,13,"NW","0.00","","Fertilizer                                        ","20000.00000",gallons,"Agri Chem","Other(See Case File)","Commercial","AST","False","Line Leak",,"null",,"","",933
90.036,"C",BL,2/16/1990,4/6/1990,True,"City of Burke - Tank Leak","City of Burke","Main and 10th St @ City Pumphouse.",Burke,57523,Gregory,43.18014,-99.29266,,,,"","0.00","","Diesel, Gasoline                                  ","0.00000",,"Petroleum","Other(See Case File)","Public","UST","True","Leakage",,"0641",,"","",1271
90.054,"C",KM,3/5/1990,12/9/1991,True,"Farmers Elevator - Overturned Truck","Burke Farmers Elevator","7 mi. N. of Burke",Burke,57523,Gregory,43.2726364,-99.2674255,98N,71W,32,"NE","0.00","","Fertilizer                                        ","5000.00000",lbs,"Agri Chem","Other(See Case File)","Commercial","Transport Truck","False","Overturned",,"null",,"","",1289
90.078,"C",KH,4/2/1990,7/10/1995,True,"Cenex / Rosebud Farmer's Union","Cenex Service Center","Main and Randall",Fairfax,57335,Gregory,43.02767,-98.88773,95N,68W,21,"SE","0.00","","Gasoline                                          ","0.00000",,"Petroleum","Other(See Case File)","Commercial","UST","True","Corrosion",,"1001",,"","244",1313
90.111,"C",JF,3/27/1990,6/16/1999,True,"Former Hilltop Service Station (DOT Site)","Bill Cerny","DOT site E of Burke",Burke,57523,Gregory,43.1718636,-99.27892,,,,"","0.00","","Gasoline                                          ","0.00000",,"Petroleum","Other(See Case File)","Commercial","UST","True","Leaks and Spills",,"0201",,"","228",1346
90.256,"I",BL,6/25/1990,11/28/1994,True,"Rosebud Farmers Union - Line Leak","Rosebud Farmers Union","West Highway 18",Gregory,57533,Gregory,43.2264824,-99.43304,97N,73W,13,"NW","0.00","","Gasoline                                          ","1000.00000",gallons,"Petroleum","Other(See Case File)","Commercial","UST","True","Line Leak",,"1032",,"","228",1491
90.608,"C",DP,11/30/1990,10/29/1991,True,"D & L Roadside","Blomstrom Oil Co.","Highway 18",Burke,57523,Gregory,43.17804,-99.292244,,,,"","0.00","","Diesel, Gasoline                                  ","0.00000",,"Petroleum","Other(See Case File)","Commercial","UST","True","Corrosion",,"1270",,"","",1843
90.657,"C",DM ,10/22/1990,2/22/2017,True,"1990 Tank Removal - Recorded Feb 2017","Henry Hotz","8th & Washington",Burke,57523,Gregory,43.1826439,-99.2910156,,,,"null","null","null","Gasoline                                          ","null",,"Petroleum","Other(See Case File)","Commercial","UST","True","Spillage",,"null",,"null","null",13934
91.350,"NFA",NS,8/8/1991,6/11/2002,True,"Bonesteel School Bus Shed - Former Station Site","Bonesteel Fairfax School District","Hwy. 18",Bonesteel,57317,Gregory,43.0755653,-98.9511948,,,,"","0.00","","Petroleum                                         ","0.00000",,"Petroleum","Other(See Case File)","Public","UST","True","Leakage",,"1570",,"","195",2240
91.503,"C",TK,4/1/1991,10/21/1991,True,"D & L Roadside - Tank Overfill & Fire Event","Blomstrom Oil","Highway 18",Burke,57523,Gregory,43.17805,-99.29209,,,,"","0.00","","Gasoline                                          ","20.00000",galllons,"Petroleum","Other(See Case File)","Commercial","UST","True","Overfill",,"null",,"","",2393
91.610,"C",SH,12/19/1991,3/26/2003,True,"Tom's Amoco","Tom Cihak","West Highway 18",Gregory,57533,Gregory,43.227005,-99.43319,97N,73,13,"SW","0.00","","Petroleum                                         ","0.00000",,"Petroleum","Aquifer","Commercial","UST","True","Leaks and Spills",,"1940",,"","226, 234",2500
92.002,"NFA",DM,1/2/1992,7/2/2002,True,"M & C Service - Vapors at Law Office","William Janas","NW at 4th and Main",Gregory,57533,Gregory,43.2302,-99.43113,,,,"","0.00","","petroleum                                         ","0.00000",,"Petroleum","Other(See Case File)","Commercial","UST","True","Leakage",,"2040",,"","201,210",2592
92.022,"NFA",JF,1/28/1992,5/8/2008,True,"Gregory Investment Company","Gregory Investment Company","Highway 18",Gregory,57533,Gregory,43.227356,-99.43311,,,,"","0.00","","Liquid Fertilizer                                 ","100.00000",gallons,"Agri Chem","Other(See Case File)","Commercial","AST","False","Overfill",,"null",,"","257",2612
93.097,"C",JF,4/27/1993,6/11/2002,True,"Deffenbaugh Petroleum Odor (see 91.350)","Bonesteel Fairfax School District","Private Water Well",Bonesteel,57317,Gregory,43.0754433,-98.95035,,,,"","0.00","","Petroleum                                         ","0.00000",,"Petroleum","Other(See Case File)","Residential","Off Site Source","False","Leakage",,"null",,"","237",3112
94.378,"C",RC,11/10/1994,12/22/1994,True,"Dept of Trans (SD DOT) - UST Removal","SD Department of Transportation (SD DOT)","DOT Maintenance Shop",Bonesteel,57317,Gregory,43.0685234,-98.9409943,,,,"","0.00","","Petroleum                                         ","0.00000",,"Petroleum","Other(See Case File)","Public","UST","True","Leaks and Spills",,"2741",,"","",3913
95.243,"C",TK,9/6/1995,3/27/1996,True,"Boat Sank - Missouri River","SD Game Fish & Parks   (SD GF&P)","~3 miles S of  Platte/Winner Bridge",Lucas,57523,Gregory,43.34862,-99.09417,,,,"","0.00","","Petroleum                                         ","25.00000",gallons,"Petroleum","Source Water","Other(See Case File)","Boat","False","Immersed  ",,"null",,"","232",4194
96.201,"NFA",NS,6/24/1996,12/28/2006,True,"Rosebud Farmers Union","Rosebud Farmers Union","East Highway 18",Gregory,57533,Gregory,43.2257423,-99.42768,97N,73W,18,"NW","0.00","","Fertilizer                                        ","0.00000",,"Agri Chem","Other(See Case File)","Commercial","AST","False","Leakage",,"null",,"","247",4511
96.248,"NFA",KH,8/6/1996,1/28/2003,True,"Mr. G's - Site Assessment","Galyen Petroleum (tank owner)","US Highway 18",Gregory,57533,Gregory,43.22582,-99.43054,,,,"","0.00","","Petroleum                                         ","0.00000",,"Petroleum","Other(See Case File)","Commercial","UST","True","Leakage",,"3089",,"","223, 228",4558
97.114,"C",KM,4/22/1997,10/7/1999,True,"Marie Schultz Home - Overturned Tank","Marie Schultz","315 East 6th Street",Gregory,57533,Gregory,43.2320251,-99.42691,,,,"","0.00","","heating fuel                                      ","240.00000",gallons,"Petroleum","Other(See Case File)","Residential","AST","False","Overturned",,"3199",,"","",4802
97.156,"C",KM,5/15/1997,4/20/1998,True,"Liquid Fertilizer Spill","Cenex","Highway 18 West of Town",Burke,57523,Gregory,43.183506,-99.30318,,,,"","0.00","","Liquid Fertilizer                                 ","25.00000",gallons,"Agri Chem","Other(See Case File)","Other(See Case File)","Portable Tank","False","Open Valve",,"null",,"","",4844
97.171,"C",KM,5/21/1997,4/20/1998,True,"Mini-bulk Transport Event","Barry Routh","Hwy 18 & Main - downtown Gregory",Gregory,57533,Gregory,43.2252045,-99.42672,,,,"","0.00","","liquid fertilizer                                 ","600.00000",gallons,"Agri Chem","Other(See Case File)","Commercial","Tote","False","Failure",,"null",,"","",4859
97.329,"C",NS,9/29/1997,10/26/1998,True,"Herrick Station - Tank Removal","Jerry Spitzenberger","South side of Highway 18 at Herrick Turnoff",Herrick,57538,Gregory,43.12458,-99.18882,  96,71W,24,"NW","0.00","","gasoline                                          ","0.00000",,"Petroleum","Other(See Case File)","Commercial","UST","False","Dispenser Leak",,"3254",,"","",5017
98.261,"C",NS,9/21/1998,7/24/2000,True,"Green's Standard Station - Tank System Removal","Nikodym Oil Company - Roger Nikodym","Main and 10th Street",Burke,57523,Gregory,43.18055,-99.2919159,,,,"","0.00","","gasoline                                          ","0.00000",,"Petroleum","Other(See Case File)","Commercial","UST","True","Overfills/Spillage",,"2947",,"","",5369
98.275,"C",TF,9/29/1998,10/27/1998,True,"Tech Corner Station - Line Leak","Tech Corner Station - Darrell Tech","Old Highway 18",Saint Charles,57571,Gregory,43.0875,-99.09952,,,,"","0.00","","gasoline                                          ","0.00000",,"Petroleum","Other(See Case File)","Commercial","UST","True","Line Leak",,"3502",,"","",5383
99.261,"C",LAS,9/10/1999,7/11/2000,True,"Independent Oil Bulk Facility - Tank Overfill","Independent Oil","Highways 18 & 47",Gregory,57533,Gregory,43.2275963,-99.43597,,,,"","0.00","","gasoline                                          ","150.00000",gallons,"Petroleum","Other(See Case File)","Commercial","AST","True","Overfill",,"3835",,"","203",5808
2000.084,"NFA",MH,5/5/2000,5/29/2009,True,"Former Tall Pauls - Assessment","Tall Paul's / Gregory Independent Oil","NW @ Junction of Highways 18 & 47",Gregory,57533,Gregory,43.22752,-99.4361,97,73,,"","0.00","","Petroleum                                         ","0.00000",,"Petroleum","Aquifer","Commercial","AST","True","Leakage",,"3964",,"","264,267",5982
2000.327,"C",BM,10/16/2000,10/27/2000,True,"Gregory Hospital - Tank Removals","Gregory Hospital","400 Park Avenue",Gregory,57533,Gregory,43.22958,-99.43635,97N,73W,11,"SE","0.00","","Petroleum                                         ","0.00000",,"Petroleum","Other(See Case File)","Other(See Case File)","UST","False","Leakage",,"4195",,"","203",6225
2000.344,"C",MH,11/14/2000,7/3/2008,True,"Country Pride COOP (see 2006.109)","Country Pride COOP","Elevator Road & Turney Avenue",Fairfax,57335,Gregory,43.03148,-98.88753,95N,68W,21,"NE","0.00","","Liquid Fertilizer                                 ","7000.00000",gallons,"Agri Chem","Other(See Case File)","Commercial","AST","False","Leakage",,"null",01S111403,"","258",6242
2001.085,"C",BM,5/2/2001,10/29/2001,True,"Transport Spill","Jebro, Inc.","2 mi. W. of Bonesteel on N. side of Highway 18",Bonesteel,57317,Gregory,43.08161,-98.99179,,,,"","0.00","","Used Oil                                          ","819.00000",gallons,"Oil","Other(See Case File)","Other(See Case File)","Transport Trailer","False","Transport Accident",,"null",,"","203",6370
2001.155,"NFA",MSB,7/2/2001,7/8/2019,True,"The Flower Garden - LUST Trust","Gay Lynn Barry","702 Main Street",Gregory,57533,Gregory,43.2336235,-99.4309,,,,"","0.00","","petroleum                                         ","0.00000",,"Petroleum","Lust Trust","Commercial","UST","True","Leakage",430,"4364",,"","",6440
2001.156,"C",KM,7/2/2001,2/25/2002,True,"ATP - Jelinek Motors","Martha Jelinek","313 Main Street",Gregory,57533,Gregory,43.22945,-99.43054,,,,"","0.00","","waste oil                                         ","0.00000",,"Oil","ATP","Commercial","UST","True","Spillage",673,"4607",,"","207",6441
2001.157,"NFA",KM,7/2/2001,9/19/2002,True,"ATP - Dennis Vaughn Property","Dennis Vaughn","Railroad Right-of-Way",Dallas,57529,Gregory,43.24045,-99.51395,,,,"","0.00","","petroleum                                         ","0.00000",,"Petroleum","ATP","Commercial","UST","True","Corrosion",774,"4716",,"","219",6442
2001.158,"NFA",KM,7/2/2001,4/4/2003,True,"ATP - Fred Steppat Property","Fred Steppat","334 Ave",Gregory,57533,Gregory,43.0034,-99.49484,95N,73W,32,"SE","0.00","","gasoline                                          ","0.00000",,"Petroleum","ATP","Agricultural","UST","False","Corrosion",535,"5267",,"","217",6443
2001.159,"C",KM,7/2/2001,7/11/2001,True,"ATP - Vomacka Property","Frank Vomacka","Hwy 18",Gregory,57533,Gregory,43.2263374,-99.45941,97N,73W,15,"NE","0.00","","petroleum                                         ","0.00000",,"Petroleum","ATP","Agricultural","UST","False","Spillage",288,"4227",,"","207",6444
2001.160,"C",KM,7/2/2001,7/11/2001,True,"ATP - Gregory Community Hospital","R. G. Nemar","405 Whittecar Avenue",Gregory,57533,Gregory,43.2304,-99.4332352,,,,"","0.00","","fuel oil                                          ","0.00000",,"Petroleum","ATP","Other(See Case File)","UST","False","Spillage",878,"4790",,"","207",6445
2001.161,"C",KM,7/2/2001,7/11/2001,True,"ATP - Bonesteel-Fairfax School District #26-5","Bonesteel-Fairfax School","Randall Ave & Lake Road",Fairfax,57335,Gregory,43.02683,-98.88424,,,,"","0.00","","fuel oil                                          ","0.00000",,"Petroleum","ATP","Other(See Case File)","UST","False","Spillage",864,"4978",,"","207",6446
2001.162,"C",KM,7/2/2001,7/11/2001,True,"ATP - Ring Property","Edward & Vi Ring","521 East 6th Street",Gregory,57533,Gregory,43.23202,-99.42337,,,,"","0.00","","petroleum                                         ","0.00000",,"Petroleum","ATP","Residential","UST","False","Spillage",748,"4687",,"","207",6447
2001.163,"C",KM,7/2/2001,7/11/2001,True,"ATP - Kerner Property","Brad & Dean Kerner","303 Street",Gregory,57533,Gregory,43.0101929,-99.48054,95N,73W,28,"SE","0.00","","gasoline                                          ","0.00000",,"Petroleum","ATP","Agricultural","UST","False","Corrosion",868,"4973",,"","207",6448
2001.164,"C",KM,7/2/2001,7/11/2001,True,"ATP - Prat Brothers","Marvin Walth","NW at Randall Avenue and 2nd Street",Fairfax,57335,Gregory,43.0276451,-98.88752,,,,"","0.00","","gasoline                                          ","0.00000",,"Petroleum","ATP","Commercial","UST","True","Spillage",903,"4950",,"","207",6449
2001.165,"C",KM,7/2/2001,7/11/2001,True,"ATP - Dallas School","City of Dallas","Main Street & 4th Avenue",Dallas,57529,Gregory,43.2361259,-99.51795,,,,"","0.00","","fuel oil                                          ","0.00000",,"Petroleum","ATP","Public","UST","False","Spillage",1147,"5203",,"","207",6450
2001.166,"C",KM,7/2/2001,7/11/2001,True,"ATP - White's Garage","William A. White","Main Street / Herrick Avenue",Herrick,57538,Gregory,43.11504,-99.18728,,,,"","0.00","","gasoline                                          ","0.00000",,"Petroleum","ATP","Commercial","UST","True","Corrosion",1246,"5202",,"","207",6451
2001.167,"NFA",KM,7/2/2001,11/18/2002,True,"ATP - City of Gregory","Al Cerny","100 West 6th Street",Gregory,57533,Gregory,43.23253,-99.43179,,,,"","0.00","","petroleum                                         ","0.00000",,"Petroleum","ATP","Commercial","UST","True","Corrosion",12,"3955",,"","219",6452
2001.216,"C",KM,7/26/2001,2/25/2002,True,"ATP - Lloyd Baker Farm","Lloyd Baker","36363 303rd Street",Fairfax,57335,Gregory,43.0092926,-98.91072,,,,"","0.00","","diesel                                            ","0.00000",,"Petroleum","ATP","Agricultural","UST","False","Corrosion",1634,"5582",,"","207",6500
2001.790,"C",KM,11/5/2001,2/25/2002,True,"ATP - Juran Property","Mel Juran","3 miles West of Burke on Hwy 18",Burke,57523,Gregory,43.19747,-99.33707,,,,"","0.00","","fuel oil                                          ","0.00000",,"Petroleum","ATP","Residential","UST","False","Leakage",1978,"5893",,"","207",7072
2002.029,"C",KM,4/1/2002,5/29/2002,True,"Fire Event and Turkey Poisoning","LeRoy Smith","Rural Lucas",Lucas,57523,Gregory,43.3137627,-99.12458,,,,"","0.00","","Pesticide                                         ","0.00000",,"Agri Chem","Other(See Case File)","Agricultural","Supplies","False","Fire Event",,"null",02N032907,"","198, 225,",7310
2002.161,"C",KM,8/9/2002,11/6/2002,True,"County Highway Shop - Damaged Line","Gregory County Highway Department","County Highway Shop",Herrick,57538,Gregory,43.11492,-99.1823959,96N,71W,24,"SE","0.00","","diesel fuel                                       ","500.00000",gallons,"Petroleum","Other(See Case File)","Public","AST","True","Damage",,"null",,"","211,266",7442
2002.209,"C",KM,7/23/2002,10/31/2002,True,"ATP - Waterbury Farm","Robert Waterbury","294 Street",Burke,57523,Gregory,43.1406326,-99.26879,,,,"","0.00","","Petroleum                                         ","0.00000",,"Petroleum","ATP","Agricultural","UST","False","Spillage",2617,"6556",,"","219",7490
2002.212,"C",KM,7/22/2002,10/31/2002,True,"ATP - Former State Highway Shop","J. Harvey Glover","Elevator Road",Burke,57523,Gregory,43.1763878,-99.2862244,,,,"","0.00","","Petroleum                                         ","0.00000",,"Petroleum","ATP","Other(See Case File)","UST","True","Spillage",2619,"6558",,"","219",7493
2002.221,"NFA",KM,7/22/2002,1/17/2003,True,"ATP - Former Nobelle O'Neill Property","Brian & Kathy O'Connor","103 Georgia Drive",Gregory,57533,Gregory,43.2238121,-99.42725,,,,"","0.00","","fuel oil                                          ","0.00000",,"Petroleum","ATP","Residential","UST","False","Leakage",2599,"6537",,"","217",7502
2002.224,"NFA",KH,7/22/2002,5/7/2003,True,"ATP - Nebola Property","Edward Nebola","202 East 11th Street",Gregory,57533,Gregory,43.2381248,-99.42904,,,,"","0.00","","fuel oil                                          ","0.00000",,"Petroleum","ATP","Residential","UST","False","Leakage",2369,"6298",,"","217",7505
2003.153,"NFA",SH,9/16/2003,10/5/2010,True,"Mr. G's - Line Leak","Galyen Petroleum","Highway 18 - 123 S. Main St.",Gregory,57533,Gregory,43.2258644,-99.4305344,,,,"","0.00","","gasoline                                          ","0.00000",,"Petroleum","Other(See Case File)","Commercial","UST","True","Line Leak",,"6790",,"","",7800
2003.155,"NFA",JF,9/16/2003,8/26/2005,True,"Gregory Investment Group - SDDA Inspection","Gregory Investment Group - Paul Vanden Bosch","NW @ Highways 18 & 47",Gregory,57533,Gregory,43.2275238,-99.436264,,,,"","0.00","","fertilizer                                        ","0.00000",,"Agri Chem","Other(See Case File)","Commercial","Bulk Chemical","False","Handling",,"null",,"","242",7802
2004.058,"C",SH,4/19/2004,1/28/2008,True,"Mr. G's - Line Leak (see 2003.153)","Galyen Petroleum","Highway 18 - 123 S. Main St.",Gregory,57533,Gregory,43.225872,-99.43049,,,,"","0.00","","Gasohol                                           ","0.00000",,"Petroleum","Other(See Case File)","Commercial","UST","True","Leakage",,"6790",,"","255,266",7943
2006.040,"NFA",NS,4/7/2006,8/6/2007,True,"Bulk Facility Closure - Country Pride","Country Pride Coop","West 12th Street",Burke,57523,Gregory,43.17569,-99.28469,97N,71W,31,"SE","0.00","","Petroleum                                         ","0.00000",,"Petroleum","Other(See Case File)","Commercial","AST","True","Leakage",,"7056",,"","253",10478
2006.109,"NFA",MH,7/28/2006,1/24/2014,True,"Agri Chem Contamination - Fairfax","Country Pride Coop","Elevator Rd & Turney Ave",Fairfax,57335,Gregory,43.0314445,-98.88812,,,,"","0.00","","Agri Chem                                         ","0.00000",,"Agri Chem","Other(See Case File)","Commercial","Bulk Chemical","False","Handling",,"null",06N032913,"","295",10552
2006.110,"NFA",MH,7/28/2006,1/28/2011,True,"Agri Chem Contamination - Burke","Country Pride Coop","Country Pride Coop Facility - Hwy 18",Burke,57523,Gregory,43.1770325,-99.2857361,,,,"","0.00","","Agri Chem                                         ","0.00000",,"Agri Chem","Other(See Case File)","Commercial","Bulk Chemical","False","Handling",,"null",06N032912,"","277",10553
2006.155,"NFA",KH,10/5/2006,11/17/2006,True,"ATP - Mulehead Ranch","Joe Duling","28857 Mulehead Road",Bonesteel,57317,Gregory,43.2190247,-98.89479,,,,"","0.00","","Gasoline, Fuel Oil","0.00000",,"Petroleum","ATP","Agricultural","UST","False","Leakage",2956,"7080",,"","248",10599
2007.003,"NFA",RL,1/5/2007,4/16/2007,True,"Liquid Fertilizer Release","North Forty Ag","Field @ Hwy 47 & 280th Street",Gregory,57533,Gregory,43.3421669,-99.41867,98,73,1,"NE","0.00","","Liquid Fertilizer                                 ","340.00000",Gallons,"Agri Chem","Other(See Case File)","Agricultural","Sprayer","False","Open Valve",,"null",07N010502,"","252",10649
2007.142,"NFA",TF,9/20/2007,3/20/2017,True,"ATP - Gregory School","Gregory School District","707 Rosebud",Gregory,57533,Gregory,43.2341537,-99.4283142,,,,"","0.00","","Fuel Oil                                          ","0.00000",,"Petroleum","ATP","Public","UST","False","Leakage",2985,"7141",,"","",10989
2008.056,"NFA",NS,4/3/2008,4/3/2008,True,"Anonymous Complaint - Glover Property","J. Harvey Glover","NE corner of Hoover St & Hwy 18",Burke,57523,Gregory,43.17615,-99.286,,,,"","0.00","","Petroleum                                         ","0.00000",,"Other(See Case File)","Other(See Case File)","Commercial","AST","True","No Release",,"null",,"","256",11138
2008.077,"NFA",RL,5/7/2008,7/3/2008,True,"Fertilizer Spill - Johnson Property","Turnis Farm Supply","34605 284th Street",Lucas,57523,Gregory,43.2839661,-99.2562561,,,,"","0.00","","Liquid Fertilizer 10-34-0                         ","1250.00000",gallons,"Agri Chem","Other(See Case File)","Agricultural","AST","False","Tank Failure",,"null",08N050811,"","257",11160
2010.030,"NFA",JPA,3/17/2010,2/6/2014,True,"Fuel in Flooded Basement","Terry Gelsomino","34490 284th Street",Burke,57523,Gregory,43.2848969,-99.2778244,,,,"","0.00","","Diesel                                            ","0.00000",,"Petroleum","Other(See Case File)","Residential","Unknown(See Case File)","False","Unknown",,"7489",,"","296",11615
2011.047,"NFA",JPA,4/1/2011,6/29/2011,True,"Bonesteel Oil Company Site - Assessment","Jerry Spitzenberger","101 US Hwy 18",Bonesteel,57317,Gregory,43.07214,-98.94537,,,,"","0.00","","Gasoline                                          ","0.00000",,"Petroleum","Other(See Case File)","Commercial","UST","True","Dispenser Leak",,"7600",,"","280",11949
2011.076,"C",RL,5/13/2011,12/22/2011,True,"Tac Oil Spill","Border States Paving","NE corner of SD Hwy 44 & 47",Dixon,57529,Gregory,43.3863945,-99.43465,,,,"","0.00","","Tac Oil                                           ","500.00000",gallons,"Oil","Other(See Case File)","Other(See Case File)","AST","True","Overturned",,"null",,"","281",11985
2011.189,"C",BM,10/30/2011,12/16/2011,True,"Whetstone Creek - Complaint","Unknown","4 Miles N. and 2 /1/2 E. of Burke",Burke,57523,Gregory,43.2520943,-99.22957,71W,97N,3,"","0.00","","Unknown                                           ","0.00000",,"Other(See Case File)","Other(See Case File)","Agricultural","Off Site Source","False","Unknown",,"null",,"","281",12110
2012.114,"C",KM,6/11/2012,7/19/2012,True,"Tank Damage - Gregory Farmers Elevator","Gregory Farmers Elevator","NE of intersection at South Main & Hwy 18",Gregory,57533,Gregory,43.2265472,-99.4290848,,,,"","0.00","","Molasses (cattle feed)                            ","200.00000",gallons,"Other(See Case File)","Other(See Case File)","Commercial","AST","False","Damage",,"null",,"","287",12375
2012.245,"NFA",RL,12/11/2012,1/25/2013,True,"Transport Spill - Fischer Brothers","Fischer Brothers Feed & Trucking Inc.","NE at Hwy 18 and 351st Avenue",Herrick,57538,Gregory,43.1153831,-99.1581955,,,,"","0.00","","Liquid Fertilizer 10-34-0                         ","650.00000",gallons,"Agri Chem","Other(See Case File)","Other(See Case File)","Transport Trailer","False","Transport Accident",,"null",13N121101,"","289",12537
2013.224,"NFA",TF,10/9/2013,2/20/2014,True,"ATP - Unique Home Decor & More","Jason Jons","311 - 313 Mellette Street",Bonesteel,57317,Gregory,43.0768127,-98.94516,,,,"","0.00","","Fuel Oil                                          ","0.00000",,"Petroleum","ATP","Commercial","UST","False","Leakage",3351,"7867",,"","296",12800
2013.225,"C",TF,10/9/2013,1/16/2014,True,"ATP - American Legion","American Legion Post #36","317 Mellette Street",Bonesteel,57317,Gregory,43.07669,-98.94523,,,,"","0.00","","Fuel Oil                                          ","0.00000",,"Petroleum","ATP","Commercial","UST","False","Leakage",3348,"7864",,"","295",12802
2013.226,"C",TF,10/9/2013,1/17/2014,True,"ATP - Bonesteel Supper Club","John Ziebro","318 Mellette Street",Bonesteel,57317,Gregory,43.07644,-98.94411,,,,"","0.00","","Fuel Oil                                          ","0.00000",,"Petroleum","ATP","Commercial","UST","False","Leakage",3347,"7863",,"","295",12803
2013.227,"C",TF,10/9/2013,1/17/2014,True,"ATP - Gregory Auditorium","City of Gregory","222 Main Street",Gregory,57533,Gregory,43.2285423,-99.4304,,,,"","0.00","","Fuel Oil                                          ","0.00000",,"Petroleum","ATP","Commercial","UST","False","Leakage",3349,"7865",,"","295",12807
2014.130,"C",TK,6/24/2014,12/16/2014,True,"Tilt Tank Failure - Horn Farms","Country Pride Coop","34279  293rd Street",Burke,57523,Gregory,43.1512032,-99.32046,96,72,11,"NE","0.00","","Liquid Fertilizer 28%                             ","3000.00000",gallons,"Agri Chem","Other(See Case File)","Agricultural","Portable Tank","False","Tank Failure",,"null",14DK062403,"","298",13059
2015.064,"NFA",RL ,4/20/2015,6/3/2015,True,"Voltage Regulator Fire - Fort Randall Dam","US Army Corps of Engineers","S of Hwy 281/18, W of dam & powerhouse",Pickstown,57367,Gregory,43.06345,-98.5547943,,,,"null","null","null","Transformer Oil                                 ","null",,"Oil","Federal","Other(See Case File)","Transformer","False","Fire Event",,"null",,"null","300",13344
2015.107,"NFA",RL ,6/16/2015,11/10/2015,True,"Dumping Complaint - Gregory Airport","Mike Gunvordahl","Gregory Airport",Gregory,57533,Gregory,43.2221565,-99.40654,,,,"null","null","null","Agrichem Rinsate                                  ","30.00000",gallons,"Agri Chem","Other(See Case File)","Other(See Case File)","Aircraft Tanks","False","Handling",,"null",15SP061510,"null","301",13391
2016.131,"NFA",DM ,7/7/2016,7/21/2016,True,"UST System Removal - Gregory Airport","City of Gregory","Highway 18 East",Gregory,57533,Gregory,43.221344,-99.40635,,,,"null","null","null","Petroleum                                         ","null",,"Petroleum","Other(See Case File)","Other(See Case File)","UST","True","Line Leak",,"8214",,"null","null",13719
2018.065,"NFA",KN ,5/4/2018,9/29/2020,True,"Burkes One Stop","Burkes One Stop","1303 South Main Street",Burke,57523,Gregory,43.17809,-99.292305,,,,"null","null","null","Diesel                                            ","32.00000",Gallons,"Petroleum","Other(See Case File)","Commercial","UST","True","Operational Error",,"null",,"null","null",14244
2018.157,"NFA",MSB,8/27/2018,5/19/2020,True,"Tank System Removal - Runnings Store","DAR LLC / Runnings","115 Park Avenue",Gregory,57533,Gregory,43.2279663,-99.43476,,,,"null","null","null","Petroleum                                         ","null",,"Petroleum","Other(See Case File)","Commercial","UST","True","Leaks and Spills",,"8373",,"null","null",14343
2018.212,"C",RL ,11/20/2018,1/31/2019,True,"Equipment Fire at Old Fort Randall Dam Cemetery","Jeremy Thomas Contruction LLC","Hwy 18/281, S of Hwy approx 1 mile W of dam",Pickstown,57367,Gregory,43.0422134,-98.5702,,,,"null","null","null","Heat Transfer Fluid","50.00000",gallons,"Other(See Case File)","Other(See Case File)","Public","Equipment","False","Fire Event",,"null",,"null","null",14405
2022.001,"C",NS ,1/3/2022,3/7/2022,True,"Brownfields - Avera Gregory Hospital","Avera Gregory Hospital","400 Park Avenue",Gregory,57533,Gregory,43.2303734,-99.43584,,,,"null","null","null","Asbestos                                          ","null",,"Other(See Case File)","Brownfields","Public","Materials","False","Historical",,"null",,"null","null",15139
2022.086,"NFA",JAM,5/26/2022,12/12/2022,True,"Treated Seed Transportation Accident","CHS River Plains","Highway 47, near 282nd Street",Gregory,57533,Gregory,43.3137,-99.4351959,,,,"null","null","null","Treated Soybean seed","4800.00000",lbs,"Agri Chem","Other(See Case File)","Public","Transport Trailer","False","Transport Accident",,"null",22JM052610,"null","null",15231
2023.166,"O",MJP,11/15/2023,,True,"Brownfields - Clinic Building in Gregory","Saint Joseph Catholic Church","405 Whittecar Ave",Gregory,57533,Gregory,43.23035,-99.43271,,,,"null","null","null","Asbestos                                          ","null",,"Other(See Case File)","Brownfields","Public","Construction Materials","False","Past Practices",,"null",,"null","null",15565
2023.168,"O",MJP,11/15/2023,,True,"Brownfields - Burke Thrift Center","Community Memorial Hospital","801 Main Street",Burke,57523,Gregory,43.182106,-99.29399,,,,"null","null","null","Asbestos                                          ","null",,"Other(See Case File)","Brownfields","Public","Construction Materials","False","Past Practices",,"null",,"null","null",15567
2023.170,"O",MJP,11/15/2023,,True,"Brownfields - Former Avera Gregory Hospital","Avera McKennan Hospital","400 Park Ave",Gregory,57533,Gregory,43.23061,-99.43589,,,,"null","null","null","Asbestos                                          ","null",,"Other(See Case File)","Brownfields","Public","Construction Materials","False","Past Practices",,"null",,"null","null",15569
2024.078,"C",JAM,5/28/2024,6/21/2024,True,"Treated Soybean Release","Doug Johnson","282nd Street, 1/4 mi East of 346th Avenue",Burke,57523,Gregory,43.3135452,-99.25377,,,,"null","null","null","Treated Soybean seed","null",,"Agri Chem","Other(See Case File)","Agricultural","Trailer","False","Trailer tipped",,"null",,"null","null",15673
2024.079,"O",KN ,5/29/2024,,True,"CHS Dicamba","CHS Inc.","Near 295th St and Hwy 47",Burke,57523,Gregory,43.1292877,-99.29686,,,,"null","null","null","Dicamba","200.00000",gallons,"Agri Chem","Other(See Case File)","Public","Transport Trailer","False","Open Valve",,"null",,"null","null",15674
9999.181,"W",,,,True,"Withdrawn ATP - Gregory Oil","Gregory Independent Oil Company","Hwy 18 & 47",Gregory,57538,Gregory,43.22734,-99.43588,,,,"","0.00","","                                                  ","0.00000",,"Other(See Case File)","Withdrawn ATP","Commercial","Other(See Case File)","False","null",2802,"6798",,"","249",10841
9999.204,"W",,,,True,"Withdrawn ATP - Gelsomino Property","Terry Gelsomino","34490 284th Street",Burke,57723,Gregory,43.2849159,-99.27783,,,,"","0.00","","                                                  ","0.00000",,"Other(See Case File)","Withdrawn ATP","Residential","Other(See Case File)","False","null",3144,"7489",,"","279",11831
89010.000,"C",MV,7/20/1989,7/20/1989,True,"Rosebud Farmers Union","Rosebud Farmers Union","Hwy. 18",Gregory,57533,Gregory,43.22628,-99.43014,,,,"","0.00","","                                                  ","0.00000",,"Other(See Case File)","Clean Site","Other(See Case File)","AST","True","No Release",,"null",,"","",8222
89020.000,"C",MV,8/21/1989,8/21/1989,True,"U.S. West Communications Building","U.S. West Communications","8th Ave.",Burke,57523,Gregory,43.18232,-99.29321,,,,"","0.00","","                                                  ","0.00000",,"Other(See Case File)","Clean Site","Other(See Case File)","UST","False","No Release",,"null",,"","",8232
90056.000,"C",NS ,11/19/1990,12/16/2016,True,"1990 Tank Removals - Highway Department Yard","Gregory County","Elevator Road",Burke,57523,Gregory,43.17766,-99.2871857,,,,"null","null","null","null","null",,"Other(See Case File)","Clean Site","Other(See Case File)","UST","True","No Release",,"null",,"null","null",13840
95026.000,"C",KH,10/12/1995,10/12/1995,True,"Game, Fish, and Parks  (SD GF&P)","SD Game Fish and Parks  (SD GF&P)","Burke Lake Recreation Area",Burke,57523,Gregory,43.1820946,-99.25958,,,,"","0.00","","                                                  ","0.00000",,"Other(See Case File)","Clean Site","Public","UST","True","No Release",,"null",,"","",8586
98020.000,"C",CH,6/12/1998,6/26/1998,True,"Gregory County Highway Shop in Burke","Gregory County","County Highway Shop",Burke,57523,Gregory,43.17765,-99.2872543,97N,71W,31,"NW","0.00","","                                                  ","0.00000",,"Other(See Case File)","Clean Site","Public","UST","True","No Release",,"3401",,"","",8683
99033.000,"C",CH,7/16/1999,9/8/1999,True,"City of Bonesteel","City of Bonesteel","City Shop",Bonesteel,57317,Gregory,43.07899,-98.94431,,,,"","0.00","","                                                  ","0.00000",,"Other(See Case File)","Clean Site","Public","UST","True","No Release",,"null",,"","",8766
2001036.000,"C",KM,4/2/2001,7/9/2001,True,"Clean ATP - Gnirk Ranch","Robert Gnirk","Rural Herrick",Herrick,57538,Gregory,43.22852,-99.1027451,97N,70,10,"SE","0.00","","                                                  ","0.00000",,"Other(See Case File)","ATP","Agricultural","UST","False","No Release",879,"4793",,"","204",8900
2001037.000,"C",KM,4/4/2001,7/9/2001,True,"Clean ATP - Yager Property","Raymond Yager","Franklin and 8th Street",Burke,57523,Gregory,43.18277,-99.28842,,,,"","0.00","","                                                  ","0.00000",,"Other(See Case File)","ATP","Residential","UST","False","No Release",899,"4915",,"","204",8901
2001038.000,"C",KM,3/22/2001,7/9/2001,True,"Clean ATP - Klein Repair","Raymond Roggow","Mission Street",Lucas,57523,Gregory,43.28904,-99.2166748,98,71,23,"","0.00","","                                                  ","0.00000",,"Other(See Case File)","ATP","Commercial","UST","True","No Release",672,"4606",,"","204",8902
2001039.000,"C",KM,4/11/2001,7/9/2001,True,"Clean ATP - Bonesteel School","Bonesteel School","411 Birdsell Street",Bonesteel,57317,Gregory,43.0768929,-98.95137,,,,"","0.00","","                                                  ","0.00000",,"Other(See Case File)","ATP","Public","UST","False","No Release",863,"4977",,"","204",8903
2001040.000,"C",KM,1/11/2001,7/9/2001,True,"Clean ATP - Wischmann Honey Building","Tom and John Lillibridge","Franklin Street",Burke,57523,Gregory,43.18742,-99.2875443,,,,"","0.00","","                                                  ","0.00000",,"Other(See Case File)","ATP","Commercial","UST","True","No Release",465,"4404",,"","204",8904
2001041.000,"C",KM,4/9/2001,7/9/2001,True,"Clean ATP - Kerner Farm","Brad and Dean Kerner","Rural Gregory",Gregory,57533,Gregory,43.04009,-99.39756,95,72,18,"SE","0.00","","                                                  ","0.00000",,"Other(See Case File)","ATP","Agricultural","UST","False","No Release",867,"null",,"","204",8905
2001042.000,"C",KM,4/7/2001,7/9/2001,True,"Clean ATP - Former Reber's Store","Dale Reber","Highway 47, 13 miles South of Burke",Burke,57523,Gregory,42.9982872,-99.29716,,,,"","0.00","","                                                  ","0.00000",,"Other(See Case File)","ATP","Commercial","UST","True","No Release",871,"4970",,"","204",8906
2001043.000,"C",KM,3/29/2001,7/9/2001,True,"Clean ATP - Sperl Property","Robert Sperl","Lucas Hwy",Burke,57523,Gregory,43.29391,-99.23884,,,21,"","0.00","","                                                  ","0.00000",,"Other(See Case File)","ATP","Agricultural","UST","False","No Release",898,"4937",,"","204",8907
2001044.000,"C",KM,5/7/2001,7/9/2001,True,"Clean ATP - Keiser Property","Patricia Keiser","304 West 6th Street",Gregory,57533,Gregory,43.2325745,-99.43421,,,,"","0.00","","                                                  ","0.00000",,"Other(See Case File)","ATP","Residential","UST","False","No Release",1275,"5258",,"","204",8908
2001045.000,"C",KM,5/1/2001,7/9/2001,True,"Clean ATP - Hausmann Property","Robert Hausmann","1.5 miles N on 1806 (W side of road)",Bonesteel,57317,Gregory,43.1045876,-98.96355,,,,"","0.00","","                                                  ","0.00000",,"Other(See Case File)","ATP","Agricultural","UST","False","No Release",1187,"5094",,"","204",8909
2001046.000,"C",KM,3/31/2001,7/9/2001,True,"Clean ATP - Gnirk Property","Karla Gnirk","Turgeon Township",Herrick,57538,Gregory,43.22719,-99.09597,97N,70,11,"SW","0.00","","                                                  ","0.00000",,"Other(See Case File)","ATP","Agricultural","UST","False","No Release",869,"4972",,"","204",8910
2001047.000,"C",KM,5/29/2001,7/9/2001,True,"Clean ATP - Simon Garage","William White","8th Avenue",Herrick,57538,Gregory,43.11392,-99.18843,,,,"","0.00","","                                                  ","0.00000",,"Other(See Case File)","ATP","Commercial","UST","True","No Release",1148,"5508",,"","",8911
2001048.000,"C",KM,5/4/2001,7/9/2001,True,"Clean ATP- Charles Lyon & Sons Honey Farm","Charles Lyon","NE at 9th and Herrick",Herrick,57538,Gregory,43.1150475,-99.18959,,,,"","0.00","","                                                  ","0.00000",,"Other(See Case File)","ATP","Commercial","UST","True","No Release",1256,"5209",,"","205",8912
2001049.000,"C",KM,6/8/2001,7/9/2001,True,"Clean ATP - Tiebens Site","Marlin Berens","Herrick and Main Street",Herrick,57538,Gregory,43.1150131,-99.188446,,,,"","0.00","","                                                  ","0.00000",,"Other(See Case File)","ATP","Residential","UST","True","No Release",1279,"5268",,"","205",8913
2001050.000,"C",KM,4/10/2001,7/9/2001,True,"Clean ATP - Johnson Auto Repair","Suzette Johnson","126 West 7th Street",Burke,57523,Gregory,43.1836624,-99.29321,,,,"","0.00","","                                                  ","0.00000",,"Other(See Case File)","ATP","Commercial","UST","True","No Release",866,"4975",,"","204",8914
2001051.000,"C",KM,4/10/2001,7/9/2001,True,"Clean ATP - Dobesh Property","Norma Dobesh","342 Avenue",Burke,57523,Gregory,43.2064629,-99.3378143,,,,"","0.00","","                                                  ","0.00000",,"Other(See Case File)","ATP","Agricultural","UST","False","No Release",865,"4976",,"","204",8915
2001052.000,"C",KM,5/4/2001,7/9/2001,True,"ATP - Slaymaker Property (no tank found)","Paul and Carol Slaymaker","219 Whittecar Avenue",Gregory,57533,Gregory,43.2287178,-99.43345,,,,"","0.00","","                                                  ","0.00000",,"Other(See Case File)","ATP","Residential","UST","False","No Tank Found",1274,"5233",,"","249",8916
2001053.000,"C",KM,4/3/2001,7/9/2001,True,"ATP - Stanton Station (no tank found)","Marc Rolf","SE at Highway 18",Herrick,57538,Gregory,43.1242867,-99.1879654,,,,"","0.00","","                                                  ","0.00000",,"Other(See Case File)","ATP","Commercial","UST","False","No Tank Found",870,"4971",,"","204",8917
2001086.000,"C",KM,7/26/2001,8/1/2001,True,"Clean ATP - Kehn Store","Earl Emme","Main Street",Saint Charles,57571,Gregory,43.0868874,-99.09565,,,,"","0.00","","                                                  ","0.00000",,"Other(See Case File)","ATP","Commercial","UST","True","No Release",1311,"5223",,"","205",8950
2001103.000,"C",KM,7/26/2001,8/1/2001,True,"Clean ATP - Station / Shop","Ronald Bentson","First Avenue and Millette",Bonesteel,57317,Gregory,43.07542,-98.94489,,,,"","0.00","","                                                  ","0.00000",,"Other(See Case File)","ATP","Commercial","UST","True","No Release",1648,"5603",,"","205",8967
2001104.000,"C",KM,7/30/2001,8/2/2001,True,"Clean ATP - Milicek Property","Frank Milicek","101 Mildred Street",Bonesteel,57317,Gregory,43.0816269,-98.9511261,,,,"","0.00","","                                                  ","0.00000",,"Other(See Case File)","ATP","Residential","UST","False","No Release",1368,"5301",,"","205",8968
2001651.000,"C",KM,11/6/2001,2/18/2002,True,"Clean ATP - Kaupp Property","David Kaupp","RR 2 Box 125B",Gregory,57533,Gregory,43.0063324,-99.41149,,,,"","0.00","","                                                  ","0.00000",,"Other(See Case File)","ATP","Residential","UST","True","No Release",1991,"5930",,"","204",9515
2001734.000,"C",KM,11/5/2001,2/22/2002,True,"Clean ATP - Rajewich Farm","Dave Rajewich","Rajewich Farm",Gregory,57533,Gregory,43.2711563,-99.35501,,,,"","0.00","","                                                  ","0.00000",,"Other(See Case File)","ATP","Agricultural","UST","False","No Release",2145,"6102",,"","204",9598
2001748.000,"C",KM,11/5/2001,2/18/2002,True,"ATP - Knudsen Garage (no tank found)","Roger Knudsen","Main Street",Saint Charles,57571,Gregory,43.0866547,-99.09527,,,,"","0.00","","                                                  ","0.00000",,"Other(See Case File)","ATP","Commercial","UST","False","No Tank Found",1914,"5866",,"","204",9612
2001759.000,"C",KM,11/5/2001,2/18/2002,True,"Clean ATP - Young Property","Jeffry A. Young","1009 Franklin Street",Burke,57523,Gregory,43.1798439,-99.28838,,,,"","0.00","","                                                  ","0.00000",,"Other(See Case File)","ATP","Residential","UST","False","No Release",2230,"6166",,"","",9623
2001760.000,"C",KM,11/5/2001,2/22/2002,True,"Clean ATP - Faust Farm","Doug and Duane Tieszen","Hwy 1806",Lucas,57523,Gregory,43.3259621,-99.21706,98N,71W,11,"NW","0.00","","                                                  ","0.00000",,"Other(See Case File)","ATP","Agricultural","UST","False","No Release",1887,"5829",,"","204",9624
2002136.000,"C",KM,9/27/2002,10/25/2002,True,"Clean ATP - Hasche Property","Roy Hasche","346 East 7th Street",Burke,57523,Gregory,43.183857,-99.28821,,,,"","0.00","","                                                  ","0.00000",,"Other(See Case File)","ATP","Residential","UST","False","No Release",2366,"6294",,"","220",9999
2002138.000,"C",KM,9/27/2002,10/25/2002,True,"Clean ATP - Bonesteel-Fairfax School District #26-5","Bonesteel-Fairfax School District #26-5","Highway 18 and 1st Avenue",Bonesteel,57317,Gregory,43.0757828,-98.9511948,,,,"","0.00","","                                                  ","0.00000",,"Other(See Case File)","ATP","Public","UST","False","No Release",2618,"6557",,"","220",10001
2002139.000,"C",KM,9/27/2002,10/25/2002,True,"Clean ATP - Peterson Property","Jerry Peterson","617 Franklin",Burke,57523,Gregory,43.1841431,-99.28814,,,,"","0.00","","                                                  ","0.00000",,"Other(See Case File)","ATP","Residential","UST","False","No Release",2318,"6251",,"","220",10002
2002147.000,"C",KM,9/27/2002,10/25/2002,True,"ATP - Former Highway Service Station Site (no tanks found)","Leland Halverson","204 Aleta",Bonesteel,57317,Gregory,43.0820541,-98.94405,,,,"","0.00","","                                                  ","0.00000",,"Other(See Case File)","ATP","Commercial","UST","False","No Tank Found",2372,"6301",,"","220",10010
2012026.000,"C",TF,11/19/2012,11/30/2012,True,"Clean ATP - Gregory School District","Gregory School District","505 Logan Avenue",Gregory,57533,Gregory,43.2319145,-99.42281,,,,"","0.00","","                                                  ","0.00000",,"Other(See Case File)","ATP","Other(See Case File)","UST","False","No Release",3261,"7731",,"","289",12520
2013018.000,"C",TF,10/9/2013,1/9/2014,True,"Clean ATP - Bonesteel Enterprise","David Perlenfein","401 Mellette Street",Bonesteel,57317,Gregory,43.0760956,-98.94506,,,,"","0.00","","                                                  ","0.00000",,"Other(See Case File)","ATP","Commercial","UST","False","No Release",3350,"7866",,"","296",12801
2013019.000,"C",TF,10/9/2013,1/15/2014,True,"Clean ATP - Bonesteel DOT (SDDOT)","SD Department of Transportation (SDDOT)","17854 SD Hwy 20",Bonesteel,57317,Gregory,43.0685463,-98.94098,,,,"","0.00","","                                                  ","0.00000",,"Other(See Case File)","ATP","Other(See Case File)","UST","True","No Release",3276,"7761",,"","296",12804
2013021.000,"C",TF,10/9/2013,1/9/2014,True,"Clean ATP - Gregory American Legion","American Legion Post","223 Main Street",Gregory,57533,Gregory,43.22867,-99.43023,,,,"","0.00","","                                                  ","0.00000",,"Other(See Case File)","ATP","Commercial","UST","False","No Release",3360,"7875",,"","296",12806
2014016.000,"C",TF,10/8/2014,2/27/2015,True,"Clean ATP - Shaffer Property","Richard Shaffer","27144  333rd Avenue",Iona,57542,Gregory,43.46615,-99.50796,,,,"","0.00","","                                                  ","0.00000",,"Other(See Case File)","ATP","Other(See Case File)","UST","True","No Release",3422,"7971",,"","298",13154
2014017.000,"C",TF,10/22/2014,2/27/2015,True,"Clean ATP - Konechne Farm","Ron Konechne","35071 SD Hwy 1806",Burke,57523,Gregory,43.3253479,-99.16466,,,,"","0.00","","                                                  ","0.00000",,"Other(See Case File)","ATP","Other(See Case File)","UST","False","No Release",3432,"7977",,"","298",13164
2022014.000,"C",JPA,11/17/2022,12/19/2022,True,"Clean ATP - Wollman Property","Jeremy Wollman","409 Pettigren Street",Bonesteel,57317,Gregory,43.0755,-98.94517,,,,"null","null","null","null","null",,"Other(See Case File)","ATP","Residential","UST","False","No Release",3742,"8586",,"null","null",15348