id,status,r1,date_rep,date_close,image,site_name,resp_party,street,city,zip_code,county,latitude,longitude,township,range,section,secq1,acreage,instctrls,material,amount,units,spill_cat,site_type,proptype,sor_type,regulated,cause_type,atp_no,prcfnumber,ag_no,solidwaste,microroll,siteid
91.285,"C",KM,6/24/1991,6/26/1991,True,"Report of Radioactive Scrap Metal - via Rail","Unknown","Rail transit from Nucor Steel, Norfolk, NE",,,,42.5267563,-96.4795761,,,,"","0.00","","Radiological Scrap                                ","0.00000",,"Chemical","Other(See Case File)","Industrial","Salvage Inventory","False","Handling",,"null",,"","",2175
92.350,"C",KM,10/6/1992,10/6/1992,True,"Dead Sheep  (Iowa)","Unknown","Creek Bed -  Akron Iowa",Akron IA,51001,,42.83578,-96.54979,,,,"","0.00","","Agri Chem                                         ","0.00000",,"Other(See Case File)","Other(See Case File)","Other(See Case File)","Carcass","False","Handling",,"null",,"","",2940
2008.016,"C",BM,2/6/2008,2/28/2008,True,"Damaged Oil Tank","WalMart Stores, Inc.","3209 South Louise",Sioux Falls,57106,,43.5176735,-96.7738342,,,,"","0.00","","Waste Oil                                         ","10.00000",gallons,"Oil","Other(See Case File)","Commercial","AST","False","Damage",,"null",,"","256",11097
2019.233,"T",,,,,"TBD","","",,,,43.25828,-99.7132,,,,"null","null","null","","null",,"","","","","False","",,"",,"null","null",14699
9999.121,"W",,,,True,"Withdrawn ATP - Hawk Property","Patrick Hawk","309 4th Avenue W",Mobridge,57601,,45.5358849,-100.438736,,,,"","0.00","","                                                  ","0.00000",,"Other(See Case File)","Withdrawn ATP","Residential","Other(See Case File)","False","null",1762,"5722",,"","249",10780
9999.154,"W",,,,True,"Withdrawn ATP - Former Spafford Elementary","Flandreau School District","106 N Henry Street",Flandreau,57028,,44.04888,-96.5991058,,,,"","0.00","","                                                  ","0.00000",,"Other(See Case File)","Withdrawn ATP","Public","Other(See Case File)","False","null",2396,"6326",,"","249",10814
92082.000,"C",GS,1/5/1992,1/5/1992,True,"Black Hills National Cemetery","Fort Mead Medical Center","Black Hills National Cemetery",Sturgis,57785,,44.3708458,-103.47525,,,,"","0.00","","                                                  ","0.00000",,"Other(See Case File)","Clean Site","Other(See Case File)","UST","True","No Release",,"2341",,"","",8445
94057.000,"C",TK,9/30/1994,9/30/1994,True,"Former Little River Lumber Company","Continental Lumber Company","Former Little River Lumber Company (near I-90)",Piedmont,57769,,44.25387,-103.402626,,,,"","0.00","","                                                  ","0.00000",,"Other(See Case File)","Clean Site","Industrial","UST","True","No Release",,"2695",,"","",8560
96017.000,"C",JN,9/3/1996,6/24/1998,True,"Legrand Property","Robin Legrand","Outside of Lead",Lead,57754,,44.3453178,-103.779564,,,,"","0.00","","                                                  ","0.00000",,"Other(See Case File)","Clean Site","Residential","UST","True","No Release",,"null",,"","",8620
2022009.000,"O",   ,,,True,"TBD","TBD","",,,,44.90066,-97.10613,,,,"null","null","null","null","null",,"","","","","False","",,"null",,"null","null",15299
2024002.000,"O",,,,,"TBD","","",,,,0,0,,,,"null","null","null","","null",,"","","","","False","",,"null",,"null","null",15681