id,status,r1,date_rep,date_close,image,site_name,resp_party,street,city,zip_code,county,latitude,longitude,township,range,section,secq1,acreage,instctrls,material,amount,units,spill_cat,site_type,proptype,sor_type,regulated,cause_type,atp_no,prcfnumber,ag_no,solidwaste,microroll,siteid
83.004,"C",SH,1/21/1983,10/19/1998,True,"Hamlin County Coop - See 91.072","Hamlin County Coop","NE Corner, 1st Avenue and 1st Street",Hayti,57241,Hamlin,44.6592865,-97.20821,,,,"","0.00","","Gasoline                                          ","4150.00000",gallons,"Petroleum","Other(See Case File)","Commercial","AST","True","Leakage",,"null",,"","209",109
84.007,"C",TK,2/6/1984,7/14/1993,True,"Petroleum impacted water well","Richard Schwartz","2 mi W & 1.5 mi S",Estelline,57234,Hamlin,44.5488167,-96.94581,113N,51W,34,"","0.00","","Diesel                                            ","500.00000",gallons,"Petroleum","Source Water","Residential","AST","False","Leakage",,"null",,"","",178
84.047,"C",GH,6/5/1984,9/11/2003,True,"CERCLIS - City of Estelline - (see also, 89.083)","City of Estelline","Water Well No. 1 Pump House",Estelline,57234,Hamlin,44.5704041,-96.90476,113N,51W,24,"SE","0.00","","Pesticide Suspected                               ","0.00000",,"Agri Chem","CERCLIS","Public","Portable Tank","False","Spillage",,"null",,"","266",218
85.009,"C",LB,2/8/1985,6/30/2000,True,"Farmers Union Coop - Tank Valve Failure","Farmers Union Coop","SD Hwy. 28",Bryant,57221,Hamlin,44.59183,-97.4691849,,,,"","0.00","","Eradicane - Pesticide                             ","2000.00000",gallons,"Agri Chem","Other(See Case File)","Commercial","AST","False","Valve Leak",,"null",,"","259",277
87.028,"C",GH,4/16/1987,9/23/2003,True,"Hazel Farmers Elevator - Damaged Tank Valve","Hazel Farmers Elevator","Hazel Farmers Elevator",Hazel,57242,Hamlin,44.76031,-97.3760147,115N,55W,24,"NE","0.00","","Fertilizer                                        ","15000.00000",gallons,"Agri Chem","Other(See Case File)","Commercial","AST","False","Damage",,"null",,"","237",493
88.022,"C",DM,2/25/1988,2/15/1994,True,"Hazel Cenex - UST Removal","Hazel Development Corporation","NE at First and Williams",Hazel,57242,Hamlin,44.7595558,-97.37988,,,,"","0.00","","Petroleum                                         ","0.00000",,"Petroleum","Other(See Case File)","Commercial","UST","True","Leaks and Spills",,"0129",,"","259,261",626
89.083,"C",SH,5/10/1989,7/29/1994,True,"CERCLIS - Sumner Oil - (see also, 84.047)","Bob Sumner","SD Hwy. 28",Estelline,57234,Hamlin,44.5721855,-96.9088, 113,51W,26,"NE","0.00","","Pesticide                                         ","0.00000",,"Agri Chem","CERCLIS","Commercial","Containers","False","Spillage",,"null",,"","",972
89.096,"C",TK,5/20/1989,4/11/1995,True,"City of Hayti - Spray Tank Overfill","City of Hayti","Water Tower",Hayti,57241,Hamlin,44.6572723,-97.20423,,,,"","0.00","","Pesticide                                         ","10.00000",gallons,"Agri Chem","Other(See Case File)","Public","Spray Tank","False","Overfill",,"null",,"","237",985
89.205,"NFA",GH,8/21/1989,1/15/2010,True,"Estelline Community Oil","Estelline Community Oil","201 4th St. North (NW at 4th and Arthur )",Estelline,57234,Hamlin,44.5739326,-96.9012756,,,,"","0.00","","Gasoline                                          ","0.00000",,"Petroleum","Other(See Case File)","Residential","UST","True","Leakage",,"164",,"","271",1093
89.225,"M",MSB,9/7/1989,,True,"Estelline Community Oil at Castlewood - LUST Trust","Estelline Community Oil Co.","104 Main E.   (4th & Main)",Castlewood,57223,Hamlin,44.7229042,-97.02711,115,52,35,"","0.00","","Petroleum                                         ","0.00000",,"Petroleum","Other(See Case File)","Residential","UST","True","Leakage",,"145",,"","254",1113
89.228,"C",GH,9/5/1989,9/8/1992,True,"Estelline Community Oil - Tank Site Assessment","Estelline Community Oil","West Hwy. 28",Estelline,57234,Hamlin,44.5724,-96.91043,113N,51W,26,"NE","0.00","","Diesel, Gasoline                                  ","0.00000",,"Petroleum","Other(See Case File)","Commercial","AST","True","Leaks and Spills",,"242",,"","",1116
89.285,"C",GH,11/3/1989,12/15/1992,True,"Castlewood Farmers' Elevator - Tank Removal","Castlewood Farmers' Elevator","303 2nd Ave. S.",Castlewood,57223,Hamlin,44.72067,-97.03063,,,,"","0.00","","Gasoline                                          ","0.00000",,"Petroleum","Other(See Case File)","Commercial","UST","True","Leakage",,"0194",,"","",1173
89.306,"NFA",GH,11/27/1989,10/29/2003,True,"Former Creamery Garage Site - Tank Removal","Cliff Ruesink","W at Second Ave and Roy Street",Castlewood,57223,Hamlin,44.7195549,-97.0307846,,,,"","0.00","","Gasoline                                          ","0.00000",,"Petroleum","Other(See Case File)","Commercial","UST","True","Corrosion",,"197",,"","222,",1194
90.155,"C",KH,5/7/1990,6/14/1994,True,"Pier 81 - Tank Removals","Floyd Bronstad","Highway 81 / Lake Poinsett",Lake Norden,57248,Hamlin,44.5476,-97.1280746,,,,"","0.00","","Gasoline                                          ","0.00000",,"Petroleum","Other(See Case File)","Commercial","UST","True","Overfills/Spillage",,"0157",,"","259",1390
90.173,"NFA",SH,5/11/1990,2/21/2001,True,"Farmers Union Coop Site","Farmers Union Coop","Railway Street / Hill Street & Highway 28",Bryant,57221,Hamlin,44.5875053,-97.46802,113N,55W,17,"SW","0.00","","Gasoline                                          ","0.00000",,"Petroleum","Other(See Case File)","Commercial","UST & AST","True","Leaks and Spills",,"0206",,"","",1408
90.347,"NFA",SH,8/13/1990,3/19/2003,True,"Bryant Farmers Union Oil Co - Complaint","Farmers Union Coop","Hwy 28 & Railway / Hill Street",Bryant,57221,Hamlin,44.5875,-97.46802,113N,55W,17,"SW","0.00","","Pesticide                                         ","0.00000",,"Agri Chem","Other(See Case File)","Commercial","Bulk Chemical","False","Handling",,"null",,"","226",1582
90.505,"NFA",SH,10/15/1990,2/21/2001,True,"Farmers Union Coop","Farmers Union Coop","Bulk Site @ Railway & Hwy 28",Bryant,57221,Hamlin,44.5874863,-97.4679947,113N,54W,17,"SW","0.00","","Petroleum                                         ","0.00000",,"Petroleum","Other(See Case File)","Commercial","UST & AST","True","Leaks and Spills",,"1183",,"","",1740
90.534,"C",KM,10/23/1990,6/24/1991,True,"Davisco International Incorporated","Davisco International Incorporated","Highway 28 ~ 3 miles W of Lake Norden",Lake Norden,57248,Hamlin,44.58679,-97.2698,,,23,"NE","0.00","","Permeate solution                                 ","500.00000",gallons,"Other","Other(See Case File)","Industrial","Transport Truck","False","Overturned",,"null",,"","",1769
90.548,"C",KM,10/29/1990,9/30/1991,True,"Community Oil at Mack Property","Community Oil","Hwy 28,  1/2 mi. W. of Estelline",Estelline,57234,Hamlin,44.5723419,-96.91018,113N,51W,26,"NE","0.00","","Pesticide                                         ","0.00000",,"Agri Chem","Other(See Case File)","Other(See Case File)","Bulk Chemical","False","Runoff",,"null",,"","",1783
91.044,"NFA",KM,1/12/1991,1/13/2012,True,"Estelline Coop Grain - Fertilizer Runoff","Estelline Coop Grain","Railroad Property 1 block N. of Hwy. 28",Estelline,57234,Hamlin,44.5737534,-96.90482,,,,"","0.00","","Nitrates                                          ","0.00000",,"Agri Chem","Other(See Case File)","Commercial","Railcar","False","Handling",,"null",,"","215",1934
91.072,"NFA",SH,2/27/1991,5/5/2011,True,"Hamlin County Coop","Hamlin County Coop","NE @ 1st Ave & Redbird",Hayti,57241,Hamlin,44.65934,-97.2081,114N,53W,21,"SW","0.00","","Gasoline                                          ","28000.00000",gallons,"Petroleum","Aquifer","Commercial","AST","True","Leakage",,"1396",,"","",1962
91.210,"NFA",GH,4/23/1991,7/23/2003,True,"Mason's Sinclair (also 2000.203)","Evelyn Walraven","NW at 4th Avenue and Main",Castlewood,57223,Hamlin,44.7229347,-97.0270844,115N,52W,35,"SE","0.00","","Petroleum                                         ","0.00000",,"Petroleum","Other(See Case File)","Commercial","UST","True","Leakage",,"1487",,"","229",2100
91.322,"C",JF,7/17/1991,2/8/2000,True,"Kones Korner","Curt Carter","Hwy. 81 and Hwy. 22",Castlewood,57223,Hamlin,44.7314644,-97.1084442,115N,52W,30,"SE","0.00","","Petroleum                                         ","0.00000",,"Petroleum","Other(See Case File)","Residential","UST","True","Leaks and Spills",,"1552",,"","259, 259",2212
91.585,"C",SH,12/16/1991,1/7/1993,True,"Davisco International","Davisco International - Bob Schwartz","408 Dakota Street",Lake Norden,57248,Hamlin,44.5799637,-97.21112,,,,"","0.00","","Petroleum                                         ","0.00000",,"Petroleum","Other(See Case File)","Commercial","UST","True","Overfills/Spillage",,"1852",,"","",2475
91.636,"C",SH,12/19/1991,1/14/2003,True,"Davisco Storage Building UST Site","Davisco International","408 Dakota Street",Lake Norden,57248,Hamlin,44.5807571,-97.21092,,,,"","0.00","","Petroleum","0.00000",,"Petroleum","Other(See Case File)","Industrial","UST","True","Leakage",,"1959",,"","227",2526
95.056,"C",TK,3/23/1995,11/2/1995,True,"Pheasant Truck Line Transport Accident","Stanley Sowers","Hwy 28, 6 miles W of Estelline",Estelline,57234,Hamlin,44.57272,-97.0233841,,,,"","0.00","","Antifreeze, Engine Oil","2.00000",gallons,"Combined(See Case File)","Other(See Case File)","Other(See Case File)","Truck","False","Transport Accident",,"null",,"","",4007
95.063,"C",TK,3/28/1995,11/8/1995,True,"Bacteria bloom in sewer pond","Unknown","Sewer Treatment Pond",Lake Norden,57248,Hamlin,44.5738068,-97.2081757,,,,"","0.00","","Bacteria Bloom                                    ","0.00000",,"Other","Other(See Case File)","Public","Unknown(See Case File)","False","Unknown",,"null",,"","",4014
95.214,"C",TK,8/9/1995,3/28/1996,True,"Transport Accident - Semi vs Farm Tractor and Trailer","Ed Feyereisen","2 E of Castlewood on HWY 22",Castlewood,57223,Hamlin,44.7317924,-96.98609,,,,"","0.00","","Diesel Fuel                                       ","0.00000",,"Petroleum","Other(See Case File)","Other(See Case File)","Truck Tank","False","Transport Accident",,"null",,"","232",4165
95.217,"C",JA,8/18/1995,9/14/1995,True,"KRS Road Oil Spill","K.R.S. Transport","W of Hwy 81 & 28 Junction",Lake Norden,57248,Hamlin,44.60102,-97.12809,,,,"","0.00","","Hot Sealer                                        ","100.00000",gallons,"Oil","Other(See Case File)","Other(See Case File)","Transport Truck","False","Transport Accident",,"null",,"","237",4168
96.001,"C",TK,1/2/1996,2/28/1997,True,"Hamlin County Co-op","Hamlin County Co-op","Red Bird Avenue",Hayti,57241,Hamlin,44.6595345,-97.20824,,,,"","0.00","","Propane                                           ","3000.00000",gallons,"Chemical","Other(See Case File)","Commercial","AST","False","Equipment Failure",,"null",,"","",4311
96.068,"C",KH,3/28/1996,2/8/1999,True,"Dicks Standard - Tank Replacements","Gary Boettcher","213 East Main Street",Hayti,57241,Hamlin,44.6572266,-97.2067642,,,,"","0.00","","Gasoline                                          ","0.00000",,"Petroleum","Other(See Case File)","Commercial","UST","True","Spillage",,"3011",,"","",4378
96.208,"C",TK,7/19/1996,8/6/1996,True,"Estelline Community Oil","Estelline Community Oil","S Side of Highway 28 (W End of Chemical Bldg)",Estelline,57234,Hamlin,44.572403,-96.9099045,113N,52W,27,"NW","0.00","","Agri Chem                                         ","0.00000",,"Agri Chem","Other(See Case File)","Other(See Case File)","Spreader","False","Handling",,"null",,"","",4518
97.158,"C",KM,5/15/1997,10/15/1997,True,"Transport Event","Jerry Kiihl","4 mi East of  Highway 81 at Hayti Corner",Hayti,57241,Hamlin,44.659256,-97.05139,114N,52W,23,"","0.00","","Prowl                                             ","45.00000",,"Agri Chem","Other(See Case File)","Other(See Case File)","Sprayer","False","Overturned",,"null",,"","",4846
97.166,"C",KM,5/14/1997,4/20/1998,True,"Transport Event","Roger Fritz","Highway 22, 1.5 m W of town",Thomas,57242,Hamlin,44.76063,-97.24061,115N,53W,19,"N","0.00","","fertilizer                                        ","1000.00000",,"Agri Chem","Other(See Case File)","Other(See Case File)","Tote","False","Unsecured",,"null",,"","",4854
97.201,"NFA",NS,6/17/1997,4/21/2008,True,"Lake Norden Motor Co - Tank Replacements","Sheldon Koisti","S. Burlington Street, E of cheese plant",Lake Norden,57248,Hamlin,44.5799522,-97.20928,113N,53W,20,"NE","0.00","","Petroleum                                         ","0.00000",,"Petroleum","Other(See Case File)","Commercial","UST","True","Leakage",,"3240",,"","257",4889
97.333,"C",MP,10/8/1997,1/8/1998,True,"Transportation Accident - I29","Custom Transport, Ltd.","I-29, Mile Marker 167",Castlewood,57223,Hamlin,44.7709656,-96.91879,,,,"","0.00","","diesel fuel                                       ","200.00000",gallons,"Petroleum","Other(See Case File)","Other(See Case File)","Truck Tank","False","Overturned",,"null",,"","",5021
98.179,"C",LAS,7/21/1998,4/27/2000,True,"Davisco Plant","Davisco","408 Dakota Street",Lake Norden,57248,Hamlin,44.5795021,-97.21028,,,,"","0.00","","Nitric Acid                                       ","3000.00000",gallons,"Chemical","Other(See Case File)","Industrial","AST","True","Tank Failure",,"null",,"","203",5287
98.241,"NFA",TB,9/8/1998,7/2/2003,True,"Barton's Service - Tank System Replacement","Barton's Service - Bart Smith","Hill Street",Bryant,57221,Hamlin,44.590023,-97.46742,,,,"","0.00","","Gasoline                                          ","0.00000",,"Petroleum","Other(See Case File)","Commercial","UST","True","Leakage",,"3477",,"","229",5349
98.332,"C",SH,11/5/1998,8/9/2002,True,"Former S & L Service - Tank System Removal","Hayti Development Corp.","Main & First",Hayti,57241,Hamlin,44.6572266,-97.20832,,,,"","0.00","","Petroleum                                         ","0.00000",,"Petroleum","Aquifer","Commercial","UST","True","Spillage",,"3615",,"","211",5440
99.207,"C",BM,7/2/1999,7/9/1999,True,"Estelline Gas Pipeline Leak","Northwestern Public Service","Atmospheric Release",Estelline,57234,Hamlin,44.5772629,-96.90028,,,,"","0.00","","natural gas                                       ","0.00000",,"Chemical","Other(See Case File)","Other(See Case File)","Pipeline","False","Leakage",,"null",,"","",5754
2000.049,"C",BW,3/25/2000,12/18/2003,True,"Roger Smith Fertilizer Tank","Roger Smith","18267 441st Avenue",Hazel,57242,Hamlin,44.7366524,-97.39179,115N,55W,26,"SE","0.00","","Liquid Fertilizer                                 ","1000.00000",gallons,"Agri Chem","Other(See Case File)","Agricultural","AST","False","Corrosion",,"null",,"","227",5947
2000.077,"C",BM,4/27/2000,9/27/2002,True,"Five Ponds Lake Plane Crash","Unknown","Five Ponds Lake",Thomas,57241,Hamlin,44.7833328,-97.13333,,,,"","0.00","","Possible aviation fuel and oil                    ","0.00000",,"Petroleum","Surface Water","Other(See Case File)","Aircraft  ","False","Accident",,"null",,"","230",5975
2000.183,"C",TB,5/18/2000,6/19/2003,True,"Community Oil - 2,4-D Spill","Community Oil","East edge of Estelline on County Road off Highway 28",Estelline,57234,Hamlin,44.5737152,-96.90521,,,,"","0.00","","2,4-D Amine                                       ","95.00000",Gallons,"Agri Chem","Other(See Case File)","Agricultural","Tote","False","Unsecured",,"null",00PA051803,"","219",6081
2000.203,"NFA",GH,6/23/2000,7/23/2003,True,"Mason's Sinclair (also 91.210) Tank Removal","Evelyn Walraven","NW at Main St & 4th Ave",Castlewood,57223,Hamlin,44.72294,-97.02714,,,,"","0.00","","petroleum                                         ","0.00000",,"Petroleum","Other(See Case File)","Commercial","UST","True","Leakage",,"4057",,"","229",6101
2000.276,"C",TF,8/29/2000,8/23/2002,True,"Poinsett Colony Diesel Spill","Poinsett Colony","463rd Ave, 3.5 mi S. of Hwy. 22, E. side of road, in field",Castlewood,57223,Hamlin,44.67717,-96.94453,114N,51W,15,"SW","0.00","","Diesel                                            ","20.00000",gallons,"Petroleum","Other(See Case File)","Agricultural","Truck","False","Overturned",,"null",,"","224,",6174
2000.349,"C",BM,11/27/2000,10/26/2001,True,"Semi accident - Stewart Farms","Stewart Farms","I-29 MM 170 Northbound lane, right ditch",Castlewood,57223,Hamlin,44.8018875,-96.96151,115N,51W,4,"NW","0.00","","diesel fuel                                       ","100.00000",gallons,"Petroleum","Other(See Case File)","Other(See Case File)","Truck Tank","False","Transport Accident",,"null",,"","203",6247
2001.264,"C",DR,8/17/2001,11/21/2001,True,"Hamlin County - Road Oil Spill","Hamlin County Highway Department","SW at 450th Avenue and 188th Street",Hayti,57241,Hamlin,44.66157,-97.2097855,114N,53W,,"","0.00","","Road Oil                                          ","300.00000",gallons,"Oil","Other(See Case File)","Public","AST","False","Leakage",,"6709",,"","",6548
2001.303,"NFA",KM,6/27/2001,9/21/2001,True,"ATP - Dede Farm","Gerald Dede","44339 SD Highway 28",Bryant,57221,Hamlin,44.5841141,-97.34232,113N,54W,20,"NW","0.00","","Petroleum                                         ","0.00000",,"Petroleum","ATP","Agricultural","UST","False","Corrosion",620,"4550",,"","207",6587
2001.305,"C",KM,6/27/2001,2/25/2002,True,"ATP - Steever Oil","Dean L. Steever","Hill Street",Bryant,57221,Hamlin,44.59444,-97.46827,113N,55W,17,"SW","0.00","","Fuel Oil, Gasoline","0.00000",,"Petroleum","ATP","Commercial","UST","True","Leakage",645,"4578",,"","207",6589
2001.306,"C",KM,6/25/2001,9/21/2001,True,"ATP - Alsville Property","Jerry & Joseph Lawgenfeld","Jct US Hwy 81 & SD 28 West",Alsville,57248,Hamlin,44.5862236,-97.12767,,,,"","0.00","","Petroleum                                         ","0.00000",,"Petroleum","ATP","Agricultural","UST","True","Spillage",280,"4221",,"","207",6590
2001.307,"C",KM,6/25/2001,9/21/2001,True,"ATP - Knutson Farm","Larry Knutson","46168 195th Street",Estelline,57234,Hamlin,44.5587234,-96.97323,113N,51W,29,"SE","0.00","","Petroleum                                         ","0.00000",,"Petroleum","ATP","Agricultural","UST","False","Leakage",619,"4549",,"","207",6591
2001.308,"C",KM,6/26/2001,9/13/2001,True,"ATP - Hamlin County Courthouse","Hamlin County","300 4th Street",Hayti,57241,Hamlin,44.65716,-97.20329,,,,"","0.00","","Fuel Oil                                          ","0.00000",,"Petroleum","ATP","Public","UST","False","Spillage",275,"4213",,"","207",6592
2001.321,"NFA",KM,7/11/2001,2/28/2003,True,"ATP - Henry Leiseth Farm","Paul Leiseth","17959 443rd Avenue",Hazel,57242,Hamlin,44.7810364,-97.3512955,115N,54W,6,"SE","0.00","","Petroleum                                         ","0.00000",,"Petroleum","ATP","Agricultural","UST","False","Corrosion",657,"4593",,"","217",6605
2001.475,"NFA",KH,6/20/2001,6/5/2003,True,"ATP - Former Poinsett Resort","Terry Kallenberger,","334 South Lake Drive",Lake Norden,57248,Hamlin,44.5440254,-97.1221848,113N,52W,31,"SW","0.00","","petroleum                                         ","0.00000",,"Petroleum","ATP","Commercial","UST","True","Corrosion",825,"4768",,"","217",6758
2002.054,"C",TF,4/29/2002,7/17/2002,True,"Lake Norden "C' Store - Tank Overfill","Hamlin County Coop","721 N. Burlington Street",Lake Norden,57248,Hamlin,44.58588,-97.2102356,,,,"","0.00","","Ethanol gas                                       ","130.00000",gallons,"Petroleum","Other(See Case File)","Commercial","UST","True","Overfill",,"6578",,"","198",7335
2002.119,"C",KM,6/28/2002,8/23/2002,True,"ATP - WW Tire Service I","Wayne Weelborg","Main Street",Bryant,57221,Hamlin,44.5909,-97.4675,,,,"","0.00","","waste oil                                         ","0.00000",,"Oil","ATP","Commercial","UST","True","Spillage",2338,"6245",,"","208",7400
2002.121,"C",KM,6/28/2002,8/23/2002,True,"ATP - Bochek Farm","Dallas Bochek","18272 438th Avenue",Vienna,57271,Hamlin,44.7360954,-97.44991,115N,55W,28,"SW","0.00","","Petroleum                                         ","0.00000",,"Petroleum","ATP","Agricultural","UST","False","Spillage",2292,"6222",,"","208",7402
2002.140,"NFA",KM,6/28/2002,4/17/2003,True,"ATP - Fritz Farm","Roger Fritz","18103 447th Avenue",Hazel,57242,Hamlin,44.7599373,-97.26915,115N,54W,23,"NE","0.00","","Petroleum                                         ","0.00000",,"Petroleum","ATP","Agricultural","UST","False","Leakage",2537,"6467",,"","217",7421
2002.261,"C",BM,11/20/2002,12/6/2002,True,"Estelline Natural Gas leak","Phone Company Excavator","Alley between 4th Street N. & Eva Avenue",Estelline,57234,Hamlin,44.57737,-96.90169,,,,"","0.00","","Natural Gas                                       ","0.00000",,"Other(See Case File)","Other(See Case File)","Other(See Case File)","Operating System","False","Damage",,"null",,"","231",7542
2003.074,"C",BM,5/20/2003,5/27/2003,True,"County Highway Shop - Road Oil Spill","Kane Transport","County Shop",Hayti,57241,Hamlin,44.6586723,-97.19708,,,,"","0.00","","Road Oil                                          ","100.00000",gallons,"Oil","Other(See Case File)","Public","Transport Truck","False","Disconnected Hose ",,"null",,"","231",7721
2003.079,"C",KM,5/26/2003,5/29/2003,True,"Fertilizer Spill","Unknown","Hwy 28, .5 mile east of  455th Ave intersection",Lake Norden,57248,Hamlin,44.58662,-97.09737,,,,"","0.00","","fertilizer                                        ","0.00000",,"Agri Chem","Other(See Case File)","Other(See Case File)","Transport Trailer","False","Unknown",,"null",,"","219",7726
2003.083,"C",BM,5/27/2003,6/6/2003,True,"Fertilizer Spill","Unknown","Highway 28, 2 miles West of Stone Bridge",Lake Norden,57248,Hamlin,44.60111,-97.10395,,,,"","0.00","","dry fertilizer                                    ","0.00000",,"Agri Chem","Other(See Case File)","Other(See Case File)","Transport Truck","False","Unknown",,"null",,"","231",7730
2003.157,"C",LAS,9/25/2003,9/14/2004,True,"Mobile Concrete Site - Assessment","Oscar Bren","101 West Alice Street",Castlewood,57223,Hamlin,44.7239571,-97.03297,115N,52W,35,"SE","0.00","","Motor Oil                                         ","0.00000",,"Oil","Other(See Case File)","Commercial","Equipment","False","Leaks and Spills",,"null",,"","233",7804
2003.158,"C",SH,9/25/2003,7/15/2004,True,"Hamlin County CO-OP Fertilizer Spill","Hamlin County CO-OP","101 1st Street",Hayti,57241,Hamlin,44.6596375,-97.2084961,114N,53W,21,"SE","0.00","","dry fertilizer                                    ","20.00000",tons,"Agri Chem","Other(See Case File)","Commercial","Structure","False","Failure",,"null",,"","232",7805
2003.220,"C",RL,12/24/2003,8/9/2004,True,"C-Store - Tank Overfill","Hamlin County Farmer's Coop","721 North Burlington Street",Lake Norden,57248,Hamlin,44.5858955,-97.21026,,,,"","0.00","","gasoline                                          ","75.00000",gallons,"Petroleum","Other(See Case File)","Commercial","UST","True","Overfill",,"null",,"","233",7867
2005.224,"C",BM,11/30/2005,12/11/2006,True,"Transport Diesel Spill","J & H Trucking","Near MM 169 I-29 @ Stray Horse Creek bridge",Castlewood,57223,Hamlin,44.7876968,-96.94219,,,,"","0.00","","Diesel                                            ","150.00000",gallons,"Petroleum","Other(See Case File)","Other(See Case File)","Truck Tank","False","Transport Accident",,"7045",,"","248",10391
2006.020,"C",RL,2/19/2006,2/24/2006,True,"Davisco Milk Spill","Davisco","408 Dakota Street",Lake Norden,57248,Hamlin,44.5801163,-97.21159,,,,"","0.00","","Raw Milk                                          ","1000.00000",gal,"Other(See Case File)","Other(See Case File)","Industrial","AST","False","Tank Failure",,"null",,"","244",10457
2006.177,"C",RL,11/28/2006,3/21/2007,True,"Transport Accident - Diesel Spill","Transborder Logistics International","I-29, MM 165",Castlewood,57223,Hamlin,44.7501755,-96.8898544,,,,"","0.00","","Diesel                                            ","250.00000",Gallons,"Petroleum","Other(See Case File)","Other(See Case File)","Transportation","False","Transport Accident",,"7144",,"","252",10629
2007.060,"C",BM,5/14/2007,12/3/2007,True,"Liquid Fertilizer Spill","Bruce Wadsworth","4 mi. W. & 3 mi. N. of Hayti",Hayti,57241,Hamlin,44.7022,-97.28962,,,,"","0.00","","20% Liquid Nitrogen                               ","1000.00000",gallons,"Agri Chem","Other(See Case File)","Other(See Case File)","Portable Tank","False","Tank Failure",,"null",07PA051405,"","255",10900
2007.077,"C",TK,6/20/2007,8/7/2007,True,"Agrichem Spill - Unsecured Containers","Unknown","459th Avenue & 187th Street Intersection",Castlewood,57223,Hamlin,44.6739,-97.0269852,,,,"","0.00","","Lorsban                                           ","5.00000",gallons,"Agri Chem","Other(See Case File)","Other(See Case File)","Containers","False","Unsecured",,"null",,"","",10917
2007.093,"C",BM,7/7/2007,11/9/2007,True,"Giltner Transportation Accident","Giltner Milk Transport LLC","1/4 mi. E. of 442nd Ave. and Hwy 28",Lake Norden,57248,Hamlin,44.5869827,-97.36567,113N,54W,18,"","0.00","","Diesel                                            ","200.00000",gallons,"Petroleum","Other(See Case File)","Other(See Case File)","Truck Tank","False","Transport Accident",,"7207",,"","255",10938
2007.102,"C",TK,7/17/2007,8/31/2007,True,"Transport Spill","Cody Knapp","Hwy 81 & 194th Street",Alsville,57248,Hamlin,44.5720673,-97.1281,,,,"","0.00","","Diesel Fuel                                       ","250.00000",gallons,"Petroleum","Other(See Case File)","Other(See Case File)","Truck Tank","False","Transport Accident",,"7214",,"","254",10947
2008.101,"C",BM,6/6/2008,2/3/2010,True,"Fertilizer Release - Vandalism","Unknown","NE of 186th Street  & 457th Ave",Castlewood,57223,Hamlin,44.6919,-97.06279,,,,"","0.00","","Liquid Fertilizer 6-24-6","400.00000",gallons,"Agri Chem","Other(See Case File)","Agricultural","Equipment","False","Vandalism",,"null",08JW060903,"","271",11186
2008.118,"C",RL,6/30/2008,7/31/2008,True,"Tank Overfill","Lake Norden Cheese / Davisco Foods Int.","408 Dakota Street",Lake Norden,57248,Hamlin,44.5789566,-97.21032,,,,"","0.00","","Nitric Acid, Phosphoric Acid","55.00000",gallons,"Chemical","Other(See Case File)","Industrial","AST","False","Overfill",,"null",,"","258",11203
2009.006,"C",BM,1/27/2009,3/26/2009,True,"Lake Norden Coop C-Store - Nozzle Spill","Hamlin School District","721 N Burlington (Burlington & Hwy 28)",Lake Norden,57248,Hamlin,44.5858154,-97.21026,,,,"","0.00","","Diesel Fuel                                       ","30.00000",gallons,"Petroleum","Other(See Case File)","Commercial","UST","True","Unattended Nozzle",,"7362",,"","264",11361
2009.018,"C",TF,3/5/2009,12/22/2009,True,"Warrior 1 Stop - No Release","V. J. Julias","811 N. 2nd Ave.",Castlewood,57223,Hamlin,44.73119,-97.031044,,,,"","0.00","","Gasoline                                          ","0.00000",,"Petroleum","Other(See Case File)","Commercial","UST","True","No Release",,"7371",,"","271",11373
2009.039,"C",RL,5/4/2009,5/20/2009,True,"Transport - Urea Spill","Farmers Elevator Company","Burlington Street (between facility & Hwy 28)",Lake Norden,57248,Hamlin,44.5830841,-97.20916,,,,"","0.00","","Urea (dry fertilizer)                             ","1000.00000",lbs,"Agri Chem","Other(See Case File)","Commercial","Transport Trailer","False","Transport Accident",,"null",09PA050402,"","264,266",11394
2009.050,"C",KM,5/14/2009,8/4/2009,True,"Abandoned Drum - Hamlin County EM","Unknown","Junction 184th St & 466th Ave",Castlewood,57223,Hamlin,44.71778,-96.8847,,,,"","0.00","","Dairy Equipment Sanitizer                         ","0.00000",,"Chemical","Other(See Case File)","Agricultural","Drums","False","Unknown",,"null",,"","266",11405
2010.065,"NFA",BM,4/27/2010,5/10/2010,True,"Farmers Coop - Sprayer Overfill","Hamlin County Farmers CO-OP","103 First Street",Hayti,57241,Hamlin,44.65941,-97.2089157,114N,53W,21,"SW","0.00","","Harness                                           ","0.00000",,"Agri Chem","Other(See Case File)","Other(See Case File)","Sprayer","False","Overfill",,"null",,"","284",11650
2010.079,"NFA",DM,5/18/2010,12/1/2011,True,"Estelline Coop - LUST Trust","Unknown","109 State Avenue",Estelline,57234,Hamlin,44.57398,-96.90409,,,,"","0.00","","Petroleum                                         ","0.00000",,"Petroleum","Lust Trust","Industrial","Unknown(See Case File)","False","Unknown",,"7511",,"","281",11665
2011.021,"C",BM,2/13/2011,4/13/2012,True,"Highway Shop Building - Tank Leak","Hamlin County Highway Dept.","Hwy 22 & 1st Street",Hazel,57242,Hamlin,44.76029,-97.38054,,,,"","0.00","","Diesel Fuel                                       ","300.00000",gallons,"Petroleum","Other(See Case File)","Other(See Case File)","AST","True","Leakage",,"null",,"","284",11923
2011.038,"NFA",RL,3/21/2011,6/28/2011,True,"Tank Leak","Rock Arnold","18260 442nd Avenue",Hazel,57242,Hamlin,44.7373924,-97.3672943,,,,"","0.00","","Liquid Fertilizer 9/24/3                          ","2000.00000",gallons,"Agri Chem","Other(See Case File)","Agricultural","AST","False","Leakage",,"null",11TO32102,"","279",11940
2011.041,"C",TF,3/24/2011,2/23/2012,True,"Petroleum impacted sump water - LUST Trust","Unknown","103 North Oak",Castlewood,57223,Hamlin,44.7227554,-97.03396,,,,"","0.00","","Petroleum                                         ","0.00000",,"Petroleum","Lust Trust","Residential","Unknown(See Case File)","False","Unknown",,"null",,"","284,287,294",11943
2011.070,"C",KM,5/6/2011,6/24/2011,True,"Treated Corn Spill","Dallas Bochek","438 Avenue & 181 Street",Naples,57271,Hamlin,44.7607765,-97.45089,,,,"","0.00","","Treated Seed Corn","0.00000",,"Agri Chem","Other(See Case File)","Other(See Case File)","Equipment","False","Equipment Failure",,"null",11T050604,"","279",11972
2011.144,"NFA",RL,7/27/2011,8/23/2011,True,"Agrichem release along roadway ditch","Unknown","446 Avenue, between 186 & 188 Streets",Hayti,57241,Hamlin,44.6752968,-97.2890244,,,,"","0.00","","Herbicide                                         ","0.00000",,"Agri Chem","Other(See Case File)","Other(See Case File)","Sprayer","False","Handling",,"null",11T072811,"","281",12057
2012.193,"C",RL,9/19/2012,9/21/2012,True,"Truck Hose Failure - Estelline Coop Facility","CHS Transportation","NE at Maple and State Streets",Estelline,57234,Hamlin,44.5740128,-96.9042,,,,"","0.00","","Hydraulic Oil                                     ","15.00000",gallons,"Oil","Other(See Case File)","Commercial","Truck","False","Equipment Failure",,"null",,"","288",12465
2013.277,"C",KM,12/3/2013,7/22/2014,True,"Tank Overfill - Estelline Community Oil","Western Coop Transport","West Hwy 28 - Bulk Site",Estelline,57234,Hamlin,44.5723839,-96.91031,,,,"","0.00","","Diesel                                            ","1500.00000",gallons,"Petroleum","Other(See Case File)","Commercial","AST","True","Overfill",,"7900",,"","296",12875
2013.306,"C",TK,12/30/2013,1/24/2014,True,"Farmers Union Oil Company - Bulk Site","Mike Murphy Trucking","E. Edge of Town - S of Highway 28",Bryant,57221,Hamlin,44.58679,-97.46246,,,,"","0.00","","Anhydrous Ammonia                                 ","0.00000",,"Agri Chem","Other(See Case File)","Industrial","Transport Tank","False","Equipment Failure",,"null",,"","296",12922
2014.140,"C",RL ,7/1/2014,3/23/2015,True,"Truck Tank Overfill","Hamlin County Coop","101 Red Bird Avenue",Hayti,57241,Hamlin,44.6593475,-97.20744,,,,"","0.00","","Diesel Fuel                                       ","75.00000",gal,"Petroleum","Other(See Case File)","Commercial","AST","True","Overfill",,"7988",,"","299",13071
2014.229,"C",KM,10/23/2014,10/28/2014,True,"Diesel Spill Upon Hwy 81 Surfaces","Unknown","Hwy 81 beginning near SD 28 intersection.",Lake Norden,57248,Hamlin,44.5865021,-97.12815,,,,"","0.00","","Diesel                                            ","0.00000",,"Petroleum","Other(See Case File)","Other(See Case File)","Truck Tank","False","Damage",,"null",,"","298",13169
2015.035,"NFA",KF ,2/24/2015,4/14/2016,True,"Waste Water Spill - Davisco","Davisco Foods","408 Dakota Street (at clarifier)",Lake Norden,57248,Hamlin,44.5752678,-97.2096252,,,,"null","null","null","Wastewater                                        ","300.00000",gallons,"Other(See Case File)","Other(See Case File)","Industrial","Operating System","False","Equipment Failure",,"null",,"null","null",13311
2015.184,"C",RL ,9/15/2015,11/19/2015,True,"Transport Event - Overturned Truck at Waterway","Kris Bronson","451 Avenue, N of 189 Street intersection",Hayti,57256,Hamlin,44.6462975,-97.18839,,,,"null","null","null","Diesel                                            ","null",,"Petroleum","Other(See Case File)","Other(See Case File)","Transport Truck","False","Transport Accident",,"8147",,"null","301",13486
2015.185,"C",RL ,9/16/2015,9/18/2015,True,"Transport Event - Truck into Clear Lake","Richard Reints","Hwy 22 at 451st Avenue",Thomas,57241,Hamlin,44.7578239,-97.1877441,,,,"null","null","null","null","null",,"Unknown(See Case File)","Other(See Case File)","Other(See Case File)","Transport Truck","False","Accident",,"null",,"null","301",13487
2015.197,"C",JPA,9/17/2015,10/13/2015,True,"UST Closure - Farmers Union Coop","Farmers Union Coop","10 East William Street",Hazel,57242,Hamlin,44.7596245,-97.37978,,,,"null","null","null","Petroleum                                         ","null",,"Petroleum","Other(See Case File)","Commercial","UST","True","Spillage",,"8127",,"null","301",13500
2016.010,"NFA",KF ,1/19/2016,7/25/2016,True,"Process Water Release - Lake Norden Cheese","Davisco Foods / Lake Norden Cheese Plant","Facility (near Jay Headley Avenue)",Lake Norden,57248,Hamlin,44.57814,-97.21048,,,,"null","null","null","Process Water                                     ","1795.00000",gallons,"Other(See Case File)","Other(See Case File)","Industrial","Operating System","False","Equipment Failure",,"null",,"null","null",13593
2016.185,"C",RL ,10/11/2016,10/24/2016,True,"Anhydrous Release - Lake Norden Cheese Facility","Agropur Inc.","408 Dakota Street",Lake Norden,57248,Hamlin,44.5789871,-97.21088,,,,"null","null","null","Anhydrous Ammonia                                 ","500.00000",pounds,"Chemical","Other(See Case File)","Industrial","Operating System","False","Equipment Failure",,"null",,"null","null",13786
2017.023,"C",KN ,2/20/2017,5/3/2017,True,"Tank Overfill at Estelline Coop Bulk Site","Western Coop Transport Association","Hwy 28 West",Estelline,57234,Hamlin,44.5723648,-96.91032,,,,"null","null","null","E-10 Gasoline                                     ","null",,"Petroleum","Other(See Case File)","Commercial","AST","False","Overfill",,"8282",,"null","null",13932
2017.041,"NFA",GMS,4/5/2017,12/12/2017,True,"Unknown red substance in drainage water","Bryant Farmers Union Coop","from 207 S Railway St. through drainage to under Hwy 28",Bryant,57221,Hamlin,44.5870819,-97.46891,,,,"null","null","null","Unknown                                           ","null",,"Unknown(See Case File)","Other(See Case File)","Other(See Case File)","Unknown(See Case File)","False","Unknown",,"null",,"null","null",13959
2017.045,"NFA",JPA,4/11/2017,8/24/2020,True,"Bryant Farmers Union Coop Load Out","Farmers Union Coop","SD Hwy 28 and South Railway Street",Bryant,57221,Hamlin,44.5875,-97.46828,,,,"null","null","null","Diesel","25.00000",gallons,"Petroleum","Other(See Case File)","Commercial","AST","True","Leaks and Spills",,"8293",,"null","null",13963
2017.084,"NFA",RL ,6/9/2017,6/29/2017,True,"Agrichem leak upon roadway - Estelline Community Oil","Estelline Community Oil","189 Street between 460 and 465 Avenue",Dempster,57234,Hamlin,44.64502,-96.97626,,,,"null","null","null","Harness Xtra","15.00000",gallons,"Agri Chem","Other(See Case File)","Other(See Case File)","Tote","False","Equipment Failure",,"null",17HR060604,"null","null",14008
2017.168,"C",RL ,9/5/2017,9/25/2017,True,"Surfaced Drilling Mud - Horizontal Driller","Northern Natural Gas","NE at 187 Street and 436 Avenue",Vienna,57271,Hamlin,44.67714,-97.48539,,,,"null","null","null","Drilling Mud  ","40.00000",gallons,"Other(See Case File)","Other(See Case File)","Other(See Case File)","Horizontal Driller","False","Operational Error",,"null",,"null","null",14111
2018.046,"NFA",RL ,3/27/2018,5/10/2018,True,"Rodent Damage to Storage Pond - Agropur","Agropur Inc.","South at 408 Dakota Street",Lake Norden,57248,Hamlin,44.55165,-97.21777,,,,"null","null","null","Treated Water","10000.00000",gallons,"Other(See Case File)","Other(See Case File)","Industrial","Containment Pond","False","Damage",,"null",,"null","null",14224
2019.076,"C",GMS,5/5/2019,7/30/2019,True,"Agropur Sludge","Agropur","408 Dakota Street",Lake Norden,57248,Hamlin,44.57928,-97.2108154,,,,"null","null","null","Anaerobic Sludge","18000.00000",Gallons,"Other","Other(See Case File)","Industrial","AST","False","Equipment Failure",,"null",,"null","null",14509
2019.107,"C",JAM,6/26/2019,3/10/2021,True,"Overturned Semi-Midwest Ag Services","Midwest Ag Services","465th Avenue/1st Avenue",Estelline,57234,Hamlin,44.54554,-96.905014,,,,"null","null","null","Agri Chem, Diesel                             ","1000.00000",gallons,"Agri Chem","Other(See Case File)","Public","Transport Truck","False","Accident",,"null",19RG062603,"null","null",14543
2019.222,"C",JAM,12/9/2019,12/10/2019,True,"Lake Poinsett Milk Truck - No Release","Goeden Trucking LLC","459th Street and Highway 28",Estelline,57234,Hamlin,44.5958366,-97.03029,,,,"null","null","null","Milk                                              ","null",,"Other(See Case File)","Surface Water","Agricultural","No Release","False","Transport Accident",,"null",,"null","null",14670
2020.063,"C",BH,6/3/2020,8/24/2020,True,"Diesel Release Farmers Union Coop Oil","Farmers Union Coop Oil","102 West 6th Avenue and 309 Railway St",Bryant,57221,Hamlin,44.58757,-97.4682541,,,,"null","null","null","Diesel                                            ","50.00000",Gallons,"Other(See Case File)","Other(See Case File)","Other(See Case File)","AST","True","Pump Leak",,"8523",,"null","null",14754
2021.004,"C",JAM,1/9/2021,1/14/2021,True,"ATV in Lake Poinsett","ATV owner","168 SD Highway 28",Lake Norden,57248,Hamlin,44.6007233,-97.06313,,,,"null","null","null","Automotive fluids, Petroleum","null",,"Combined(See Case File)","Surface Water","Public","Vehicle","False","Accident",,"null",,"null","null",14908
2021.035,"C",JAM,3/10/2021,7/25/2022,True,"Semi in Slough - Lake Norden","Lance Trucking Inc. ","Highway 28, near 453rd Avenue",Lake Norden,57071,Hamlin,44.5863876,-97.15209,,,,"null","null","null","Automotive fluids, Petroleum","25.00000",gallons,"Petroleum","Surface Water","Public","Saddle Tank","False","Transport Accident",,"null",,"null","null",14943
2021.110,"NFA",GK,7/27/2021,9/7/2021,True,"Lake Norden - Oil for Dusting","Jared Smith","44840 194th Street",Lake Norden,57248,Hamlin,44.57225,-97.24124,,,,"null","null","null","Oil","25.00000",gallons,"Oil","Other(See Case File)","Public","Unknown(See Case File)","False","Dumping",,"null",,"null","null",15024
2022.090,"O",KN ,5/12/2022,,True,"Castlewood Storm Event","Ottertail Power ","Multiple Locations",Castlewood,57223,Hamlin,44.7316551,-97.02915,,,,"null","null","null","Transformer Oil Non-PCB                           ","40.00000",gallons,"Oil","Other(See Case File)","Residential","Transformer","False","Storm Event",,"null",,"null","null",15235
2023.005,"C",JAM,1/24/2023,5/31/2024,True,"Agropur Wastewater Release - Digester","Agropur","Burlington Street, 1/4 mi N of 194th Street",Lake Norden,57248,Hamlin,44.57459,-97.20931,,,,"null","null","null","Wastewater                                        ","20000.00000",gallons,"Other(See Case File)","Surface Water","Industrial","AST","False","Equipment Failure",,"null",,"null","null",15391
2023.054,"C",JAM,5/10/2023,12/13/2023,True,"Dry fertilizer in ditch","Estelline Coop Grain","corner of 465th Avenue and 188th Street",Estelline,57234,Hamlin,44.6595345,-96.90478,,,,"null","null","null","Dry Fertilizer                                    ","6.00000",tons,"Agri Chem","Other(See Case File)","Agricultural","Transport Trailer","False","Trailer tipped",,"null",23JM051004,"null","null",15440
2023.078,"O",MJP,5/23/2023,,True,"Bryant water complaint","Farmers Union Coop","102 6th Avenue West",Bryant,57221,Hamlin,44.589798,-97.47023,,,,"null","null","null","Agri Chem, Petroleum                      ","null",,"Combined(See Case File)","Surface Water","Commercial","Unknown(See Case File)","True","Unknown",,"null",,"null","null",15468
2023.090,"NFA",MSB,7/18/2023,5/7/2024,True,"UST Removal - Hamlin County Co Op","Hamlin County Cooperative","721 North Burlington",Lake Norden,57248,Hamlin,44.58591,-97.21032,,,,"null","null","null","Petroleum","null",,"Petroleum","Other(See Case File)","Commercial","UST","True","Leaks and Spills",,"8678",,"null","null",15481
2023.126,"O",JAM,9/20/2023,,True,"Bryant Northern Natural Gas Bentonite","Northern Natural Gas","Intersection of 191st and 437th ",Bryant,57221,Hamlin,44.6148376,-97.46819,,,,"null","null","null","Bentonite Clay                                    ","35.00000",Gallons,"Other","Other(See Case File)","Agricultural","Drill Rig","False","Pressure Spike",,"null",,"null","null",15520
2023.150,"C",MJP,10/19/2023,3/18/2024,True,"WW Tire Fire","WW Tire","204 Main Ave",Bryant,57221,Hamlin,44.5907822,-97.47008,,,,"null","null","null","Automotive Fluids                                 ","null",,"Oil","Other(See Case File)","Commercial","Truck","False","Fire Event",,"null",,"null","null",15548
2024.041,"C",MJP,3/13/2024,5/1/2024,True,"Drumgoon Digester Renewable Energy LLC","Drumgoon Digester Renewable Energy LLC","45449 190th St.",Lake Norden,57248,Hamlin,44.6277122,-97.1192,,,,"null","null","null","compressor oil                                    ","30.00000",gal,"Oil","Other(See Case File)","Agricultural","Equipment","False","Equipment Failure",,"null",,"null","null",15635
9999.110,"W",,,,True,"Withdrawn ATP - Derby Property","Randy Derby","307 5th Street N",Estelline,57234,Hamlin,44.5760269,-96.90022,,,,"","0.00","","                                                  ","0.00000",,"Other(See Case File)","Withdrawn ATP","Residential","Other(See Case File)","False","null",1567,"5513",,"","249",10768
91019.000,"C",DM,9/27/1991,9/27/1991,True,"Patrick Oil Company","Patrick Oil Company","Patrick Oil Company",Estelline,57234,Hamlin,44.57495,-96.90228,,,,"","0.00","","                                                  ","0.00000",,"Other(See Case File)","Clean Site","Commercial","Past Practices","True","No Release",,"525",,"","",8307
91039.000,"C",DM,9/3/1991,9/27/1991,True,"Patrick Oil Company - Abandoned Amoco Station","Patrick Oil Company","Main St. and Bell Ave.",Estelline,57234,Hamlin,44.5750122,-96.90229,,,,"","0.00","","                                                  ","0.00000",,"Other(See Case File)","Clean Site","Commercial","UST","True","No Release",,"518",,"","",8327
92063.000,"C",RC,6/22/1992,6/29/1992,True,"Dale's Sinclair Station","Dale Vohlken","State Avenue",Estelline,57234,Hamlin,44.57244,-96.9007339,,,,"","0.00","","                                                  ","0.00000",,"Other(See Case File)","Clean Site","Commercial","UST","True","No Release",,"1676",,"","",8426
93008.000,"C",TK,8/3/1993,9/29/1993,True,"JR Distributing Inc.","Rusty Antonen","Main Avenue",Lake Norden,57248,Hamlin,44.5806236,-97.210556,,,,"","0.00","","                                                  ","0.00000",,"Other(See Case File)","Clean Site","Commercial","UST","True","No Release",,"2446",,"","",8454
94015.000,"C",JA,4/11/1994,5/3/1994,True,"William McNamara - Station Site","William McNamara","NW at William and First Streets",Hazel,57242,Hamlin,44.7595329,-97.38019,,,,"","0.00","","                                                  ","0.00000",,"Other(See Case File)","Clean Site","Commercial","UST","True","No Release",,"null",,"","",8518
94029.000,"C",TK,6/28/1994,6/28/1994,True,"Estelline Tank Site @ Moose Crossing","Tom Martin","Estelline Tank Site",Estelline,57234,Hamlin,44.5724,-96.90104,,,,"","0.00","","                                                  ","0.00000",,"Other(See Case File)","Clean Site","Commercial","AST","True","No Release",,"null",,"","",8532
94051.000,"C",RC,11/15/1994,1/5/1995,True,"Department of Transportation (SD DOT)","SD Department of Transportation (SD DOT)","Maintenance Facility",Hayti,57241,Hamlin,44.6595268,-97.19714,114N,53W,21,"SE","0.00","","                                                  ","0.00000",,"Other(See Case File)","Clean Site","Public","UST","True","No Release",,"2618",,"","",8554
96011.000,"C",RC,7/18/1996,7/18/1996,False,"Midco TV Site","Midco TV of South Dakota","1 1/2 miles NW of Bryant",Bryant,57221,Hamlin,44.61039,-97.49271,,,,"","0.00","","                                                  ","0.00000",,"Other(See Case File)","Clean Site","Other(See Case File)","UST","True","No Release",,"3034",,"","",8614
97012.000,"C",RC,7/3/1997,10/23/1997,True,"Erickson's Gas-Groceries","Leona Erickson","Hwy 28",Bryant,57221,Hamlin,44.5871658,-97.46311,113N,55W,20,"NW","0.00","","                                                  ","0.00000",,"Other(See Case File)","Clean Site","Commercial","UST","True","No Release",,"3217",,"","",8640
97014.000,"C",RC,6/9/1997,7/23/1997,True,"SD DOT","SD Dept. of Transportation  (SD DOT)","Maintenance Shop",Hayti,57241,Hamlin,44.65954,-97.1970749,114N,53W,21,"SE","0.00","","                                                  ","0.00000",,"Other(See Case File)","Clean Site","Public","UST","True","No Release",,"null",,"","",8642
98038.000,"C",CH,10/26/1998,12/10/1998,True,"Geise Funeral Home","Geise Funeral - Orv Gedstad","Main Avenue",Lake Norden,57234,Hamlin,44.5810356,-97.20942,,,,"","0.00","","                                                  ","0.00000",,"Other(See Case File)","Clean Site","Commercial","UST","True","No Release",,"3516",,"","",8701
99036.000,"C",CH,7/23/1999,9/8/1999,True,"Estelline School","Estelline School District - Larry Saathoff","Estelline School",Estelline,57234,Hamlin,44.57699,-96.9,,,,"","0.00","","                                                  ","0.00000",,"Other(See Case File)","Clean Site","Public","UST","False","No Release",,"null",,"","",8769
2001182.000,"C",KM,7/12/2001,9/21/2001,True,"Clean ATP - Poelstra Property","Walter and Mavis Poelstra","307 Main Avenue",Hayti,57241,Hamlin,44.6573219,-97.20466,,,,"","0.00","","                                                  ","0.00000",,"Other(See Case File)","ATP","Residential","UST","False","No Release",1718,"5682",,"","205",9046
2001183.000,"C",KM,6/26/2001,9/21/2001,True,"Clean ATP - Barber Shop","John Yonker","201 Main",Hayti,57241,Hamlin,44.6572,-97.2064362,,,,"","0.00","","                                                  ","0.00000",,"Other(See Case File)","ATP","Commercial","UST","True","No Release",1001,"4873",,"","204",9047
2001184.000,"C",KM,6/26/2001,9/21/2001,True,"Clean ATP - Van Zee Property","Kevin and Lisa Van Zee","503 Palmquist",Hayti,57241,Hamlin,44.659977,-97.2019348,,,,"","0.00","","                                                  ","0.00000",,"Other(See Case File)","ATP","Residential","UST","False","No Release",1141,"4899",,"","204",9048
2001185.000,"C",KM,6/26/2001,9/24/2001,True,"Clean ATP - Ag. Stabilization and Conservation Office","Northeast Ed. Services Coop","Main Street",Hayti,57241,Hamlin,44.6574173,-97.20588,,,,"","0.00","","                                                  ","0.00000",,"Other(See Case File)","ATP","Commercial","UST","True","No Release",446,"4380",,"","204",9049
2001186.000,"C",KM,7/2/2001,9/21/2001,True,"Clean ATP - R.K. Bumper to Bumper","Randy Thompson","205 Arthur Avenue",Estelline,57234,Hamlin,44.5740738,-96.90353,,,,"","0.00","","                                                  ","0.00000",,"Other(See Case File)","ATP","Commercial","UST","True","No Release",34,"3953",,"","204",9050
2001187.000,"C",KM,7/11/2001,9/24/2001,True,"Clean ATP - Nielsen Farm","Ken and Connie Nielsen","44183 182nd Street",Hazel,57242,Hamlin,44.7455673,-97.3729,,,,"","0.00","","                                                  ","0.00000",,"Other(See Case File)","ATP","Agricultural","UST","False","No Release",554,"4484",,"","204",9051
2001188.000,"C",KM,7/11/2001,9/21/2001,True,"Clean ATP - Lois Rider Field Property","Lois Rider Field","43744 181st Street",Naples,57242,Hamlin,44.76129,-97.4622345,,,,"","0.00","","                                                  ","0.00000",,"Other(See Case File)","ATP","Agricultural","UST","False","No Release",1009,"5002",,"","204",9052
2001189.000,"C",KM,6/27/2001,9/24/2001,True,"Clean ATP - Old Apostolic Lutheran Church","Brian Miller","44484 194th Street",Lake Norden,57248,Hamlin,44.5728226,-97.3127441,,,,"","0.00","","                                                  ","0.00000",,"Other(See Case File)","ATP","Other(See Case File)","UST","False","No Release",1600,"5552",,"","205",9053
2001190.000,"C",KM,6/25/2001,9/21/2001,True,"Clean ATP - Carey Farm","Lee Carey","45642 SD Highway 28",Lake Norden,57248,Hamlin,44.58856,-97.1573944,,,,"","0.00","","                                                  ","0.00000",,"Other(See Case File)","ATP","Agricultural","UST","False","No Release",788,"4730",,"","204",9054
2001191.000,"C",KM,7/12/2001,9/21/2001,True,"Clean ATP - ASC Farms","Alton Koistiner","4 mi. S. & 1 mi. W. of Castlewood",Castlewood,57223,Hamlin,44.6596947,-97.04767,,,,"","0.00","","                                                  ","0.00000",,"Other(See Case File)","ATP","Agricultural","UST","False","No Release",824,"4769",,"","204",9055
2001192.000,"C",KM,7/12/2001,9/24/2001,True,"Clean ATP - West Property","Norman West","Lots 7&8, Block 64, Thomas Village",Thomas,57241,Hamlin,44.7621346,-97.2082748,,,,"","0.00","","                                                  ","0.00000",,"Other(See Case File)","ATP","Other(See Case File)","UST","True","No Release",1613,"5564",,"","205",9056
2001193.000,"C",KM,7/11/2001,9/21/2001,True,"Clean ATP - Smith Property","Bart Smith","106 Hill Street",Bryant,57221,Hamlin,44.5897255,-97.46706,,,,"","0.00","","                                                  ","0.00000",,"Other(See Case File)","ATP","Residential","UST","False","No Release",1717,"5678",,"","205",9057
2001289.000,"C",KM,6/26/2001,10/22/2001,True,"Clean ATP - Kasten Property","Jill Kasten","34 Main Street & Highway 21",Hayti,57241,Hamlin,44.6573372,-97.204155,,,,"","0.00","","                                                  ","0.00000",,"Other(See Case File)","ATP","Residential","UST","False","No Release",2187,"6123",,"","205",9153
2001292.000,"C",KM,3/12/2001,10/24/2001,True,"ATP - Raasch Property (no tank found)","Mark S. Raasch","18108 459th Avenue",Castlewood,57223,Hamlin,44.76,-97.02574,,,,"","0.00","","                                                  ","0.00000",,"Other(See Case File)","ATP","Residential","UST","False","No Tank Found",591,"4515",,"","204",9156
2001808.000,"C",KM,12/12/2001,2/22/2002,True,"Clean ATP - Bochek Property","Arthur Bochek","18342 438th Avenue",Hazel,57242,Hamlin,44.7262878,-97.44946,,,,"","0.00","","                                                  ","0.00000",,"Other(See Case File)","ATP","Agricultural","UST","False","No Release",1897,"5856",,"","205",9672
2002019.000,"C",KM,6/28/2002,8/23/2002,True,"Clean ATP - Mark Prouty Property","Mark Prouty","43992 185th Street",Hazel,57242,Hamlin,44.7036324,-97.4121552,,,,"","0.00","","                                                  ","0.00000",,"Other(See Case File)","ATP","Agricultural","UST","False","No Release",2539,"6471",,"","206",9882
2002020.000,"C",KM,6/28/2002,8/23/2002,True,"Clean ATP - Dan Koistinen Property","Dan Koistinen","19587 446th Avenue",Lake Norden,57248,Hamlin,44.5453377,-97.29357,,,34,"","0.00","","                                                  ","0.00000",,"Other(See Case File)","ATP","Agricultural","UST","False","No Release",2457,"6384",,"","206",9883
2002022.000,"C",KM,6/28/2002,8/23/2002,True,"Clean ATP - Harold Loomis Property","Harold Loomis","46291 190th Street",Dempster,57234,Hamlin,44.629818,-96.94728,,,,"","0.00","","                                                  ","0.00000",,"Other(See Case File)","ATP","Agricultural","UST","False","No Release",2176,"6112",,"","206",9885
2002023.000,"C",KM,6/28/2002,8/23/2002,True,"Clean ATP - Ray Remmer (deceased) Property","Carlos Abraham","17803 Mustang Avenue  ",Hazel,57242,Hamlin,44.7897148,-97.3794556,,,,"","0.00","","                                                  ","0.00000",,"Other(See Case File)","ATP","Agricultural","UST","False","No Release",2331,"6274",,"","206",9886
2002024.000,"C",KM,6/28/2002,8/23/2002,True,"Clean ATP - Terry Strohfus Property","Terry Strohfus","18090 447th Avenue",Hazel,57242,Hamlin,44.7620163,-97.2684555,,,,"","0.00","","                                                  ","0.00000",,"Other(See Case File)","ATP","Residential","UST","False","No Release",1008,"5003",,"","",9887
2002025.000,"C",KM,6/28/2002,8/23/2002,True,"Clean ATP - Nick Ruhr Property","Theodore Ruhr","46144 180th Street",Castlewood,57223,Hamlin,44.7754326,-96.97666,,,,"","0.00","","                                                  ","0.00000",,"Other(See Case File)","ATP","Agricultural","UST","False","No Release",2168,"6093",,"","206",9888
2002093.000,"C",KM,6/28/2002,8/23/2002,True,"ATP - Colberg Auto (no tank found)","Jesse Kreger","Main Street",Estelline,57234,Hamlin,44.57288,-96.90225,,,,"","0.00","","                                                  ","0.00000",,"Other(See Case File)","ATP","Commercial","UST","False","No Tank Found",1869,"5832",,"","",9956
2002095.000,"W",KM,,,True,"ATP (withdrawn application) - Hazel School","Matt Kopman","SE at Lafayette & 3rd",Hazel,57242,Hamlin,44.7580376,-97.3828,,,,"","0.00","","                                                  ","0.00000",,"Other(See Case File)","Withdrawn ATP","Public","Other(See Case File)","False","No Release",2356,"6237",,"","249",9958
2002196.000,"C",KM,8/28/2002,2/10/2003,True,"Clean ATP - Corey Property","Richard & Robert Corey","19542 440th Avenue",Bryant,57221,Hamlin,44.5520554,-97.4092255,,,,"","0.00","","                                                  ","0.00000",,"Other(See Case File)","ATP","Agricultural","UST","False","No Release",2554,"6484",,"","220",10055
2002200.000,"C",KM,8/27/2002,2/10/2003,True,"Clean ATP - Saint John's Catholic Church","Saint John's Catholic Church","2nd Avenue and Merrill Street",Castlewood,57223,Hamlin,44.7214127,-97.0299,,,,"","0.00","","                                                  ","0.00000",,"Other(See Case File)","ATP","Other(See Case File)","UST","False","No Release",2608,"6547",,"","",10059
2002201.000,"C",KM,8/29/2002,2/10/2003,True,"Clean ATP - Rider Property","Earl Rider - New Owners: Glenn & Lois Rogers","17993 439th Avenue",Hazel,57242,Hamlin,44.7764435,-97.43137,,,,"","0.00","","                                                  ","0.00000",,"Other(See Case File)","ATP","Residential","UST","False","No Release",2566,"6491",,"","",10060
2002262.000,"C",KM,2/4/2003,6/20/2003,True,"Clean ATP - Roberta Johnson Farm","Roberta Johnson","Rural Bryant",Bryant,57221,Hamlin,44.5574341,-97.49027,113N,55W,31,"NW","0.00","","                                                  ","0.00000",,"Other(See Case File)","ATP","Agricultural","UST","False","No Release",2579,"6508",,"","220",10119
2013003.000,"C",RL ,11/27/1991,12/18/1991,True,"UST Removal (historical, see comments)","Stanley Hunter","1 mile W and 1.25 mile N",Thomas,57241,Hamlin,44.7787933,-97.22904,,,,"","0.00","","                                                  ","0.00000",,"Other(See Case File)","Clean Site","Agricultural","UST","True","No Release",,"null",,"","",12553