id,status,r1,date_rep,date_close,image,site_name,resp_party,street,city,zip_code,county,latitude,longitude,township,range,section,secq1,acreage,instctrls,material,amount,units,spill_cat,site_type,proptype,sor_type,regulated,cause_type,atp_no,prcfnumber,ag_no,solidwaste,microroll,siteid
83.027,"C",TK,7/7/1983,4/25/1997,True,"SD Wheat Growers","Petroleum Carriers","Wheat Growers Building (Prospect Ave)",Chamberlain,57325,Brule,43.8084145,-99.3209839,,,,"","0.00","","Anhydrous Ammonia                                 ","19.00000",tons,"Agri Chem","Other(See Case File)","Commercial","Transport Truck","False","Disconnected Hose ",,"null",,"","265",132
84.001,"C",JN,1/3/1984,6/16/1995,True,"Casey's General Store  (see 93.358)","Caseys General Store","202 E. King  St.",Chamberlain,57325,Brule,43.808712,-99.33,,,,"","0.00","","Gasoline                                          ","5000.00000",gallons,"Petroleum","Other(See Case File)","Commercial","UST","True","Leakage",,"null",,"","",172
84.066,"C",KM,7/23/1984,6/7/1993,True,"Aviation Accident","Glen Mayer","Paved county road 10 mi. S.",Chamberlain,57325,Brule,43.64265,-99.31158,,,,"","0.00","","Pesticide Furadan 4E                              ","35.00000",gallons,"Agri Chem","Other(See Case File)","Other(See Case File)","Aircraft Tanks","False","Accident",,"null",,"","266",237
85.015,"C",KM,3/14/1985,6/30/2000,True,"Truck Accident","Unknown","I-90: MM 290.3",Kimball,57355,Brule,43.73819,-98.8355255,,,,"","0.00","","Diesel                                            ","20.00000",gallons,"Petroleum","Other(See Case File)","Other(See Case File)","Truck Tank","False","Transport Accident",,"null",,"","",283
85.043,"C",KM,5/29/1985,6/30/2000,True,"Road Tar Spill","Unknown","American Creek Bridge",Chamberlain,57325,Brule,43.81553,-99.3274841,,,,"","0.00","","Asphalt, Diesel                                   ","15.00000",gallons,"Combined(See Case File)","Other(See Case File)","Public","Transport Truck","False","Transport Accident",,"null",,"","",311
88.019,"C",TK,2/19/1988,6/30/2000,True,"Mike's Fina  (former station site) - Line Leaks","Mike Morken","Hwy. 45 and Main St.",Kimball,57355,Brule,43.73994,-98.95833,103N,66W,10,"","0.00","","Gasoline                                          ","0.00000",,"Petroleum","Other(See Case File)","Commercial","UST","True","Line Leak",,"null",,"","",623
89.012,"C",TK,1/30/1989,5/10/1991,True,"Corner Bottle Shop  Overfilled UST","Robert Miller","3rd & Main",Kimball,57355,Brule,43.74563,-98.95855,,,,"","0.00","","Diesel                                            ","0.00000",,"Petroleum","Other(See Case File)","Commercial","UST","True","Overfill",,"null",,"","",902
89.047,"C",DP,3/28/1989,1/17/1991,True,"Burke Oil Co. Sinclair - UST Replacement","Burke Oil Company","Lakeview Drive",Chamberlain,57325,Brule,43.7974052,-99.3385849,,,,"","0.00","","Gasoline, Oil","1500.00000",gallons,"Combined(See Case File)","Other(See Case File)","Commercial","UST","True","Line Leak",,"0026",,"","268",937
89.119,"C",TK,6/9/1989,3/27/1991,True,"Brule County Coop - Displaced Cargo","Brule County Coop.","Rural Brule County",Kimball,57355,Brule,43.93459,-99.00773,,,,"","0.00","","Calcium Chloride                                  ","165.00000",gallons,"Chemical","Other(See Case File)","Other(See Case File)","Drums","False","Damage",,"null",,"","",1008
89.236,"NFA",JF,9/11/1989,2/5/2003,True,"D & N One Stop - Tank System Replacement","D & N One Stop - Doug Nelson","201 West King Street",Chamberlain,57325,Brule,43.8098068,-99.33301,,,,"","0.00","","Petroleum                                         ","0.00000",,"Petroleum","Other(See Case File)","Commercial","UST","True","Line Leak",,"62",,"","237,241,268",1124
90.010,"C",DM,1/15/1990,4/9/1990,True,"Liferman Oil Company","Liferman Oil Company","Lawler Avenue",Chamberlain,57325,Brule,43.8109741,-99.33015,,,,"","0.00","","Oil                                               ","10.00000",gallons,"Oil","Other(See Case File)","Commercial","Unknown(See Case File)","False","Disconnected Hose ",,"null",,"","",1245
90.021,"C",LB,2/6/1990,4/10/1990,True,"Burke Oil Company at  County Courthouse","Bob Burke","Courtland Street",Chamberlain,57325,Brule,43.8087425,-99.33373,,,,"","0.00","","Fuel Oil #2                                       ","0.00000",,"Petroleum","Other(See Case File)","Public","UST","False","Overfill",,"642",,"","",1256
90.093,"NFA",TF,4/3/1990,10/16/2009,True,"Rons Sinclair Service - Tank System Replacement","Ron Brown","100 West King Street (NNW at King and Main)",Chamberlain,57325,Brule,43.8096962,-99.33138,,,,"","0.00","","Gasoline                                          ","0.00000",,"Petroleum","Other(See Case File)","Commercial","UST","True","Corrosion",,"1002",,"","272, 276",1328
90.108,"NFA",SH,8/31/1990,4/30/2003,True,"Larry's Amoco Site - Tank Removals","Larry Mathis","SE at Truck and Main",Kimball,57355,Brule,43.73931,-98.95745,103N,68W,10,"NE","0.00","","Gasoline                                          ","0.00000",,"Petroleum","Other(See Case File)","Industrial","UST","True","Leaks and Spills",,"1099",,"","218",1343
90.109,"NFA",TF,4/12/1990,1/8/2009,True,"Former Station Site - Tank System Removal","Willrodt Motors - William Willrodt","NE at King and Courtland",Chamberlain,57325,Brule,43.8098564,-99.33196,,,,"","0.00","","Gasoline                                          ","0.00000",,"Petroleum","Other(See Case File)","Commercial","UST","True","Leaks and Spills",,"1015",,"","259,266",1344
90.128,"C",MV,4/10/1990,6/8/1995,True,"Northside Car Wash Site","Jake Reuer","NE at Mott and Main",Chamberlain,57325,Brule,43.8135033,-99.32834,104N,71W,15,"NW","0.00","","Gasoline                                          ","0.00000",,"Petroleum","Other(See Case File)","Commercial","UST","True","Corrosion",,"1010",,"","",1363
90.152,"C",KM,5/6/1990,10/30/1990,True,"Priebe Lasso Spill","Lloyd Priebe","1 mi. N. of Pukwana  (350 Ave)",Pukwana,57370,Brule,43.7906952,-99.18335,,,,"","0.00","","Agri Chem                                         ","50.00000",pounds,"Agri Chem","Other(See Case File)","Other(See Case File)","Transport Truck","False","Transport Accident",,"null",,"","",1387
90.217,"C",KM,6/5/1990,6/11/1991,True,"D & N One Stop - Pump Leak","Doug Nelson","201 W. King",Chamberlain,57325,Brule,43.8098068,-99.33288,,,,"","0.00","","Gasoline                                          ","1.00000",gallon,"Petroleum","Other(See Case File)","Commercial","UST","True","Dispenser Leak",,"0549",,"","",1452
90.258,"NFA",DM,6/25/1990,2/9/2001,True,"Brule County Coop - Tank Replacements","Brule County Coop","Main Street   (4th & Main)",Pukwana,57370,Brule,43.7792358,-99.18101,,,,"","0.00","","Gasoline                                          ","0.00000",,"Petroleum","Other(See Case File)","Commercial","UST","True","Overfills/Spillage",,"1044",,"","",1493
90.330,"I",NS,8/7/1990,12/12/1996,True,"Kimball School","Kimball School District","NE corner of East & Broadway",Kimball,57355,Brule,43.74535,-98.95447,103N,68W,3,"SE","0.00","","Fuel Oil                                          ","0.00000",,"Petroleum","Other(See Case File)","Public","UST","False","Leakage",,"1395",,"","237",1565
90.382,"C",LB,8/25/1990,11/30/1990,True,"Transportation Accident","Unknown","I-90: MM 292",White Lake,57383,Brule,43.73813,-98.79965,,,,"","0.00","","Diesel                                            ","75.00000",galllons,"Petroleum","Other(See Case File)","Other(See Case File)","Truck Tank","False","Transport Accident",,"null",,"","",1617
90.578,"C",TK,11/12/1990,3/3/1992,True,"Pukwana Landfill - Cat Fire","Pukwana","Landfill",Pukwana,57370,Brule,43.76533,-99.2104645,,,,"","0.00","","Diesel                                            ","0.00000",,"Petroleum","Other(See Case File)","Public","Equipment","False","Fire Event",,"null",,"","",1813
90.583,"C",MV,11/15/1990,12/7/1994,True,"Bob's Burke Hilltop Sinclair","Bob Burke","419 East King Avenue",Chamberlain,57325,Brule,43.8080063,-99.3266449,114N,71W,15,"NW","0.00","","Gasoline                                          ","0.00000",,"Petroleum","Other(See Case File)","Commercial","UST","True","Corrosion",,"1253",,"","",1818
90.604,"I",BL,11/28/1990,5/19/1995,True,"Ross McDonald - Former Truck Arena","Ross McDonald","114 South Crawford",Chamberlain,57325,Brule,43.7767258,-99.3118744,104N,71,26,"","0.00","","Petroleum                                         ","0.00000",,"Petroleum","Other(See Case File)","Commercial","UST","True","Leakage",,"1267",,"","235",1839
91.048,"C",BL,2/4/1991,2/7/1991,True,"Former Wholesale Grocery  - Overfills","Norwest Bank","SW at Mott & Sanborne",Chamberlain,57325,Brule,43.81299,-99.3277054,,,,"","0.00","","Gasoline                                          ","0.00000",,"Petroleum","Other(See Case File)","Commercial","UST","True","Overfills/Spillage",,"null",,"","",1938
91.241,"NFA",DM,6/5/1991,7/28/2003,True,"Nedved Oil Company","Charles Nedved","Railroad & Water Street",Kimball,57355,Brule,43.74913,-98.96206,,,,"","0.00","","Petroleum                                         ","5000.00000",gallons,"Petroleum","Other(See Case File)","Commercial","AST","True","Leakage",,"1502",,"","219",2131
91.259,"C",NS,6/12/1991,5/30/2002,True,"St. Joseph's Indian School","St. Joseph's Indian School","Templifier Bldg # 13, St. Joseph Road",Chamberlain,57325,Brule,43.8269043,-99.32356,,,,"","0.00","","Fuel Oil                                          ","0.00000",,"Petroleum","Other(See Case File)","Other(See Case File)","UST","False","Corrosion",,"1515",,"","195",2149
91.302,"C",RC,7/11/1991,2/23/1995,True,"SD DOT Maintenance Shop","SD Department of Transportation  (SD DOT)","I-90 Business Loop",Chamberlain,57325,Brule,43.7826424,-99.31182,104N,71W,26,"","0.00","","Gasoline                                          ","0.00000",,"Petroleum","Other(See Case File)","Public","UST","True","Spillage",,"1537",,"","",2192
91.315,"NFA",NS,6/27/1991,12/29/2009,True,"Don's Ford & Mercury Site - Tank Removals","Don Schoenhard","Highway 50 East",Chamberlain,57325,Brule,43.7868576,-99.31226,,,,"","0.00","","Petroleum                                         ","0.00000",,"Petroleum","Other(See Case File)","Commercial","UST","True","Leakage",,"1548",,"","266,271",2205
91.339,"C",RC,9/27/1991,10/6/1992,True,"Brule County Maintenance Shop","Brule County Highway Department","N. Main St.",Kimball,57355,Brule,43.75239,-98.9565353,103N,68,3,"NE","0.00","","Diesel                                            ","0.00000",,"Petroleum","Other(See Case File)","Public","UST","True","Overfills/Spillage",,"1650",,"","",2229
91.393,"NFA",NS,8/29/1991,7/8/2003,True,"Former Mike's Fina Station Site - Tank Removals","Doug Altman","South Main Street",Kimball,57355,Brule,43.74055,-98.95837,,,,"","0.00","","Petroleum                                         ","0.00000",,"Petroleum","Other(See Case File)","Commercial","UST","True","Leakage",,"1600",,"","218,241",2283
91.553,"I",NS,12/9/1991,8/22/2000,True,"C & E Enterprises Main Standard","Ervin Hieb","101 E. King St.",Chamberlain,57325,Brule,43.80948,-99.3309555,,,,"","0.00","","Gasoline                                          ","0.00000",,"Petroleum","Other(See Case File)","Commercial","UST","True","Leakage",,"1857",,"","",2443
91.629,"NFA",NS,12/20/1991,6/7/2005,True,"Burke Oil Company","Bob Burke","Hwy 50",Chamberlain,57325,Brule,43.7868233,-99.31226,104N,71,26,"NW","0.00","","petroleum                                         ","0.00000",,"Petroleum","Other(See Case File)","Commercial","AST","True","Leakage",,"1943",,"","238,266",2519
91.639,"NFA",NS,12/23/1991,6/11/2002,True,"Brule County Coop","Brule County Coop","Stockwell & Railroad",Pukwana,57370,Brule,43.78293,-99.1818161,,,,"","0.00","","Petroleum","0.00000",,"Petroleum","Other(See Case File)","Commercial","AST","True","Leakage",,"1960",,"","195",2529
92.225,"C",NS,6/23/1992,4/19/2002,True,"U.S. Postal Service - Kimball - Tank Removal","U.S. Postal Service","E. Side of Main St.",Kimball,57355,Brule,43.7462,-98.95743,,,,"","0.00","","Heating Fuel                                      ","0.00000",,"Petroleum","Federal","Public","UST","False","Leakage",,"2187",,"","192",2815
92.257,"C",TK,7/24/1992,8/18/1992,True,"East River Electric Substation","East River Electric","261 Street",Kimball,57355,Brule,43.60092,-98.95664,102N,68W,27,"SE","0.00","","PCB Oil                                           ","5.00000",,"Oil","Other(See Case File)","Industrial","Transformer","False","Leakage",,"null",,"","237",2847
93.194,"C",KH,6/29/1993,4/16/2002,True,"American Creek Marina","Charlotte Cadwell","309 East Glen Avenue",Chamberlain,57325,Brule,43.8142433,-99.32502,104N,75,15,"NE","0.00","","Gasoline                                          ","0.00000",,"Petroleum","Other(See Case File)","Other(See Case File)","UST","True","Spillage",,"2441",,"","192,232",3209
93.337,"C",TK,10/20/1993,1/11/1995,True,"Eimers Property - Basement Spill","Tom & Jane Eimers","Eimers Property",Chamberlain,57325,Brule,43.83032,-99.3066559,,,,"","0.00","","Fuel Oil                                          ","200.00000",gallons,"Petroleum","Other(See Case File)","Residential","AST","False","Damage",,"2576",,"","",3352
93.358,"NFA",DM,11/3/1993,2/11/2002,True,"Casey's General Store - Line Leak","Casey's General Store","SE at King and Sanborn",Chamberlain,57325,Brule,43.80883,-99.3301544,,,,"","0.00","","Petroleum                                         ","0.00000",,"Petroleum","Other(See Case File)","Commercial","UST","True","Line Leak",,"2586",,"","198,224,263",3373
94.046,"C",NS,3/16/1994,6/6/2008,True,"Corner Bottle Shop  (see 98.367) Tank Removal","Bob Miller","3rd & Main",Kimball,57355,Brule,43.745594,-98.95865,,,,"","0.00","","Diesel                                            ","0.00000",,"Petroleum","Other(See Case File)","Commercial","UST","False","Leakage",,"null",,"","271",3581
94.050,"C",KM,4/4/1994,6/27/1994,True,"St. Joseph Indian School Fuel Line Leak","St. Joseph Indian School","St. Joseph Road",Chamberlain,57325,Brule,43.8268967,-99.32406,,,,"","0.00","","Heating Fuel                                      ","0.00000",,"Petroleum","Other(See Case File)","Other(See Case File)","AST","False","Line Leak",,"2656",,"","",3585
94.076,"C",NS,4/13/1994,7/2/2009,True,"Petroleum  in Right of Way  (see 98.367)","Unknown","3rd Street  between Main & Elm",Kimball,57355,Brule,43.74557,-98.95885,,,,"","0.00","","Petroleum                                         ","0.00000",,"Petroleum","Other(See Case File)","Commercial","Off Site Source","False","Leakage",,"2665",,"","265,297",3611
94.094,"C",KM,4/27/1994,6/20/1994,True,"Trism Specialized Carriers Transport Event","Trism Specialized Carriers","I-90 1/2 mile E",Kimball,57355,Brule,43.73827,-98.94857,,,,"","0.00","","Diesel                                            ","200.00000",gallons,"Petroleum","Other(See Case File)","Other(See Case File)","Truck Tank","False","Transport Accident",,"null",,"","",3629
94.100,"C",KH,5/2/1994,12/31/1996,True,"Norwest Bank - Tank Removal","Norwest Bank of SD","201 South Main Street & Hwy 50",Chamberlain,57325,Brule,43.809166,-99.33095,104N,71W,15,"SW","0.00","","Heating Oil                                       ","0.00000",,"Petroleum","Other(See Case File)","Commercial","UST","False","Leakage",,"2861",,"","241",3635
94.117,"C",JA,5/9/1994,2/17/1995,True,"Vandalism at City Storage Area","City of Chamberlian","City Storage Area (east of town & near RR tracks)",Chamberlain,57325,Brule,43.807663,-99.3170242,,,,"","0.00","","Waste Oil                                         ","200.00000",gallons,"Oil","Other(See Case File)","Public","Drums","False","Damage",,"null",,"","",3652
94.368,"C",TK,11/3/1994,1/25/1995,True,"Unknown RP -  Tributary to American Creek","Unknown","E. Side of Town, N of Prospect",Chamberlain,57325,Brule,43.8093071,-99.32209,,,,"","0.00","","rinsate                                           ","0.00000",,"Chemical","Surface Water","Other(See Case File)","Transport Truck","False","Handling",,"null",,"","",3903
95.082,"C",TK,4/19/1995,5/1/1995,True,"Dustex Service Incorporated","Dustex Service Incorporated","110 West Beebe",Chamberlain,57325,Brule,43.8116951,-99.3295441,,,,"","0.00","","Cleaning Solution                                 ","0.00000",,"Chemical","Other(See Case File)","Commercial","Operating System","False","Line Leak",,"2871",,"","",4033
95.088,"C",KM,5/3/1995,6/24/1996,True,"Waste Oil Spill @ Harry K","Doug Knust","220 West Beebe",Chamberlain,57325,Brule,43.81283,-99.33213,,,,"","0.00","","Waste Oil                                         ","7.00000",gallons,"Oil","Other(See Case File)","Commercial","AST","True","Disconnected Hose ",,"null",,"","",4039
95.148,"C",TK,6/14/1995,7/18/1996,True,"SD DOT Stockpile Yard","SD Department of Transportation (SD DOT)","Hwy 45",Kimball,57355,Brule,43.75022,-98.97292,103N,68W,3,"E","0.00","","Asphalt (CRF)                                     ","100.00000",gallons,"Oil","Other(See Case File)","Public","Transport Tank","False","Disconnected Hose ",,"null",,"","",4099
95.172,"NFA",JF,7/7/1995,11/7/2000,True,"Midway Truck Stop - Tank Removals","Dennis McDonald","I-90 & Highway 47",Kimball,57355,Brule,43.7359238,-98.95748,,,,"","0.00","","Petroleum                                         ","0.00000",,"Petroleum","Other(See Case File)","Commercial","UST","True","Corrosion",,"2873",,"","",4123
95.233,"C",TK,8/25/1995,8/27/1996,True,"Agrichem Release - Complaint","SD Wheat Growers","344 Ave & 215 Street",Chamberlain,57325,Brule,43.74555,-99.31226,,,,"","0.00","","Agri Chem                                         ","0.00000",,"Agri Chem","Other(See Case File)","Agricultural","Sprayer","False","Handling",,"null",,"","",4184
95.279,"NFA",JF,10/2/1995,2/5/2003,True,"D & N One Stop Tank System Replacement (also 89.236)","Doug Nelson","21 West King  (SW at King & Courtland)",Chamberlain,57325,Brule,43.8096733,-99.33294,,,,"","0.00","","Petroleum                                         ","0.00000",,"Petroleum","Other(See Case File)","Commercial","UST","True","Line Leak",,"2901",,"","237,241",4230
96.027,"C",TK,2/8/1996,3/22/1996,True,"Adjustment Training Center - Temporary AST","Chamberlain Adjustment Training Center","820 North Main",Chamberlain,57325,Brule,43.81943,-99.32654,104N,71W,10,"","0.00","","Diesel Fuel                                       ","25.00000",gallons,"Petroleum","Other(See Case File)","Other(See Case File)","AST","True","Overturned",,"null",,"","232",4337
96.045,"C",TK,3/6/1996,3/28/1996,True,"Fertilizer Road Spill","Corsica Coop","356 Ave & 268 St",Academy,57369,Brule,43.5013962,-99.07152,101,69,35,"SW","0.00","","Dry Fertilizer                                    ","10000.00000",pounds,"Agri Chem","Other(See Case File)","Other(See Case File)","Spreader","False","Transport Accident",,"null",,"","",4355
96.069,"NFA",NS,4/5/1996,2/27/2001,True,"Brown Oil and Propane - Site Assessment","Robert Brown","SW at Beebee & Courtland / Hwy 50",Chamberlain,57325,Brule,43.8119469,-99.3308,104N,71W,15,"NW","0.00","","petroleum                                         ","0.00000",,"Petroleum","Other(See Case File)","Commercial","UST","True","Leaks and Spills",,"3000",,"","",4379
96.089,"NFA",JF,4/17/1996,2/12/2003,True,"The Bottle Shop - Tank Removals","Steve Fox","100 North Courtland (NE at Courtland & Lawler)",Chamberlain,57325,Brule,43.8114128,-99.33099,104N,71W,15,"NW","0.00","","Gasoline                                          ","0.00000",,"Petroleum","Other(See Case File)","Commercial","UST","True","Leakage",,"3002",,"","237,241,264",4399
96.103,"C",TK,4/26/1996,5/1/1996,True,"Road Spill  Transport Event","Quast Transfer","Hwy 49, 20 miles S of Chamberlain",Ola,57325,Brule,43.58598,-99.2181854,,,,"","0.00","","Diesel Fuel                                       ","10.00000",gallons,"Petroleum","Other(See Case File)","Other(See Case File)","Truck Tank","False","Overturned",,"null",,"","232",4413
96.133,"C",TK,5/16/1996,6/17/1996,True,"Diesel Spill - Rest Area","Hirschbach Motor Line","Exit 263 Rest Area",Chamberlain,57325,Brule,43.7861023,-99.33868,,,,"","0.00","","Diesel Fuel                                       ","125.00000",gallons,"Petroleum","Other(See Case File)","Other(See Case File)","Truck Tank","False","Leakage",,"null",,"","",4443
96.236,"C",NS,8/19/1996,5/30/2002,True,"St. Joseph's Indian School","St. Joseph's Indian School","Maintenance Shop - St. Joseph Road",Chamberlain,57325,Brule,43.82581,-99.3229141,104N,71W,10,"NE","0.00","","Diesel, Gasoline                                  ","0.00000",,"Petroleum","Other(See Case File)","Other(See Case File)","UST","True","Leakage",,"3069",,"","195",4546
96.278,"I",KH,9/26/1996,10/18/2000,True,"Vet's Whoa N' Go - Tank Replacements","Vet's Oil Company","I-90 Exit 265",Chamberlain,57325,Brule,43.7679672,-99.31285,,,,"","0.00","","Diesel, Gasoline                                  ","0.00000",,"Petroleum","Other(See Case File)","Commercial","UST","True","Leakage",,"3106",,"","",4588
97.175,"C",SH,5/22/1997,3/28/2003,True,"Mini bulk Transport Event","South Dakota Wheat Growers","348 Ave",Pukwana,57370,Brule,43.81638,-99.23357,104,70,8,"","0.00","","sonalan                                           ","20.00000",,"Agri Chem","Other(See Case File)","Other(See Case File)","Tote","False","Failure",,"null",,"","215",4863
97.205,"C",RC,4/17/1997,6/23/1997,True,"GF&P Wildlife Office (SD GF&P) - Overfills","SD Game, Fish, and Parks  (SD GF&P)","715 N. Main",Chamberlain,57325,Brule,43.8179665,-99.32658,,,,"","0.00","","gasoline                                          ","0.00000",,"Petroleum","Other(See Case File)","Other(See Case File)","UST","True","Overfills/Spillage",,"3013",,"","",4893
97.366,"C",KM,11/4/1997,11/7/1997,True,"Transport Event","Chamberlain Farmers Elevator","North Red Lake Road",Pukwana,57370,Brule,43.74493,-99.24248,103N,70W,5,"","0.00","","diesel fuel                                       ","100.00000",gallons,"Petroleum","Other(See Case File)","Other(See Case File)","Truck Tank","False","Transport Accident",,"null",,"","",5054
97.401,"C",LAS,12/6/1997,8/29/2000,True,"Transport Event","Oscar Olsen","Township Road off Hwy 45 about 12 Miles N of Platte",Platte,57369,Brule,43.5717735,-98.85063,101,67,3,"SW","0.00","","Liquid Fertilizer                                 ","200.00000",,"Agri Chem","Other(See Case File)","Other(See Case File)","Transport Truck","False","Transport Accident",,"null",,"","",5089
97.408,"C",KM,12/15/1997,4/20/1998,True,"Corner Pantry - Line Leak","Flannery Oil","1-90 Exit 284 & Highway 45",Kimball,57355,Brule,43.7394943,-98.95918,,,,"","0.00","","diesel fuel                                       ","0.00000",,"Petroleum","Other(See Case File)","Commercial","UST","True","Line Leak",,"3337",,"","",5096
98.276,"C",JB,9/30/1998,5/8/2002,True,"I-90 Standard / Tank System Removal","Ervin Hieb","I-90 Exit 265",Chamberlain,57325,Brule,43.77311,-99.31199,104N,71W,35,"NW","0.00","","Gasoline                                          ","0.00000",,"Petroleum","Other(See Case File)","Commercial","UST","True","Line Leak",,"3474",,"","198",5384
98.292,"C",TF,10/12/1998,1/8/1999,True,"Former Harry K Shop - Tank Removal","Chamberlain Building Supply","212 Beebe Street",Chamberlain,57325,Brule,43.812748,-99.3317947,,,,"","0.00","","heating fuel                                      ","0.00000",,"Petroleum","Other(See Case File)","Commercial","UST","False","Leakage",,"3607",,"","",5400
98.303,"C",TF,10/21/1998,7/7/2000,True,"City of Chamberlain - Tank Removals","City of Chamberlain","River Street near the Water Plant",Chamberlain,57325,Brule,43.8068,-99.3354,,,,"","0.00","","Petroleum                                         ","0.00000",,"Petroleum","Other(See Case File)","Public","UST","True","Leakage",,"3570",,"","",5411
98.348,"C",TF,11/13/1998,12/7/1998,True,"Luke Construction Tank Site - Tank Removals","Luke Construction - Tom Luke","425 North Truck Route",Kimball,57355,Brule,43.7533722,-98.9531555,103N,68W,2,"NW","0.00","","diesel fuel                                       ","0.00000",,"Petroleum","Other(See Case File)","Other(See Case File)","UST","True","Spillage",,"3558",,"","",5456
98.367,"NFA",MSB,12/1/1998,7/13/2020,True,"Corner Bottle Shop - Tank System Upgrade","Corner Bottle Shop","3rd and Main Street",Kimball,57355,Brule,43.74567,-98.95855,103N,68W,,"","0.00","","petroleum                                         ","0.00000",,"Petroleum","Lust Trust","Commercial","UST","True","Dispenser Leak",,"3444",,"","",5475
99.088,"NFA",JPA,4/8/1999,6/10/2014,True,"Chamberlain Airport","City of Chamberlain","Chamberlain Airport",Chamberlain,57325,Brule,43.76586,-99.3188,104N,71W,34,"SE","0.00","","Petroleum                                         ","0.00000",,"Petroleum","Other(See Case File)","Other(See Case File)","UST","True","Leakage",,"3751",,"","296",5635
99.144,"C",ML,5/1/1999,6/6/2000,True,"Surat Transport Spill","Robert Surat","356 Ave",Kimball,57355,Brule,43.6913452,-99.07252,103,69,27,"SE","0.00","","fertilizer                                        ","2800.00000",,"Agri Chem","Other(See Case File)","Other(See Case File)","Portable Tank","False","Damage",,"null",,"","",5691
2000.058,"C",BM,4/5/2000,5/18/2000,True,"Chamberlain Rest Stop Exit","Foster Iverson","I-90  Westbound near Exit 265 Rest Stop",Chamberlain,57325,Brule,43.7852554,-99.33416,,,,"","0.00","","Pramitol Granules                                 ","6.00000",pounds,"Agri Chem","Other(See Case File)","Other(See Case File)","Containers","False","Unsecured",,"null",,"","203",5956
2000.067,"C",BM,4/14/2000,7/13/2000,True,"Refrigerated Trailer Leak","Dick Simon Trucking","I-90 Westbound, Mile Marker 292",White Lake,57383,Brule,43.7381058,-98.79976,,,,"","0.00","","diesel                                            ","40.00000",gallons,"Petroleum","Other(See Case File)","Other(See Case File)","Transport Trailer","False","Leakage",,"null",,"","203",5965
2000.245,"C",TB,8/7/2000,5/5/2009,True,"Brule County COOP - Inspection Findings","Brule County COOP","Railroad Street",Pukwana,57370,Brule,43.78292,-99.1817245,,,,"","0.00","","Fertilizer","0.00000",,"Agri Chem","Other(See Case File)","Commercial","Bulk Chemical","False","Handling",,"null",00KM052202,"","263",6143
2000.366,"C",KM,11/29/2000,12/20/2000,True,"ATP - Courtland Street Fire Station","City of Chamberlain","115 N. Courtland Street",Chamberlain,57325,Brule,43.8121,-99.33145,,,,"","0.00","","fuel oil                                          ","0.00000",,"Petroleum","ATP","Other(See Case File)","UST","False","Spillage",354,"4279",,"","208",6264
2001.181,"C",BM,7/12/2001,7/12/2001,True,"COOP Bulk Site - Fitting Failure","Farmers Union COOP","NW corner of Kimball, near RR",Kimball,57355,Brule,43.74905,-98.9620743,103N,68W,3,"SE","0.00","","Diesel Fuel                                       ","20.00000",gallons,"Petroleum","Other(See Case File)","Commercial","AST","True","Leakage",,"null",,"","203",6466
2001.353,"C",KM,7/26/2001,10/26/2001,True,"ATP - Madalene Priebe Farm","Madalene Priebe","346 Avenue",Chamberlain,57325,Brule,43.62276,-99.27075,102N,70N,19,"W","0.00","","Diesel, Gasoline                                  ","0.00000",,"Petroleum","ATP","Agricultural","UST","False","Spillage",1189,"5099",,"","207",6636
2001.355,"C",KM,7/19/2001,10/22/2001,True,"ATP - Don Geppert Farm","Don Geppert","35568 258th Street",Kimball,57355,Brule,43.64463,-99.0783539,,,,"","0.00","","Gasoline                                          ","0.00000",,"Petroleum","ATP","Agricultural","UST","False","Spillage",814,"4756",,"","207",6638
2001.360,"C",KM,7/20/2001,10/22/2001,True,"ATP - Jones Repair","Charles Jones","1st Street West",Kimball,57355,Brule,43.74771,-98.95905,,,,"","0.00","","Petroleum                                         ","0.00000",,"Petroleum","ATP","Commercial","UST","True","Corrosion",336,"4276",,"","207",6643
2001.386,"NFA",KM,7/20/2001,3/17/2003,True,"ATP - Kimball Collision Center","Paul Kappedal","117 North Main Street",Kimball,57355,Brule,43.7479553,-98.95819,,,,"","0.00","","Gasoline                                          ","0.00000",,"Petroleum","ATP","Commercial","UST","True","Corrosion",1190,"5100",,"","217,241",6669
2001.387,"NFA",KM,7/25/2001,3/17/2003,True,"ATP - Paul Kappedal Property","Paul Kappedal","201 West Highway 16",Kimball,57355,Brule,43.74117,-98.96027,,,,"","0.00","","Fuel Oil                                          ","0.00000",,"Petroleum","ATP","Residential","UST","False","Corrosion",1191,"5101",,"","217",6670
2001.388,"NFA",KM,7/17/2001,11/27/2002,True,"ATP - Sluka Truck Lines / Valley Spraying Service","SD Department of Transportation ( SDDOT )","NW at Main & Railway Street",Kimball,57355,Brule,43.74873,-98.95833,,,,"","0.00","","Waste Oil                                         ","0.00000",,"Oil","ATP","Commercial","UST","True","Corrosion",20,"3966",,"","219",6671
2001.389,"NFA",KM,7/18/2001,12/13/2002,True,"ATP - Cahill Oil Company","Kevin Haskins","Old Highway 16 South",Kimball,57355,Brule,43.73293,-98.95739,,,,"","0.00","","Diesel, Gasoline                                  ","0.00000",,"Petroleum","ATP","Commercial","UST","True","Corrosion",148,"4058",,"","217",6672
2001.390,"C",KM,7/27/2001,2/25/2002,True,"ATP - Hubbard Implement","Herold Hubbard","344th Ave, S of I-90 Exit 265",Chamberlain,57325,Brule,43.7669067,-99.3137,,,,"","0.00","","Petroleum                                         ","0.00000",,"Petroleum","ATP","Commercial","UST","True","Leakage",487,"4410",,"","207",6673
2001.391,"NFA",TF,7/30/2001,1/29/2007,True,"ATP - Midwest Supply","Kenny Augspurger","206 West Clemmer Avenue",Chamberlain,57325,Brule,43.81318,-99.33068,,,,"","0.00","","Petroleum                                         ","0.00000",,"Petroleum","ATP","Commercial","UST","True","Corrosion",5,"3983",,"","249,258",6674
2001.392,"C",KM,7/31/2001,2/25/2002,True,"ATP - Al's Diesel Repair / Former Edwards Oil Co","Allen Hieb","344th Avenue",Chamberlain,57325,Brule,43.76523,-99.3104248,,,,"","0.00","","Diesel Fuel                                       ","0.00000",,"Petroleum","ATP","Commercial","UST","True","Leakage",1779,"5741",,"","207",6675
2001.393,"NFA",KM,7/27/2001,12/16/2002,True,"ATP - Dale Anderson Farm","Dale Anderson","25254 350th Avenue",Pukwana,57370,Brule,43.72139,-99.1900253,,,,"","0.00","","Diesel, Gasoline                                  ","0.00000",,"Petroleum","ATP","Agricultural","UST","False","Corrosion",1834,"5793",,"","217",6676
2001.394,"NFA",KH,7/24/2001,12/30/2003,True,"ATP - Ralph Reimer Farm","Ronnie Reimer","25454 346th Avenue",Pukwana,57370,Brule,43.693737,-99.27085,,,,"","0.00","","Diesel, Gasoline                                  ","0.00000",,"Petroleum","ATP","Agricultural","UST","False","Corrosion",1753,"5713",,"","224,",6677
2001.493,"C",KM,7/19/2001,11/7/2001,True,"ATP - City of Kimball Maintenance Shop","City of Kimball","274 East Railroad",Kimball,57355,Brule,43.74863,-98.9552155,,,,"","0.00","","Petroleum                                         ","0.00000",,"Petroleum","ATP","Other(See Case File)","UST","True","Leakage",356,"4282",,"","207",6776
2002.102,"NFA",KH,6/6/2002,1/14/2005,True,"ATP - Koehn Property","Tom Koehn","117 North Main",Chamberlain,57325,Brule,43.8116531,-99.33029,,,,"","0.00","","Petroleum                                         ","0.00000",,"Petroleum","ATP","Commercial","UST","True","Leakage",1888,"5854",,"","236",7383
2002.146,"C",BM,7/29/2002,8/6/2002,True,"Water Plant Chlorine Release","Chamberlain Water Plant","600 S. River Street, W side of bldg",Chamberlain,57325,Brule,43.8069572,-99.33557,104N,71W,15,"","0.00","","Chlorine                                          ","150.00000",pounds,"Chemical","Other(See Case File)","Industrial","Containers","False","Valve Leak",,"null",,"","266",7427
2002.222,"NFA",KH,7/24/2002,5/8/2003,True,"ATP - Ausdemore Property","Janet Ausdemore","210 North Grace Street",Chamberlain,57325,Brule,43.8101234,-99.32457,,,,"","0.00","","fuel oil                                          ","0.00000",,"Petroleum","ATP","Residential","UST","False","Leakage",2438,"6361",,"","217",7503
2002.225,"C",KM,7/24/2002,11/18/2002,True,"ATP - Nelson Property","Pamela Nelson","215 Broad Street",Kimball,57355,Brule,43.7441635,-98.95598,,,,"","0.00","","heating oil                                       ","0.00000",,"Petroleum","ATP","Residential","UST","False","Leakage",2432,"6355",,"","219",7506
2003.010,"C",BM,1/31/2003,2/7/2003,True,"Hancock Oil Company - Tank Overfill","Harms Oil","Bulk Plant",Kimball,57355,Brule,43.7493248,-98.9585648,,,,"","0.00","","Diesel Fuel                                       ","100.00000",gallons,"Petroleum","Other(See Case File)","Commercial","AST","True","Overfill",,"null",,"","231",7657
2003.049,"C",BM,4/22/2003,5/12/2003,True,"Chamberlain High School - Tank Theft","Unknown","1000 Sorenson Drive",Chamberlain,57325,Brule,43.7899628,-99.32702,,,,"","0.00","","Diesel Fuel                                       ","0.00000",,"Petroleum","Other(See Case File)","Public","Portable Tank","False","Dumping",,"null",,"","231",7696
2003.197,"C",KM,11/25/2003,12/4/2003,True,"Corner Bottle Shop - Tank Overfill","Montana Transport Company","3rd & Main Street",Kimball,57355,Brule,43.7456779,-98.95855,,,,"","0.00","","diesel                                            ","35.00000",gallons,"Petroleum","Other(See Case File)","Commercial","UST","True","Overfill",,"null",,"","224,",7844
2003.208,"C",KH,12/2/2003,12/19/2003,True,"ATP - SD DOT Shop","SD Department of Transportation (SD DOT)","DOT Shop on SD Highway 50",Chamberlain,57325,Brule,43.78263,-99.31216,,,,"","0.00","","petroleum                                         ","0.00000",,"Petroleum","ATP","Public","UST","True","Spillage",2754,"6718",,"","225,",7855
2003.213,"O",JPA,12/2/2003,,True,"ATP - St. Margaret's Church","St. Margaret's Catholic Church","417 South Elm Street",Kimball,57355,Brule,43.7439842,-98.9598541,,,,"","0.00","","fuel oil                                          ","0.00000",,"Petroleum","ATP","Other(See Case File)","UST","False","Leakage",2725,"6682",,"","",7860
2005.004,"NFA",GMS,1/5/2005,7/27/2017,True,"Agri Chem Contamination - SD Wheat Growers","SD Wheat Growers - Chamberlain","250 W 249th Street",Chamberlain,57325,Brule,43.77041,-99.31695,104N,71W,34,"","0.00","","Agri Chem                                         ","0.00000",,"Agri Chem","Other(See Case File)","Commercial","AST","False","Handling",,"null",05KM010501,"","",8098
2005.188,"C",RL,9/30/2005,2/10/2006,True,"Transportation Accident - River Bridge","Ameri-Co Carriers","I-90 Missouri River Bridge, E Bound, W End, S Side",Oacoma,57365,Brule,43.8007622,-99.3524551,104N,71W,21,"NW","0.00","","Diesel                                            ","150.00000",gal,"Petroleum","Surface Water","Other(See Case File)","Truck Tank","False","Transport Accident",,"7029",,"","244",10351
2006.075,"C",BM,5/20/2006,10/19/2006,True,"Farmers Cooperative Fertilizer Spill","Farmers Cooperative Oil Company","Rural Brule County",White Lake,57383,Brule,43.8777351,-98.84537,105,67,23,"SW","0.00","","Liquid Fertilizer 28%                             ","1500.00000",gallons,"Agri Chem","Other(See Case File)","Agricultural","Portable Tank","False","Tank Failure",,"null",06NO52019,"","246,247",10515
2006.105,"C",TF,7/24/2006,10/12/2006,True,"Mines Property - Assessment","Larry Mines","7 S & 7 W. of I-90 exit 265",Chamberlain,57325,Brule,43.6741142,-99.44986,103,72,34,"SW","0.00","","Petroleum                                         ","0.00000",,"Petroleum","Other(See Case File)","Agricultural","AST","False","Spillage",,"7103",,"","246,247",10547
2008.006,"NFA",SH,1/17/2008,12/12/2008,True,"Weber Implement - Assessment","Ron Weber","1300 East King Avenue",Chamberlain,57325,Brule,43.78471,-99.31194,104N,71W,26,"SW","0.00","","Fuel Oil                                          ","0.00000",,"Petroleum","Other(See Case File)","Commercial","AST","True","Leakage",,"null",,"","260",11086
2008.026,"C",RL,2/22/2008,3/14/2008,True,"Lakeview Heights Transformer Release","NorthWestern Energy","118 S. Front Street - Welcome West Plaza",Chamberlain,57325,Brule,43.7965431,-99.33815,104,71,21,"","0.00","","Transformer Oil Non-PCB                           ","25.00000",gallons,"Combined(See Case File)","Other(See Case File)","Residential","Transformer","False","Damage",,"null",,"","256",11107
2009.058,"NFA",BM,6/5/2009,2/18/2010,True,"Transport Tank Spill","Brule County Weed & Pest","252nd Street & 362nd Ave",Kimball,57355,Brule,43.73078,-98.95353,,,,"","0.00","","2,4-D Amine                                       ","110.00000",gallons,"Agri Chem","Other(See Case File)","Other(See Case File)","Portable Tank","False","Displaced Load",,"null",09N060517,"","273",11414
2009.088,"C",BM,7/7/2009,9/1/2009,True,"Truck and fuel tank in water","Lower Brule Sioux Tribe","American Creek Marina - East Glen Street",Chamberlain,57325,Brule,43.8161163,-99.3259354,,,,"","0.00","","diesel fuel                                       ","100.00000",gallons,"Petroleum","Surface Water","Other(See Case File)","Portable Tank","False","Vandalism",,"7416",,"","266",11450
2011.007,"C",BM,1/11/2011,1/31/2011,True,"Complaint - Waste Oil Disposal","Don's Ford","1100 King Ave",Chamberlain,57325,Brule,43.7870369,-99.31209,,,,"","0.00","","waste oil                                         ","0.00000",,"Petroleum","Other(See Case File)","Commercial","Equipment","False","No Release",,"null",,"","279",11909
2011.120,"NFA",BM,6/30/2011,1/24/2012,True,"Duininck Batch Plant Site - Hose Failure","Duininck Inc.","1/8 m SE of I-90 Exit 284",Kimball,57355,Brule,43.73609,-98.95746,103,68,10,"SE","0.00","","asphalt                                           ","4.00000",tons,"Petroleum","Other(See Case File)","Other(See Case File)","AST","False","Disconnected Hose ",,"null",,"","",12033
2011.194,"NFA",BM,10/13/2011,5/10/2012,True,"Transport Event","AV Trucking Inc.","I-90 MM 277 West Bound, N. Ditch",Pukwana,57370,Brule,43.7525024,-99.09606,,,,"","0.00","","Diesel Fuel                                       ","100.00000",gallons,"Petroleum","Other(See Case File)","Other(See Case File)","Truck Tank","False","Transport Accident",,"7672",,"","284",12117
2011.214,"NFA",BM,12/14/2011,1/24/2012,True,"Transportation Spill - Mid River Vet Clinic","Alva Haugen","Hwy 50 & 249th Street",Chamberlain,57325,Brule,43.7744942,-99.3124847,,,,"","0.00","","Diesel Fuel                                       ","50.00000",gallons,"Petroleum","Other(See Case File)","Other(See Case File)","Truck Tank","False","Transport Accident",,"null",,"","",12139
2012.055,"C",BM,3/30/2012,5/11/2012,True,"Chamberlain Drinking Water Plant","City of Chamberlain","601 S. River Street",Chamberlain,57235,Brule,43.8068657,-99.335556,,,,"","0.00","","Sodium Chlorite                                   ","0.00000",,"Chemical","Other(See Case File)","Other(See Case File)","Tote","False","Leakage",,"null",,"","286",12309
2012.073,"NFA",BM,5/2/2012,11/18/2013,True,"SD Wheat Growers - Overturned Transport","SD Wheat Growers","Hwy 50 runaway truck ramp - 1 mile N. of Chamberlain",Chamberlain,57325,Brule,43.82431,-99.31755,,,,"","0.00","","Urea                                              ","4000.00000",lbs,"Agri Chem","Other(See Case File)","Other(See Case File)","Transport Trailer","False","Transport Accident",,"null",,"","287",12330
2012.077,"NFA",RL,5/3/2012,5/14/2013,True,"Overturned Tank - Foxley Bro. Farm Yard","Foxley Brothers","Intersection @ Hwy 45 & 252 Street",Kimball,57355,Brule,43.730938,-98.85403,,,,"","0.00","","Liquid Fertilizer                                 ","1500.00000",gallons,"Agri Chem","Other(See Case File)","Other(See Case File)","Portable Tank","False","Overturned",,"null",12N050307,"","290",12334
2012.142,"C",BM,7/11/2012,8/9/2012,True,"Tank Leak at Chamberlain Bridge","Brule - Buffalo Conservation District","Old highway bridge to King Street",Chamberlain,57325,Brule,43.8105736,-99.33445,,,,"","0.00","","Diesel Fuel                                       ","20.00000",gallons,"Petroleum","Other(See Case File)","Public","Truck Tank","False","Leakage",,"null",,"","288",12408
2012.143,"C",BM,7/11/2012,8/14/2012,True,"Transport Fuel Line Leak","CRST","I-90 Rest Area - near Exit 263",Chamberlain,57325,Brule,43.78591,-99.3390656,,,,"","0.00","","Diesel Fuel                                       ","50.00000",gallons,"Petroleum","Other(See Case File)","Public","Transport Truck","False","Leakage",,"null",,"","288",12409
2012.198,"C",BM,9/25/2012,12/13/2012,True,"Swanson Farm - Diesel Disposal","Michael Swanson","35636 249th Street",Kimball,57355,Brule,43.77444,-99.06562,,,,"","0.00","","Diesel Fuel                                       ","80.00000",gallons,"Petroleum","Other(See Case File)","Agricultural","AST","False","Handling",,"null",,"","289",12474
2013.046,"C",RL,4/9/2013,5/14/2013,True,"Transport Event - Fortune Transportation","Fortune Transportation","I-90 Westbound, MM285",Kimball,57355,Brule,43.7381325,-98.93938,,,,"","0.00","","Diesel                                            ","0.00000",,"Petroleum","Other(See Case File)","Other(See Case File)","Truck Tank","False","Transport Accident",,"null",,"","290",12603
2013.071,"C",RL,5/6/2013,5/9/2013,True,"Gasoline spill from truck at SD DOT Yard","Burke Oil","Hwy 50",Chamberlain,57325,Brule,43.7826729,-99.3122,,,,"","0.00","","Gasoline                                          ","25.00000",gallons,"Petroleum","Other(See Case File)","Other(See Case File)","Transport Tank","False","Overfill",,"null",,"","290",12631
2013.236,"NFA",RL,10/18/2013,11/14/2013,True,"Diesel Spill - Gavilon Grain Facility","Gavilon Liberty Grain LLC","25035 367th Avenue",Kimball,57355,Brule,43.7534561,-98.85974,,,,"","0.00","","Diesel                                            ","200.00000",gallons,"Petroleum","Other(See Case File)","Commercial","AST","True","Overturned",,"7890",,"","295",12817
2013.240,"NFA",NS,10/23/2013,10/27/2014,True,"Damaged Fuel Lines - Kimball School","Konechne Digging","300 S. East Street",Kimball,57355,Brule,43.7453957,-98.9544144,,,,"","0.00","","Fuel Oil                                          ","0.00000",,"Petroleum","Other(See Case File)","Other(See Case File)","UST","False","Damage",,"7891",,"","298",12825
2014.291,"NFA",KN ,12/23/2014,4/29/2015,True,"Semi Accident I-90","Paper Valley Transport","I-90 MM 281",Kimball,57355,Brule,43.7459,-99.01701,,,,"null","null","null","Diesel                                            ","75.00000",Gallons,"Petroleum","Other(See Case File)","Public","Transportation","False","Transport Accident",,"null",,"null","300",13269
2015.200,"NFA",NS ,10/6/2015,1/26/2016,True,"Sanford Health","Sanford Health","300 S Byron Blvd",Chamberlain,57325,Brule,43.7865448,-99.324646,,,,"null","null","null","Fuel Oil ","null",,"Petroleum","Other(See Case File)","Commercial","UST","False","Line Leak",,"8159",,"null","301",13503
2015.205,"NFA",RL ,10/20/2015,12/22/2015,True,"Arsenic Contamination - Korzan Property","Charles Korzan","265th Street",Eagle  ,57370,Brule,43.54191,-99.08482,,,,"null","null","null","Treated Bait","null",,"Agri Chem","Other(See Case File)","Agricultural","Containers","False","Handling",,"null",,"null","301",13508
2016.192,"NFA",KM ,10/19/2016,1/30/2017,True,"Targeted Brownfields Assessment - Overweg Property","Daniel and Corinne Overweg","SE of I-90 at Exit 284, between Cemetery Rd and S Truck St",Kimball,57355,Brule,43.7360954,-98.9563,,,,"null","null","null","Petroleum and disposed wastes                 ","null",,"Combined(See Case File)","Brownfields","Commercial","Pit","False","Past Practices",,"null",,"null","null",13793
2016.204,"C",KN ,11/4/2016,11/18/2016,True,"RT3 Spill - Wheat Growers","Wheat Growers","240th Street and 366th Ave",Gann Valley,57341,Brule,43.9057274,-98.8670044,,,,"null","null","null","RT3","100.00000",Gallons,"Agri Chem","Other(See Case File)","Agricultural","Transport Truck","False","Equipment Failure",,"null",17SP110701,"null","null",13805
2017.031,"NFA",KM ,3/14/2017,3/23/2017,True,"Brownfields Site - Former Casino Bar","Jeff Ashley","Intersection at West 1st and South Elm",Kimball,57355,Brule,43.7473373,-98.95895,,,,"null","0.60","Informational Devices","Asbestos                                          ","null",,"Other(See Case File)","Brownfields","Commercial","Construction Materials","False","Past Practices",,"null",,"null","null",13948
2018.063,"C",RL ,5/2/2018,6/11/2018,True,"Diesel Spill at Chamberlain DOT Yard","DPS Weights and Measures","Hwy 50",Chamberlain,57325,Brule,43.7822952,-99.30958,,,,"null","null","null","Diesel                                            ","50.00000",gallons,"Petroleum","Other(See Case File)","Public","Transport Truck","False","Spillage",,"null",,"null","null",14242
2018.102,"C",KN ,6/9/2018,6/21/2018,True,"National Guard Tug Boat Spill","SD Army National Guard","Lake Francis Case",Chamberlain,57325,Brule,43.7968063,-99.347435,,,,"null","null","null","Antifreeze                                        ","4.00000",Gallons,"Other(See Case File)","Surface Water","Public","Boat","False","Storm Event",,"null",,"null","null",14283
2018.126,"NFA",RL ,7/11/2018,8/16/2018,True,"RT3 Spill - Agtegra","Agtegra","250 West 249th Street",Chamberlain,57325,Brule,43.7744255,-99.32405,,,,"null","null","null","RT3","85.00000",gallons,"Agri Chem","Other(See Case File)","Commercial","Tote","False","Damage",,"null",18NF071111,"null","null",14311
2018.141,"NFA",RL ,7/18/2018,7/26/2018,True,"Complaint - Agtegra Operations - No Release","Agtegra ","36694 Iron Horse ",Kimball,57355,Brule,43.7530937,-98.8570251,,,,"null","null","null","Dry Fertilizer                                    ","null",,"Agri Chem","Other(See Case File)","Commercial","No Release","False","No Release",,"null",,"null","null",14326
2018.148,"C",MSB,8/6/2018,10/4/2018,True,"Ditty's Diner","Ditty's Diner & David Norphy","801 Main Street",Kimball,57355,Brule,43.73964,-98.95903,,,,"null","null","null","Gasoline                                          ","20.00000",Galons,"Petroleum","Other(See Case File)","Commercial","Gas Pump","False","Accident",,"null",,"null","null",14333
2019.031,"NFA",JAM,3/18/2019,8/7/2019,True,"Transport Accident - Chemical Cargo Spill","KL Franks Trucking LLC","I-90 median near MM282",Kimball,57355,Brule,43.73815,-98.98819,,,,"null","null","null","Ethylene Glycol                                   ","1000.00000",gallons,"Chemical","Other(See Case File)","Other(See Case File)","Tote","False","Damage",,"null",,"null","null",14461
2019.223,"C",TK ,12/4/2019,1/8/2020,True,"Airplane crash","AIG Aerospace doing cleanup on behalf of insured -Conrad & Bischoff","south of Chamberlain airport",Chamberlain,57325,Brule,43.7655525,-99.3371658,103N,71W,33,"SE","null","null","Jet A Aviation Fuel","400.00000",gal,"Petroleum","Other(See Case File)","Agricultural","Aircraft Tanks","False","Accident",,"null",,"null","null",14671
2020.052,"C",NS ,5/21/2020,6/10/2020,True,"Brownfields - Kimball Main Street Apartments","City of Kimball","132 North Main Street",Kimball,57355,Brule,43.7481956,-98.9578552,,,,"null","null","null","Asbestos                                          ","null",,"Other(See Case File)","Brownfields","Commercial","Materials","False","Historical",,"null",,"null","null",14743
2020.060,"NFA",JAM,6/2/2020,1/28/2021,True,"Herbicide Line Leak in Richland Township","CHS Inc.","Near 258th and 356th Streets",Pukwana,57370,Brule,43.6421776,-99.07022,,,,"null","null","null","Herbicide                                         ","1000.00000",gallons,"Agri Chem","Other(See Case File)","Agricultural","Sprayer","False","Line Leak",,"null",20SP060205,"null","null",14751
2021.067,"C",GK,5/11/2021,5/28/2021,True,"Transformer Oil - Fire Event","Northwestern Energy","211 West 16th Avenue",Chamberlain,57325,Brule,43.7998238,-99.33928,,,,"null","null","null","Transformer Oil Non-PCB                           ","45.00000",gallons,"Oil","Other(See Case File)","Public","Transformer","False","Fire Event",,"null",,"null","null",14976
2021.085,"C",GK,6/17/2021,7/26/2021,True,"Railway Engine Oil - Chamberlain","Watco - Ringneck & Western Railroad","500 Prospect Ave",Chamberlain,57325,Brule,43.80768,-99.31854,,,,"null","null","null","Hydraulic Oil                                     ","30.00000",gallons,"Oil","Other(See Case File)","Industrial","Locomotive","False","Dumping",,"null",,"null","null",14995
2021.118,"C",KF ,8/3/2021,8/13/2021,True,"ATP - St. Josephs","St. Josephs","1301 North Main Street",Chamberlain,57325,Brule,43.8258,-99.32451,,,,"null","null","null","Diesel","null",,"Petroleum","ATP","Other(See Case File)","UST","False","Leaks and Spills",3729,"8566",,"null","null",15034
2021.137,"C",GK,8/31/2021,3/1/2022,True,"Chamberlain - Brash Pesticide","XPO Logistics","1300 E King St",Chamberlain,57325,Brule,43.784317,-99.31224,,,,"null","null","null","Herbicide                                         ","100.00000",gallons,"Agri Chem","Other(See Case File)","Commercial","Tote","False","Equipment Failure",,"null",,"null","null",15056
2022.066,"O",KN ,4/26/2022,,True,"Agtegra Dry Fertilizer Spill","Agtegra Coop","254th St & .5 mile west of 358th Ave",Kimball,57401,Brule,43.70185,-99.0392456,,,,"null","null","null","Urea","685.00000",lbs,"Agri Chem","Other(See Case File)","Agricultural","Trailer","False","Equipment Failure",,"null",22KN042601,"null","null",15210
2022.069,"O",JAM,5/2/2022,,True,"Agtegra Cooperative Chamberlain","Agtegra Cooperative","250 249th Street",Chamberlain,57325,Brule,43.77032,-99.31728,,,,"null","null","null","Liquid Fertilizer                                 ","10000.00000",Gallons,"Agri Chem","Other(See Case File)","Commercial","AST","False","Tank Failure",,"null",22JM050207,"null","null",15213
2023.031,"NFA",BLM,4/4/2023,7/17/2023,True,"Vet's Whoa N' Go","Vets Oil Company","2001 East King Street",Chamberlain,57325,Brule,43.76808,-99.31269,,,,"null","null","null","Petroleum","null",,"Petroleum","Other(See Case File)","Commercial","UST","True","Line Leak",,"8665",,"null","null",15417
2023.160,"NFA",TK ,11/2/2023,5/24/2024,True,"Truck Accident","Steve Pazour","I-90 MRM284",Kimball,57355,Brule,43.7376633,-98.953,,,,"null","null","null","Diesel                                            ","null",,"Petroleum","Other(See Case File)","Public","Saddle Tank","False","Transport Accident",,"null",,"null","null",15558
7777.004,"T",,,,False,"Former Landfill Site - Chamberlain","Brule County","24960 349th Avenue (approximate)",Pukwana,57370,Brule,43.7646446,-99.2098846,104N,70W,34,"SW","6.20","","                                                  ","0.00000",,"Other(See Case File)","Former Landfill","Other(See Case File)","Wastes","False","Past Practices",,"null",,"SW149","",12273
7777.005,"T",,,,False,"Former Landfill Site - Kimball","City of Kimball","36280 251st/Broad Street (approximate)",Kimball,57355,Brule,43.74402,-98.9358444,103N,68W,11,"NE","1.20","","                                                  ","0.00000",,"Other(See Case File)","Former Landfill","Other(See Case File)","Wastes","False","Past Practices",,"null",,"SW150","",12274
9999.132,"W",,,,True,"Withdrawn ATP - Adamson Property","Jimmie Adamson","300 N Grace",Chamberlain,57325,Brule,43.81065,-99.3244247,,,,"","0.00","","                                                  ","0.00000",,"Other(See Case File)","Withdrawn ATP","Residential","Other(See Case File)","False","null",1940,"5890",,"","249",10792
9999.236,"W",,,,True,"Withdrawn ATP - Chamberlain Municipal Airport","City of Chamberlain","101 Airport Road",Chamberlain,57325,Brule,43.76577,-99.3186646,,,,"null","null","null","null","null",,"Other(See Case File)","Withdrawn ATP","Other(See Case File)","UST","False","null",3394,"7928",,"null","298",13258
90007.000,"C",KM,12/17/1990,12/17/1990,True,"Brule County Courthouse","Brule County","300 South Courtland",Chamberlain,57325,Brule,43.80879,-99.33374,,,,"","0.00","","                                                  ","0.00000",,"Other(See Case File)","Clean Site","Public","UST","False","No Release",,"null",,"","",8242
90008.000,"C",LB,12/17/1990,12/17/1990,True,"Brule County Jail","Brule County","201 W Kellam",Chamberlain,57325,Brule,43.8081474,-99.3335953,,,,"","0.00","","                                                  ","0.00000",,"Other(See Case File)","Clean Site","Public","UST","False","No Release",,"null",,"","",8243
91065.000,"C",DM,6/25/1991,7/2/1991,True,"UST Removal - Railroad Right of Way","Department of Transportation","700 East Broadway",Chamberlain,57325,Brule,43.8073,-99.31748,,,,"","0.00","","                                                  ","0.00000",,"Other(See Case File)","Clean Site","Other(See Case File)","UST","True","No Release",,"null",,"","",8352
92029.000,"C",RC,5/15/1992,5/15/1992,True,"SD DOT - Maintenance Yard","SD Department of Transportation (SD DOT)","Maintenance Yard",Chamberlain,57325,Brule,43.7828026,-99.31214,,,,"","0.00","","                                                  ","0.00000",,"Other(See Case File)","Clean Site","Other(See Case File)","UST","True","No Release",,"null",,"","",8392
94002.000,"C",JA,2/16/1994,2/17/1994,True,"U.S. West Central Office","U.S. West Business Resources","103 North Sanborn  (Lawler & Sanborn)",Chamberlain,57325,Brule,43.8107529,-99.32914,,,,"","0.00","","                                                  ","0.00000",,"Other(See Case File)","Clean Site","Commercial","UST","True","No Release",,"null",,"","",8505
94009.000,"C",JA,2/16/1994,2/17/1994,True,"U.S. West Radio Tower (SDT63105)","U.S. West Business Resources","Hwy. 50 -  2.2 mi. NE of Chamberlain",Chamberlain,57325,Brule,43.84731,-99.28979,,,,"","0.00","","                                                  ","0.00000",,"Other(See Case File)","Clean Site","Other(See Case File)","UST","True","No Release",,"null",,"","",8512
96021.000,"C",TK,10/29/1996,10/31/1996,True,"Roberts Property","James Roberts","6 miles North of Town",Chamberlain,57325,Brule,43.8921242,-99.2949753,,,,"","0.00","","                                                  ","0.00000",,"Other(See Case File)","Clean Site","Agricultural","UST","False","No Release",,"null",,"","",8624
2001253.000,"C",KM,9/18/2001,10/22/2001,True,"Clean ATP - Ronnie Reimer Farm","Ronnie Reimer","255th Street",Pukwana,57370,Brule,43.6865845,-99.26906,,,,"","0.00","","                                                  ","0.00000",,"Other(See Case File)","ATP","Agricultural","UST","False","No Release",1920,"5887",,"","",9117
2001254.000,"C",KM,9/19/2001,10/22/2001,True,"Clean ATP - Nachtigal Farms, Inc - Everald Farms","Don Nachtigal","35486 263rd Street",Bijou Hills,57370,Brule,43.57201,-99.09281,,,,"","0.00","","                                                  ","0.00000",,"Other(See Case File)","ATP","Agricultural","UST","False","No Release",1840,"5801",,"","",9118
2001269.000,"C",KM,9/18/2001,10/22/2001,True,"Clean ATP - Orin Feltman Farm","Douglas Feltman","4 S, 3W, .25N of exit 265",Chamberlain,57325,Brule,43.72346,-99.37213,,,,"","0.00","","                                                  ","0.00000",,"Other(See Case File)","ATP","Agricultural","UST","False","No Release",965,"4954",,"","204",9133
2001270.000,"C",KM,9/19/2001,10/22/2001,True,"Clean ATP - Healy Ranch","Bryce Healy","24843 348th Avenue",Pukwana,57370,Brule,43.78248,-99.2332153,,,,"","0.00","","                                                  ","0.00000",,"Other(See Case File)","ATP","Agricultural","UST","False","No Release",1649,"5605",,"","205",9134
2001271.000,"C",KM,9/17/2001,10/22/2001,True,"Clean ATP - Thomas Farmstead Property
SE1/4 S5 T104 R67","Darold Thomas","36586 245th Street",Kimball,57355,Brule,43.8320045,-98.8794556,,,,"","0.00","","                                                  ","0.00000",,"Other(See Case File)","ATP","Agricultural","UST","False","No Release",708,"4650",,"","204",9135
2001272.000,"C",KM,9/17/2001,10/22/2001,True,"Clean ATP - Former Chemla Texaco","Wesley Wulff","240 South Main",Kimball,57355,Brule,43.74562,-98.95791,,,,"","0.00","","                                                  ","0.00000",,"Other(See Case File)","ATP","Commercial","UST","True","No Release",596,"4520",,"","204",9136
2001273.000,"C",KM,9/19/2001,10/22/2001,True,"Clean ATP - Midtown Plaza","Timothy J. Thomas","114 South Main Street",Chamberlain,57325,Brule,43.8106461,-99.33111,,,,"","0.00","","                                                  ","0.00000",,"Other(See Case File)","ATP","Commercial","UST","False","No Release",641,"4573",,"","204",9137
2001274.000,"C",KM,9/19/2001,10/22/2001,True,"Clean ATP - Richard Williams Property","Richard B. Williams","River Road",Chamberlain,57325,Brule,43.86684,-99.29784,,,,"","0.00","","                                                  ","0.00000",,"Other(See Case File)","ATP","Agricultural","UST","False","No Release",126,"4028",,"","204",9138
2001275.000,"C",KM,9/19/2001,10/22/2001,True,"Clean ATP - Jimmy Andera Farm","Jimmy Andera","34825 254th Street",Pukwana,57370,Brule,43.701004,-99.22647,,,,"","0.00","","                                                  ","0.00000",,"Other(See Case File)","ATP","Agricultural","UST","False","No Release",1919,"5886",,"","205",9139
2001276.000,"C",KM,9/17/2001,10/22/2001,True,"Clean ATP - Michael Graves Property","Michael Graves","352 Ave",Bijou Hills,57362,Brule,43.5177879,-99.15136,,,,"","0.00","","                                                  ","0.00000",,"Other(See Case File)","ATP","Agricultural","UST","False","No Release",486,"4411",,"","204",9140
2001277.000,"C",KM,9/17/2001,10/22/2001,True,"Clean ATP - Mary Petersen Farm","Ralph Reimer","257 Street",Pukwana,57370,Brule,43.65853,-99.20358,,,3,"","0.00","","                                                  ","0.00000",,"Other(See Case File)","ATP","Agricultural","UST","False","No Release",1773,"5732",,"","205",9141
2001293.000,"C",KM,8/15/2001,10/26/2001,True,"ATP - Surat Property (no tank found)","Wayne & Patricia Surat","352 Avenue",Bijou Hills,57370,Brule,43.5174942,-99.15031,101,69,30,"","0.00","","                                                  ","0.00000",,"Other(See Case File)","ATP","Agricultural","UST","False","No Tank Found",489,"4409",,"","204",9157
2002137.000,"C",KM,9/27/2002,10/25/2002,True,"Clean ATP - Brown Property","Bob Brown","104 Terrace Road",Chamberlain,57325,Brule,43.7997055,-99.3351,,,,"","0.00","","                                                  ","0.00000",,"Other(See Case File)","ATP","Residential","UST","True","No Release",2051,"5999",,"","220",10000
2002146.000,"C",KM,9/27/2002,10/25/2002,True,"ATP - Paragon (no tank found)","Foxley Brothers","SD Highway 45 & 252 Street",Kimball,57355,Brule,43.7311745,-98.85391,,,,"","0.00","","                                                  ","0.00000",,"Other(See Case File)","ATP","Commercial","UST","False","No Tank Found",2374,"6303",,"","220",10009
2006004.000,"C",KH,1/6/2006,1/17/2006,True,"Clean ATP - Brule County Sheriff","Brule County","201 West Kellam",Chamberlain,57325,Brule,43.8080521,-99.33416,,,,"","0.00","","                                                  ","0.00000",,"Other(See Case File)","ATP","Public","UST","True","No Release",2907,"6967",,"","242",10436
2014015.000,"C",TF,10/8/2014,2/27/2015,True,"Clean ATP - Willrodt Motors","Willrodt Motor Company Inc.","200 West King",Chamberlain,57325,Brule,43.80995,-99.331955,,,,"","0.00","","                                                  ","0.00000",,"Other(See Case File)","ATP","Commercial","UST","False","No Release",3399,"7937",,"","298",13153
2015008.000,"C",NS ,7/24/2015,7/28/2015,True,"Clean Assessment - Ditty's Diesel Tanks","Shannon Capitol Inc.","801 South Main Street",Kimball,57735,Brule,43.7392845,-98.95938,,,,"null","null","null","null","null",,"Other(See Case File)","Clean Site","Commercial","UST","True","No Release",,"7966",,"null","301",13432
2017007.000,"C",TF ,7/7/2017,12/19/2017,True,"Clean ATP - Sanford Health Center","Sanford Health - Chamberlain","300 South Byron Blvd",Chamberlain,57325,Brule,43.7863159,-99.3243,,,,"null","null","null","null","null",,"Other(See Case File)","ATP","Other(See Case File)","UST","True","No Release",3565,"8250",,"null","null",14037
2020009.000,"C",KF ,10/5/2020,10/29/2020,True,"Clean ATP - Pukwana School","Larry McManus","408 High Street",Pukwana,57370,Brule,43.7780342,-99.18426,,,,"null","null","null","null","null",,"Other(See Case File)","ATP","Public","UST","False","No Release",3695,"8508",,"null","null",14849