id,status,r1,date_rep,date_close,image,site_name,resp_party,street,city,zip_code,county,latitude,longitude,township,range,section,secq1,acreage,instctrls,material,amount,units,spill_cat,site_type,proptype,sor_type,regulated,cause_type,atp_no,prcfnumber,ag_no,solidwaste,microroll,siteid
76.006,"C",TK,9/20/1976,11/22/1996,True,"Transport Event","Taylor Oil Company","8 miles West (North Ditch)",Oldham,57051,Kingsbury,44.22409,-97.47151,,,,"","0.00","","Fuel Oil #6                                       ","3000.00000",gallons,"Petroleum","Other(See Case File)","Commercial","Transport Trailer","True","Transport Accident",,"null",,"","",18
82.003,"C",KM,1/11/1982,6/22/1993,True,"Otter Tail Power Company","Otter Tail Power Company","W of 4th St NW & Preston St",Lake Preston,57249,Kingsbury,44.3653374,-97.38105,,,,"","0.00","","CrO4 Base Anti-Freez                              ","250.00000",gallons,"Chemical","Other(See Case File)","Industrial","Operating System","False","Equipment Failure",,"null",,"","",63
83.028,"C",JA,7/13/1983,2/2/1994,True,"Reported paraquat release","Unknown","Unknown Location",Lake Preston,57249,Kingsbury,44.36528,-97.4237,,,,"","0.00","","Paraquat                                          ","0.00000",,"Agri Chem","Other(See Case File)","Unknown(See Case File)","Unknown(See Case File)","False","Unknown",,"null",,"","",133
83.044,"C",JA,9/12/1983,2/2/1993,True,"City Fire Hall","Iroquois","City Fire Hall",Iroquois,57353,Kingsbury,44.3671646,-97.84874,,,,"","0.00","","Fuel Oil #1                                       ","250.00000",,"Petroleum","Other(See Case File)","Public","Unknown(See Case File)","False","Unknown",,"null",,"","",148
84.032,"C",TK,4/21/1984,1/25/1995,True,"Wallum's Corner (see 94.269)","Andrew Vincent","Hwy 14",Manchester,57353,Kingsbury,44.36815,-97.71226,,,,"","0.00","","Gasoline                                          ","1000.00000",gallons,"Petroleum","Other(See Case File)","Commercial","UST","True","Dispenser Leak",,"null",,"","",203
84.093,"C",JA,10/30/1984,2/2/1993,True,"Vincent Wallum's Corner (see 84.032 & 94.269)","Andrew Vincent","Wallum's Corner",Manchester,57353,Kingsbury,44.3682327,-97.71207,,,,"","0.00","","Gasoline                                          ","0.00000",,"Petroleum","Other(See Case File)","Commercial","UST","True","null",,"null",,"","235",264
85.042,"C",KH,5/28/1985,10/2/1995,True,"City Water Supply  (see 85.045)","Hetland","City Water Supply",Hetland,57244,Kingsbury,44.3788872,-97.23333,11N,53W,,"","0.00","","Petroleum                                         ","0.00000",,"Petroleum","Other(See Case File)","Public","Unknown(See Case File)","False","Unknown",,"null",,"","266",310
85.045,"C",JA,6/3/1985,3/3/1994,True,"City of Hetland - Impacted Drinking Water","Hetland","Water System",Hetland,57244,Kingsbury,44.3781548,-97.23484,,,,"","0.00","","Grease, Oil","0.00000",,"Oil","Source Water","Public","Unknown(See Case File)","False","Unknown",,"null",,"","266",313
85.087,"C",DP,11/23/1985,6/30/2000,True,"81 Auto - Frozen Nozzle","Regene Lohann","Hwy. 81 & Main",Arlington,57212,Kingsbury,44.3673553,-97.12905,110N,53W,1,"","0.00","","Gasoline                                          ","500.00000",gallons,"Petroleum","Other(See Case File)","Commercial","UST","True","Uncontrolled Nozzle",,"null",,"","",355
86.038,"C",BL,5/28/1986,9/20/1995,True,"Wallum's Corner  (also see 94.269)","Andy Vincent","Wallum's Corner",Manchester,57231,Kingsbury,44.3682327,-97.71214,,,,"","0.00","","Gasoline                                          ","0.00000",,"Petroleum","Other(See Case File)","Commercial","AST","True","Leakage",,"null",,"","267",403
86.043,"C",KM,6/17/1986,6/24/1987,True,"Rons Aerial Spraying - Aircraft Accident","Deceased RP","Near Badger",Badger,57214,Kingsbury,44.4925575,-97.21407,121,53,20,"","0.00","","Pesticide                                         ","120.00000",gallons,"Agri Chem","Other(See Case File)","Other(See Case File)","Aircraft Tanks","False","Accident",,"null",,"","",408
86.044,"C",KM,6/19/1986,6/30/2000,True,"Otter Tail Power Company - Transformer Leak","Otter Tail Power Company","Substation 2 mi. N. of Lake Preston (city)",Lake Preston,57249,Kingsbury,44.3977966,-97.39153,111N,55W,23,"SE","0.00","","Transformer Oil                                   ","50.00000",gallons,"Oil","Other(See Case File)","Industrial","Transformer","False","Leakage",,"null",,"","",409
86.095,"C",KM,12/18/1986,6/30/2000,True,"Abandoned Drums","Unknown","SD GF&P Property",Lake Preston,57249,Kingsbury,44.3036575,-97.38995,110N,55W,25,"","0.00","","Toxaphene                                         ","60.00000",gallons,"Agri Chem","Other(See Case File)","Other(See Case File)","Drums","False","Handling",,"null",,"","",460
89.099,"C",TK,5/22/1989,6/19/1994,True,"Agrichem Transport Spill","Roger Wentland","200th Street",Erwin,57233,Kingsbury,44.4845772,-97.33555,112,54,20,"SE","0.00","","Pesticide                                         ","750.00000",gallons,"Agri Chem","Other(See Case File)","Other(See Case File)","Tote","False","Damage",,"null",,"","",988
89.175,"C",MV,7/28/1989,6/30/2000,True,"Farmers' Union Oil Company - Transport Event","Farmers Union Oil Company","CR 14, 4.5 miles N of Carthage",Esmond,57323,Kingsbury,44.23556,-97.7136154,,,,"","0.00","","Herbicide, Rescue                                 ","20.00000",gallons,"Agri Chem","Other(See Case File)","Other(See Case File)","Transport Tank","False","Overturned",,"null",,"","",1064
89.180,"C",KM,8/2/1989,3/21/1991,True,"SD DOT Property - Abandoned Tanks","SD Department of Transportation (SD DOT)","Jct.-81 & Oldham Rd, SW corner",Sinai,57061,Kingsbury,44.2245369,-97.12948,109,53W,25,"NE","0.00","","Petroleum                                         ","0.00000",,"Petroleum","Other(See Case File)","Public","UST","True","No Release",,"0049",,"","234",1069
89.239,"NFA",KH,9/15/1989,5/21/2002,True,"Former J & R Oil Company Site (see also 90.156)","J & R Oil Company","Jct. 14 & 81 (pond side)",Arlington,57212,Kingsbury,44.3613167,-97.12933,,,,"","0.00","","Petroleum                                         ","0.00000",,"Petroleum","Other(See Case File)","Commercial","UST","True","Corrosion",,"150",,"","237",1127
89.243,"C",KH,9/15/1989,5/21/2002,True,"Arlington Motel  (see also 90.156)","Clark Andis Jr.","Elm, between 5th & 6th Streets",Arlington,57212,Kingsbury,44.36727,-97.13742,,,,"","0.00","","Petroleum                                         ","0.00000",,"Petroleum","Other(See Case File)","Commercial","Off Site Source","False","Leakage",,"151",,"","237, 259",1131
89.244,"NFA",KH,9/15/1989,5/21/2002,True,"Bunker Auto Body      (see also 90.156)","Thomas Bunker","103 East Elm",Arlington,57212,Kingsbury,44.36468,-97.13436,,,,"","0.00","","Petroleum                                         ","0.00000",,"Petroleum","Other(See Case File)","Commercial","UST","False","Leakage",,"152",,"","237, 259",1132
89.245,"NFA",KH,9/15/1989,5/21/2002,True,"Hyinks Service  (see also 90.156)","Philip Hyink","106 East Elm",Arlington,57212,Kingsbury,44.3634033,-97.1326141,,,,"","0.00","","Petroleum                                         ","0.00000",,"Petroleum","Other(See Case File)","Commercial","UST","True","Leakage",,"153",,"","237, 259",1133
89.246,"NFA",KH,9/15/1989,5/21/2002,True,"Community Oil Company (see also 90.156)","Community Oil Company","202 East Elm",Arlington,57212,Kingsbury,44.36324,-97.13226,,,,"","0.00","","Petroleum                                         ","0.00000",,"Petroleum","Other(See Case File)","Commercial","UST","True","Leakage",,"0154",,"","237, 259",1134
89.287,"C",TK,11/6/1989,1/6/1992,True,"Parkhurst Trucking - Damaged Truck","Parkhurst Trucking","Highway 14 & 81",Arlington,57212,Kingsbury,44.3609,-97.12889,,,,"","0.00","","Hydraulic Fluid                                   ","5.00000",gallons,"Oil","Other(See Case File)","Other(See Case File)","Truck","False","Accident",,"null",,"","",1175
89.319,"C",DS,12/6/1989,4/25/1990,True,"Oldham Elevator - Impacted Drainage","Jim Eykamp","Railroad Avenue",Oldham,57051,Kingsbury,44.2274,-97.30696,,,,"","0.00","","Pesticide Eradicane                               ","400.00000",gallons,"Agri Chem","Other(See Case File)","Commercial","Bulk Storage","False","Handling",,"null",,"","",1207
90.069,"C",DM,3/26/1990,10/16/1990,True,"Hillestad Oil Company - Bulk Plant","Robert Hillestad","408 North Main Street",Lake Preston,57249,Kingsbury,44.3651352,-97.37673,,,,"","0.00","","Gasoline                                          ","75.00000",gallons,"Petroleum","Other(See Case File)","Commercial","AST","True","Spillage",,"561",,"","",1304
90.118,"C",TK,4/20/1990,12/3/1993,True,"Spring Lake Colony - Waste Tank Leak","Hutterian Brethren Inc.","Spring Lake Colony",Oldham,57051,Kingsbury,44.2382736,-97.19537,109N,53W,21,"E","0.00","","Waste Oil                                         ","100.00000",gallons,"Oil","Other(See Case File)","Agricultural","AST","False","Leakage",,"null",,"","",1353
90.156,"NFA",KH,5/7/1990,5/21/2002,True,"81 Auto Clinic - Leaking Tank","81 Auto Clinic","208 Highway 81",Arlington,57212,Kingsbury,44.3652649,-97.12897,,,,"","0.00","","Petroleum                                         ","0.00000",,"Petroleum","Other(See Case File)","Commercial","UST","True","Leakage",,"155",,"","193, 259",1391
90.157,"I",KH,5/7/1990,8/25/1995,True,"Former Triangle Texaco - Tank Removals","Rexford Parker","Corner of Highway 81 and Main",Arlington,57212,Kingsbury,44.3673,-97.1290741,,,,"","0.00","","Petroleum                                         ","0.00000",,"Petroleum","Other(See Case File)","Commercial","UST","True","Corrosion",,"0156",,"","259",1392
90.224,"C",TK,6/7/1990,5/22/1991,True,"Bievers Bulk Sale Company - Complaint","Bob & Gary Biever","110 Nesho St. E",Iroquois,57353,Kingsbury,44.36965,-97.85284,,,,"","0.00","","Pesticide                                         ","0.00000",,"Agri Chem","Other(See Case File)","Commercial","Bulk Chemical","False","Handling",,"null",,"","",1459
90.233,"C",KM,6/11/1990,7/3/1990,True,"Land O Lakes - Spilled Milk","Land O Lakes","Hwy 14, MM 391 (~3  miles E of Lake Preston)",Lake Preston,57249,Kingsbury,44.3616524,-97.31504,110N,54W,4,"NE","0.00","","Milk                                              ","2000.00000",gallons,"Other","Other(See Case File)","Other(See Case File)","Transport Truck","False","Transport Accident",,"null",,"","",1468
90.381,"C",TK,8/23/1990,3/21/1991,True,"Department of Transportation (SD DOT) - Tank Removals","SD Department of Transportation (SD DOT)","Highway 81 & Oldham Corner",Sinai,57061,Kingsbury,44.2243919,-97.12948,,,,"","0.00","","Petroleum                                         ","0.00000",,"Petroleum","Other(See Case File)","Public","UST","True","Spillage",,"1114",,"","",1616
90.428,"I",BL,9/12/1990,12/19/1995,True,"Lake Preston Farm Supply","Lake Preston Farm Supply","101 N. Main  (Main & Hwy 14)",Lake Preston,57249,Kingsbury,44.3613663,-97.37777,,,,"","0.00","","Petroleum                                         ","0.00000",,"Petroleum","Other(See Case File)","Commercial","UST","True","Leakage",,"1124",,"","",1663
90.433,"C",DM,9/12/1990,2/3/1993,True,"Handi-Mart Inc. - Conoco","Handi Mart Incorporated","Hwy 14 & Hwy 81 (east side of Arlington)",Arlington,57212,Kingsbury,44.3619156,-97.12932,,,,"","0.00","","Gasoline                                          ","0.00000",,"Petroleum","Other(See Case File)","Commercial","UST","True","Leaks and Spills",,"1129",,"","",1668
90.479,"NFA",JF,10/3/1990,12/9/2003,True,"Former DeSmet Farm Supply Station Site - Tank Replacements","Lake Preston Farm Supply","110 2nd Street SW  (NE at Hwy 25 & 2nd St)",De Smet,57231,Kingsbury,44.3864479,-97.55035,111N,56W,28,"SW","0.00","","Petroleum                                         ","0.00000",,"Petroleum","Other(See Case File)","Commercial","UST","True","Leakage",,"1158",,"","235",1714
90.543,"C",RC,10/24/1990,3/8/1997,True,"Kingsbury County Highway Dept.","Kingsbury County  Highway Dept.","West end of Front Street",De Smet,57231,Kingsbury,44.390007,-97.55809,,,,"","0.00","","Gasoline                                          ","0.00000",,"Petroleum","Other(See Case File)","Public","UST","True","Leaks and Spills",,"1207",,"","",1778
90.544,"C",KM,10/26/1990,11/20/1991,True,"Farmstead Site","Clayton Borah","11 S.  4 mi. E - Desmet (S of Lake Thompson)",Oldham,57051,Kingsbury,44.22227,-97.47091,,,,"","0.00","","Fuel Oil                                          ","475.00000",gallons,"Petroleum","Other(See Case File)","Agricultural","AST","False","Line Leak",,"1219",,"","",1779
90.595,"C",KM,11/21/1990,4/29/1992,True,"Yale Farmers Coop - Anhydrous Release","Yale Farmers Coop","7 mi. N. of Manchester",Bancroft,57353,Kingsbury,44.4697075,-97.71318,,,,"","0.00","","Anhydrous Ammonia                                 ","0.00000",,"Agri Chem","Other(See Case File)","Agricultural","Nurse Tank","False","Overturned",,"null",,"","",1830
91.064,"C",MV,2/19/1991,6/14/1995,True,"DeSmet Farm Supply","Lake Preston Farm Supply","110 2nd St. SW",De Smet,57231,Kingsbury,44.3865242,-97.5502548,111N,56W,28,"NE","0.00","","Petroleum                                         ","0.00000",,"Petroleum","Other(See Case File)","Commercial","UST & AST","True","Spillage",,"1389",,"","235",1954
91.068,"I",KH,2/26/1991,2/5/1998,True,"J & R Oil - AST Facility","Ralph Kommes","Between Hwy. 14 & Railroad Tracks",Arlington,57212,Kingsbury,44.36493,-97.1338348,,,,"","0.00","","Gasoline                                          ","0.00000",,"Petroleum","Other(See Case File)","Commercial","AST","True","Leakage",,"1394",,"","",1958
91.070,"C",KM,2/27/1991,3/6/1991,True,"Department of Transportation (SD DOT)","SD Department of Transportation (SD DOT)","NW corner Hwy 14 & 25 Junction",De Smet,57231,Kingsbury,44.3833427,-97.5517654,,,,"","0.00","","Diesel                                            ","0.00000",,"Petroleum","Other(See Case File)","Public","UST","True","Leaks and Spills",,"1393",,"","",1960
91.312,"C",DP,7/17/1991,7/18/1991,True,"Jensens Equipment Building","Citizen State Bank","4th  Street",Arlington,57212,Kingsbury,44.36778,-97.13455,,,,"","0.00","","Petroleum                                         ","0.00000",,"Petroleum","Other(See Case File)","Commercial","UST","True","Spillage",,"1545",,"","",2202
91.356,"C",KM,8/13/1991,7/7/1993,True,"Farmers Elevator - Stormwater Runoff","Arlington Farmers Elevator","200' N. of  N. Main",Arlington,57212,Kingsbury,44.3662071,-97.13251,,,,"","0.00","","Agri Chem                                         ","0.00000",,"Agri Chem","Other(See Case File)","Commercial","Bulk Chemical","False","Runoff",,"null",,"","210",2246
91.437,"NFA",GH,9/18/1991,6/19/2002,True,"Oldham Service Bulk Plant","Oldham Services Inc","Railroad Ave. between Main & Arthur Streets",Oldham,57051,Kingsbury,44.22717,-97.30672,109N,54W,22,"SW","0.00","","petroleum                                         ","0.00000",,"Petroleum","Other(See Case File)","Commercial","AST","True","Leaks and Spills",,"1639",,"","194, 225,",2327
91.581,"NFA",GH,12/16/1991,6/19/2002,True,"Oldham Service Incorporated - Gas Station","Oldham Services Incorporated","SE at Main & Martha",Oldham,57051,Kingsbury,44.2275047,-97.3094254,109N,54W,22,"SW","0.00","","gasoline                                          ","0.00000",,"Petroleum","Other(See Case File)","Commercial","UST & AST","True","Leakage",,"1854",,"","195, 225, 261",2471
91.667,"NFA",JF,12/27/1991,9/26/2005,True,"Myers Standard Site","Scott Myers","102 5th SE  (NE at 5th/Hwy 14 & Calumet)",De Smet,57231,Kingsbury,44.3834572,-97.5495,,,,"","0.00","","Petroleum ","0.00000",,"Petroleum","Other(See Case File)","Commercial","UST","True","Leakage",,"1976",,"","240,252",2557
92.388,"C",KM,11/16/1992,4/12/1993,True,"Lake Preston Farm Supply - Fertilizer Spill","Lake Preston Coop Association","1/2 mi. W. & 1/4 mi. N. of Lake Preston",Lake Preston,57249,Kingsbury,44.36629,-97.39188,,,2,"NE","0.00","","Dry Fertilizer                                    ","30.00000",tons,"Agri Chem","Other(See Case File)","Commercial","Bulk Chemical","False","Structure Failure",,"null",,"","",2978
92.395,"C",BL,11/16/1992,12/2/1993,True,"Howes Oil Co.  (former station site)","Mike Howe","NE corner of Spring Ave & 1st St (Hwy 14)",Lake Preston,57249,Kingsbury,44.3611565,-97.37196,110N,55,36,"SE","0.00","","Petroleum                                         ","0.00000",,"Petroleum","Other(See Case File)","Commercial","UST","True","Leaks and Spills",,"2336",,"","",2985
93.304,"C",RC,9/24/1993,11/8/1995,True,"Former SD DOT Shop - UST Removal","SD Department of Transportation  (SD DOT)","Hwy. 14: ~1 mi. W. of  De Smet",De Smet,57231,Kingsbury,44.38365,-97.57499,111N,56W,29,"SE","0.00","","Petroleum                                         ","0.00000",,"Petroleum","Other(See Case File)","Other(See Case File)","UST","True","Leaks and Spills",,"2462",,"","",3319
94.269,"NFA",KH,9/13/1994,3/9/2001,True,"Wallums Corner - Contaminated Site (also 84.032)","Jan Muilenburg & Robin Wallum","SE at Hwy 14 & 425th Avenue",Manchester,57231,Kingsbury,44.3682823,-97.71203,,,,"","0.00","","Diesel, Gasoline                                  ","0.00000",,"Petroleum","Other(See Case File)","Commercial","UST & AST","True","Leakage",,"2726",,"","225,",3804
94.412,"C",TK,2/28/1995,7/10/1995,True,"Lake Preston Coop - Spill at a residence","Lake Preston Coop","502 Grandview (N side of house)",De Smet,57231,Kingsbury,44.3808022,-97.551796,110N,54,3,"NE","0.00","","Fuel Oil                                          ","10.00000",gallons,"Petroleum","Other(See Case File)","Commercial","AST","False","Spillage",,"null",,"","",3947
95.093,"C",RC,5/10/1995,7/7/1997,True,"U.S. West - Tank Removal","U.S. West Communications, Inc","NE corner, Quapaw & Washita",Iroquois,57353,Kingsbury,44.3672943,-97.8506851,,,,"","0.00","","Fuel oil                                          ","0.00000",,"Petroleum","Other(See Case File)","Commercial","UST","True","Leaks and Spills",,"2992",,"","",4044
95.289,"C",TK,10/16/1995,1/1/1996,True,"Truck vs Locomotive","Albrecht Trucking","441 Ave @ RR tracks",Lake Preston,57249,Kingsbury,44.3664932,-97.3906555,,,,"","0.00","","Diesel                                            ","2000.00000",gallons,"Petroleum","Other(See Case File)","Other(See Case File)","Equipment","False","Transport Accident",,"2958",,"","",4240
96.077,"C",TK,4/10/1996,4/17/1996,True,"Prairie Park Apartments","Otter Tail Power Company","408 Calumet Avenue North",De Smet,57231,Kingsbury,44.3910065,-97.54787,,,,"","0.00","","Transformer oil                                   ","2.00000",gallons,"Oil","Other(See Case File)","Residential","Transformer","False","Leakage",,"null",,"","",4387
96.120,"C",KH,5/3/1996,5/16/2000,True,"Former AST Site","City of Arlington","Birch & Main (near water tower)",Arlington,57212,Kingsbury,44.36274,-97.1345139,110N,53W,1,"NE","0.00","","Petroleum                                         ","0.00000",,"Petroleum","Other(See Case File)","Public","AST","True","Leaks and Spills",,"3039",,"","",4430
96.174,"C",RC,6/17/1996,6/24/1996,True,"Midco Tower - Tank Removal","Midco TV of South Dakota","210 Street",Arlington,57212,Kingsbury,44.3403244,-97.14896,110,53,13,"NW","0.00","","Petroleum                                         ","0.00000",,"Petroleum","Other(See Case File)","Other(See Case File)","UST","True","Spillage",,"3030",,"","",4484
96.356,"C",CJ,12/10/1996,2/13/1997,True,"Oldham Service","Jim Eykamp","Main Street behind South End of Building",Oldham,57051,Kingsbury,44.2271957,-97.3094,,,,"","0.00","","Waste Oil                                         ","600.00000",gallons,"Oil","Other(See Case File)","Commercial","Drums","False","Leaks and Spills",,"null",,"","",4666
96.369,"NFA",KH,12/26/1996,11/7/2000,True,"Arlington Farmers Elevator - Assessment","Arlington Farmers Elevator Company","SE intersection of 3rd & Maple",Arlington,57212,Kingsbury,44.3657227,-97.13371,,,,"","0.00","","Petroleum                                         ","0.00000",,"Petroleum","Other(See Case File)","Commercial","AST","True","Leakage",,"3139",,"","270",4679
97.097,"C",BM,4/11/1997,11/9/1998,True,"Leckley Property Transport Event","Janssen Brothers Trucking","5 mi North of Town",De Smet,57231,Kingsbury,44.4555,-97.5523,111N,56W,4,"NW","0.00","","Whey                                              ","15000.00000",gallons,"Other(See Case File)","Other(See Case File)","Other(See Case File)","Transport Trailer","False","Overturned",,"null",,"","",4785
97.208,"NFA",JPA,6/17/1997,6/21/2013,True,"City of Arlington - LUST Trust","City of Arlington","Main at Birch, right-of-way",Arlington,57212,Kingsbury,44.3633957,-97.1348953,,,,"","0.00","","gasoline                                          ","0.00000",,"Petroleum","Lust Trust","Other(See Case File)","UST","False","Leakage",,"3244",,"","294",4896
97.323,"C",KH,9/25/1997,1/15/1999,True,"Community Oil Bulk Site - Assessment","Community Oil","Hwy 14 (~1 mile W of Arlington)",Arlington,57212,Kingsbury,44.3698654,-97.15144,,,,"","0.00","","petroleum                                         ","0.00000",,"Petroleum","Other(See Case File)","Commercial","AST","True","Leaks and Spills",,"3294",,"","",5011
98.091,"C",RL,5/1/1998,8/16/2004,True,"Transport Event","Lake Preston Farm Supply","1.5 mi N of Hwy14 and Lake Preston Soil Center",Lake Preston,57249,Kingsbury,44.38221,-97.39138,,,,"","0.00","","Dry Fertilizer                                    ","200.00000",pounds,"Agri Chem","Other(See Case File)","Other(See Case File)","Transport Trailer","False","Transport Accident",,"null",98JH050102,"","234,237",5199
98.123,"C",LAS,6/2/1998,6/28/2000,True,"Transport Event","Alan Aughenbaugh","SE corner of  14 & 424th Avenue",Manchester,57231,Kingsbury,44.3683739,-97.73222,,,,"","0.00","","roundup ultra                                     ","75.00000",gallons,"Agri Chem","Other(See Case File)","Other(See Case File)","Portable Tank","False","Transport Accident",,"null",,"","203",5231
98.255,"C",NS,9/16/1998,4/27/1999,True,"Lake Preston School - Tank Removal Site","Lake Preston School District 38-3","303 1st Street",Lake Preston,57249,Kingsbury,44.36208,-97.3731842,110N,54W,,"","0.00","","heating fuel                                      ","0.00000",,"Petroleum","Other(See Case File)","Public","UST","False","Leaks and Spills",,"3571",,"","",5363
98.328,"NFA",GH,11/4/1998,8/7/2002,True,"De Smet City Airport - Tank Removal","City of De Smet","Hwy 25, approx 3 miles North of De Smet",De Smet,57231,Kingsbury,44.43337,-97.55662,111N,56W,9,"","0.00","","aviation gasoline                                 ","0.00000",,"Petroleum","Aquifer","Other(See Case File)","UST","True","Leakage",,"3623",,"","202",5436
99.084,"C",BM,3/31/1999,3/14/2002,True,"Otter Tail Substation - Oil Spill","Otter Tail Power Company","4th Street Northwest",Lake Preston,57249,Kingsbury,44.3654861,-97.38104,,,,"","0.00","","Transformer Oil                                   ","100.00000",gallons,"Oil","Other(See Case File)","Industrial","Transformer","False","Leakage",,"null",,"","230",5631
99.146,"C",KM,5/5/1999,7/20/2000,True,"Unsecured Poly Tank","Albrecht and Sons","220th St & 442 Ave",Oldham,57051,Kingsbury,44.1950645,-97.37058,,,,"","0.00","","fertilizer                                        ","0.00000",,"Agri Chem","Source Water","Agricultural","Tote","False","Unsecured",,"null",,"","",5693
2000.085,"C",TF,5/4/2000,4/17/2002,True,"Badger Oil Bulk Plant - Tank Overfill","Transport Inc.","Badger Oil Bulk Plant",Badger,57214,Kingsbury,44.48641,-97.20439,,,,"","0.00","","Diesel #2                                         ","266.00000",gallons,"Petroleum","Other(See Case File)","Industrial","AST","True","Overfill",,"null",,"","194",5983
2000.178,"C",KM,5/15/2000,7/12/2000,True,"Transformer Leak","Otter Tail Power","107 Chase Street  NE",De Smet,57231,Kingsbury,44.3884621,-97.54731,111N,56W,27,"","0.00","","Transformer Oil PCB                               ","45.00000",gallons,"Combined","Other(See Case File)","Residential","Transformer","False","Leakage",,"null",,"","",6076
2000.208,"C",BM,6/26/2000,11/2/2000,True,"Barkley Truck Accident","Barkley Truck Lines, Inc.","218 Street, 1/4 mile W of Hwy 81,  S ditch",Sinai,57061,Kingsbury,44.2241859,-97.1347351,109N,53W,25,"","0.00","","Diesel                                            ","30.00000",Gallons,"Petroleum","Other(See Case File)","Agricultural","Transport Truck","False","Transport Accident",,"null",,"","203",6106
2001.022,"C",KM,2/5/2001,2/8/2001,True,"ATP - Violet Wendel Farm","Violet Wendel","42775 201st Street",Bancroft,57353,Kingsbury,44.46923,-97.65697,,,,"","0.00","","gasoline                                          ","0.00000",,"Petroleum","ATP","Agricultural","UST","False","Corrosion",284,"4231",,"","207",6307
2001.023,"C",KM,2/5/2001,2/8/2001,True,"ATP - Former Auto Electric Site","Gregory Wolkow","NW corner @ Calumet and 4th Street",De Smet,57231,Kingsbury,44.3842125,-97.55032,,,,"","0.00","","waste oil                                         ","0.00000",,"Oil","ATP","Residential","UST","True","Spillage",294,"4237",,"","207",6308
2001.043,"NFA",KM,2/26/2001,12/13/2002,True,"ATP - David Johnson Property","David Johnson","NEat Epton Avenue and Clarence Street",Oldham,57051,Kingsbury,44.2247353,-97.3109055,,,,"","0.00","","gasoline                                          ","0.00000",,"Petroleum","ATP","Commercial","UST","True","Corrosion",160,"4080",,"","217",6328
2001.044,"NFA",KM,2/26/2001,1/10/2003,True,"ATP - Former Jorgenson Implement","Wallace Brown","NE corner of Martha Avenue and Main Street",Oldham,57051,Kingsbury,44.22779,-97.30939,,,,"","0.00","","petroleum                                         ","0.00000",,"Petroleum","ATP","Commercial","UST","True","Leakage",101,"4011",,"","217",6329
2001.063,"C",RL,4/19/2001,9/11/2009,True,"Muser  Farm Tank - Valve Leak","Lake Preston Coop Assn","20107 438th Avenue",Erwin,57233,Kingsbury,44.46926,-97.4528961,112,55,32,"","0.00","","fuel oil                                          ","20.00000",gallons,"Petroleum","Other(See Case File)","Agricultural","AST","False","Valve Leak",,"null",,"","266",6348
2001.064,"C",BM,4/20/2001,6/11/2003,True,"Highway 25 Trifluralin spill","UAP Northern Plains","Highway 25, Approx. 5.5 m N of DeSmet",De Smet,57231,Kingsbury,44.46306,-97.55194,,,,"","0.00","","Trifluralin                                       ","100.00000",lbs,"Agri Chem","Other(See Case File)","Other(See Case File)","Containers","False","Transport Accident",,"null",01N042006,"","231",6349
2001.428,"C",KM,6/6/2001,10/26/2001,True,"ATP - Larson Property","Robert Larson","West Highway 15",Lake Preston,57249,Kingsbury,44.3616524,-97.3809052,,,,"","0.00","","Petroleum                                         ","0.00000",,"Petroleum","ATP","Residential","UST","False","Spillage",810,"4752",,"","207",6711
2001.429,"C",KM,6/8/2001,10/26/2001,True,"ATP - Former Feed Store Site","Joann Steffenson","205 Main Avenue",Hetland,57244,Kingsbury,44.37783,-97.23495,,,,"","0.00","","Petroleum                                         ","0.00000",,"Petroleum","ATP","Commercial","UST","True","Leakage",821,"4772",,"","207",6712
2001.433,"NFA",KH,6/6/2001,12/30/2003,True,"ATP - Former Badger Garage","Scott Erstad","100 South Main Street",Badger,57214,Kingsbury,44.4850464,-97.20589,,,,"","0.00","","petroleum                                         ","0.00000",,"Petroleum","ATP","Commercial","UST","True","Leaks and Spills",545,"4474",,"","225,",6716
2001.436,"C",KM,6/12/2001,2/25/2002,True,"ATP - Former R & M Service","George Norgaard","107 Main Avenue",Hetland,57244,Kingsbury,44.3749542,-97.23496,,,,"","0.00","","Petroleum                                         ","0.00000",,"Petroleum","ATP","Commercial","UST","True","Leakage",223,"4152",,"","207",6719
2001.437,"NFA",KM,6/19/2001,1/17/2003,True,"ATP - Anderson Property","Myron Anderson","700 East Main Street",Badger,57214,Kingsbury,44.48563,-97.19907,,,,"","0.00","","gasoline                                          ","0.00000",,"Petroleum","ATP","Residential","UST","True","Corrosion",1582,"5531",,"","217",6720
2001.438,"NFA",KH,6/7/2001,9/8/2003,True,"ATP - Sharper Image Barber Shop","John Vincent","331 North Main Avenue",Lake Preston,57249,Kingsbury,44.3640442,-97.3778152,,,,"","0.00","","fuel oil                                          ","0.00000",,"Petroleum","ATP","Commercial","UST","False","Leaks and Spills",1007,"5004",,"","225,",6721
2001.439,"NFA",KH,6/8/2001,9/30/2003,True,"ATP - Former Ralph Motors","Terry Davis","NE at Main and North",Hetland,57244,Kingsbury,44.3784447,-97.23466,,,,"","0.00","","Petroleum                                         ","0.00000",,"Petroleum","ATP","Commercial","UST","True","Corrosion",625,"4557",,"","236,258",6722
2001.440,"C",KM,6/8/2001,2/25/2002,True,"ATP - Hetland Historical Society (Vacant Lot)","Bernice Nelson","Main Street ",Hetland,57244,Kingsbury,44.37801,-97.23468,,,,"","0.00","","gasoline                                          ","0.00000",,"Petroleum","ATP","Other(See Case File)","UST","True","Leakage",348,"4273",,"","207",6723
2001.460,"C",KM,6/4/2001,11/2/2001,True,"ATP - Klinkel Property","Robert Klinkel","Calumet",De Smet,57231,Kingsbury,44.38187,-97.55054,,,,"","0.00","","gasoline                                          ","0.00000",,"Petroleum","ATP","Residential","UST","True","Leakage",1077,"4798",,"","207",6743
2001.461,"C",KM,6/22/2001,11/2/2001,True,"ATP - Falla Property","Galen Falla","44745 212th Street",Arlington,57212,Kingsbury,44.3104973,-97.26228,110N,54W,25,"NW","0.00","","gasoline                                          ","0.00000",,"Petroleum","ATP","Residential","UST","True","Leakage",1606,"5558",,"","207",6744
2001.472,"C",KM,6/22/2001,2/25/2002,True,"ATP - Baker Farm","Michael J. Baker","21152 449th Avenue",Arlington,57212,Kingsbury,44.3182755,-97.22534,110N,53W,20,"SW","0.00","","Petroleum                                         ","0.00000",,"Petroleum","ATP","Agricultural","UST","False","Overfill",1604,"5556",,"","207",6755
2001.474,"NFA",KM,6/21/2001,12/13/2002,True,"ATP - Rowen Property","Les Rowen","102 South 4th Street",Arlington,57212,Kingsbury,44.3644333,-97.13767,,,,"","0.00","","fuel oil                                          ","0.00000",,"Petroleum","ATP","Residential","UST","False","Corrosion",739,"4678",,"","217",6757
2001.502,"NFA",KH,6/5/2001,1/14/2005,True,"ATP - Larsen Farm","Brady Larsen","West Highway 14",Lake Preston,57249,Kingsbury,44.3619537,-97.38069,,,,"","0.00","","Petroleum                                         ","0.00000",,"Petroleum","ATP","Agricultural","UST","False","Corrosion",1511,"4752",,"","236",6785
2001.503,"C",KM,6/18/2001,2/25/2002,True,"ATP - Remily Property (REM Inc)","Jerry Remily","100 South Main Avenue",Lake Preston,57249,Kingsbury,44.3614,-97.37703,,,,"","0.00","","gasoline                                          ","0.00000",,"Petroleum","ATP","Residential","UST","True","Leakage",1602,"5554",,"","207",6786
2001.506,"C",NS,11/6/2001,11/15/2001,True,"Ellen Hougland Property - UST Removal","Ellen Hougland","206 Lake Avenue South",Lake Preston,57249,Kingsbury,44.3595543,-97.37531,,,,"","0.00","","Fuel Oil                                          ","0.00000",,"Petroleum","Other(See Case File)","Residential","UST","False","Spillage",,"null",,"","236",6789
2001.524,"NFA",KM,10/29/2001,1/17/2003,True,"ATP - Mamer Property","John Mamer","NW at Hwy 14 & 442nd (Park Ave)",Lake Preston,57249,Kingsbury,44.36123,-97.3701,,,,"","0.00","","Petroleum                                         ","0.00000",,"Petroleum","ATP","Commercial","UST","True","Corrosion",1664,"5634",,"","217",6807
2001.525,"NFA",KH,10/29/2001,8/29/2003,True,"ATP - Stewart Farm","Sheldon Stewart","44438 202nd Street",Badger,57214,Kingsbury,44.4568863,-97.32238,112N,54W,33,"SW","0.00","","Petroleum                                         ","0.00000",,"Petroleum","ATP","Agricultural","UST","False","Corrosion",1865,"4984",,"","227,239",6808
2001.526,"NFA",KM,10/29/2001,12/16/2002,True,"ATP - Jibben Farm","Leland Jibben","20585 441st Avenue",Lake Preston,57249,Kingsbury,44.3995743,-97.39222,111N,55W,23,"SE","0.00","","Petroleum                                         ","0.00000",,"Petroleum","ATP","Agricultural","UST","False","Corrosion",1994,"5929",,"","217",6809
2001.527,"NFA",KM,10/29/2001,11/27/2002,True,"ATP - Josephsen Property","David Josephsen","20417 US Highway 81",Arlington,57212,Kingsbury,44.42497,-97.1296,111N,53W,13,"NE","0.00","","Petroleum                                         ","0.00000",,"Petroleum","ATP","Agricultural","UST","False","Corrosion",1635,"5583",,"","219",6810
2001.529,"NFA",KH,10/29/2001,9/8/2003,True,"ATP - Koehlmoos Property","Lydia Koehlmoos","506 Highway 25 South",De Smet,57231,Kingsbury,44.38271,-97.55118,111N,56W,34,"NW","0.00","","diesel                                            ","0.00000",,"Petroleum","ATP","Residential","UST","True","Corrosion",1673,"5624",,"","225,",6812
2001.535,"C",KM,10/29/2001,12/3/2001,True,"ATP - Lake Preston Municipal Airport","Brian Tande","Airport",Lake Preston,57249,Kingsbury,44.3575859,-97.38386,,,,"","0.00","","Petroleum                                         ","0.00000",,"Petroleum","ATP","Commercial","UST","True","Spillage",1699,"5654",,"","207",6818
2002.139,"NFA",KH,6/6/2002,1/21/2005,True,"ATP - Johnson Property","Henry Johnson","19867 431st Avenue",Bancroft,57353,Kingsbury,44.5035172,-97.59453,112N,58W,18,"SE","0.00","","gasoline                                          ","0.00000",,"Petroleum","ATP","Agricultural","UST","False","Leakage",2147,"6098",,"","235",7420
2003.099,"C",KM,6/25/2003,7/28/2003,True,"Manchester Tornado - Transformer Spills","Northwestern Corporation ","various locations in the town",Manchester,57231,Kingsbury,44.37042,-97.7202454,,,,"","0.00","","transformer oil                                   ","70.00000",gallons,"Oil","Other(See Case File)","Residential","Transformer","False","Storm Event",,"null",,"","219",7746
2004.201,"C",DR,12/21/2004,1/10/2005,True,"Assessment - Handi Mart","Handi-Mart","100 N Hwy 81",Arlington,57212,Kingsbury,44.3618,-97.12929,110N,53W,1,"SE","0.00","","Petroleum                                         ","0.00000",,"Petroleum","Other(See Case File)","Commercial","UST","True","Leakage",,"6924",,"","238",8086
2005.062,"C",BM,4/12/2005,5/24/2005,True,"Dry Fertilizer Spill - Lake Preston Area","Rybinski Hay & Grain, Inc.","20817 441st  Avenue",Lake Preston,57249,Kingsbury,44.3722343,-97.39037,,,,"","0.00","","Fertilizer                                        ","0.00000",,"Agri Chem","Other(See Case File)","Agricultural","Transport Truck","False","Overturned",,"null",,"","239",8156
2005.076,"C",BM,5/2/2005,7/28/2006,True,"Liquid Fertilizer Spill - Lake Preston","Lynn Jensen","Rural Kingsbury County",Badger,57214,Kingsbury,44.45593,-97.2897,,,,"","0.00","","Liquid Fertilizer 28%                             ","550.00000",gal,"Agri Chem","Other(See Case File)","Agricultural","Transport Trailer","False","Overturned",,"null",,"","246",8170
2005.161,"NFA",SH,7/29/2005,3/6/2007,True,"Agri Chem Contamination - Lake Preston Soil Center","Lake Preston Coop Association","West of Soil Center",Lake Preston,57249,Kingsbury,44.3664665,-97.39364,,,,"","0.00","","Agri Chem                                         ","0.00000",,"Agri Chem","Other(See Case File)","Commercial","Transport Tank","False","Handling",,"null",05PA041506,"","252",10322
2006.076,"NFA",KH,5/20/2006,1/8/2007,True,"Community Oil Bulk Site - Tank Overfill","Community Oil Company","1 Mile West of Hwy 14 & 81 Junction",Arlington,57212,Kingsbury,44.3698349,-97.15151,111N,53W,35,"","0.00","","Gasoline                                          ","220.00000",gallons,"Petroleum","Other(See Case File)","Commercial","AST","True","Overfill",,"7087",,"","248",10516
2006.106,"C",BM,7/26/2006,9/5/2006,True,"Otter Tail - Lake Preston Plant - Glycol Spill","Otter Tail Power","410 Preston Ave. North",Lake Preston,57249,Kingsbury,44.36527,-97.3810654,110N,55W,1,"","0.00","","Ethylene Glycol                                   ","100.00000",gallons,"Chemical","Other(See Case File)","Industrial","Operating System","False","Leakage",,"null",,"","246",10548
2006.144,"C",RL,10/2/2006,11/30/2006,True,"Waldow Farm - Nozzle Spill","Vernon Waldow","20359 448th Avenue",Hetland,57244,Kingsbury,44.4344864,-97.2518,111N,54W,12,"","0.00","","Diesel                                            ","100.00000",gal,"Petroleum","Other(See Case File)","Agricultural","AST","False","Unattended Nozzle",,"7127",,"","248",10588
2008.130,"NFA",BM,7/10/2008,6/8/2010,True,"Overturned Sprayer - Roundup Spill","Bryan Sneesby","441 Ave & 209 St",Lake Preston,57249,Kingsbury,44.3540344,-97.39036,110,54,12,"","0.00","","Roundup                                           ","1000.00000",gallons,"Agri Chem","Other(See Case File)","Agricultural","Sprayer","False","Overturned",,"null",,"","274",11216
2008.204,"C",RL,11/3/2008,12/8/2008,True,"Hofer Farms - Transport Event","Gary D. Hofer",".4 mile S of 217th St on 422nd Ave",Esmond,57353,Kingsbury,44.2336578,-97.7735062,,,,"","0.00","","Diesel                                            ","0.00000",,"Petroleum","Other(See Case File)","Agricultural","Truck Tank","False","Transport Accident",,"7337",,"","260",11302
2009.067,"C",RL,6/17/2009,10/13/2009,True,"Transport Tank Failure","Shane Larson","Hwy 81, 2.5 miles S of the 81/14 intersection",Arlington,57212,Kingsbury,44.3011856,-97.1289139,,,,"","0.00","","RoundUp Mixture                                   ","300.00000",gallons,"Agri Chem","Other(See Case File)","Agricultural","Transport Tank","False","Tank Failure",,"null",09PA061708,"","268",11424
2010.046,"NFA",RL,4/6/2010,10/27/2010,True,"Combustion Turbine Site - Line Leak","Otter Tail Power Company","Peak Generation Plant - Preston Ave & 4th St NW",Lake Preston,57249,Kingsbury,44.3651123,-97.38115,110,55,,"","0.00","","Diesel #2                                         ","0.00000",,"Petroleum","Other(See Case File)","Industrial","AST","True","Line Leak",,"7495",,"","277",11631
2010.088,"NFA",ML,6/2/2010,6/2/2010,True,"CERCLIS - De Smet Gas Works","City of De Smet","De Smet Gas Works - 410 Poinset Avenue",De Smet,57231,Kingsbury,44.3875732,-97.5512543,,,,"","0.00","","                                                  ","0.00000",,"Other(See Case File)","CERCLIS","Industrial","Production Waste","False","Handling",,"null",,"","274",11674
2010.089,"NFA",ML,6/3/2010,6/3/2010,True,"CERCLIS - De Smet Landfill","City of De Smet","De Smet Landfill ~43275 210th Street",De Smet,57231,Kingsbury,44.33788,-97.5591,110N,56W,16,"NE","0.00","","Solvents                                          ","0.00000",,"Chemical","CERCLIS","Public","Wastes","False","Handling",,"null",,"","274",11675
2010.263,"NFA",BM,12/3/2010,8/13/2012,True,"Railyard Assessment - Canadian Pacific","Canadian Pacific","Railyard  (crosses Hwy 14)",Lake Preston,57249,Kingsbury,44.3657875,-97.37785,110N,55W,1,"","0.00","","Petroleum                                         ","0.00000",,"Petroleum","Other(See Case File)","Industrial","Equipment","False","Leaks and Spills",,"7578",,"","287,288A",11873
2012.017,"NFA",KM,2/7/2012,7/22/2013,True,"Arlington Rail Corridor - Canadian Pacific","Canadian Pacific Railroad","Main Street N. & Elm Street Rail Yard",Arlington,57212,Kingsbury,44.3644447,-97.1327744,,,,"","0.00","","Petroleum Metals, VOC's                           ","0.00000",,"Combined(See Case File)","Other(See Case File)","Other(See Case File)","AST","False","Handling",,"7713",,"","294,298,299",12166
2013.301,"NFA",KF ,12/27/2013,10/14/2021,True,"ATP - Baier Farm Site","Richard Baier","203rd Street",De Smet,57231,Kingsbury,44.4416351,-97.63415,,,,"","0.00","","Diesel                                            ","0.00000",,"Petroleum","ATP","Other(See Case File)","UST","False","Leakage",3314,"7811",,"","",12916
2013.302,"C",TF,12/26/2013,1/8/2014,True,"ATP - Kingsbury County Courthouse","Kingsbury County","202 2nd Street SE",De Smet,57231,Kingsbury,44.3862648,-97.54618,,,,"","0.00","","Fuel Oil                                          ","0.00000",,"Petroleum","ATP","Other(See Case File)","UST","False","Corrosion",3295,"7791",,"","296",12917
2014.101,"C",KN,5/27/2014,7/8/2014,True,"Transformer - Otter Tail Power Company","Otter Tail Power Company","South Street and Main Street",Hetland,57212,Kingsbury,44.3754349,-97.23409,,,,"","0.00","","Transformer Oil                                   ","25.00000",Gallons,"Oil","Other(See Case File)","Residential","Transformer","False","Leakage",,"null",,"","297",13029
2015.029,"C",RL ,2/20/2015,3/16/2015,True,"Transformer Spill into Storm Sewer","Unknown","Alley, behind 303 Main Avenue North",Lake Preston,57249,Kingsbury,44.364006,-97.37817,,,,"null","null","null","Transformer Oil                                   ","45.00000",gallons,"Oil","Other(See Case File)","Commercial","Transformer","False","Damage",,"null",,"null","300",13305
2015.091,"NFA",JPA,5/6/2015,3/2/2016,True,"Petroleum Contamination - Prairie Ag facility (also 90.428)","Prairie Ag Partners","South of intersection at Hwy 14 and Minden",Lake Preston,57249,Kingsbury,44.3613052,-97.37783,,,,"null","null","null","Petroleum                                         ","null",,"Petroleum","Other(See Case File)","Commercial","UST","True","Historical",,"8094",,"null","302",13374
2016.130,"NFA",KF ,7/7/2016,1/18/2018,True,"Assessment - Former Station Site","Kirk Aughenbaugh","314 East Highway 14",De Smet,57231,Kingsbury,44.3813972,-97.54706,,,,"null","null","null","Petroleum                                         ","null",,"Petroleum","Other(See Case File)","Commercial","UST","True","Leakage",,"8208",,"null","null",13718
2017.141,"NFA",JPA,8/4/2017,9/10/2020,True,"AST Upgrades - Prairie Ag Bulk Site","Prairie Ag Partners","Hwy 14",Arlington,57212,Kingsbury,44.3698921,-97.1515045,,,,"null","null","null","Petroleum                                         ","null",,"Petroleum","Other(See Case File)","Commercial","AST","True","Spillage",,"8323",,"null","null",14078
2017.176,"NFA",JPA,9/28/2017,10/27/2017,True,"Dyed Diesel Pump Leaks","Badger Oil Inc","300 East Main",Badger,57214,Kingsbury,44.4853935,-97.20587,,,,"null","null","null","Dyed Diesel                                       ","null",,"Petroleum","Other(See Case File)","Commercial","UST","True","Pump Leak",,"8333",,"null","null",14119
2020.024,"C",JAM,3/20/2020,7/8/2020,True,"AST Overfill - Prairie Ag Partners","Locken Oil","20817 441 Avenue",Lake Preston,57249,Kingsbury,44.366127,-97.3937149,,,,"null","null","null","Diesel","3500.00000",gallons,"Petroleum","Surface Water","Commercial","AST","True","Overfill",,"8499",,"null","null",14712
2020.130,"NFA",NS ,9/1/2020,7/13/2021,True,"Brownfields - Alvord-Polk Inc","Alvord-Polk Inc.","201 5th Street NW",Lake Preston,57249,Kingsbury,44.36628,-97.37935,,,,"null","null","null","null","null",,"Other(See Case File)","Brownfields","Commercial","Unknown(See Case File)","False","Unknown",,"null",,"null","null",14834
2021.188,"NFA",JAM,11/9/2021,7/25/2022,True,"Dry Fertilizer Terragator Turnover","Central Farmers Cooperative","200th STreet and 424th Avenue",Bancroft,57353,Kingsbury,44.4880257,-97.73331,,,,"null","null","null","Dry Fertilizer, Diesel                           ","6.00000",tons,"Combined(See Case File)","Other(See Case File)","Agricultural","Spreader","False","Equipment Failure",,"null",22JM110902,"null","null",15110
9999.014,"W",,,,True,"Withdrawn ATP - Oldham Services Inc","Oldham Services Inc","Main & Martha",Oldham,57051,Kingsbury,44.2274933,-97.3098755,,,,"","0.00","","                                                  ","0.00000",,"Other(See Case File)","Withdrawn ATP","Commercial","Other(See Case File)","False","null",218,"4148",,"","249",10669
9999.138,"W",,,,True,"Withdrawn ATP - Karkow Property","Donna Karkow","Hwy 14 & Main",Lake Preston,57249,Kingsbury,44.36128,-97.37711,,,,"","0.00","","                                                  ","0.00000",,"Other(See Case File)","Withdrawn ATP","Residential","Other(See Case File)","False","null",2096,"6033",,"","249",10798
9999.150,"W",,,,True,"Withdrawn ATP - Standard Oil","Patricia Johnson","Adams & Main",Erwin,57233,Kingsbury,44.4869766,-97.44355,,,,"","0.00","","                                                  ","0.00000",,"Other(See Case File)","Withdrawn ATP","Commercial","Other(See Case File)","False","null",2364,"6292",,"","249",10810
9999.178,"W",,,,True,"Withdrawn ATP - Schoenfelder Property","Al Schoenfelder","42669 209th Street",Manchester,57231,Kingsbury,44.3531036,-97.67955,,,,"","0.00","","                                                  ","0.00000",,"Other(See Case File)","Withdrawn ATP","Other(See Case File)","Other(See Case File)","False","null",2768,"6744",,"","249",10838
9999.242,"W",,,,True,"Withdrawn ATP - Kradle Property","Kirk Aughenbaugh","Joliet Avenue and Hwy 14",De Smet,57231,Kingsbury,44.3814468,-97.54705,,,,"null","null","null","null","null",,"Other(See Case File)","Withdrawn ATP","Other(See Case File)","UST","False","null",3426,"7974",,"null","298",13264
95037.000,"C",RC,12/14/1995,1/5/1996,True,"DeSmet Central Office","US West","NE corner of Calumet Avenue and 3rd Avenue",De Smet,57231,Kingsbury,44.38513,-97.54921,,,,"","0.00","","                                                  ","0.00000",,"Other(See Case File)","Clean Site","Commercial","UST","True","No Release",,"null",,"","",8597
98010.000,"C",CH,4/30/1998,1/20/1999,True,"City Shop Site","City of De Smet","Third and Highway 25",De Smet,57231,Kingsbury,44.3852234,-97.5511,,,27,"SW","0.00","","                                                  ","0.00000",,"Other(See Case File)","Clean Site","Public","UST","True","No Release",,"null",,"","",8673
99048.000,"C",CH,11/9/1999,12/23/1999,True,"Siouxland Store and Campground","Robbie Pederson","8 miles North of Arlington on Highway 81",Badger,57214,Kingsbury,44.4849358,-97.12856,,,,"","0.00","","                                                  ","0.00000",,"Other(See Case File)","Clean Site","Commercial","UST","True","No Release",,"null",,"","257",8780
2001332.000,"C",KM,9/21/2001,10/26/2001,True,"ATP - Matson Property (no tank found)","Kristine Matson","449 Avenue",Arlington,57212,Kingsbury,44.30506,-97.23077,110N,53W,30,"NW","0.00","","                                                  ","0.00000",,"Other(See Case File)","ATP","Residential","UST","False","No Tank Found",1608,"5560",,"","205",9196
2001335.000,"C",KM,9/17/2001,10/26/2001,True,"Clean ATP - Liebsch Property","Robert Liebsch","6th and Center",Arlington,57212,Kingsbury,44.3662148,-97.13884,,,,"","0.00","","                                                  ","0.00000",,"Other(See Case File)","ATP","Residential","UST","True","No Release",962,"5526",,"","204",9199
2001336.000,"C",KM,8/24/2001,10/26/2001,True,"Clean ATP - Weents Farmstead","Eugene Weents","19650 422nd Avenue",Bancroft,57353,Kingsbury,44.5360451,-97.77447,,,,"","0.00","","                                                  ","0.00000",,"Other(See Case File)","ATP","Agricultural","UST","False","No Release",773,"4715",,"","204",9200
2001337.000,"C",KM,7/17/2001,10/26/2001,True,"Clean ATP - Jensen Property","Robert Jensen","307 SD Highway 25 N",De Smet,57231,Kingsbury,44.3842049,-97.55176,,,,"","0.00","","                                                  ","0.00000",,"Other(See Case File)","ATP","Residential","UST","False","No Release",823,"4770",,"","204",9201
2001338.000,"C",KM,7/17/2001,10/26/2001,True,"Clean ATP - Schipper Property","John Schipper","605 Root Avenue SW",De Smet,57231,Kingsbury,44.38156,-97.56054,,,,"","0.00","","                                                  ","0.00000",,"Other(See Case File)","ATP","Residential","UST","True","No Release",226,"4124",,"","204",9202
2001339.000,"C",KM,7/17/2001,10/26/2001,True,"Clean ATP - Helms Insurance","Floyd Moore","US Highway 14 & SD Highway 25",De Smet,57231,Kingsbury,44.38293,-97.55138,,,,"","0.00","","                                                  ","0.00000",,"Other(See Case File)","ATP","Commercial","UST","True","No Release",32,"3952",,"","204",9203
2001362.000,"C",KM,8/23/2001,11/2/2001,True,"Clean ATP - American Lutheran Church","James Baefer","411 4th Street SW",De Smet,57231,Kingsbury,44.3841133,-97.55624,,,,"","0.00","","                                                  ","0.00000",,"Other(See Case File)","ATP","Other(See Case File)","UST","False","No Release",1575,"5529",,"","205",9226
2001363.000,"C",KM,7/23/2001,11/2/2001,True,"Clean ATP - Wolkow Property","Delmer Wolkow","503 Front Street NE",De Smet,57231,Kingsbury,44.3900261,-97.54051,,,,"","0.00","","                                                  ","0.00000",,"Other(See Case File)","ATP","Residential","UST","True","No Release",1519,"5462",,"","205",9227
2001368.000,"C",KM,9/21/2001,11/7/2001,True,"Clean ATP - United Church of Christ","Merrill Zeeck","104 North Main Avenue",Lake Preston,57249,Kingsbury,44.3622,-97.37699,,,,"","0.00","","                                                  ","0.00000",,"Other(See Case File)","ATP","Other(See Case File)","UST","False","No Release",822,"4771",,"","204",9232
2001369.000,"C",KM,9/20/2001,11/2/2001,True,"Clean ATP - Erickson Property","Edwin Erickson","45380 219th Street",Sinai,57061,Kingsbury,44.21071,-97.133316,109N,53W,29,"SE","0.00","","                                                  ","0.00000",,"Other(See Case File)","ATP","Agricultural","UST","False","No Release",1605,"5557",,"","205",9233
2001370.000,"C",KM,9/20/2001,11/2/2001,True,"Clean ATP - Arlington School District","Lola Rapp","305 South 3rd Street",Arlington,57212,Kingsbury,44.36266,-97.13779,,,,"","0.00","","                                                  ","0.00000",,"Other(See Case File)","ATP","Public","UST","False","No Release",1288,"5265",,"","205",9234
2001419.000,"C",KM,10/29/2001,12/3/2001,True,"Clean ATP - Strande Farm II","Gaelan Strande","444th Avenue",Lake Preston,57249,Kingsbury,44.3939362,-97.32921,,,,"","0.00","","                                                  ","0.00000",,"Other(See Case File)","ATP","Agricultural","UST","False","No Release",1727,"5685",,"","205",9283
2001420.000,"C",KM,10/29/2001,12/3/2001,True,"Clean ATP - Stewart Property","Jeff Stewart","44394 207th Street",Lake Preston,57249,Kingsbury,44.3824463,-97.33074,,,,"","0.00","","                                                  ","0.00000",,"Other(See Case File)","ATP","Agricultural","UST","False","No Release",2136,"6080",,"","205",9284
2001421.000,"C",KM,10/29/2001,12/3/2001,True,"Clean ATP - Strande Farm I","Gaelan Strande","20550 443rd Avenue",Lake Preston,57249,Kingsbury,44.40493,-97.34804,,,,"","0.00","","                                                  ","0.00000",,"Other(See Case File)","ATP","Agricultural","UST","False","No Release",1728,"5686",,"","205",9285
2001422.000,"C",KM,10/29/2001,12/3/2001,True,"Clean ATP - Converse Property","Doug Converse","20259 452nd Avenue",Badger,57214,Kingsbury,44.44847,-97.17031,,,,"","0.00","","                                                  ","0.00000",,"Other(See Case File)","ATP","Agricultural","UST","False","No Release",1778,"5737",,"","205",9286
2001423.000,"C",KM,10/29/2001,12/3/2001,True,"Clean ATP - Christensen Property","Richard Christensen","21077 US Highway 81",Arlington,57212,Kingsbury,44.3302727,-97.13146,,,,"","0.00","","                                                  ","0.00000",,"Other(See Case File)","ATP","Agricultural","UST","False","No Release",1720,"5676",,"","205",9287
2001424.000,"C",KM,10/29/2001,12/3/2001,True,"Clean ATP - Orpha Peterson Property","J. A. Peterson","45239 Cleveland Street",Arlington,57212,Kingsbury,44.3470955,-97.16103,,,,"","0.00","","                                                  ","0.00000",,"Other(See Case File)","ATP","Agricultural","UST","False","No Release",1668,"5614",,"","205",9288
2001425.000,"C",KM,10/29/2001,12/3/2001,True,"Clean ATP - Arlington Sun Storage","Tim Stanga","203 West Elm Street",Arlington,57212,Kingsbury,44.3655472,-97.1357,,,,"","0.00","","                                                  ","0.00000",,"Other(See Case File)","ATP","Commercial","UST","True","No Release",1733,"5691",,"","205",9289
2001426.000,"C",KM,10/29/2001,12/3/2001,True,"Clean ATP - Carlson Farm","Ruth Ann Carlson","21562 449th Avenue",Oldham,57051,Kingsbury,44.25944,-97.22971,,,,"","0.00","","                                                  ","0.00000",,"Other(See Case File)","ATP","Agricultural","UST","False","No Release",2029,"5978",,"","205",9290
2001427.000,"C",KM,10/29/2001,12/3/2001,True,"Clean ATP - Fox Farm","Robert Fox","19931 424th Avenue",Bancroft,57353,Kingsbury,44.49415,-97.73333,,,,"","0.00","","                                                  ","0.00000",,"Other(See Case File)","ATP","Agricultural","UST","False","No Release",1632,"5580",,"","205",9291
2001446.000,"C",KM,8/8/2001,12/3/2001,True,"ATP - Moeller Property","Edward Moeller","402 SE 3rd Street",De Smet,57231,Kingsbury,44.3844833,-97.54416,,,,"","0.00","","                                                  ","0.00000",,"Other(See Case File)","ATP","Residential","UST","False","No Tank Found",1808,"5769",,"","249",9310
2002090.000,"C",KM,7/16/2002,8/23/2002,True,"Clean ATP - Horsted Property","Burton Horsted","435th Avenue",Erwin,57223,Kingsbury,44.5050621,-97.51367,,,,"","0.00","","                                                  ","0.00000",,"Other(See Case File)","ATP","Agricultural","UST","False","No Release",2294,"6224",,"","206",9953
2002096.000,"W",KM,,,True,"ATP (withdrawn application) - United Methodist Church","Robert Westall","202 South 4th Street",Arlington,57212,Kingsbury,44.3651047,-97.13772,,,,"","0.00","","                                                  ","0.00000",,"Other(See Case File)","Withdrawn ATP","Other(See Case File)","UST","False","No Release",2171,"null",,"","249",9959
2002214.000,"C",KM,9/20/2002,2/10/2003,True,"Clean ATP - Alfalfa Feeds","Duane Steffensen","Prairie Avenue",De Smet,57231,Kingsbury,44.39069,-97.56199,,,,"","0.00","","                                                  ","0.00000",,"Other(See Case File)","ATP","Commercial","UST","True","No Release",2680,"6624",,"","220",10072
2002220.000,"C",KM,9/18/2002,2/10/2003,True,"Clean ATP - Anderson Property","Frances Anderson","212 Front Street NW",De Smet,57231,Kingsbury,44.3906059,-97.55129,,,,"","0.00","","                                                  ","0.00000",,"Other(See Case File)","ATP","Residential","UST","True","No Release",2629,"6568",,"","220",10078
2002223.000,"C",KM,9/18/2002,2/10/2003,True,"Clean ATP - Taschner Property","Phyllis Taschner","502 1st Street NW",De Smet,57231,Kingsbury,44.3882866,-97.5556946,,,,"","0.00","","                                                  ","0.00000",,"Other(See Case File)","ATP","Residential","UST","False","No Release",2676,"6616",,"","220",10080
2002224.000,"C",KM,9/20/2002,2/10/2003,True,"Clean ATP - Larson Property","Paul Larson","19787 429th Avenue",Bancroft,57353,Kingsbury,44.51535,-97.6333542,,,,"","0.00","","                                                  ","0.00000",,"Other(See Case File)","ATP","Agricultural","UST","False","No Release",2651,"6592",,"","220",10081
2002268.000,"C",KM,2/18/2003,7/1/2003,True,"Clean ATP - Darrel Yost Property","Darrel Yost","41872 200th Street",Osceola,57353,Kingsbury,44.4852333,-97.83908,,,,"","0.00","","                                                  ","0.00000",,"Other(See Case File)","ATP","Agricultural","UST","False","No Release",2692,"6637",,"","220",10125
2006006.000,"C",KM,1/6/2006,1/6/2006,True,"Kingsbury Redi-Mix Site","Huron Steel Structures","805 4th Street SE",De Smet,57231,Kingsbury,44.3827553,-97.5345154,111N,56,34,"","0.00","","                                                  ","0.00000",,"Other(See Case File)","Clean Site","Industrial","Past Practices","False","No Release",,"null",,"","242",10438
2015025.000,"C",TF ,10/28/2015,12/28/2015,True,"Clean ATP - Folsland Apiaries","Jon Folsland","21755  442nd  Avenue",Oldham,57051,Kingsbury,44.2304268,-97.37104,,,,"null","null","null","null","null",,"Other(See Case File)","ATP","Other(See Case File)","UST","False","No Release",3510,"8132",,"null","302",13528
2020021.000,"C",JPA,11/2/2020,11/30/2020,True,"UST Removal - Oldham Services","Oldham Services","101 East Main Street",Oldham,57051,Kingsbury,44.2275848,-97.3095551,,,,"null","null","null","","null",,"Petroleum","Clean Site","Commercial","UST","True","No Release",,"null",,"null","null",14880