id,status,r1,date_rep,date_close,image,site_name,resp_party,street,city,zip_code,county,latitude,longitude,township,range,section,secq1,acreage,instctrls,material,amount,units,spill_cat,site_type,proptype,sor_type,regulated,cause_type,atp_no,prcfnumber,ag_no,solidwaste,microroll,siteid
85.049,"C",KM,6/5/1985,2/2/1993,True,"Delmont Complaint","Delmont","Storm Drainage",Delmont,57330,Douglas,43.26198,-98.15887,,,,"","0.00","","Pesticide                                         ","0.00000",,"Agri Chem","Other(See Case File)","Public","Unknown(See Case File)","False","Unknown",,"null",,"","237",317
86.018,"C",KM,4/15/1986,6/30/2000,True,"Northwestern Public Service - Storm Damage","Northwestern Public Service","Delmont Substation",Delmont,57330,Douglas,43.264,-98.14871,98N,62W,35,"NW","0.00","","Transformer Oil                                   ","700.00000",gallons,"Oil","Other(See Case File)","Industrial","Transformer","False","Storm Event",,"null",,"","",383
87.029,"I",GH,4/16/1987,8/9/1999,True,"Corsica Coop - Leaking Tank Valve","Corsica Coop Association","U.S Highway 281 and Main Street",Corsica,57328,Douglas,43.4242859,-98.41004,99N,64W,3,"","0.00","","Fertilizer                                        ","9400.00000",gallons,"Agri Chem","Other(See Case File)","Commercial","AST","False","Valve Leak",,"null",,"","229",494
87.101,"C",DP,9/17/1987,4/1/1993,True,"Bowling Alley - Petroleum Odor - Off site source","Pumper-Niks","Bowling Alley",Armour,57313,Douglas,43.31783,-98.3465,,,,"","0.00","","Gasoline                                          ","0.00000",,"Petroleum","Other(See Case File)","Commercial","UST","True","Leakage",,"null",,"","237",566
87.110,"I",GH,10/30/1987,11/12/1997,True,"Corsica Coop","Corsica Coop","West end of Main",Corsica,57328,Douglas,43.42393,-98.4090958,,,,"","0.00","","gasoline                                          ","0.00000",,"Petroleum","Other(See Case File)","Commercial","UST","True","Leakage",,"0188",,"","",575
88.011,"C",BL,2/2/1988,9/20/1995,True,"Agland Coop  (see 91.049) UST Replacement","Agland Coop","South of Main on Wilson",Delmont,57330,Douglas,43.2674179,-98.16391,,,,"","0.00","","Gasoline                                          ","0.00000",,"Petroleum","Other(See Case File)","Commercial","UST","True","Leaks and Spills",,"null",,"","235",617
88.118,"NFA",KM,7/13/1988,3/1/2006,True,"Van Brothers Incorporated - (Utility Vapors)","Van Brothers Inc.","310 Main Street",Corsica,57328,Douglas,43.4239349,-98.4065857,,,,"","0.00","","Gasoline                                          ","0.00000",,"Petroleum","Other(See Case File)","Commercial","UST","True","Leakage",,"0597",,"","244",722
88.138,"C",KM,8/12/1988,2/2/1993,True,"Oil truck at  Bower Farm","Nikodym Oil","1.25 miles S on U.S. 281",Armour,57313,Douglas,43.29241,-98.34511,,,,"","0.00","","Motor Oil                                         ","0.00000",,"Oil","Other(See Case File)","Agricultural","Transport Truck","False","Overturned",,"null",,"","234",742
88.187,"C",DP,9/27/1988,8/4/1989,True,"County  Maintenance Yard - UST Removal","Douglas County","2nd & Braddock",Armour,57313,Douglas,43.31882,-98.3448639,,,,"","0.00","","Petroleum                                         ","0.00000",,"Petroleum","Other(See Case File)","Public","UST","True","Leakage",,"0654",,"","",789
88.212,"NFA",BM,11/3/1988,3/2/2006,True,"Electric Coop - Tank Overfills","Douglas Electric Coop","Main and Sparks",Armour,57313,Douglas,43.3153534,-98.346405,,,,"","0.00","","Oil                                               ","0.00000",,"Oil","Other(See Case File)","Commercial","UST","False","Overfill",,"null",,"","244",814
88.242,"I",KH,11/30/1988,8/15/1995,True,"Pumper-Niks Amoco   UST Removals","Nikodym Oil Company - Roger Nikodym","Hwy 281 (1st & Braddock)",Armour,57313,Douglas,43.3179436,-98.345,,,,"","0.00","","Petroleum                                         ","0.00000",,"Petroleum","Other(See Case File)","Commercial","UST","True","Leakage",,"0010",,"","",843
88.266,"I",KH,12/1/1988,2/12/1996,True,"Sinclair Station  UST Removal","Nikodym Oil Company","Hwy 281 & Mill Avenue",Armour,57313,Douglas,43.31558,-98.34487,,,12,"SW","0.00","","Gasoline                                          ","0.00000",,"Petroleum","Other(See Case File)","Commercial","UST","False","Leakage",,"260",,"","",865
88.283,"C",DP,9/29/1988,6/30/2000,True,"Agland Coop","Agland Coop","Braddock Street",Armour,57313,Douglas,43.3162575,-98.34527,,,,"","0.00","","Petroleum                                         ","0.00000",,"Petroleum","Other(See Case File)","Commercial","UST","True","Leaks and Spills",,"null",,"","237",882
88.284,"NFA",KH,9/29/1988,5/23/2002,True,"Colonial Manor Beverly Enterprises","Colonial Manor","Highway 281",Armour,57313,Douglas,43.31209,-98.34377,,,,"","0.00","","Fuel Oil                                          ","0.00000",,"Petroleum","Other(See Case File)","Other(See Case File)","UST","False","No Release",,"null",,"","200",883
88.285,"C",DP,9/29/1988,6/30/2000,True,"SD DOT  UST Removal","SD Dept of Transportation (SD DOT)","Braddock (281) & 5th",Armour,57313,Douglas,43.32205,-98.344986,,,,"","0.00","","Petroleum                                         ","0.00000",,"Petroleum","Other(See Case File)","Other(See Case File)","UST","True","Corrosion",,"null",,"","237",884
88.286,"C",DP,9/29/1988,6/30/2000,True,"Douglas County Highway Shop UST Replacements","Douglas County","Douglas County Highway Shop (281)",Armour,57313,Douglas,43.31963,-98.3446,,,,"","0.00","","Petroleum                                         ","0.00000",,"Petroleum","Other(See Case File)","Other(See Case File)","UST","True","Leaks and Spills",,"null",,"","237,261",885
88.287,"C",DP,9/29/1988,6/30/1992,True,"Carlon Bulk Plant  UST Removal","Nikodym Oil","Dotson & Mill",Armour,57313,Douglas,43.3157272,-98.348,,,,"","0.00","","Petroleum                                         ","0.00000",,"Petroleum","Other(See Case File)","Commercial","UST","True","Corrosion",,"null",,"","",886
88.288,"NFA",KH,9/29/1988,5/23/2002,True,"Armour Steak House - Abandoned Tanks","Nikodym Oil","Armour Steak House",Armour,57313,Douglas,43.31655,-98.34486,,,,"","0.00","","Petroleum                                         ","0.00000",,"Petroleum","Other(See Case File)","Commercial","UST","True","Unknown",,"null",,"","237",887
88.289,"C",DP,9/29/1988,2/23/1989,True,"Veterinary Clinic  UST Removal","Armour Verterinary Service","1st & Main",Armour,57313,Douglas,43.31774,-98.34677,,,,"","0.00","","Fuel Oil                                          ","0.00000",,"Petroleum","Other(See Case File)","Commercial","UST","False","Spillage",,"null",,"","",888
88.290,"C",DP,9/29/1988,6/30/2000,True,"Fleming Electric  UST Removal","Fleming Electric","Main & Depot",Armour,57313,Douglas,43.3164063,-98.34683,,,,"","0.00","","Petroleum                                         ","0.00000",,"Petroleum","Other(See Case File)","Commercial","UST","True","No Release",,"null",,"","",889
89.136,"C",DP,6/23/1989,6/30/2000,True,"Agland Coop - Tank System Removal","Agland Coop","Between Depot & Mill on 281",Armour,57313,Douglas,43.31612,-98.34511,98N,64,12,"SE","0.00","","Gasoline                                          ","0.00000",,"Petroleum","Other(See Case File)","Commercial","UST","True","Line Leak",,"0028",,"","",1025
89.332,"C",TK,12/22/1989,12/18/1990,True,"Mark's Sinclair - Fill Spill","Roger Nikodym","Highway 281 & Railroad",Armour,57313,Douglas,43.3161545,-98.34464,,,,"","0.00","","Gasoline Unleaded                                 ","35.00000",gallons,"Petroleum","Other(See Case File)","Commercial","AST","True","Operator Error",,"541",,"","",1220
90.035,"C",BL,2/16/1990,6/8/1990,True,"Les's Blacksmith Shop - Former Holland Garage","Les Vander Tuin","East Main",New Holland,57364,Douglas,43.4276657,-98.6055756,,,,"","0.00","","Gasoline                                          ","0.00000",,"Petroleum","Other(See Case File)","Commercial","UST","True","Leaks and Spills",,"0614",,"","",1270
90.242,"C",TK,6/15/1990,12/12/1990,True,"Agland Coop -  Complaint","Agland Coop","Between Depot & Mill on 281",Armour,57313,Douglas,43.3163834,-98.34539,98N,64,12,"SE","0.00","","Pesticide                                         ","0.00000",,"Agri Chem","Other(See Case File)","Commercial","Bulk Chemical","False","Runoff",,"null",,"","",1477
90.363,"C",NS,8/20/1990,11/20/1996,True,"Corsica Post Office","U.S. Postal Service","225 Main",Corsica,57328,Douglas,43.4234123,-98.40796,98N,,3,"NW","0.00","","Fuel Oil                                          ","0.00000",,"Petroleum","Federal","Other(See Case File)","UST","False","Corrosion",,"1226",,"","",1598
90.557,"C",KH,11/2/1990,2/11/1994,True,"Roger Nikodym - Former Station Site","Roger Nikodym","732  Main (SW corner 2nd & Main)",Armour,57313,Douglas,43.3187332,-98.34685,,,,"","0.00","","Petroleum                                         ","0.00000",,"Petroleum","Other(See Case File)","Commercial","UST","True","Overfills/Spillage",,"1229",,"","",1792
90.558,"C",KH,11/2/1990,6/30/1994,True,"Amoco Bulk Plant","Roger Nikodym","Mathews & Depot",Armour,57313,Douglas,43.3164825,-98.35042,,,,"","0.00","","Petroleum                                         ","0.00000",,"Petroleum","Other(See Case File)","Commercial","AST","True","Overfills/Spillage",,"1230",,"","241",1793
91.049,"C",GH,2/7/1991,3/17/1993,True,"Double Circle Agland Coop","Agland Coop","Main & Wilson",Delmont,57330,Douglas,43.2674,-98.16388,98N,62W,34,"NW","0.00","","Petroleum                                         ","0.00000",,"Petroleum","Other(See Case File)","Commercial","UST","True","Overfills/Spillage",,"1377",,"","",1939
91.093,"C",TK,3/15/1991,5/16/1997,True,"Veurink Property - Basement Tank","Van Brothers","1 N  & 1.5 E  of Town",New Holland,57364,Douglas,43.4423065,-98.57985,,,,"","0.00","","Fuel Oil                                          ","30.00000",gallons,"Petroleum","Other(See Case File)","Residential","AST","False","Overfill",,"1412",,"","",1983
91.095,"C",TK,3/15/1991,8/11/1993,True,"Bussell Property - Basement Tank","Corsica Coop","W. 3rd Street",Armour,57313,Douglas,43.3200035,-98.3503,,,,"","0.00","","Heating Fuel                                      ","20.00000",gallons,"Petroleum","Other(See Case File)","Residential","AST","False","Overfill",,"null",,"","",1985
91.167,"C",DP,5/1/1991,12/10/1992,True,"Douglas County Hospital","Douglas County Hospital","Highway 281 North",Armour,57313,Douglas,43.32557,-98.34538,98N,64W,12,"NE","0.00","","Fuel Oil                                          ","0.00000",,"Petroleum","Other(See Case File)","Other(See Case File)","UST","False","Corrosion",,"1462",,"","",2057
91.419,"NFA",GH,9/9/1991,9/24/2001,True,"Former Station / Spaans Trucking Site","Cornelius Spaans","North Highway 281 (SE at Hwy 281 & 273 St)",Corsica,57328,Douglas,43.42747,-98.41033,,,,"","0.00","","Petroleum                                         ","0.00000",,"Petroleum","Other(See Case File)","Commercial","UST","True","Leakage",,"1622",,"","210",2309
92.093,"C",KM,4/1/1992,4/29/1992,True,"Fertilizer on Right-of-Way","Unknown","281 & 44 Intersection",Corsica,57328,Douglas,43.38479,-98.40742,,,,"","0.00","","Dry Fertilizer                                    ","100.00000",pounds,"Agri Chem","Other(See Case File)","Other(See Case File)","Transport Trailer","False","Handling",,"null",,"","",2683
92.213,"C",RC,6/16/1992,6/17/1992,True,"Grosz Drilling Company","Terry Grosz","Grosz Facility",Delmont,57330,Douglas,43.26706,-98.1686554,,,,"","0.00","","Gasoline                                          ","0.00000",,"Petroleum","Other(See Case File)","Commercial","UST","True","Spillage",,"2168",,"","",2803
93.327,"C",GH,10/13/1993,1/24/2007,True,"Christian Reform Church - UST Removal","Christain Reform Church","Main Street and Church Avenue",New Holland,57364,Douglas,43.427372,-98.6070862,99,66,1,"","0.00","","Fuel Oil                                          ","0.00000",,"Petroleum","Other(See Case File)","Other(See Case File)","UST","False","Leaks and Spills",,"2568",,"","249",3342
93.484,"C",TK,12/3/1993,12/30/1994,True,"Sodium Chloride Spill","Unknown","Jct. Hwy. 281 & 44",Armour,57313,Douglas,43.38382,-98.3478241,99N,63,19,"NW","0.00","","Road Salt                                         ","1000.00000",,"Chemical","Other(See Case File)","Other(See Case File)","Transport Truck","False","Handling",,"null",,"","231",3499
94.101,"C",RC,4/28/1994,6/28/1996,True,"Former Dozy's Service Site - Line Leaks","Russ Dozark","408 West Main",Delmont,57330,Douglas,43.2677078,-98.1677,,,,"","0.00","","Gasoline                                          ","0.00000",,"Petroleum","Other(See Case File)","Commercial","UST","True","Line Leak",,"2652",,"","210",3636
94.278,"C",TK,9/21/1994,1/24/1995,True,"Milk Hauling Inc Transport Event","Milk Hauling Inc.","Betts Rd.",Delmont,57330,Douglas,43.282856,-98.15909,,,,"","0.00","","Milk                                              ","1200.00000",gallons,"Other","Other(See Case File)","Other(See Case File)","Transport Truck","False","Transport Accident",,"null",,"","",3813
94.350,"C",KH,10/13/1994,10/19/1994,True,"Terry's Repair Service - Soil Sample","Terry Takacs","Main Street",Delmont,57330,Douglas,43.267704,-98.16109,,,,"","0.00","","Petroleum                                         ","0.00000",,"Petroleum","Other(See Case File)","Commercial","UST","True","Spillage",,"null",,"","237",3885
95.117,"C",TK,5/25/1995,9/22/1995,True,"Agland Coop Transport Event","Agland Coop","Highway 281  (between Mill & Johnson Streets)",Armour,57313,Douglas,43.3153877,-98.3449249,,,,"","0.00","","Prowl","3.00000",gallons,"Agri Chem","Other(See Case File)","Other(See Case File)","Sprayer","False","Equipment Failure",,"null",,"","",4068
96.185,"C",TK,7/1/1996,9/18/1996,True,"Fertilizer Spill - Roadway","Corsica Coop","3 3/4 N of Harrison on County Gravel Road",Harrison,57344,Douglas,43.4815674,-98.52961,100N,65W,9,"","0.00","","Urea Dry Fertilizer                               ","4348.00000",pounds,"Agri Chem","Other(See Case File)","Other(See Case File)","Spreader","False","Overturned",,"null",,"","",4495
96.234,"NFA",NS,8/8/1996,8/22/2008,True,"Armour Elementary School - Abandoned Tank","Armour School District","NE at 3rd & Matthews",Armour,57313,Douglas,43.3200264,-98.34914,,,,"","0.00","","Heating Oil                                       ","0.00000",,"Petroleum","Other(See Case File)","Public","UST","False","Leakage",,"3080",,"","258,271",4544
96.370,"C",TK,12/26/1996,4/11/1997,True,"Corsica Coop","Corsica Coop","Bulk plant @ NE edge of Corsica",Corsica,57328,Douglas,43.4284058,-98.41145,107N,47W,33,"E","0.00","","Anhydrous Ammonia                                 ","900.00000",gallons,"Agri Chem","Other(See Case File)","Industrial","AST","False","Leakage",,"null",,"","",4680
98.082,"C",LAS,4/24/1998,12/16/2002,True,"Transport Event","Corsica Coop","273rd St, 1/4 mi West of Corsica",Corsica,57328,Douglas,43.4278564,-98.41554,100N,64W,33,"","0.00","","Fertilizer                                        ","0.00000",,"Agri Chem","Other(See Case File)","Other(See Case File)","Spreader","False","Transport Accident",,"null",,"","215,239",5190
99.139,"C",BM,4/27/1999,6/24/1999,True,"Prowl Containers Spilled","Unknown","Hwy 44, .10 mile E of mm 317",New Holland,57364,Douglas,43.3844566,-98.6217,99,66,14,"SW","0.00","","prowl                                             ","4.00000",,"Agri Chem","Other(See Case File)","Other(See Case File)","Containers","False","Unsecured",,"null",,"","",5686
2000.034,"C",SB,3/3/2000,11/17/2004,True,"Baanhoffman Property - Tank Failure","Leonard Baanhoffman","27568 383rd Avenue",Harrison,57344,Douglas,43.3895569,-98.5189,,,,"","0.00","","Fuel Oil                                          ","100.00000",gallons,"Petroleum","Other(See Case File)","Residential","AST","False","Tank Failure",,"null",,"","235",5932
2000.189,"C",LAS,5/26/2000,8/27/2003,True,"Ag Spill - Roadway Surface","Agland Coop","2 W. & 1/2 N. of Delmont",Delmont,57330,Douglas,43.2757378,-98.20809,98,62,29,"","0.00","","Treflan or Prowl                                  ","10.00000",Gallons,"Agri Chem","Other(See Case File)","Other(See Case File)","Sprayer","False","Spillage",,"null",,"","232,237",6087
2000.253,"NFA",SB,8/7/2000,3/16/2001,True,"Terry's Repair Service - Tank Removal","Terry's Repair Service","112 East Main Street",Delmont,57330,Douglas,43.2676964,-98.1612,,,,"","0.00","","Gasoline                                          ","0.00000",,"Petroleum","Other(See Case File)","Commercial","UST","True","Leakage",,"4265",,"","235",6151
2000.265,"NFA",RL,8/8/2000,8/10/2007,True,"City of Armour water line repair","Unknown ","Intersection of Mathews and Mill Street",Armour,57313,Douglas,43.3157845,-98.34929,,,,"","0.00","","petroleum                                         ","0.00000",,"Petroleum","Lust Trust","Other(See Case File)","Unknown(See Case File)","False","Unknown",,"4266",,"","253",6163
2000.332,"NFA",JF,10/26/2000,7/12/2005,True,"Complaint - Agland Coop","Gary Radel","NW @ Depot & Broadway",Delmont,57330,Douglas,43.26877,-98.16265,,,,"","0.00","","fetilizer and pesticide                           ","0.00000",,"Agri Chem","Other(See Case File)","Commercial","Bulk Chemical","False","Handling",,"null",N090515A,"","240",6230
2001.573,"NFA",KH,8/17/2001,5/16/2003,True,"ATP - Armour Elementary School","Armour School District","905 Dobson Avenue  (NW @ Dobson & 3rd)",Armour,57313,Douglas,43.3203621,-98.34821,,,,"","0.00","","heating fuel                                      ","0.00000",,"Petroleum","ATP","Public","UST","True","Corrosion",1105,"5046",,"","217",6856
2001.801,"C",KM,1/17/2002,2/22/2002,True,"ATP - Vanden Berge Farm","Elwood Vanden Berge","38048 273rd Street",New Holland,57364,Douglas,43.4272652,-98.5785446,,,,"","0.00","","Petroleum                                         ","0.00000",,"Petroleum","ATP","Agricultural","UST","False","Leakage",1115,"4993",,"","207",7083
2001.802,"C",KM,1/17/2002,2/18/2002,True,"ATP - Former Farm Site","Ervin Fink","NW of  27752 397th Avenue",Armour,57313,Douglas,43.36421,-98.2493439,,,,"","0.00","","Petroleum                                         ","0.00000",,"Petroleum","ATP","Agricultural","UST","False","Spillage",1236,"5167",,"","207",7084
2001.804,"NFA",KM,1/17/2002,3/6/2003,True,"ATP - Hope Lutheran Church","Hope Lutheran Church","SE at W 2nd & Wilson",Delmont,57330,Douglas,43.26635,-98.16325,,,,"","0.00","","fuel oil                                          ","0.00000",,"Petroleum","ATP","Other(See Case File)","UST","False","Corrosion",660,"4596",,"","217",7086
2001.806,"NFA",KM,1/17/2002,12/17/2002,True,"ATP - DeLange Repair","Ben Tegethoff","273rd Street",New Holland,57364,Douglas,43.4279251,-98.61038,,,,"","0.00","","gasoline                                          ","0.00000",,"Petroleum","ATP","Commercial","UST","True","Corrosion",1014,"5009",,"","217",7088
2001.807,"NFA",KM,1/17/2002,3/17/2003,True,"ATP - Former Van Zee Motors","Howard Van Zee","SW at 273rd St and 379th Ave",New Holland,57364,Douglas,43.4275665,-98.60926,,,,"","0.00","","gasoline                                          ","0.00000",,"Petroleum","ATP","Commercial","UST","True","Corrosion",1015,"5010",,"","217",7089
2001.808,"NFA",KH,1/17/2002,6/18/2003,True,"Valley Station - LUST Trust","Edna Schrank","27597 396th Avenue",Armour,57313,Douglas,43.38458,-98.27154,,,,"","0.00","","Petroleum                                         ","0.00000",,"Petroleum","Lust Trust","Commercial","UST","True","Corrosion",1393,"5327",,"","219, 296",7090
2001.809,"C",KM,1/17/2002,2/25/2002,True,"ATP - Herman Fink Farm","Herman Fink","39771 279th  Avenue",Armour,57313,Douglas,43.33896,-98.2333,,,,"","0.00","","Petroleum                                         ","0.00000",,"Petroleum","ATP","Agricultural","UST","False","Leakage",1129,"4901",,"","207",7091
2001.810,"C",KM,1/17/2002,8/23/2002,True,"ATP - Rocket Printing","Rocket Printing","Main Street & 3rd Street",Armour,57313,Douglas,43.31964,-98.34628,,,,"","0.00","","fuel oil                                          ","0.00000",,"Petroleum","ATP","Commercial","UST","False","Leakage",1772,"5731",,"","207",7092
2002.060,"C",KM,5/11/2002,7/25/2002,True,"Harvest States Fertilizer Spill","Jeff Cleveland - Harvest States","273 Street",Harrison,57344,Douglas,43.42767,-98.50144,,,,"","0.00","","Dry fertilizer (46-0-0)                           ","6250.00000",lbs,"Agri Chem","Other(See Case File)","Other(See Case File)","Transport Trailer","False","Overturned",,"null",02N051009,"","211",7341
2002.062,"C",TF,5/14/2002,6/14/2002,True,"Feedmill - Truck Tank Overfill","Harvest States CO-OP","145 E. 6th Street",Corsica,57328,Douglas,43.4209,-98.41274,,,,"","0.00","","diesel fuel                                       ","172.00000",gallons,"Petroleum","Other(See Case File)","Commercial","AST","False","Overfill",,"null",,"","198",7343
2003.111,"NFA",SB,6/27/2003,2/26/2004,True,"Agland Bulk Site - Assessment","Agland Coop - Gary Radel","South of Depot & Miltmore",Armour,57313,Douglas,43.3162,-98.34368,98N,63W,7,"SW","0.00","","Petroleum                                         ","0.00000",,"Petroleum","Other(See Case File)","Commercial","AST","True","Leakage",,"6770",,"","232",7758
2005.031,"C",RL,1/31/2005,2/7/2005,True,"United Energy - Tank Overfill","United Energy","450 Lecocq Avenue",Harrison,57344,Douglas,43.4317,-98.52306,,,,"","0.00","","Fuel Oil                                          ","35.00000",Gal,"Petroleum","Other(See Case File)","Residential","AST","False","Overfill",,"null",,"","236",8125
2005.065,"C",BM,4/16/2005,5/24/2005,True,"Van Brothers, Inc. - Truck Leak","Van Brothers, Inc.","Dakota Ave & 1st Street",Corsica,57328,Douglas,43.4277878,-98.4067459,,,,"","0.00","","Farm Diesel                                       ","25.00000",gal,"Petroleum","Other(See Case File)","Other(See Case File)","Truck Tank","False","Leakage",,"6958",,"","239",8159
2008.058,"C",TK,4/4/2008,6/4/2008,True,"Transport Diesel Spill","Kieth Kaver","Hwy 44 @ MM 324",Harrison,57344,Douglas,43.3842621,-98.4838257,,,,"","0.00","","Diesel                                            ","15.00000",gallons,"Petroleum","Other(See Case File)","Other(See Case File)","Truck Tank","False","Damage",,"null",,"","257",11140
2010.047,"C",SB,4/7/2010,10/14/2010,True,"Corsica High School - Tank Overfill","Corsica High School","120 South Napolean Avenue",Corsica,57328,Douglas,43.42402,-98.3996,,,,"","0.00","","Diesel                                            ","0.00000",,"Petroleum","Other(See Case File)","Other(See Case File)","UST","False","Overfill",,"7497",,"","278",11632
2010.145,"C",RL,7/19/2010,8/25/2010,True,"Transformer Oil Spill  - WAPA","Western Area Power Administration  WAPA","Armour Substation @ 281st St & 391st Ave",Armour,57350,Douglas,43.3119736,-98.36425,,,,"","0.00","","Transformer Oil Non-PCB                           ","50.00000",gallons,"Oil","Federal","Industrial","Transformer","False","Leakage",,"null",,"","276",11733
2010.148,"C",RL,7/20/2010,12/16/2010,True,"Tote Spill - Agrichem","Greenwood Hutterian Brethren Inc.","28781 402nd Avenue",Delmont,57330,Douglas,43.2129478,-98.14991,97N,62W,15,"SE","0.00","","Glyphosate                                        ","200.00000",gallons,"Agri Chem","Other(See Case File)","Other(See Case File)","Tote","False","Overturned",,"null",,"","278",11736
2011.140,"C",TK,7/27/2011,6/29/2012,True,"Farmers Alliance - Damaged Tote","Farmers Alliance (CHS)","Alley, East of Railway between 4th & Main",Corsica,57328,Douglas,43.4242821,-98.40916,,,,"","0.00","","MAX-IN Ultra Manganese                            ","70.00000",Gallons,"Agri Chem","Other(See Case File)","Commercial","Tote","False","Damage",,"null",,"","286",12053
2012.091,"NFA",SB,5/15/2012,9/13/2018,True,"CHS Bulk Site Tank Removals - Assessment","Farmer's Alliance / Cenex Harvest States (CHS)","230 S. Railway Ave",Corsica,57328,Douglas,43.422554,-98.40984,,,,"","0.00","","Petroleum                                         ","0.00000",,"Petroleum","Other(See Case File)","Commercial","AST","True","Leakage",,"7697",,"","",12350
2012.228,"C",BM,11/5/2012,11/28/2012,True,"Transport Tank Spill","KJM Express","1/2 block N. of Main Street on Hwy 281",Corsica,57328,Douglas,43.4243355,-98.41076,,,,"","0.00","","Diesel Fuel                                       ","100.00000",gallons,"Petroleum","Other(See Case File)","Other(See Case File)","Truck Tank","False","Transport Accident",,"null",,"","288",12512
2013.038,"NFA",TK,3/25/2013,1/9/2015,True,"Farmers Alliance - Corsica Facility","Farmers Alliance","SW at N. Railway and E. Fourth St.",Corsica,57328,Douglas,43.4244423,-98.40995,,,,"","0.00","","Nitrogen                                          ","0.00000",,"Agri Chem","Other(See Case File)","Industrial","Bulk Chemical","False","Handling",,"null",,"","298",12595
2015.070,"C",RL ,4/27/2015,6/24/2015,True,"Stratego Fungicide Spill - Roadway Surface","Farmers Alliance - Corsica","379th Avenue, between 279th Street and 282nd Street",Armour,57313,Douglas,43.3410378,-98.40341,,,,"null","null","null","Stratego Fungicide","20.00000",gallons,"Agri Chem","Other(See Case File)","Other(See Case File)","Tote","False","Open Valve",,"null",15SP042701,"null","300",13350
2015.086,"C",RL ,5/11/2015,7/23/2015,True,"Regulator Oil Spill - Storm Event","NorthWestern Energy","401 Avenue",Delmont,57330,Douglas,43.2578049,-98.16883,,,,"null","null","null","Mineral Oil                                       ","35.00000",gallons,"Oil","Other(See Case File)","Other(See Case File)","Transformer","False","Storm Event",,"null",,"null","300",13368
2015.088,"C",RL ,5/11/2015,9/30/2015,True,"Atrazine Spill  - Storm Event","Steve Peters (Regulated Substances Response)","40092 Hwy 18",Delmont,57330,Douglas,43.24047,-98.16996,,,,"null","null","null","Atrazine                                          ","null",,"Agri Chem","Other(See Case File)","Agricultural","Transport Tank","False","Storm Event",,"null",15SP051104,"null","301",13370
2015.120,"C",RL ,6/30/2015,8/18/2015,True,"Liquid Feed Spill at County Line Feeders","Quality Liquid Feeds","39261  284th  Street",Armour,57313,Douglas,43.2684021,-98.33221,,,,"null","null","null","Liquid Cattle Feed                                ","2500.00000",gallons,"Other(See Case File)","Other(See Case File)","Other(See Case File)","AST","False","Operator Error",,"null",,"null","301",13404
2018.060,"NFA",RL ,4/25/2018,10/16/2018,True,"Leaking Heating Fuel Tank - Joachim Property","Barb and Mark Joachim","355 North Corse Avenue",Corsica,57328,Douglas,43.42663,-98.4057,,,,"null","null","null","Heating Fuel                                      ","100.00000",gallons,"Petroleum","Other(See Case File)","Residential","AST","False","Leakage",,"8369",,"null","null",14239
2018.214,"C",TK ,11/27/2018,12/21/2018,True,"Noteboom Implement - Assessment","Noteboom Implement LLC","525 South Hwy 281",Corsica,57328,Douglas,43.4190331,-98.41279,,,,"null","null","null","Petroleum & Acetone","null",,"Combined(See Case File)","Other(See Case File)","Commercial","Equipment","False","Equipment Washing",,"8420",,"null","null",14407
2018.226,"NFA",JPA,12/17/2018,1/30/2019,True,"ATP - Agland Coop","Agland Coop","507 Braddock Street",Armour,57313,Douglas,43.3160362,-98.3455353,,,,"null","null","null","Waste Oil                                         ","null",,"Petroleum","ATP","Commercial","UST","True","Leakage",3653,"8415",,"null","null",14422
2019.111,"NFA",PDM,6/28/2019,9/12/2019,True,"Ag-Chem Release - Delmont","CHS / Farmers Alliance","28575 403rd Avenue",Delmont,57330,Douglas,43.2433434,-98.12919,,,,"null","null","null","Gramoxone (Paraquat Dichloride)","50.00000",gallons,"Agri Chem","Other(See Case File)","Agricultural","Tote","False","Operator Error",,"null",19SP070106,"null","null",14547
2019.135,"C",JAM,8/1/2019,9/23/2019,True,"MAP Release - Delmont","Central Farmers Cooperative ","28298-28240 400th Avenue",Delmont,57330,Douglas,43.28945,-98.1892,,,,"null","null","null","Monoammonium Phosphate","5400.00000",lbs,"Agri Chem","Other(See Case File)","Agricultural","Equipment","False","Accident",,"null",19SP080213,"null","null",14573
2020.107,"NFA",JAM,7/27/2020,11/19/2020,True,"Plane Crash - Central Ag Parkston","Central Ag LLC","NW Field of 404th Avenue and 273rd Street",Parkston,57366,Douglas,43.4306679,-98.11747,100N,62W,36,"SE","null","null","Fungicide                                         ","null",,"Agri Chem","Other(See Case File)","Agricultural","Aircraft Tanks","False","Accident",,"null",20SP072713,"null","null",14803
2020.122,"NFA",MSB,8/25/2020,9/1/2020,True,"Bulk AST Facility - Van Brothers Inc.","Van Brothers Inc.","Railway Lot 9D, South Railway Avenue",Corsica,57328,Douglas,43.42293,-98.40973,,,,"null","null","null","Diesel, Gasoline                                  ","null",,"Petroleum","Other(See Case File)","Commercial","AST","True","Historical",,"8532",,"null","null",14825
2020.145,"NFA",KF ,10/5/2020,1/29/2021,True,"ATP - Corsica-Stickney School District","Corsica-Stickney School District","555 East Main Street",Corsica,57328,Douglas,43.42285,-98.4034958,,,,"null","null","null","Diesel","null",,"Petroleum","ATP","Public","UST","False","Leaks and Spills",3683,"8495",,"null","null",14852
2022.062,"C",JAM,4/21/2022,11/7/2022,True,"Dry Fertilizer Rollover - Nutrien Ag","Nutrien Ag Solutions","290th Street and 401st Avenue",Delmont,57330,Douglas,43.1838264,-98.16876,,,,"null","null","null","Dry Fertilizer                                    ","17.00000",tons,"Agri Chem","Other(See Case File)","Public","Transport Trailer","False","Transport Accident",,"null",22JM042103,"null","null",15206
2022.128,"C",GK,7/19/2022,9/28/2022,True,"Armour Excavator Fire","Loiseau Construction","Corner of 396th Ave and Hwy 44",Armour,57313,Douglas,43.38428,-98.27156,99N,63W,15,"SE1/4","null","null","Diesel                                            ","250.00000",gallons,"Petroleum","Other(See Case File)","Public","Equipment","False","Fire Event",,"null",,"null","null",15277
2022.165,"O",MSB,8/30/2022,,True,"LUST Trust - Delmont Utility upgrades","City of Delmont","North Raymond Street",Delmont,57330,Douglas,43.2677727,-98.1609955,,,,"null","null","null","Petroleum                                         ","null",,"Petroleum","Lust Trust","Public","UST","False","Unknown",,"null",,"null","null",15320
2023.047,"C",TK ,4/28/2023,6/12/2023,True,"Spray Stabilizer at Farmers Alliance","CHS Farmers Alliance","Highway 281 & Main Street",Corsica,57328,Douglas,43.4244537,-98.40968,,,,"null","null","null","Nue-Charge-G","70.00000",Gallons,"Agri Chem","Other(See Case File)","Commercial","Handling","False","Accident",,"null",,"null","null",15433
8888.005,"T",,,,True,"Clandestine Drug Lab Seizure","Unknown","165 Pleasant View",Corsica,57328,Douglas,43.42466,-98.4068,,,,"","0.00","","unknown                                           ","0.00000",,"Other(See Case File)","Clandestine Drug Lab","Unknown(See Case File)","Drug Making Material","False","null",,"null",,"SDR000201350","",12194
8888.068,"T",,,,True,"Clandestine Drug Lab Seizure (Equipment)","Unknown","306 West Main Street",Delmont,57330,Douglas,43.2675934,-98.16544,,,,"","0.00","","                                                  ","0.00000",,"Other(See Case File)","Clandestine Drug Lab","Residential","Drug Making Material","False","null",,"null",,"","",12268
9999.025,"W",,,,True,"Withdrawn ATP - Hinckley Storage","Dennis Hinckley","Mill & Dobson",Armour,57313,Douglas,43.3160248,-98.34832,98N,64,12,"SE","0.00","","                                                  ","0.00000",,"Other(See Case File)","Withdrawn ATP","Commercial","Other(See Case File)","False","null",475,"4421",,"","249",10680
9999.067,"W",,,,True,"Withdrawn ATP - United Methodist Church","United Methodist Church","207 W Main",Delmont,57330,Douglas,43.26721,-98.1634,,,,"","0.00","","                                                  ","0.00000",,"Other(See Case File)","Withdrawn ATP","Other(See Case File)","Other(See Case File)","False","null",1112,"5044",,"","249",10723
9999.157,"W",,,,True,"Withdrawn ATP - Motel 281","Douglas Co Memorial Hospital","Hwy 281 & 8th Street",Armour,57313,Douglas,43.3246727,-98.3467941,,,,"","0.00","","                                                  ","0.00000",,"Other(See Case File)","Withdrawn ATP","Commercial","Other(See Case File)","False","null",2456,"6383",,"","249",10817
9999.207,"W",,,,True,"Withdrawn ATP - Corsica High School","Corsica School District","120 S Napoleon Avenue",Corsica,57328,Douglas,43.4239769,-98.39975,,,,"","0.00","","                                                  ","0.00000",,"Other(See Case File)","Withdrawn ATP","Public","Other(See Case File)","False","null",3154,"7479",,"","279",11834
9999.208,"W",,,,True,"Withdrawn ATP - Former Corsica Cheese","Corsica Inc.","390th Avenue",Corsica,57328,Douglas,43.43436,-98.39169,,,,"","0.00","","                                                  ","0.00000",,"Other(See Case File)","Withdrawn ATP","Industrial","Other(See Case File)","False","null",2890,"6933",,"","279",11978
89019.000,"C",LB,1/3/1989,1/3/1989,True,"Carlon Bulk Plant","Nikodym Oil Company","SE corner of Dotson & Mill",Armour,57313,Douglas,43.3156624,-98.34793,98N,64W,12,"SE","0.00","","                                                  ","0.00000",,"Other(See Case File)","Clean Site","Commercial","UST","False","No Release",,"null",,"","",8231
97031.000,"C",KM,11/24/1997,12/3/1997,True,"Colonial Manor Rest Home","Colonial Manor Rest Home","106 Braddock",Armour,57313,Douglas,43.31243,-98.34367,,,,"","0.00","","                                                  ","0.00000",,"Other(See Case File)","Clean Site","Residential","UST","False","No Release",,"null",,"","",8659
2001778.000,"C",KM,1/17/2002,2/22/2002,True,"Clean ATP - Former Art's TV & Appliance","Darrell DeBoer","Main Street",Harrison,57344,Douglas,43.43212,-98.5271454,,,,"","0.00","","                                                  ","0.00000",,"Other(See Case File)","ATP","Commercial","UST","True","No Release",758,"4694",,"","204",9642
2001779.000,"C",KM,1/17/2002,2/22/2002,True,"Clean ATP - Groseth Farm","Mearl Groseth","26944 383rd Avenue",Harrison,57344,Douglas,43.4785652,-98.52778,,,,"","0.00","","                                                  ","0.00000",,"Other(See Case File)","ATP","Agricultural","UST","False","No Release",1083,"4858",,"","204",9643
2001780.000,"C",KM,1/17/2002,2/22/2002,True,"Clean ATP - Armour High School","Nancy DeVries","604 3rd Street",Armour,57313,Douglas,43.3202133,-98.34737,,,,"","0.00","","                                                  ","0.00000",,"Other(See Case File)","ATP","Public","UST","False","No Release",1104,"5045",,"","204",9644
2001781.000,"C",KM,1/17/2002,2/22/2002,True,"Clean ATP - Douglas County Courthouse","Clem Wentz","706 Braddock Street",Armour,57313,Douglas,43.3184776,-98.34398,,,,"","0.00","","                                                  ","0.00000",,"Other(See Case File)","ATP","Public","UST","False","No Release",579,"4505",,"","204",9645
2002141.000,"C",KM,9/27/2002,10/25/2002,True,"Clean ATP - Joubert Garage","Jay Van Der Werff","NE at intersection of 273 St and 376 Ave",Joubert,57369,Douglas,43.427742,-98.66784,,,,"","0.00","","                                                  ","0.00000",,"Other(See Case File)","ATP","Commercial","UST","True","No Release",2035,"5986",,"","220",10004
2013040.000,"C",TF,12/2/2013,12/10/2013,True,"Clean ATP - Armour School","Armour School District","Dobson Street",Armour,57313,Douglas,43.3202972,-98.34814,,,,"","0.00","","                                                  ","0.00000",,"Other(See Case File)","ATP","Other(See Case File)","UST","False","No Release",3303,"7799",,"","296",12879
2016013.000,"C",TF ,9/12/2016,9/13/2016,True,"Clean ATP - DOT Maintenance Shop","SD Department of Transportation","28177 US Hwy 281",Armour,57313,Douglas,43.3007927,-98.34592,,,,"null","null","null","null","null",,"Other(See Case File)","ATP","Other(See Case File)","UST","True","No Release",3500,"8121",,"null","null",13768
2021006.000,"C",KF ,8/3/2021,8/13/2021,True,"Clean ATP - St Paul Church","St. Paul the Apostle Catholic Church","206 First Street",Armour,57313,Douglas,43.31848,-98.35281,,,,"null","null","null","null","null",,"Other","ATP","Other(See Case File)","UST","False","No Release",3708,"8531",,"null","null",15031