id,status,r1,date_rep,date_close,image,site_name,resp_party,street,city,zip_code,county,latitude,longitude,township,range,section,secq1,acreage,instctrls,material,amount,units,spill_cat,site_type,proptype,sor_type,regulated,cause_type,atp_no,prcfnumber,ag_no,solidwaste,microroll,siteid
77.005,"C",KM,3/11/1977,7/20/2000,True,"Transport Tank Spill","Dan Dugan Transport","I-90 Mile Marker 140",Kadoka,57543,Jackson,43.83534,-101.580727,,,,"","0.00","","gasoline                                          ","3000.00000",gallons,"Petroleum","Other(See Case File)","Other(See Case File)","Transport Trailer","False","Transport Accident",,"null",,"","237",23
84.081,"C",JA,10/1/1984,2/8/1993,True,"Badlands National Park","US National Park Service","Maintenance Building",Cedar Pass,57750,Jackson,43.7401924,-101.96299,3,18,33,"","0.00","","Diesel                                            ","20.00000",gallons,"Petroleum","Other(See Case File)","Public","AST","False","Corrosion",,"null",,"","266",252
87.105,"NFA",NS,10/19/1987,9/7/2001,True,"Denny's I-90 Texaco  - Sidekicks","Elaine Tarrell","E side of  Hwy 73 & S of I-90",Kadoka,57543,Jackson,43.8384132,-101.52224,25,22E,28,"","0.00","","Gasoline                                          ","0.00000",,"Petroleum","Other(See Case File)","Commercial","UST","True","Leakage",,"0277",,"","",570
90.071,"C",LB,3/26/1990,8/16/1990,True,"Ellsworth Air Force Base (EAFB) - Fuel Barrel Spill","Ellsworth Air Force Base  (EAFB)","E1 Launch Control Facility 10mi. N - Kadoka",Kadoka,57543,Jackson,43.9200821,-101.481033,1S,22E,34,"NW","0.00","","Diesel                                            ","11.00000",gallons,"Petroleum","Federal","Other(See Case File)","AST","True","Open Valve",,"null",,"","",1306
90.113,"NFA",NS,4/18/1990,12/28/2009,True,"Kadoka Standard - Tank Removals","Petromart Inc","I-90 Kadoka Exit 150",Kadoka,57543,Jackson,43.83832,-101.523689,,,30,"SE","0.00","","Gasoline                                          ","0.00000",,"Petroleum","Lust Trust","Commercial","UST","True","Line Leak",,"1006",,"","270",1348
93.177,"C",KM,6/21/1993,12/21/1993,True,"Former City Dump","City of Interior","Former Landfill",Interior,57750,Jackson,43.7334938,-101.9871,4S,18E,5,"NE","0.00","","Bait (Chem. unknown)                              ","0.00000",,"Chemical","Other(See Case File)","Public","Materials","False","Handling",,"null",,"","",3192
93.306,"C",JN,9/24/1993,6/20/1994,True,"Dept of Trans (SD DOT) - Tank Removal","SD Department of Transportaion  (SD DOT)","Hwy. 73, DOT Shop",Kadoka,57543,Jackson,43.8331451,-101.520737,2S,22E,32,"NW","0.00","","Petroleum                                         ","0.00000",,"Petroleum","Other(See Case File)","Other(See Case File)","UST","True","Line Leak",,"2422",,"","",3321
93.320,"C",MM,10/6/1993,4/28/1997,True,"DOD/USAF/MMII Delta 4 Tank Removal","Ellsworth Air Force Base (EAFB)","South of intersection at Fairview and Recluse Roads",Cottonwood,57775,Jackson,43.912838,-101.801537,15N,19E,35,"SE","0.00","","Diesel                                            ","0.00000",,"Petroleum","Federal","Other(See Case File)","UST","False","Leaks and Spills",,"null",,"","237",3335
93.322,"C",MM,10/7/1993,4/28/1997,True,"DOD/USAF/MMII Echo 9  UST Removal","Ellsworth Air Force Base (EAFB)","NW at 239 Street and Hwy 73",Philip,57567,Jackson,43.9383736,-101.662766,1S,20E,24,"SE","0.00","","Diesel                                            ","0.00000",,"Petroleum","Federal","Other(See Case File)","UST","False","Leaks and Spills",,"null",,"","237",3337
93.378,"C",MM,10/5/1993,4/28/1997,True,"DOD/USAF/MMII Echo 3 (also 95.011)","Ellsworth Air Force Base (EAFB)","Belvidere Road",Belvidere,57521,Jackson,43.90731,-101.2848,2S,24E,6,"NE","0.00","","PCB                                               ","0.00000",,"Combined","Federal","Other(See Case File)","Combined(See Case File)","False","Past Practices",,"null",,"","237",3393
93.394,"C",MM,10/5/1993,1/26/1995,True,"DOD/USAF/MMII Charlie 6 (Sump H2O & Tank Closure)","Ellsworth Air Force Base (EAFB)","Hwy 14",Cottonwood,57775,Jackson,43.9890366,-101.8157,1S,19E,2,"NW","0.00","","TPH                                               ","0.00000",,"Petroleum","Federal","Other(See Case File)","Combined(See Case File)","False","Leaks and Spills",,"null",,"","237",3409
93.422,"C",MM,10/5/1993,1/26/1995,True,"DOD/USAF/MMII Echo 4 (Sump H2O & Tank Closure)","Ellsworth Air Force Base (EAFB)","Community Well Road",Belvidere,57521,Jackson,43.8442879,-101.344376,2S,23E,27,"NE","0.00","","PCB                                               ","0.00000",,"Combined(See Case File)","Federal","Other(See Case File)","Combined(See Case File)","False","Past Practices",,"null",,"","237",3437
93.423,"C",MM,10/5/1993,4/28/1997,True,"DOD/USAF/MMII Echo 8 (Sump H2O & Tank Closure)","Ellsworth Air Force Base (EAFB)","Hwy 73",Kadoka,57543,Jackson,43.8657036,-101.659294,2S,21E,18,"SW","0.00","","Arsenic                                           ","0.00000",,"Combined(See Case File)","Federal","Other(See Case File)","Combined(See Case File)","False","Past Practices",,"null",,"","237",3438
93.424,"C",MM,10/5/1993,4/28/1997,True,"DOD/USAF/MMII  Echo 10 (Sump H2O & Tank Closure)","Ellsworth Air Force Base (EAFB)","Willow Creek Road",Philip,57567,Jackson,43.9698639,-101.560265,1S,21E,12,"SW","0.00","","PCB                                               ","0.00000",,"Combined(See Case File)","Federal","Other(See Case File)","Combined(See Case File)","False","Past Practices",,"null",,"","237",3439
94.004,"C",RC,1/12/1994,8/5/1994,True,"U.S. West Business Resources","U.S. West Business Resources","1/2 West at Tower",Belvidere,57521,Jackson,43.8339729,-101.289536,2S,24E,21,"NE","0.00","","Fuel Oil                                          ","0.00000",,"Petroleum","Other(See Case File)","Commercial","UST","True","Spillage",,"null",,"","",3539
94.006,"C",TK,1/13/1994,4/21/1994,True,"Warner Enterprises  Transport Event","Warner Enterprises","I-90 MM 174",Okaton,57562,Jackson,43.90112,-101.074326,,,,"","0.00","","Diesel                                            ","70.00000",gallons,"Petroleum","Other(See Case File)","Other(See Case File)","Truck Tank","False","Transport Accident",,"null",,"","",3541
94.356,"I",JN,10/26/1994,9/5/1997,True,"Prairie Fuels - Tank Removals","Grady and Bernice Crew","SD 240, S of I-90 @ Exit 131",Cactus Flat,57543,Jackson,43.8339844,-101.900436,2S,18E,36,"NE","0.00","","Petroleum                                         ","0.00000",,"Petroleum","Other(See Case File)","Commercial","UST","True","Leakage",,"2783",,"","",3891
95.010,"C",MM,1/6/1995,1/24/1995,True,"DOD/USAF/MMII Echo 5 - No Release","Ellsworth Air Force Base (EAFB)","North of I-90 near milemarker 153.5",Kadoka,57543,Jackson,43.8534164,-101.461113,,,,"","0.00","","Diesel                                            ","0.00000",,"Petroleum","Federal","Other(See Case File)","UST","False","No Release",,"null",,"","237",3961
95.011,"C",MM,1/6/1995,1/24/1995,True,"DOD/USAF/MMII Echo-3 - No Release (also 93.378)","Ellsworth Air Force Base (EAFB)","Belvidere Road",Belvidere,57521,Jackson,43.9071045,-101.284859,,,,"","0.00","","Petroleum                                         ","0.00000",,"Other(See Case File)","Federal","Other(See Case File)","UST","False","No Release",,"null",,"","",3962
95.072,"C",TK,4/12/1995,10/31/1995,True,"Donco Carriers Transport Event","Donco Carriers","I-90 @ Burns Bros Truck Stop",Kadoka,57543,Jackson,43.85302,-101.484558,,,,"","0.00","","Diesel                                            ","165.00000",gallons,"Petroleum","Other(See Case File)","Other(See Case File)","Truck Tank","False","Transport Accident",,"null",,"","",4023
95.179,"C",BM,7/14/1995,11/30/1999,True,"Granville Cook Transport Event","Granville Cook","Road ditch 1 m W of  Cottonwood experiment station.",Cottonwood,57775,Jackson,43.9633942,-101.874031,1S,19,17,"NE","0.00","","Agri Chem                                         ","100.00000",gallons,"Agri Chem","Other(See Case File)","Agricultural","Sprayer","False","Overturned",,"null",,"","",4130
96.128,"C",TK,5/9/1996,2/27/1997,True,"Wanblee Schoolbus Tank Overfill","Wanblee School","101 School Road",Wanblee,57577,Jackson,43.5737267,-101.669518,,,,"","0.00","","Diesel                                            ","50.00000",gallons,"Petroleum","Other(See Case File)","Other(See Case File)","UST","False","Overfill",,"null",,"","",4438
96.173,"C",TK,6/17/1996,2/21/1997,True,"Road Spill","Multi-foods Specialty Division","Highway 73, 18 mi South of I-90",Wanblee,57577,Jackson,43.6031952,-101.507996,,,,"","0.00","","Diesel                                            ","30.00000",gallons,"Petroleum","Other(See Case File)","Other(See Case File)","Truck Tank","False","Damage",,"null",,"","",4483
96.206,"C",TK,7/14/1996,10/4/1996,True,"Burns Brothers Truck Stop - Damaged Pump","Burns Brothers","N of I-90 @ Exit 152",Kadoka,57543,Jackson,43.8531456,-101.483368,,,,"","0.00","","Diesel                                            ","25.00000",gallons,"Petroleum","Other(See Case File)","Commercial","UST","True","Dispenser Leak",,"null",,"","",4516
96.363,"C",GMS,9/18/1996,8/28/2013,True,"Cottonwood Experiment Farm (SDSU) Dump Site","South Dakota State University (SDSU)","SE at Fairview Road and 237 Street",Cottonwood,57775,Jackson,43.963356,-101.8508,1S,19E,16,"NW","0.00","","wastes                                            ","0.00000",,"Chemical","Other(See Case File)","Agricultural","Wastes","False","Handling",,"null",,"","295",4673
97.392,"C",DR,11/20/1997,7/15/1998,True,"Minuteman 2 Lauch Control Facility Echo-01","Ellsworth Air Force Base (EAFB)","South Creek Road",Kadoka,57543,Jackson,43.9203949,-101.481209,1S,22E,34,"NW","0.00","","diesel fuel                                       ","0.00000",,"Petroleum","Federal","Other(See Case File)","AST","False","Leakage",,"null",,"","",5080
97.413,"NFA",NS,12/19/1997,12/23/2008,True,"Bulk Plant Sites - Assessment","Harvest States","South and North Bulk Sites",Kadoka,57543,Jackson,43.8305664,-101.510735,,,,"","0.00","","petroleum                                         ","0.00000",,"Petroleum","Other(See Case File)","Commercial","AST","True","Leakage",,"3349 3490",,"","260,263",5101
98.038,"I",NS,2/27/1998,8/30/2000,True,"Discount Fuels - Tank System Removal","Mark Carlson & Grant Patterson","I-90 Exit 150 (South side of intersection)",Kadoka,57543,Jackson,43.8376,-101.523315,2S,22E,30,"NW","0.00","","petroleum                                         ","0.00000",,"Petroleum","Other(See Case File)","Commercial","UST","True","Leakage",,"2967",,"","",5146
98.266,"C",BM,9/23/1998,11/9/1998,True,"I-90 Truck Fire","Baker Lewis Trucking","I-90 Westbound, Mile Marker 161",Belvidere,57521,Jackson,43.843132,-101.310966,,,,"","0.00","","Industrial Chemicals (NaOH, ethanol)              ","0.00000",,"Chemical","Other(See Case File)","Other(See Case File)","Cargo","False","Fire Event",,"null",,"","",5374
98.438,"C",NS,12/31/1998,8/31/1999,True,"Travel Centers Site - Tank Abandonment","Burns Brothers - Travel Centers of America","I-90, Exit 152, North side",Kadoka,57543,Jackson,43.8533554,-101.483536,25S,22E,22,"SW","0.00","","Waste Oil                                         ","0.00000",,"Oil","Other(See Case File)","Commercial","UST","False","Spillage",,"null",,"","236",5546
99.043,"C",TS,2/16/1999,2/15/2000,True,"Belvidere Store - Tank Removal","Francis Osborn","I-90 Exit 163",Belvidere,57521,Jackson,43.8402672,-101.27182,2S,24E,29,"SW","0.00","","Petroleum                                         ","0.00000",,"Petroleum","Other(See Case File)","Commercial","UST","True","Dispenser Leak",,"3583",,"","",5590
99.094,"C",GH,3/23/1999,11/17/2006,True,"Crazy Horse School - Federal Id # R4070068","Bureau of Indian Affairs","Crazy Horse School Drive (Bldg 526)",Wanblee,57577,Jackson,43.5737457,-101.6696,,,,"","0.00","","petroleum                                         ","0.00000",,"Petroleum","Federal","Other(See Case File)","UST","True","No Release",,"3771",,"","248,252",5641
99.107,"C",GH,3/23/1999,11/20/2006,True,"Wanblee Substation - Federal Id # R4070064","Bureau of Indian Affairs","Wanblee Substation (Bldg 552)",Wanblee,57577,Jackson,43.563324,-101.65583,,,,"","0.00","","petroleum                                         ","0.00000",,"Petroleum","Federal","Other(See Case File)","UST","True","No Release",,"3767",,"","248,252",5654
99.335,"C",NS,12/16/1999,11/12/2001,True,"Former Station Site - Assessment","Grant Patterson","N. Side of I-90 at Exit 150",Kadoka,57543,Jackson,43.8428726,-101.524849,,,,"","0.00","","Petroleum                                         ","0.00000",,"Petroleum","Other(See Case File)","Commercial","UST","True","Leakage",,"3863",,"","197",5882
2000.225,"C",TF,7/12/2000,2/28/2001,True,"Kane Transport road tar spill","Kane Transport","I-90 MM 135",Cactus Flat,57543,Jackson,43.8362122,-101.827011,,,,"","0.00","","tar                                               ","50.00000",gallons,"Oil","Other(See Case File)","Other(See Case File)","Transport Truck","False","Transport Accident",,"null",,"","194",6123
2000.377,"C",KM,12/21/2000,1/3/2001,True,"ATP - Interior Station  (SD DOT)","SD Department of Transportation (SD DOT)","Railroad Right of Way - Interior Station",Interior,57750,Jackson,43.7275047,-101.981926,,,,"","0.00","","petroleum                                         ","0.00000",,"Petroleum","ATP","Public","UST","True","Spillage",19,"3971",,"","208",6275
2001.447,"NFA",KH,8/9/2001,6/16/2004,True,"ATP - O'Deu Place","Don Poss","2 mi E and 3 mi S of Cottonwood",Cottonwood,57775,Jackson,43.91628,-101.847763,1S,19E,33,"","0.00","","Petroleum                                         ","0.00000",,"Petroleum","ATP","Commercial","UST","True","Corrosion",1266,"5193",,"","232,236,258",6730
2001.448,"NFA",KM,7/31/2001,2/28/2003,True,"ATP - Cowboy Corner","Terry Gartner","SE at Main & A Street",Interior,57750,Jackson,43.72664,-101.984818,,,,"","0.00","","Petroleum                                         ","0.00000",,"Petroleum","ATP","Commercial","UST","True","Corrosion",630,"4556",,"","217",6731
2001.449,"NFA",KM,7/18/2001,4/17/2003,True,"ATP - H & H Patterson Building","Jerry Patterson","I-90 Business Loop at 9th",Kadoka,57543,Jackson,43.8391342,-101.508293,,,,"","0.00","","Petroleum                                         ","0.00000",,"Petroleum","ATP","Commercial","UST","True","Corrosion",622,"4552",,"","217",6732
2001.451,"C",KM,8/9/2001,10/31/2001,True,"ATP - Jarvis Property","Lyle E. Jarvis","Rural - 4 miles West of Cactus Flat",Cactus Flat,57790,Jackson,43.8416672,-101.966354,,,,"","0.00","","fuel oil                                          ","0.00000",,"Petroleum","ATP","Residential","UST","False","Spillage",1895,"5852",,"","207",6734
2001.452,"C",KM,7/17/2001,10/30/2001,True,"ATP - Old H & H Property","Robert Getz","108 Maple Street",Kadoka,57543,Jackson,43.83593,-101.507675,,,,"","0.00","","Petroleum                                         ","0.00000",,"Petroleum","ATP","Commercial","UST","True","Leakage",1243,"5170",,"","207",6735
2001.453,"C",KM,7/17/2001,10/30/2001,True,"ATP - Peterson Property","Rick Peterson","Near Maple and East 1st Avenue",Kadoka,57543,Jackson,43.8359146,-101.518776,,,,"","0.00","","petroleum                                         ","0.00000",,"Petroleum","ATP","Residential","UST","True","Leakage",624,"4555",,"","207",6736
2001.455,"C",KM,8/2/2001,10/31/2001,True,"ATP - Cactus Flat","Ferne Emry/Jerry Stout","South Service Road at I-90 Exit 131 ",Cactus Flat,57543,Jackson,43.8359146,-101.894905,,,,"","0.00","","Petroleum                                         ","0.00000",,"Petroleum","ATP","Commercial","UST","True","Leakage",931,"4861",,"","207",6738
2001.483,"NFA",KM,8/28/2001,1/17/2003,True,"ATP - Conrad Vogelgesang Farm","Delia Dunham","Birdsong Lane, West of Wanblee",Wanblee,57577,Jackson,43.5479431,-101.804,,,,"","0.00","","Petroleum                                         ","0.00000",,"Petroleum","ATP","Agricultural","UST","False","Corrosion",1974,"5945",,"","217",6766
2001.484,"NFA",KM,8/27/2001,12/17/2002,True,"ATP - Former Station Site","Orville W. Josserand","SW at Hwy 73 & Old Hwy 16",Kadoka,57543,Jackson,43.8353,-101.523094,,,,"","0.00","","Petroleum                                         ","0.00000",,"Petroleum","ATP","Commercial","UST","True","Corrosion",1935,"5880",,"","217",6767
2001.726,"C",KM,11/28/2001,1/16/2002,True,"ATP - Porch Farm","Stanley Porch","West of Wanblee",Wanblee,57577,Jackson,43.5294075,-101.739136,,,,"","0.00","","Petroleum                                         ","0.00000",,"Petroleum","ATP","Agricultural","UST","True","Spillage",2125,"6065",,"","207",7008
2001.728,"NFA",KM,11/28/2001,4/8/2003,True,"ATP - Kukal Farm","Edward T. Kukal","Hwy 44  (East of Wanblee)",Wanblee,57577,Jackson,43.5769119,-101.610077,42,36,33,"NE","0.00","","Petroleum                                         ","0.00000",,"Petroleum","ATP","Agricultural","UST","False","Corrosion",2156,"6082",,"","217",7010
2001.853,"C",KM,1/22/2002,3/4/2002,True,"ATP - Bork Property","Paul Bork","Stamford Road",Midland,57552,Jackson,43.9316254,-101.103119,1S,25E,26,"NW","0.00","","Petroleum                                         ","0.00000",,"Petroleum","ATP","Agricultural","UST","False","Spillage",1598,"5550",,"","207",7135
2001.860,"C",KM,1/23/2002,3/4/2002,True,"ATP - Crew Cattle Company","Bernice Crew","2.5 milesS exit 131, I-90",Cactus Flat,57543,Jackson,43.81478,-101.891273,3S,19E,6,"","0.00","","fuel oil                                          ","0.00000",,"Petroleum","ATP","Commercial","UST","False","Spillage",1078,"4800",,"","207",7142
2001.896,"C",KM,2/4/2002,3/4/2002,True,"ATP - Leona Cook Farm","Leona Cook","Rural Quinn",Quinn,57775,Jackson,43.9738846,-101.940186,1S,18E,10,"NE","0.00","","Petroleum                                         ","0.00000",,"Petroleum","ATP","Agricultural","UST","False","Leakage",1437,"5384",,"","208",7178
2002.031,"C",KM,4/2/2002,4/17/2002,True,"Transportation Diesel Spill","RJB Big Stone Corporation","I-90 East at MM 174",Okaton,57562,Jackson,43.9008331,-101.07431,,,,"","0.00","","Diesel                                            ","60.00000",gallons,"Petroleum","Other(See Case File)","Other(See Case File)","Truck Tank","False","Transport Accident",,"null",,"","231",7312
2002.089,"C",TF,6/27/2002,7/17/2002,True,"Badlands Travel Stop - Nozzle Spill","Unknown","NW @ I-90 Exit 152",Kadoka,57543,Jackson,43.853508,-101.483673,,,,"","0.00","","Diesel Fuel                                       ","100.00000",gallons,"Petroleum","Other(See Case File)","Commercial","UST","True","Unattended Nozzle",,"null",,"","198,266",7370
2002.182,"C",KM,8/4/2002,10/18/2002,True,"ATP - Emmanuel Mission of SMEA","John Mailloux","202 Mission Street",Wanblee,57577,Jackson,43.5693054,-101.660141,,,,"","0.00","","fuel oil                                          ","0.00000",,"Petroleum","ATP","Other(See Case File)","UST","False","Spillage",2345,"6258",,"","219",7463
2002.191,"C",KM,8/14/2002,10/23/2002,True,"ATP - Doc Bork & Sons","Robert Bork","I-90 frontage Road, approx .7 mi E of Stamford Rd",Belvidere,57521,Jackson,43.9018822,-101.090584,,,,"","0.00","","Petroleum                                         ","0.00000",,"Petroleum","ATP","Agricultural","UST","False","Spillage",2388,"6317",,"","219",7472
2003.051,"C",BM,4/23/2003,4/25/2003,True,"Transport Spill","Dakota Cartage Co., Inc","I-90 West, MM 149",Kadoka,57543,Jackson,43.83616,-101.546432,,,,"","0.00","","Diesel Fuel                                       ","50.00000",gallons,"Petroleum","Other(See Case File)","Other(See Case File)","Truck Tank","False","Transport Accident",,"null",,"","231",7698
2003.100,"C",RL,6/26/2003,3/8/2004,True,"Semi Accident -  Dimethoate Release","USA Motor Express - Ray Mayhan","I-90 at mile marker 140",Kadoka,57543,Jackson,43.83621,-101.726761,,,,"","0.00","","dimethoate                                        ","0.00000",,"Agri Chem","Other(See Case File)","Other(See Case File)","Containers","False","Transport Accident",,"null",,"","229",7747
2003.150,"NFA",NS,9/11/2003,4/5/2004,True,"Badlands Travel Stop - Surface spills","John Owens","I-90  @ Exit 152, South Creek Road",Kadoka,57543,Jackson,43.8537636,-101.483414,,,,"","0.00","","Petroleum                                         ","0.00000",,"Petroleum","Other(See Case File)","Commercial","UST","True","Spillage",,"6788",,"","230",7797
2003.205,"C",KM,12/9/2003,12/24/2003,True,"Badlands Truck Stop - Truck Tank Leak","Unknown","N of I-90 @ Exit 152",Kadoka,57543,Jackson,43.85255,-101.484619,,,,"","0.00","","diesel fuel                                       ","75.00000",gallons,"Petroleum","Other(See Case File)","Commercial","Truck Tank","False","Leakage",,"null",,"","224,",7852
2004.051,"C",RL,4/1/2004,4/8/2004,True,"Diesel Spill - Dawes Transport","Dawes Transport","I-90 @ mm132",Cactus Flat,57775,Jackson,43.83543,-101.887459,,,,"","0.00","","Diesel                                            ","0.00000",,"Petroleum","Other(See Case File)","Other(See Case File)","Truck Tank","False","Transport Accident",,"null",,"","231",7936
2005.045,"C",RL,2/23/2005,4/19/2006,True,"Transportation Accident - Schneider National Inc","Schneider National Bulk Carriers, Inc.","I-90 eastbound @  Overpass near MM 172.5",Belvidere,57521,Jackson,43.8977623,-101.104492,2S,25E,3,"SE","0.00","","Diesel                                            ","90.00000",gal,"Petroleum","Other(See Case File)","Other(See Case File)","Truck Tank","False","Transport Accident",,"null",,"","244,266",8139
2006.037,"NFA",KH,4/5/2006,5/11/2006,True,"Golden Valley Apiaries Property - Assessment","Terry Baldwin","Hwy 63 S of I-90 @ Exit 163",Belvidere,57521,Jackson,43.8405571,-101.271973,,,,"","0.00","","Petroleum                                         ","0.00000",,"Petroleum","Other(See Case File)","Commercial","UST","True","Leakage",,"7076",,"","244",10475
2006.054,"NFA",JPA,4/27/2006,5/19/2010,True,"Surface Spill - Former Badland's Conoco","Pat (Harvey) Fortune / Matt Harvey","Junction of 377 & Hwy 44",Interior,57750,Jackson,43.7271843,-101.980087,,,,"","0.00","","Oil                                               ","0.00000",,"Oil","Other(See Case File)","Commercial","Equipment","False","Handling",,"null",,"","274",10492
2009.184,"NFA",RL,11/24/2009,4/29/2010,True,"Overturned Residential Tank / Fire Event","Deceased Property Owners","Western edge of Belvidere",Belvidere,57521,Jackson,43.8320351,-101.274475,2S,24E,32,"NW","0.00","","Diesel                                            ","0.00000",,"Petroleum","Other(See Case File)","Residential","AST","False","Overturned",,"null",,"","274",11563
2009.191,"C",RL,12/2/2009,2/3/2010,True,"Transport Event - Conway Truck","Conway Truckload","I-90 MM165 (median)",Belvidere,57521,Jackson,43.8426552,-101.232117,,,,"","0.00","","Diesel                                            ","50.00000",gallons,"Petroleum","Other(See Case File)","Other(See Case File)","Truck Tank","False","Transport Accident",,"7470",,"","272",11570
2012.094,"C",RL,5/21/2012,6/19/2012,True,"Transformer Oil Spill (Storm Event)","West Central Electric","24475 South Creek Road (truck stop)",Kadoka,57543,Jackson,43.8531,-101.483932,25,22,21,"SE","0.00","","Transformer Oil Non-PCB                           ","73.50000",gallons,"Oil","Other(See Case File)","Commercial","Transformer","False","Storm Event",,"null",,"","286",12353
2013.006,"C",RL,1/20/2013,2/19/2013,True,"Penetrating Oil Spill - Leaking Drum","YRC Freight","24475 S. Creek Road (Badlands Travel Stop)",Kadoka,57543,Jackson,43.85257,-101.483772,,,,"","0.00","","Penetrating Oil                                   ","10.00000",gallons,"Oil","Other(See Case File)","Commercial","Drums","False","Leakage",,"null",,"","289",12556
2013.023,"C",RL,2/9/2013,4/3/2013,True,"Transportation Event","Mercer Transportation","I-90, MM158, median",Kadoka,57543,Jackson,43.8508072,-101.370468,,,,"","0.00","","Diesel                                            ","90.00000",gallons,"Petroleum","Other(See Case File)","Other(See Case File)","Truck Tank","False","Transport Accident",,"null",,"","290",12574
2013.089,"C",RL,5/18/2013,8/20/2013,True,"Dispenser Spill - Badlands Travel Stop","Badlands Travel Stop","24475 South Creek Road",Kadoka,57543,Jackson,43.85342,-101.483658,,,,"","0.00","","Diesel                                            ","113.00000",gallons,"Petroleum","Other(See Case File)","Commercial","UST","True","Equipment Activation",,"null",,"","294",12651
2014.094,"C",KN,5/17/2014,6/26/2014,True,"Overturned Transport - Dakota Mill & Grain","Dakota Mill & Grain Inc.","BIA 2, approx 2 miles W of Hwy 44",Potato Creek,57577,Jackson,43.5493736,-101.929718,,,,"","0.00","","Urea/MAP Blend                                    ","23.00000",tons,"Agri Chem","Other(See Case File)","Agricultural","Transport Trailer","False","Transport Accident",,"null",14JK051902,"","297",13019
2014.186,"NFA",MSB,9/3/2014,8/17/2020,True,"Brownfields/LUST Trust/ATP Assessment - Ponderosa Campground","Patrick Duffy","SW at Hwy 248 / 90 Loop and N Main Street",Kadoka,57543,Jackson,43.8383026,-101.511559,,,,"","0.00","","Petroleum                                         ","0.00000",,"Petroleum","Brownfields","Commercial","UST","True","Leakage",,"null",,"","300",13121
2015.055,"NFA",GMS,3/26/2015,9/14/2015,True,"Petroleum Contamination - Cedar Pass Lodge","National Park Service / Badlands National Park","20681 SD Hwy 240 (Badlands National Park)",Interior,57750,Jackson,43.7478371,-101.94519,,,,"null","null","null","Petroleum                                         ","null",,"Petroleum","Other(See Case File)","Other(See Case File)","Historical","False","Unknown",,"8070",,"null","301",13334
2015.103,"C",RL ,6/8/2015,8/11/2015,True,"Fatality Aviation Accident - Semper Fi","Semper Fi Aviation LLC","Between ballfield and airport",Kadoka,57543,Jackson,43.8371124,-101.499687,,,,"null","null","null","Agri Chem, Aviation Gasoline             ","null",,"Unknown(See Case File)","Other(See Case File)","Other(See Case File)","Aircraft Tanks","False","Accident",,"null",15JK060903,"null","301",13386
2015.247,"NFA",KM ,12/7/2015,3/13/2017,True,"Aboveground Tank Failure - Badlands Travel Center","Fresh Start Convenience Stores","24475 South Creek Road",Kadoka,57543,Jackson,43.8538742,-101.483459,,,,"null","null","null","Diesel                                            ","null",,"Petroleum","Other(See Case File)","Commercial","AST","True","Equipment Failure",,"8175",,"null","null",13562
2015.258,"C",TF ,12/24/2015,12/29/2015,True,"ATP - Ponderosa Motel and RV Park (also see 2014.186)","Patrick Duffy","515 Highway 248",Kadoka,57543,Jackson,43.838192,-101.511665,,,,"null","null","null","Fuel Oil                                          ","null",,"Petroleum","ATP","Commercial","UST","False","Leakage",3469,"8066",,"null","301",13575
2017.202,"C",JAM,11/14/2017,8/7/2019,True,"Wanblee Mart","Harms Oil","22285 E Hwy 44",Wanblee,57577,Jackson,43.5773048,-101.651886,,,,"null","null","null","Gasoline","350.00000",Gallons,"Petroleum","Other(See Case File)","Commercial","UST","True","Overfill",,"8342",,"null","null",14147
2018.232,"NFA",MSB,12/28/2018,7/11/2019,True,"Fitting Leak at Tank - Discount Fuel Inc","Discount Fuel Inc","511 Hwy 73",Kadoka,57543,Jackson,43.8373642,-101.523613,,,,"null","null","null","Diesel                                            ","null",,"Petroleum","Other(See Case File)","Commercial","UST","True","Line Leak",,"8419",,"null","null",14429
2019.185,"NFA",MSB,10/13/2019,11/24/2020,True,"Diesel Line Leak - Discount Fuels","Discount Fuels Inc.","511 SD-73",Kadoka,57543,Jackson,43.83758,-101.52317,,,,"null","null","null","Diesel                                            ","null",,"Petroleum","Other(See Case File)","Commercial","UST","True","Corrosion",,"null",,"null","null",14630
2020.180,"NFA",MSB,12/23/2020,5/27/2021,True,"Transport Accident - Kadoka US Xpress","U.S. Xpress","East I-90 near Exit 150",Kadoka,57543,Jackson,43.8465424,-101.506691,,,,"null","null","null","Diesel","50.00000",gallons,"Petroleum","Other(See Case File)","Other(See Case File)","Saddle Tank","False","Transport Accident",,"null",,"null","null",14902
2022.012,"C",GK,1/21/2022,7/12/2022,True,"ERTS Penske Truck","PENSKE","I90 Westbound MRM 162-163",Belvidere,57521,Jackson,43.8429451,-101.280716,,,,"null","null","null","Diesel                                            ","100.00000",gallons,"Petroleum","Other(See Case File)","Public","Saddle Tank","False","Accident",,"null",,"null","null",15152
2022.014,"C",GK,1/21/2022,8/12/2022,True,"Jackson County Diesel Underpass","NIS Express Inc","I90 MRM 131, Just NW of Overpass",Philip,57567,Jackson,43.8409424,-101.900665,,,,"null","null","null","Diesel                                            ","300.00000",gallons,"Petroleum","Other(See Case File)","Public","Saddle Tank","False","Transport Accident",,"null",,"null","null",15154
2022.194,"NFA",BLM,11/21/2022,6/29/2023,True,"ATP - Kadoka DOT","SD Department of Transportation","910 SD Highway 73",Kadoka,57543,Jackson,43.833107,-101.520836,,,,"null","null","null","Diesel, Gasoline                                  ","null",,"Petroleum","Other(See Case File)","Other(See Case File)","UST","True","Leaks and Spills",3759,"8613",,"null","null",15353
2023.028,"O",JAM,4/1/2023,,True,"Transport Accident - Insulation Spray Foam","Desesperado Spray Foam LLC","SD Highway 73, mile marker 62",Kadoka,57543,Jackson,43.71646,-101.5419,43N,36W,12,"SE","null","null","Spray Polyurethane Foam","10.00000",gallons,"Chemical","Surface Water","Other(See Case File)","Drums","False","Transport Accident",,"null",,"null","null",15414
7777.007,"T",,,,False,"Former Landfill Site - Kadoka","City of Kadoka","Spruce Street,  .25 mile E of Kadoka",Kadoka,57543,Jackson,43.8359528,-101.493805,2S,22E,28,"SW","0.97","","                                                  ","0.00000",,"Other(See Case File)","Former Landfill","Other(See Case File)","Wastes","False","Past Practices",,"null",,"SW174","",12276
7777.009,"T",,,,False,"Former Landfill Site - Badlands National Park","Badlands National Park","East of Ben Rifle Road (near lagoons)",Interior,57750,Jackson,43.7346039,-101.933304,3S,18E,35,"SW","3.99","","                                                  ","0.00000",,"Other(See Case File)","Former Landfill","Other(See Case File)","Wastes","False","Past Practices",,"null",,"SW187","",12278
7777.027,"T",,,,False,"Former Landfill Site - Interior","Town of Interior",".25 mile NW of North Main Street",Interior,57750,Jackson,43.7327156,-101.991333,4S,18E,5,"NW","3.15","","                                                  ","0.00000",,"Other(See Case File)","Former Landfill","Other(See Case File)","Wastes","False","Past Practices",,"null",,"SW479","",12296
9999.139,"W",,,,True,"Withdrawn ATP - Weaver Property","Pat Weaver","Hwy 44",Wanblee,57577,Jackson,43.5773926,-101.656891,,,,"","0.00","","                                                  ","0.00000",,"Other(See Case File)","Withdrawn ATP","Residential","Other(See Case File)","False","null",2177,"6113",,"","249",10799
9999.186,"W",,,,True,"Withdrawn ATP - Rock & Sons","Jackson County","900 SD Hwy 248",Kadoka,57543,Jackson,43.8401642,-101.508377,,,,"","0.00","","                                                  ","0.00000",,"Other(See Case File)","Withdrawn ATP","Commercial","Other(See Case File)","False","null",2865,"6896",,"","249",10846
91035.000,"C",TK,2/21/1991,4/24/1991,True,"Southside 66 Service Station","Southside 66 Service","Southeast at I-90 & hwy 63",Belvidere,57521,Jackson,43.84075,-101.270813,,,,"","0.00","","                                                  ","0.00000",,"Other(See Case File)","Clean Site","Commercial","UST","True","No Release",,"515",,"","",8323
93069.000,"C",RL ,9/30/1993,12/21/1994,True,"DOD/USAF/MMII Delta 3 (recorded Jan 2017)","Ellsworth Air Force Base","237 Street",Quinn,57775,Jackson,43.9647827,-101.928253,,,,"null","null","null","null","null",,"Other(See Case File)","Federal","Other(See Case File)","UST","False","No Release",,"null",,"null","null",13879
93070.000,"C",RL ,10/4/1993,12/21/1994,True,"DOD/USAF/MMII Delta 6 (recorded Jan 2017)","Ellsworth Air Force Base","Old NE Road",Cactus Flat,57543,Jackson,43.8058929,-101.942375,,,,"null","null","null","null","null",,"Other(See Case File)","Federal","Other(See Case File)","UST","False","No Release",,"null",,"null","null",13881
93072.000,"C",RL ,10/5/1993,12/21/1994,True,"DOD/USAF/MMII Echo 1 (recorded Jan 2017)","Ellsworth Air Force Base","South Creek Road",Kadoka,57543,Jackson,43.92018,-101.481468,,,,"null","null","null","null","null",,"Other(See Case File)","Federal","Other(See Case File)","UST","True","No Release",,"null",,"null","null",13883
93074.000,"C",RL ,10/4/1993,12/21/1994,True,"DOD/USAF/MMII Echo 6 (recorded Jan 2017)","Ellsworth Air Force Base","Unknown Road, South of I-90 near milemarker 148.25",Cactus Flat,57543,Jackson,43.83291,-101.563065,,,,"null","null","null","null","null",,"Other(See Case File)","Federal","Other(See Case File)","UST","False","No Release",,"null",,"null","null",13885
93075.000,"C",RL ,10/4/1993,12/21/1994,True,"DOD/USAF/MMII Echo 7 (recorded Jan 2017)","Ellsworth Air Force Base","North of I-90 near milemarker 139",Cactus Flat,57543,Jackson,43.84006,-101.739777,,,,"null","null","null","null","null",,"Other(See Case File)","Federal","Other(See Case File)","UST","False","No Release",,"null",,"null","null",13886
95044.000,"C",RL ,10/12/1995,1/12/2017,True,"DOD/USAF/MMII Delta 1 (recorded Jan 2017)","Ellsworth Air Force Base","North of I-90 near Exit 128",Cactus Flat,57543,Jackson,43.8779259,-101.961136,,,,"null","null","null","null","null",,"Other(See Case File)","Federal","Other(See Case File)","UST","True","No Release",,"null",,"null","null",13878
95045.000,"C",RL ,3/21/1995,6/1/1995,True,"DOD/USAF/MMII Delta 5 (recorded Jan 2017)","Ellsworth Air Force Base","N of I-90 near milemarker 134",Cactus Flat,57543,Jackson,43.8431473,-101.838829,,,,"null","null","null","null","null",,"Other(See Case File)","Federal","Other(See Case File)","UST","False","No Release",,"null",,"null","null",13880
2000068.000,"C",KM,12/28/2000,1/3/2001,True,"Clean ATP - Former Chicago Milwaukee RR","SD Department of Transportation (SDDOT)","Railroad Right of Way",Kadoka,57543,Jackson,43.83058,-101.511894,,,,"","0.00","","                                                  ","0.00000",,"Other(See Case File)","ATP","Industrial","UST","True","No Release",14,"3970",,"","204",8859
2001348.000,"C",KM,8/30/2001,10/31/2001,True,"Clean ATP - Terkildsen Property","Frances Terkildsen","Rural-7mi East & 2.5mi South of Long Valley",Long Valley,57547,Jackson,43.4237137,-101.344414,,,,"","0.00","","                                                  ","0.00000",,"Other(See Case File)","ATP","Agricultural","UST","False","No Release",1360,"5293",,"","205",9212
2001349.000,"C",KM,8/29/2001,10/31/2001,True,"Clean ATP - Willert Farm","Oliver Willert","1 mile South of Kadoka",Kadoka,57543,Jackson,43.8208,-101.513489,,,,"","0.00","","                                                  ","0.00000",,"Other(See Case File)","ATP","Agricultural","UST","False","No Release",1166,"5124",,"","204",9213
2001350.000,"C",KM,8/30/2001,10/31/2001,True,"Clean ATP- Pass Creek Ranch","James Berry","Rural-9 miles NE of Long Valley",Long Valley,57547,Jackson,43.5689163,-101.4177,,,,"","0.00","","                                                  ","0.00000",,"Other(See Case File)","ATP","Agricultural","UST","False","No Release",1496,"5413",,"","205",9214
2001351.000,"C",KM,8/30/2001,10/31/2001,True,"Clean ATP - Sharp Ranch","Jerry & Delores Sharp","Hwy 73, 1mile North of Long Valley",Long Valley,57547,Jackson,43.47691,-101.502083,,,,"","0.00","","                                                  ","0.00000",,"Other(See Case File)","ATP","Agricultural","UST","False","No Release",1458,"5402",,"","205",9215
2001353.000,"C",KM,8/29/2001,10/30/2001,True,"Clean ATP - OBR's Garage","Troy Hindman","A Street (Between Main & 2nd)",Belvidere,57521,Jackson,43.8327942,-101.272316,,,,"","0.00","","                                                  ","0.00000",,"Other(See Case File)","ATP","Commercial","UST","True","No Release",737,"4676",,"","204",9217
2001383.000,"C",KM,9/5/2001,11/7/2001,True,"Clean ATP - Ralph Porch Property","Ralph Porch","Hisle Road, SW of Wanblee",Wanblee,57577,Jackson,43.5298424,-101.73967,,,,"","0.00","","                                                  ","0.00000",,"Other(See Case File)","ATP","Agricultural","UST","False","No Release",2012,"5970",,"","205",9247
2001643.000,"C",KM,11/28/2001,1/16/2002,True,"Clean ATP - Jorgensen Property","Aage Melvin Jorgensen","Hwy 44, 4 miles W of Wanblee",Wanblee,57577,Jackson,43.55509,-101.726936,,,,"","0.00","","                                                  ","0.00000",,"Other(See Case File)","ATP","Agricultural","UST","False","No Release",2219,"6159",,"","206",9507
2001644.000,"C",KM,11/28/2001,1/16/2002,True,"Clean ATP - Eisenbraun Property","Marvin Eisenbraun","SW of Wanblee",Wanblee,57577,Jackson,43.52409,-101.741356,,,,"","0.00","","                                                  ","0.00000",,"Other(See Case File)","ATP","Agricultural","UST","False","No Release",2123,"6063",,"","206",9508
2001645.000,"C",KM,11/28/2001,1/16/2002,True,"Clean ATP - Porch Property","Roger Porch","SW of Wanblee",Wanblee,57577,Jackson,43.52945,-101.739525,,,,"","0.00","","                                                  ","0.00000",,"Other(See Case File)","ATP","Agricultural","UST","False","No Release",2124,"6064",,"","206",9509
2001646.000,"C",KM,11/28/2001,1/16/2002,True,"Clean ATP - Thomas Property","Paul Thomas","Hwy 44, SW of Wanblee",Wanblee,57577,Jackson,43.5487022,-101.776611,,,,"","0.00","","                                                  ","0.00000",,"Other(See Case File)","ATP","Agricultural","UST","False","No Release",2127,"6067",,"","206",9510
2001846.000,"C",KM,1/23/2002,3/4/2002,True,"Clean ATP - Ringer's Corner","Gregg Fitzgerald","Highway 73 - 5 miles South of Philip",Philip Junction,57567,Jackson,43.965538,-101.66098,,,,"","0.00","","                                                  ","0.00000",,"Other(See Case File)","ATP","Commercial","UST","True","No Release",1963,"5933",,"","205",9710
2002102.000,"C",KM,8/14/2002,10/23/2002,True,"ATP - AT&T Microwave Tower (no tank found)","Golden West Telecommunications","Golden West site South of Philip",Philip,57567,Jackson,43.98107,-101.642715,,,,"","0.00","","                                                  ","0.00000",,"Other(See Case File)","ATP","Other(See Case File)","UST","False","No Tank Found",2544,"6475",,"","220",9965
2002105.000,"C",KM,8/14/2002,10/18/2002,True,"Clean ATP - Riggins Property","Sterling Riggins","S of Hwy 44, unknown road",Wanblee,57577,Jackson,43.5377235,-101.722969,41,37,9,"SE","0.00","","                                                  ","0.00000",,"Other(See Case File)","ATP","Agricultural","UST","False","No Release",2240,"6177",,"","220",9968
2002106.000,"C",KM,8/14/2002,10/18/2002,True,"Clean ATP - IHS Community Health Center","Patrick Grioux","IHS Health Center Houses",Wanblee,57577,Jackson,43.56377,-101.658607,,,,"","0.00","","                                                  ","0.00000",,"Other(See Case File)","ATP","Other(See Case File)","UST","False","No Release",2410,"6339",,"","220",9969
2002281.000,"C",KM,2/19/2003,7/1/2003,True,"ATP - Badlands Inn, L.L.C. (no tank found)","Badlands Inn, L.L.C.","SR 377",Interior,57750,Jackson,43.7385178,-101.962349,,,,"","0.00","","                                                  ","0.00000",,"Other(See Case File)","ATP","Commercial","Other(See Case File)","False","No Tank Found",2607,"6546",,"","220",10138
2006018.000,"C",KH,10/6/2006,11/17/2006,True,"Clean ATP - Chuckwagon Cafe","Golden Valley Apiaries","Chuckwagon Cafe",Belvidere,57521,Jackson,43.84065,-101.272133,,,,"","0.00","","                                                  ","0.00000",,"Other(See Case File)","ATP","Commercial","UST","True","No Release",2957,"7082",,"","249",10603