id,status,r1,date_rep,date_close,image,site_name,resp_party,street,city,zip_code,county,latitude,longitude,township,range,section,secq1,acreage,instctrls,material,amount,units,spill_cat,site_type,proptype,sor_type,regulated,cause_type,atp_no,prcfnumber,ag_no,solidwaste,microroll,siteid
84.009,"NFA",DM,4/3/1984,9/9/2004,True,"Birrenkott Oil Co. - Texaco / Halverson Property","Birrenkott Oil","Hwy 12 & 6th Ave",Lemmon,57638,Perkins,45.9351959,-102.168129,,,,"","0.00","","Gasoline                                          ","1395.00000",gallons,"Petroleum","Lust Trust","Commercial","AST","True","Leakage",,"null",,"","234",180
84.067,"C",KM,8/1/1984,10/15/1993,True,"Dan Dugan Transport, Inc - Overturned Truck","Dan Dugan Transport, Inc","2.5 mi N of Jct at Hwy 20 and  Hwy 73",Meadow,57644,Perkins,45.5667,-102.169495,,,,"","0.00","","Road Oil AC 120-150                               ","6000.00000",gallons,"Oil","Other(See Case File)","Other(See Case File)","Transport Truck","False","Overturned",,"null",,"","266",238
88.060,"C",KM,5/11/1988,6/30/2000,True,"Cenex Land 'O Lakes - Displaced Cargo","Cenex Land O Lakes","7 mi. W. of Lemmon",White Butte,57638,Perkins,45.9385033,-102.3211,23,19,15,"S","0.00","","Pesticide Tordon 22K                              ","2.00000",gallons,"Agri Chem","Other(See Case File)","Other(See Case File)","Tote","False","Unsecured",,"null",,"","234",664
89.068,"NFA",SH,5/2/1989,2/21/2001,True,"Thunderhawk Farmer's Coop Assessment","Lemmon Thunderhawk","1st Avenue E & 3rd Street",Lemmon,57638,Perkins,45.9416847,-102.158089,23N,16E,20,"NE","0.00","","Diesel, Gasoline                                  ","0.00000",,"Petroleum","Other(See Case File)","Commercial","UST","True","Corrosion",,"0084",,"","",958
90.204,"C",MV,6/1/1990,5/6/1993,True,"Airport Tank Removals","City of Lemmon","Hangers / Administrative Office Bldg",Lemmon,57638,Perkins,45.9180565,-102.1113,,,,"","0.00","","Gasoline                                          ","0.00000",,"Petroleum","Other(See Case File)","Other(See Case File)","UST","True","Spillage",,"1045",,"","",1439
90.235,"NFA",TF,6/13/1990,5/9/2007,True,"Grand Electric - R E A - Tank Removal","Grand Electric - R E A","801 Colman Avenue",Bison,57620,Perkins,45.5261574,-102.465431,18,13,13,"","0.00","","Gasoline                                          ","0.00000",,"Petroleum","Other(See Case File)","Industrial","UST","True","Corrosion",,"212",,"","251",1470
90.246,"C",SH,8/15/1990,6/3/1994,True,"Geo's Corner Conoco - Tank Removals","George Wentz","417 Main Street",Lemmon,57638,Perkins,45.9400139,-102.159714,,,,"","0.00","","Gasoline                                          ","0.00000",,"Petroleum","Other(See Case File)","Commercial","UST","True","Spillage",,"1371",,"","",1481
90.367,"NFA",SH,8/20/1990,7/7/2004,True,"Former Thunderhawk Coop Truck Stop","Thunderhawk Coop Truck Stop","4 East 10th Street (Hwy 12)",Lemmon,57638,Perkins,45.9345741,-102.158485,23N,16E,29,"NE","0.00","","Petroleum                                         ","0.00000",,"Petroleum","Aquifer","Commercial","AST","True","Leaks and Spills",,"1375",,"","232, 235, 247, 259",1602
90.407,"C",TK,9/5/1990,2/25/1991,True,"Perkins County Weed Board","Perkins County Weed Board","Chem. Storage Bldg. near 101 Main Street",Bison,57620,Perkins,45.5228,-102.466011,,,,"","0.00","","Pesticide 2,4-D                                   ","11.00000",gallons,"Agri Chem","Other(See Case File)","Commercial","Containers","False","Handling",,"null",,"","",1642
90.419,"NFA",SH,4/11/1990,3/5/2007,True,"Lemmon Thunderhawk Coop Oil","Lemmon Thunderhawk Coop Oil","203 10th Street W.  (NW @ Hwy 12 & 2nd Ave W)",Lemmon,57638,Perkins,45.9350853,-102.162682,23N,16E,20,"SE","0.00","","Petroleum                                         ","0.00000",,"Petroleum","Aquifer","Industrial","UST","True","Leakage",,"1138",,"","250,255",1654
90.538,"C",MV,10/25/1990,1/17/1991,True,"Army National Guard - Tank Removals","South Dakota Army National Guard","1101 6th Ave. West (SE @ 6th Ave & 11th St)",Lemmon,57638,Perkins,45.9335861,-102.167351,,,,"","0.00","","Petroleum                                         ","0.00000",,"Petroleum","Federal","Other(See Case File)","UST","True","Spillage",,"1211",,"","",1773
90.563,"C",SH,11/7/1990,12/20/1991,True,"Tank Removal at City Street Dept Shop","City of Lemmon","311 8th Street East ",Lemmon,57638,Perkins,45.9370956,-102.153191,,,,"","0.00","","Gasoline                                          ","0.00000",,"Petroleum","Other(See Case File)","Public","UST","True","Leakage",,"1235",,"","",1798
91.188,"C",KM,5/14/1991,5/14/1991,True,"Bison Implement (also 96.212)","Bison Implement","Main Street",Bison,57620,Perkins,45.52287,-102.465256,,,,"","0.00","","Petroleum                                         ","0.00000",,"Petroleum","Other(See Case File)","Commercial","AST","True","Spillage",,"null",,"","",2078
91.286,"C",RC,6/27/1991,10/13/1993,True,"SD GF&P UST Removal","SD Game Fish & Parks   (SD GF&P)","Flat Creek Lake Site, N of Summerville Road",Shadehill,57638,Perkins,45.77668,-102.186584,21N,16E,18,"","0.00","","Gasoline                                          ","0.00000",,"Petroleum","Other(See Case File)","Public","UST","True","Spillage",,"1696",,"","",2176
91.292,"NFA",DM,7/3/1991,11/18/2004,True,"Burlington Northern Bulk  Facility","Birrenkott Oil Company","1st Street East / Railway Street",Lemmon,57638,Perkins,45.94342,-102.1512,,,,"","0.00","","Gasoline                                          ","0.00000",,"Petroleum","Combined(See Case File)","Industrial","UST","True","Leakage",,"1532",,"","234",2182
91.638,"NFA",SH,12/23/1991,7/23/2002,True,"Behrmann Oil Company","John Behrmann, Marcene Behrmann","1-10th St. East  (NE @ Main & Hwy 12)",Lemmon,57638,Perkins,45.93528,-102.159164,23N,16E,20,"SE","0.00","","petroleum                                         ","0.00000",,"Petroleum","Aquifer","Commercial","UST","True","Leakage",,"1926",,"","201, 225,232",2528
92.358,"NFA",GMS,10/16/1992,8/17/2017,True,"Lemmon Thunderhawk Coop","Lemmon Thunderhawk Coop","2nd Street",Lemmon,57638,Perkins,45.9437637,-102.155838,23N,16E,21,"NW","0.00","","Nitrates                                          ","0.00000",,"Agri Chem","Other(See Case File)","Commercial","Bulk Chemical","False","Handling",,"null",,"","",2948
93.025,"NFA",DM,1/28/1993,11/12/2004,True,"Birrenkott Oil Co. - LUST Trust","Vern Birrenkott Co.","2nd Street (between 3rd & 4th Ave E)",Lemmon,57638,Perkins,45.9431953,-102.153992,,,,"","0.00","","Petroleum                                         ","0.00000",,"Petroleum","Lust Trust","Commercial","AST","True","Leakage",,"2464",,"","234",3040
93.036,"C",SH,10/8/1992,8/14/2002,True,"Thunderhawk Coop","Lemmon Thunderhawk Coop","Highway 20, approximately .25 m W of Meadow",Meadow,57644,Perkins,45.5302849,-102.22036,,,,"","0.00","","Petroleum                                         ","0.00000",,"Petroleum","Aquifer","Commercial","AST","True","Leaks and Spills",,"2384",,"","210",3051
93.054,"C",GMS,10/8/1992,3/8/2016,True,"Lemmon Thunderhawk Co-op (see 92.358)","Lemmon Thunderhawk Co-op","Main Street",Lemmon,57638,Perkins,45.943512,-102.155876,,,,"","0.00","","Petroleum                       ","0.00000",,"Combined(See Case File)","Other(See Case File)","Commercial","AST","True","Leakage",,"2309",,"","302",3069
93.224,"NFA",KH,7/16/1993,7/18/2001,True,"Department of Transportation (SD DOT) - Tank Removals","SD Department of Transportation  (SD DOT)","NE at 10th /Hwy 12 & 2nd",Lemmon,57638,Perkins,45.9353561,-102.155472,,,,"","0.00","","Petroleum                                         ","0.00000",,"Petroleum","Other(See Case File)","Public","UST","True","Leakage",,"2941, 2417",,"","",3239
93.297,"C",TK,9/17/1993,11/1/1996,True,"Dewey Hibner Agri Chem Release","Dewey Hibner","35'  S of Grand River Bridge, Hwy 73",Shadehill,57638,Perkins,45.7597923,-102.1767,,,,"","0.00","","Pesticide                                         ","0.00000",,"Agri Chem","Other(See Case File)","Other(See Case File)","Sprayer","False","Spillage",,"null",,"","210",3312
93.520,"NFA",DM,6/11/1993,2/10/2004,True,"Lila White LUST Trust Project - Former J&L Truckstop","Lila White","Hwy 20, N end of town",Bison,57620,Perkins,45.53098,-102.465858,,,,"","0.00","","petroleum                                         ","0.00000",,"Petroleum","Lust Trust","Commercial","UST","True","Overfills/Spillage",,"null",,"","231",3535
94.212,"NFA",RL,7/14/1994,8/10/2007,True,"Wheeler Manufacturing - LUST Trust","Rob Wheeler","103 Main",Lemmon,57638,Perkins,45.9437675,-102.159538,,,,"","0.00","","Gasoline                                          ","0.00000",,"Petroleum","Lust Trust","Industrial","Unknown(See Case File)","False","Unknown",,"2714",,"","253",3747
95.302,"C",KM,10/30/1995,3/26/1996,True,"Dakota Trails Transport Event","Charles Tisdall","Hwy 12, 7 Miles W of Lemmon ",White Butte,57638,Perkins,45.93856,-102.311684,,,,"","0.00","","Road Paint                                        ","300.00000",gallons,"Chemical","Other(See Case File)","Commercial","Drums","False","Unsecured",,"null",,"","237",4253
96.020,"C",TK,2/7/1996,3/4/1996,True,"Edward Thiel Truck Accident","Edward Thiel","Hwy 73 - 11.5 mile South of US Highway 12",Shadehill,57653,Perkins,45.7675858,-102.176613,,,,"","0.00","","Diesel Fuel                                       ","50.00000",gallons,"Petroleum","Other(See Case File)","Agricultural","Truck Tank","False","Transport Accident",,"null",,"","232",4330
96.158,"C",KM,6/6/1996,2/12/1997,True,"Strool Oil Facility - Tank Overfill","Harms Oil Company","Highway 20 & Prairie City Road",Prairie City,57649,Perkins,45.5304527,-102.807716,,,,"","0.00","","Diesel                                            ","600.00000",gallons,"Petroleum","Other(See Case File)","Commercial","AST","True","Overfill",,"3058",,"","231",4468
96.212,"NFA",KH,7/16/1996,2/2/2001,True,"Bison Implement - Tank Removals","Bison Implement Company","201 Main Street",Bison,57620,Perkins,45.52287,-102.465134,,,,"","0.00","","Petroleum                                         ","0.00000",,"Petroleum","Other(See Case File)","Commercial","UST","True","Leakage",,"3075",,"","211",4522
97.273,"C",MP,8/18/1997,10/30/1997,True,"City of Lemmon - Vandalism","City of Lemmon","Corner of 1st St & 2nd Ave W",Lemmon,57638,Perkins,45.9439545,-102.162376,,,,"","0.00","","MC 800 Chip Seal Tar                              ","1000.00000",,"Other(See Case File)","Other(See Case File)","Other(See Case File)","Transport Trailer","True","Open Valve",,"null",,"","",4961
97.297,"C",MP,9/8/1997,10/31/1997,True,"Transport Event","Southwest Grain","Hwy 73",Meadow,57644,Perkins,45.3210831,-102.169388,16,16,28,"","0.00","","Dry Fertilizer                                    ","37680.00000",,"Agri Chem","Other(See Case File)","Other(See Case File)","Transport Trailer","False","Transport Accident",,"null",,"","",4985
98.015,"C",KM,2/6/1998,2/13/1998,True,"Transport Event","Bison Grain","Highway 20, MM 90.7, North Side",Meadow,57644,Perkins,45.5306931,-102.296936,18N,15E,8,"SE","0.00","","diesel fuel                                       ","100.00000",gallons,"Petroleum","Other(See Case File)","Other(See Case File)","Truck Tank","False","Transport Accident",,"null",,"","",5123
99.238,"NFA",KM,8/18/1999,9/24/2002,True,"Former Bulk Site - Birrenkott Property","Cenex Harvest States","Former bulk site, Railway Street",Lemmon,57638,Perkins,45.9431343,-102.153862,,,,"","0.00","","petroleum                                         ","0.00000",,"Petroleum","Other(See Case File)","Commercial","AST","True","Leakage",,"3825",,"","224, 228",5785
99.292,"C",TF,7/14/1999,11/3/1999,True,"ATP 6 - Lodgepole Store","Owners Dick and Jerry Vleum","Highway 75",Lodgepole,57640,Perkins,45.8026276,-102.66291,   2,12E,8,"NE","0.00","","gasoline                                          ","0.00000",,"Petroleum","ATP","Commercial","UST","True","Spillage",310,"3507",,"","208",5839
2001.094,"C",BM,5/21/2001,7/10/2001,True,"Anhydrous Ammonia Spill","Bernice Robinson","10396 196th Avenue",Lemmon,57638,Perkins,45.87758,-102.092743,22,16,12,"","0.00","","Anhydrous Ammonia                                 ","400.00000",tons,"Agri Chem","Other(See Case File)","Other(See Case File)","Nurse Tank","False","Overturned",,"null",,"","203",6379
2001.530,"NFA",KM,7/25/2001,1/29/2003,True,"ATP - Independent Oil Company","Robert Jangula","11 Main Avenue",Lemmon,57638,Perkins,45.94406,-102.1597,,,,"","0.00","","Petroleum                                         ","0.00000",,"Petroleum","ATP","Commercial","UST","True","Corrosion",1406,"5343",,"","217,266",6813
2001.531,"NFA",KM,7/26/2001,1/29/2003,True,"ATP - Dakota Motors","Arlin D. Bartels","117 Main Street",Lemmon,57638,Perkins,45.94321,-102.15966,,,,"","0.00","","Petroleum                                         ","0.00000",,"Petroleum","ATP","Commercial","UST","True","Corrosion",1319,"5246",,"","217",6814
2001.532,"NFA",TF,8/9/2001,1/29/2007,True,"ATP - John Paul Property","John Paul","16299 Bixby Road",Faith,57626,Perkins,45.0517654,-102.616341,,,,"","0.00","","Petroleum                                         ","0.00000",,"Petroleum","ATP","Agricultural","UST","False","Corrosion",1332,"5252",,"","249,258",6815
2001.534,"NFA",KM,8/8/2001,2/25/2002,True,"ATP - Penor Texaco","Dean Penor","2nd Avenue",Bison,57620,Perkins,45.5240669,-102.465172,,,,"","0.00","","Petroleum                                         ","0.00000",,"Petroleum","ATP","Commercial","UST","True","Corrosion",994,"4821",,"","207",6817
2001.536,"C",KM,7/31/2001,12/3/2001,True,"ATP - Durick Property","Donald Durick","811 5th Avenue West",Lemmon,57638,Perkins,45.9361572,-102.166695,,,,"","0.00","","fuel oil                                          ","0.00000",,"Petroleum","ATP","Residential","UST","False","Spillage",1314,"5238",,"","207",6819
2001.537,"C",KM,7/27/2001,12/3/2001,True,"ATP - Arnold Molitor Trust Bldg","Agnes Molitor","SW at 1st Ave E & 4th St",Lemmon,57638,Perkins,45.940834,-102.158035,,,,"","0.00","","diesel                                            ","0.00000",,"Petroleum","ATP","Commercial","UST","True","Spillage",851,"4812",,"","207",6820
2001.539,"C",KM,8/9/2001,12/3/2001,True,"ATP - Larson Farm","Karin Markegard","Zeona Road",Zeona,57758,Perkins,45.2025032,-102.920876,,,,"","0.00","","Petroleum                                         ","0.00000",,"Petroleum","ATP","Agricultural","UST","False","Leakage",1372,"5305",,"","207",6822
2001.540,"C",KM,7/31/2001,12/3/2001,True,"ATP - Joe's Auto Service","Joseph N. Hoff","East Highway 12",Lemmon,57638,Perkins,45.9346542,-102.155678,,,,"","0.00","","Petroleum                                         ","0.00000",,"Petroleum","ATP","Commercial","UST","True","Spillage",743,"4682",,"","207",6823
2001.564,"C",KM,7/30/2001,12/3/2001,True,"ATP - Five Counties Hospital and Nursing Home","Five Counties Hospital","405 6th Avenue West",Lemmon,57638,Perkins,45.94068,-102.168777,,,,"","0.00","","heating oil                                       ","0.00000",,"Petroleum","ATP","Commercial","UST","False","Spillage",849,"4810",,"","207",6847
2001.565,"C",KM,7/31/2001,12/3/2001,True,"ATP - Thom Property","Leslie Thom","506 4th Street West",Lemmon,57638,Perkins,45.9407845,-102.16716,,,,"","0.00","","heating oil                                       ","0.00000",,"Petroleum","ATP","Residential","UST","False","Leakage",850,"4811",,"","207",6848
2001.566,"C",KM,7/26/2001,12/3/2001,True,"ATP - Former Clausen Construction Site","Marvin Clausen","1001 Main Street ",Lemmon,57638,Perkins,45.93472,-102.1596,,,,"","0.00","","Petroleum                                         ","0.00000",,"Petroleum","ATP","Commercial","UST","True","Spillage",995,"4820",,"","207, 225,",6849
2002.053,"C",KM,4/25/2002,11/6/2002,True,"Southwest Grain Roundup Spill","Southwest Grain - Loren Tohm","Chemical Warehouse (NE at 2nd St & 2nd Ave E)",Lemmon,57638,Perkins,45.9432144,-102.156075,,,,"","0.00","","Roundup                                           ","78.00000",gallons,"Agri Chem","Other(See Case File)","Commercial","Portable Tank","False","Overfill",,"null",02DD050108,"","211",7334
2002.180,"C",KM,6/4/2002,10/18/2002,True,"ATP - Schopp Property","Arnold Schopp","12178 SD Highway 73",Meadow,57644,Perkins,45.63561,-102.166779,,,,"","0.00","","Petroleum                                         ","0.00000",,"Petroleum","ATP","Agricultural","UST","False","Spillage",2542,"6468",,"","217",7461
2002.184,"C",KM,5/29/2002,10/18/2002,True,"ATP - Hansen Property","Jens Hansen","13289 198th Avenue",Meadow,57644,Perkins,45.4745369,-102.07045,,,,"","0.00","","Petroleum                                         ","0.00000",,"Petroleum","ATP","Other(See Case File)","UST","True","Spillage",2315,"6257",,"","219",7465
2002.186,"C",KM,5/31/2002,10/18/2002,True,"ATP - Jensen Property","Morris Jensen","12700 White Butte Road",Bison,57620,Perkins,45.5587959,-102.449715,,,,"","0.00","","gasoline                                          ","0.00000",,"Petroleum","ATP","Agricultural","UST","False","Spillage",2503,"2433",,"","219",7467
2002.187,"C",KM,6/12/2002,10/23/2002,True,"ATP - Peterson Property","Brannon Peterson","6 4th Avenue West",Lemmon,57638,Perkins,45.9444275,-102.164848,,,,"","0.00","","fuel oil                                          ","0.00000",,"Petroleum","ATP","Residential","UST","False","Spillage",2574,"6510",,"","219",7468
2002.192,"C",KM,6/4/2002,10/23/2002,True,"ATP - Cash Hill Ranch","Greg Fried","12699 SD Highway 75",Prairie City,57649,Perkins,45.5637627,-102.671104,,,,"","0.00","","Petroleum                                         ","0.00000",,"Petroleum","ATP","Agricultural","UST","False","Spillage",2510,"6436",,"","219",7473
2002.196,"C",KM,6/13/2002,10/23/2002,True,"ATP - Perkins County Highway Department","Jason Saunders","305 Coleman Avenue",Bison,57620,Perkins,45.52146,-102.465591,,,,"","0.00","","Petroleum                                         ","0.00000",,"Petroleum","ATP","Other(See Case File)","UST","True","Spillage",2563,"6495",,"","219",7477
2002.331,"NFA",KM,2/19/2003,5/9/2003,True,"ATP - Bertha Shortridge Property","Douglas Shortridge","706 6th Avenue West",Lemmon,57638,Perkins,45.93738,-102.167587,,,,"","0.00","","fuel oil                                          ","0.00000",,"Petroleum","ATP","Residential","UST","False","Spillage",2592,"6524",,"","217",7612
2003.164,"NFA",KH,10/1/2003,10/6/2005,True,"ATP - Armory Bldg","Lemmon School District","409 8th Street",Lemmon,57638,Perkins,45.9363365,-102.165871,,,,"","0.00","","fuel oil                                          ","0.00000",,"Petroleum","ATP","Other(See Case File)","UST","False","Overfills/Spillage",2705,"6655",,"","240",7811
2004.086,"NFA",DM,5/26/2004,2/8/2016,True,"Contaminated Water Well - Lemmon","Unknown","706 3rd Avenue East",Lemmon,57638,Perkins,45.9374352,-102.153992,,,,"","0.00","","gasoline                                          ","0.00000",,"Petroleum","Lust Trust","Residential","UST","True","Leakage",,"null",,"","302",7971
2007.099,"NFA",TF,7/11/2007,1/8/2008,True,"ATP - Gene Smith Property","Gene Smith","509 3rd Avenue East",Bison,57620,Perkins,45.5242081,-102.461533,,,,"","0.00","","Gasoline                                          ","0.00000",,"Petroleum","ATP","Residential","UST","True","Spillage",3004,"7187",,"","255",10944
2011.111,"C",TK,6/22/2011,7/23/2013,True,"Aircraft Accident - Agrichem Spill","Timothy Bernstein","Pasture land, SE at Hwy 73 and 151 Street",Faith,57626,Perkins,45.20925,-102.147461,,,,"","0.00","","Lambda Star                                       ","60.00000",gallons,"Agri Chem","Other(See Case File)","Agricultural","Aircraft Tanks","False","Accident",,"null",11DD067008,"","294",12021
2013.062,"C",RL,4/25/2013,6/13/2013,True,"Basement Fuel Oil Spill","Southwest Grain Coop","111 6th Avenue West",Lemmon,57638,Perkins,45.9438362,-102.167931,,,,"","0.00","","Fuel Oil                                          ","5.00000",,"Petroleum","Other(See Case File)","Residential","AST","False","Overfill",,"null",,"","290",12619
2013.151,"C",KN,7/10/2013,7/18/2013,True,"Dyed Diesel Spill - Southwest Grain","Southwest Grain","1006 Main Street",Lemmon,57638,Perkins,45.93409,-102.158455,,,,"","0.00","","Diesel                                            ","100.00000",gallons,"Petroleum","Other(See Case File)","Commercial","AST","True","Valve Leak",,"7843",,"","294",12714
2013.168,"NFA",RL,7/20/2013,11/26/2013,True,"Transport Event - Balanced Logistics","Balanced Logistics Inc.","US Hwy 12 between MM82 and MM83",White Butte,57638,Perkins,45.93885,-102.356285,,,,"","0.00","","Diesel                                            ","50.00000",gallons,"Petroleum","Other(See Case File)","Other(See Case File)","Truck Tank","False","Transport Accident",,"null",,"","295",12738
2013.187,"NFA",ZB,8/12/2013,6/16/2020,True,"LUST Trust - Bison","Unknown","West at Colman and Main St",Bison,57620,Perkins,45.5225754,-102.465111,18N,13E,13,"NW","0.00","","Petroleum                                         ","0.00000",,"Petroleum","Lust Trust","Other(See Case File)","Unknown(See Case File)","True","Unknown",,"null",,"","",12759
2014.257,"C",TF ,12/1/2014,2/27/2015,True,"ATP - West Property","Scott West","602 6th Street East",Lemmon,57638,Perkins,45.93825,-102.149895,,,,"null","null","null","Heating Fuel                                      ","null",,"Petroleum","ATP","Residential","UST","False","Tank Leak",3376,"7899",,"null","298",13204
2015.038,"C",RL ,2/25/2015,3/31/2015,True,"Damaged AST - Butterfield Farmsite","CHS / Southwest Grain","10926 Hwy 75",Lodgepole,57640,Perkins,45.7858849,-102.651535,,,,"null","null","null","Diesel                                            ","10.00000",gallons,"Petroleum","Other(See Case File)","Other(See Case File)","AST","False","Damage",,"null",,"null","300",13314
2016.128,"C",RL ,7/5/2016,10/18/2016,True,"Chip Seal Spill - Overturned Transport Trailer","Roadarmel Contruction / Lomco Inc","Hwy 12, approximately 8 miles W of Lemmon",White Butte,57638,Perkins,45.9389458,-102.356522,,,,"null","null","null","Chip Seal Oil                                     ","2000.00000",gallons,"Oil","Other(See Case File)","Other(See Case File)","Transport Trailer","False","Transport Accident",,"null",,"null","null",13716
2019.094,"NFA",PDM,6/17/2019,7/29/2019,True,"AG-Chem Release - Meadow","Larry Veal","On Chance Road 2.5 miles South of SD 20",Meadow,57644,Perkins,45.49514,-102.2722,,,,"null","null","null","Liquid Fertilizer                                 ","1000.00000",gallons,"Agri Chem","Other(See Case File)","Public","Transport Tank","False","Transport Accident",,"null",19JK061703,"null","null",14529
2019.214,"C",TK ,11/21/2019,12/6/2019,True,"AST Overfill - Southwest Grain","Heeren Trucking Inc","1006 South Main Street",Lemmon,57638,Perkins,45.9341,-102.1583,,,,"null","null","null","Diesel #1                                         ","30.00000",gallons,"Petroleum","Other(See Case File)","Commercial","AST","True","Overfill",,"null",,"null","null",14662
2021.177,"NFA",BLM,10/29/2021,4/17/2023,True,"ATP - Lemmon Elementary School","Lemmon Elementary School","905 5th Avenue West",Lemmon,57638,Perkins,45.9357719,-102.167641,,,,"null","null","null","Fuel Oil                 ","null",,"Petroleum","ATP","Public","UST","False","Leaks and Spills",3713,"8541",,"null","null",15098
2024.037,"C",JAM,3/3/2024,4/15/2024,True,"Vehicle in Grand River","V & V Transport","SD Highway 73 mm 229",Shadehill,57638,Perkins,45.76024,-102.176323,,,,"null","null","null","Diesel                                            ","150.00000",gallons,"Petroleum","Surface Water","Other(See Case File)","Portable Tank","False","Transport Accident",,"null",,"null","null",15630
9999.051,"W",,,,True,"Withdrawn ATP - Dakotah Bank","Dakotah Bank","Corner of 4th & Main",Lemmon,57638,Perkins,45.94114,-102.159691,,,,"","0.00","","                                                  ","0.00000",,"Other(See Case File)","Withdrawn ATP","Commercial","Other(See Case File)","False","null",997,"4818",,"","249",10707
9999.114,"W",,,,True,"Withdrawn ATP - Schecher Property","Larry Schecher","18164 135th Street",Bison,57620,Perkins,45.4450645,-102.402855,,,,"","0.00","","                                                  ","0.00000",,"Other(See Case File)","Withdrawn ATP","Other(See Case File)","Other(See Case File)","False","null",1621,"5571",,"","249",10772
9999.128,"W",,,,True,"Withdrawn ATP - Heupel Property","Harold Heupel","Rural Perkins County",Bison,57620,Perkins,45.4878464,-102.478714,,,,"","0.00","","                                                  ","0.00000",,"Other(See Case File)","Withdrawn ATP","Other(See Case File)","Other(See Case File)","False","null",1839,"5802",,"","249",10788
92070.000,"C",RC,1/13/1992,1/29/1992,True,"Shadehill Recreation Area -  (SD GF&P)","SD Game Fish and Parks  (SD GF&P)","Shadehill Shop",Shadehill,57653,Perkins,45.7765045,-102.186852,21N,16E,18,"SE","0.00","","                                                  ","0.00000",,"Other(See Case File)","Clean Site","Public","UST","True","No Release",,"null",,"","",8433
93077.000,"C",RL ,4/6/1993,7/7/1994,True,"DOD/USAF/MMII Foxtrot 2 (recorded Jan 2017)","Ellsworth Air Force Base","Cedar Canyon Road",Mud Butte,57758,Perkins,45.07204,-102.7446,,,,"null","null","null","null","null",,"Other(See Case File)","Federal","Other(See Case File)","UST","False","No Release",,"null",,"null","null",13889
94018.000,"C",JA,5/3/1994,5/3/1994,True,"United Parcel Service","United Parcel Service","2nd Avenue",Bison,57620,Perkins,45.52802,-102.464989,,,,"","0.00","","                                                  ","0.00000",,"Other(See Case File)","Clean Site","Commercial","UST","True","No Release",,"2145",,"","",8521
2001405.000,"C",KM,7/31/2001,12/3/2001,True,"Clean ATP - Corcoron Trucking/Ham Trucking","Douglas Ham","100 5th Avenue East",Lemmon,57638,Perkins,45.94269,-102.151237,,,,"","0.00","","                                                  ","0.00000",,"Other(See Case File)","ATP","Commercial","UST","True","No Release",854,"4816",,"","204",9269
2001408.000,"C",KM,7/30/2001,12/3/2001,True,"Clean ATP - Spencer Memorial Presbyterian Church","Donna Gornung","511 3rd Street West  (6th Ave W & 3rd St)",Lemmon,57638,Perkins,45.9421768,-102.167526,,,,"","0.00","","                                                  ","0.00000",,"Other(See Case File)","ATP","Other(See Case File)","UST","False","No Release",1150,"5113",,"","204",9272
2001409.000,"C",KM,8/1/2001,12/3/2001,True,"Clean ATP - Joel Bishop Property","Joel Bishop","10198 200th Avenue",Lemmon,57638,Perkins,45.9206924,-102.023705,,,,"","0.00","","                                                  ","0.00000",,"Other(See Case File)","ATP","Agricultural","UST","False","No Release",1376,"5310",,"","205",9273
2001410.000,"C",KM,7/27/2001,12/3/2001,True,"Clean ATP - West Side Apartments","Robert Jangula","702 7th Avenue West  (SE of 7th & 7th)",Lemmon,57638,Perkins,45.93772,-102.168861,,,,"","0.00","","                                                  ","0.00000",,"Other(See Case File)","ATP","Residential","UST","False","No Release",1450,"5390",,"","205",9274
2001411.000,"C",KM,7/26/2001,12/3/2001,True,"Clean ATP - Bill's Carpet Care","David Duncan","420 Main Avenue  (NE of Main & 5th)",Lemmon,57638,Perkins,45.9400749,-102.159164,,,,"","0.00","","                                                  ","0.00000",,"Other(See Case File)","ATP","Commercial","UST","True","No Release",1518,"5461",,"","205",9275
2001412.000,"C",KM,8/9/2001,12/3/2001,True,"Clean ATP - Starr Property","Clark Starr","308 Rand",Bison,57620,Perkins,45.5218048,-102.464333,,,,"","0.00","","                                                  ","0.00000",,"Other(See Case File)","ATP","Residential","UST","True","No Release",1785,"5746",,"","205",9276
2001413.000,"C",KM,8/2/2001,12/3/2001,True,"Clean ATP - Bison Airport","Clark Starr","Southwest Corner of Town",Bison,57620,Perkins,45.5194359,-102.466232,,,,"","0.00","","                                                  ","0.00000",,"Other(See Case File)","ATP","Other(See Case File)","UST","True","No Release",1784,"5745",,"","205",9277
2001414.000,"C",KM,8/2/2001,12/3/2001,True,"Clean ATP - Shea Property","Duane Shea","13199 Bixby Road",Bison,57620,Perkins,45.4879951,-102.562622,,,,"","0.00","","                                                  ","0.00000",,"Other(See Case File)","ATP","Residential","UST","True","No Release",1440,"5378",,"","220",9278
2001415.000,"C",KM,8/2/2001,12/3/2001,True,"Clean ATP - Preszler Property","Raymond Preszle","Baird Street and 1st Avenue",Bison,57620,Perkins,45.5258026,-102.463844,,,,"","0.00","","                                                  ","0.00000",,"Other(See Case File)","ATP","Residential","UST","False","No Release",1281,"5675",,"","205",9279
2001416.000,"C",KM,8/3/2001,12/3/2001,True,"Clean ATP - Miller Ranch","Roland Miller","11220 SD Highway 75",Lodgepole,57640,Perkins,45.772934,-102.651848,,,,"","0.00","","                                                  ","0.00000",,"Other(See Case File)","ATP","Agricultural","UST","False","No Release",1310,"5236",,"","205",9280
2001417.000,"C",KM,8/2/2001,12/3/2001,True,"Clean ATP - Storm Property","Daryl W. Storm","12798 198th Avenue",Meadow,57644,Perkins,45.5461159,-102.0258,,,,"","0.00","","                                                  ","0.00000",,"Other(See Case File)","ATP","Agricultural","UST","False","No Release",1032,"5031",,"","204",9281
2001418.000,"C",KM,8/2/2001,12/3/2001,True,"Clean ATP - Randall Ranch","Mary Randall","13634 Prairie City Road",Prairie City,57649,Perkins,45.4252625,-102.784271,,,,"","0.00","","                                                  ","0.00000",,"Other(See Case File)","ATP","Agricultural","UST","False","No Release",1595,"5547",,"","205",9282
2001445.000,"C",KM,8/8/2001,12/3/2001,True,"ATP - Zeona Store & Post Office (no tank found)","Erik Markegard","Zeona Store & Post Office",Zeona,57758,Perkins,45.19366,-102.918076,,,,"","0.00","","                                                  ","0.00000",,"Other(See Case File)","ATP","Commercial","UST","False","No Tank Found",1373,"5306",,"","249",9309
2002101.000,"C",KM,6/5/2002,10/23/2002,True,"ATP - Raney Property (no tank found)","Robert F. Raney","1st & 3rd (tank in street)",Lemmon,57638,Perkins,45.94188,-102.158035,,,,"","0.00","","                                                  ","0.00000",,"Other(See Case File)","ATP","Residential","UST","False","No Tank Found",1155,"5115",,"","220",9964
2002109.000,"C",KM,6/5/2002,10/23/2002,True,"Clean ATP - Floyd C. Short, Jr. Property","Floyd C. Short, Jr.","551 2nd Avenue West",Lemmon,57638,Perkins,45.9391,-102.162758,,,,"","0.00","","                                                  ","0.00000",,"Other(See Case File)","ATP","Residential","UST","False","No Release",1981,"5915",,"","220",9972
2002110.000,"C",KM,5/31/2002,10/18/2002,True,"Clean ATP - Schneider Property","Dennis Schneider","19478 US Highway 12",Lemmon,57638,Perkins,45.9358,-102.1192,,,,"","0.00","","                                                  ","0.00000",,"Other(See Case File)","ATP","Agricultural","UST","False","No Release",2551,"6482",,"","220",9973
2002114.000,"C",KM,5/29/2002,10/18/2002,True,"Clean ATP - Flatmoe Property","Harold Flatmoe","19049 Rolling Hills Road",Meadow,57644,Perkins,45.4357872,-102.218781,,,,"","0.00","","                                                  ","0.00000",,"Other(See Case File)","ATP","Agricultural","UST","False","No Release",2363,"6291",,"","220",9977
2002115.000,"C",KM,6/3/2002,10/18/2002,True,"Clean ATP - Thomas Haugen Ranch","Carol Aaberg","Zeona Road, approx. 10 miles S of Sorum",Sorum,57649,Perkins,45.31906,-102.920418,,,,"","0.00","","                                                  ","0.00000",,"Other(See Case File)","ATP","Agricultural","UST","False","No Release",2066,"6020",,"","220",9978
2002265.000,"C",KM,2/19/2003,7/1/2003,True,"Clean ATP - O'Conner Property","Michael O'Conner","601 4th Avenue West",Lemmon,57638,Perkins,45.9387665,-102.165855,,,,"","0.00","","                                                  ","0.00000",,"Other(See Case File)","ATP","Residential","UST","True","No Release",2649,"6587",,"","220",10122
2005002.000,"C",KH,1/12/2005,1/14/2005,True,"Clean ATP - Wiesinger Ranch #1","Edmund Wiesinger","19600 Hudgins Road",Shadehill,57638,Perkins,45.6819878,-102.105415,,,,"","0.00","","                                                  ","0.00000",,"Other(See Case File)","ATP","Agricultural","UST","False","No Release",2861,"6888",,"","236",10252
2005005.000,"C",KH,1/12/2005,1/14/2005,True,"Clean ATP - Wiesinger Ranch #2","Edmund Wiesinger","19602 Hudgins Road",Shadehill,57638,Perkins,45.6823425,-102.106949,,,,"","0.00","","                                                  ","0.00000",,"Other(See Case File)","ATP","Agricultural","UST","False","No Release",2862,"6888",,"","236",10255
2009017.000,"C",TF,9/16/2009,12/1/2009,True,"Clean ATP - SD DOT, Bison","SD Department of Transportation (SD DOT)","17854 SD Hwy 20",Bison,57620,Perkins,45.5315628,-102.467285,,,,"","0.00","","                                                  ","0.00000",,"Other(See Case File)","ATP","Public","UST","True","No Release",3106,"7373",,"","270",11501
2013017.000,"C",TF,10/1/2013,2/10/2014,True,"Clean ATP - Frey Ranch Property","Frey Ranch","10389 White Butte Road",White Butte,57638,Perkins,45.88852,-102.385056,,,,"","0.00","","                                                  ","0.00000",,"Other(See Case File)","ATP","Commercial","UST","False","No Release",3356,"7870",,"","297",12796
2016008.000,"C",TF ,7/27/2016,1/11/2017,True,"Clean ATP - Perkins County Courthouse","Perkins County","100 East Main Street",Bison,57620,Perkins,45.5230446,-102.464355,,,,"null","null","null","null","null",,"Other(See Case File)","ATP","Other(See Case File)","UST","False","No Release",3531,"8189",,"null","null",13736
2016012.000,"C",TF ,8/15/2016,1/11/2017,True,"Clean ATP - Lemmon High School","Lemmon School District","209 3rd Street West",Lemmon,57638,Perkins,45.942234,-102.163612,,,,"null","null","null","null","null",,"Other(See Case File)","ATP","Other(See Case File)","UST","False","No Release",3443,"8016",,"null","null",13755
2016024.000,"C",TF ,11/29/2016,11/30/2016,True,"Clean ATP - Gerbracht Property","Quentin Gerbracht","Rural Perkins County, east of Prairie City Rd",Zeona,57758,Perkins,45.277462,-102.760826,,,,"null","null","null","null","null",,"Petroleum","ATP","Other(See Case File)","UST","True","No Release",3554,"8234",,"null","null",13826