id,status,r1,date_rep,date_close,image,site_name,resp_party,street,city,zip_code,county,latitude,longitude,township,range,section,secq1,acreage,instctrls,material,amount,units,spill_cat,site_type,proptype,sor_type,regulated,cause_type,atp_no,prcfnumber,ag_no,solidwaste,microroll,siteid
83.036,"C",JA,8/19/1983,1/19/1994,True,"USD Vandalism - Transformer Spill","Unknown","Intramurial Field @ North Plum",Vermillion,57069,Clay,42.7932434,-96.92022,,,,"","0.00","","Transformer Oil                                   ","0.00000",,"Oil","Other(See Case File)","Public","Transformer","False","Damage",,"null",,"","",140
84.043,"C",JA,5/23/1984,1/19/1994,True,"Vermillion City Utilities - Transformer Spill","Vermillion","Norbeck & Main",Vermillion,57069,Clay,42.7793236,-96.9117,,,,"","0.00","","Mineral Oil PCB                             ","5.00000",gallons,"Combined(See Case File)","Other(See Case File)","Other(See Case File)","Transformer","False","Equipment Failure",,"null",,"","",214
85.002,"C",LB,1/10/1985,6/30/2000,True,"Vermillion Fertilizer Company","Vermillion Fertilizer Company","813 W. Broadway St.",Vermillion,57069,Clay,42.7775154,-96.94442,92N,50W,23,"","0.00","","Herbicide Eradicane                               ","1500.00000",gallons,"Agri Chem","Other(See Case File)","Commercial","AST","False","Valve Leak",,"null",,"","",270
85.007,"C",BL,2/1/1985,9/20/1995,True,"Bob's Amoco - Tank Overfill","Petroleum Carriers","200 E. Main",Vermillion,57069,Clay,42.7795448,-96.92903,,,,"","0.00","","Gasoline                                          ","150.00000",gallons,"Petroleum","Other(See Case File)","Commercial","UST","True","Overfill",,"null",,"","",275
85.028,"C",KH,4/24/1985,10/2/1995,True,"Gasoline Surface Spill - Bimbo's","Bimbos","918 East Cherry",Vermillion,57069,Clay,42.7869148,-96.9164,,,,"","0.00","","Gasoline                                          ","200.00000",gallons,"Petroleum","Other(See Case File)","Commercial","UST","True","Spillage",,"null",,"","266",296
85.068,"C",KM,8/14/1985,6/30/2000,True,"Phillips 66 Station - Hose Failure","Unknown","Main & Forest",Vermillion,57069,Clay,42.7792053,-96.92872,92N,52W,24,"","0.00","","Gasoline                                          ","100.00000",gallons,"Petroleum","Other(See Case File)","Commercial","UST","True","Disconnected Hose ",,"null",,"","",336
85.069,"C",KM,8/14/1985,6/30/2000,True,"Transformer Spill - City Street","Vermillion","City Street",Vermillion,57069,Clay,42.7795067,-96.932106,,,,"","0.00","","Transformer Oil PCB                               ","0.00000",,"Combined(See Case File)","Other(See Case File)","Other(See Case File)","Transformer","False","Damage",,"null",,"","",337
85.071,"C",KM,8/19/1985,6/30/2000,True,"Bobs Amoco - Overfill","Petroleum Carriers Inc","200 East Main",Vermillion,57069,Clay,42.77957,-96.92888,92N,52W,24,"SE","0.00","","Gasoline                                          ","35.00000",gallons,"Petroleum","Other(See Case File)","Commercial","UST","True","Overfill",,"null",,"","",339
86.013,"C",KH,2/25/1986,10/2/1995,True,"Former Electro Magic","Vermillion Development Corporation","1322 E. Cherry St.",Vermillion,57069,Clay,42.78741,-96.91069,92N,51W,18,"","0.00","","Diesel                                            ","600.00000",gallons,"Petroleum","Other(See Case File)","Commercial","UST","True","Spillage",,"null",,"","267",378
86.030,"C",KM,5/15/1986,2/1/1993,True,"Styles Oil Spill","Mike Styles","104 S. Harvard",Vermillion,57069,Clay,42.7781029,-96.92677,,,,"","0.00","","Crankcase Oil                                     ","120.00000",gallons,"Oil","Other(See Case File)","Residential","Containers","False","Handling",,"null",,"","267",395
87.032,"C",KM,9/3/1987,6/30/2000,True,"Tom & Bud's Grocery - Fire Event","Tom & Bud's Grocery","Tom & Bud's Grocery",Vermillion,57069,Clay,42.7784958,-96.93506,,,,"","0.00","","Cleaning Solution                                 ","0.00000",,"Chemical","Other(See Case File)","Commercial","Supplies","False","Fire Event",,"null",,"","234",497
88.176,"C",TK,9/1/1988,11/13/1991,True,"John Morrell Truck Accident","John Morrell","Hwy. 19: MM 14",Vermillion,57069,Clay,42.9232979,-96.95518,,,,"","0.00","","Diesel                                            ","30.00000",gallons,"Petroleum","Other(See Case File)","Other(See Case File)","Truck Tank","False","Overturned",,"null",,"","",778
88.196,"NFA",KH,10/19/1988,2/20/2001,True,"Coyote Standard #7137 - UST Replacement","Amoco Oil","116 E Cherry",Vermillion,57069,Clay,42.7869263,-96.92963,92N,52W,13,"","0.00","","Petroleum","0.00000",,"Petroleum","Other(See Case File)","Commercial","UST","True","Leakage",,"0251",,"","",798
88.206,"C",BL,10/19/1988,1/27/1993,True,"Brunick Oil Services - UST Replacements","Brunick Oil Services","W. Main and Carr",Vermillion,57069,Clay,42.7801933,-96.94452,,,,"","0.00","","Petroleum                                         ","0.00000",,"Petroleum","Other(See Case File)","Commercial","UST","True","Corrosion",,"0001",,"","",808
88.240,"C",DP,11/22/1988,6/30/2000,True,"Shop EZ - UST Removals","Kerr McGee","Cherry and Plum",Vermillion,57069,Clay,42.7869225,-96.91964,92N,51W,18,"NW","0.00","","Petroleum                                         ","0.00000",,"Petroleum","Other(See Case File)","Commercial","UST","True","Spillage",,"null",,"","",841
89.029,"C",DS,3/6/1989,6/30/2000,True,"Meckling Fertilizer Complaint","Meckling Fertilizer Company","Rail Spur",Meckling,57044,Clay,42.84197,-97.06632,,,,"","0.00","","Pesticide                                         ","0.00000",,"Agri Chem","Other(See Case File)","Commercial","Bulk Chemical","False","Runoff",,"null",,"","",919
89.102,"C",TK,5/25/1989,10/1/1992,True,"Meckling Fertilizer - Displaced Cargo","Meckling Fertilizer","West Main",Vermillion,57069,Clay,42.779377,-96.94227,,,,"","0.00","","Fertilizer                                        ","0.40000",gallons,"Agri Chem","Other(See Case File)","Commercial","Tote","False","Damage",,"null",,"","237",991
89.154,"C",KM,7/10/1989,3/26/1991,True,"Suspect chemicals in ravine","Unknown","465 Ave, NE of Vermillion",Vermillion,57069,Clay,42.819622,-96.9037857,92,51,5,"NW","0.00","","Unknown                                           ","0.00000",,"Unknown(See Case File)","Other(See Case File)","Agricultural","Materials","False","Handling",,"null",,"","",1043
89.189,"NFA",SB,7/26/1989,2/10/2003,True,"Stewart Oil & Tire - Tank System Removal","Steve Stewart","East Cherry & University",Vermillion,57069,Clay,42.78688,-96.9255142,,,,"","0.00","","Petroleum                                         ","0.00000",,"Petroleum","Other(See Case File)","Commercial","UST","True","Leaks and Spills",,"138",,"","215, 228",1077
89.233,"C",MV,9/12/1989,6/21/1995,True,"Former Johnson Electric Site - Tank System Removal","R.D. Johnson","209 E. Main",Vermillion,57069,Clay,42.7792664,-96.92858,,,,"","0.00","","Petroleum                                         ","0.00000",,"Petroleum","Other(See Case File)","Commercial","UST","True","Leaks and Spills",,"0100",,"","",1121
89.270,"C",KD,10/18/1989,12/18/1989,True,"Clay/Union Electric Site - Tank Removal","Clay / Union Electric","1410 East Cherry St.",Vermillion,57069,Clay,42.7869568,-96.91055,,,,"","0.00","","Used Oil                                          ","0.00000",,"Oil","Other(See Case File)","Commercial","UST","True","Spillage",,"0629",,"","",1158
89.310,"I",BL,11/27/1989,8/4/1995,True,"Department of Transportation (SD DOT) - Tank Removals","SD Department of Transportation  (SD DOT)","Maintenance Shop - Hwy 50 By Pass",Vermillion,57069,Clay,42.7899246,-96.90428,92N,51W,17,"NW","0.00","","Petroleum                                         ","0.00000",,"Petroleum","Other(See Case File)","Other(See Case File)","UST","True","Leakage",,"1477",,"","",1198
90.145,"NFA",SB,4/25/1990,2/24/2003,True,"Former Brady's Station Site","Clay County","SW at Slant Street and 455th Avenue",Wakonda,57073,Clay,43.01062,-97.10116,,,,"","0.00","","Gasoline                                          ","0.00000",,"Petroleum","Other(See Case File)","Commercial","UST","True","Leaks and Spills",,"205",,"","215",1380
90.201,"C",KM,5/29/1990,6/15/1990,True,"Meckling Fertilizer - Displaced Cargo","Meckling Fertilizer","12th and Chestnut",Vermillion,57069,Clay,42.7778549,-96.93819,,,,"","0.00","","Pesticide                                         ","75.00000",gallons,"Agri Chem","Other(See Case File)","Other(See Case File)","Tote","False","Unsecured",,"null",,"","",1436
90.237,"C",KH,6/12/1990,7/10/1995,True,"Eagles Club - Tank Removal","Fraternal Order of Eagles Aerie 2421","114 Main West Street",Vermillion,57069,Clay,42.7790947,-96.93472,,,,"","0.00","","Fuel Oil                                          ","0.00000",,"Petroleum","Other(See Case File)","Other(See Case File)","UST","False","Spillage",,"1228",,"","",1472
90.421,"C",SB,9/11/1990,6/10/1993,True,"SE Dakota Nursing Home","SE Dakota Nursing Home","102 S. Plum",Vermillion,57069,Clay,42.77806,-96.91962,,,,"","0.00","","Fuel Oil                                          ","0.00000",,"Petroleum","Other(See Case File)","Other(See Case File)","UST","False","Corrosion",,"1119",,"","",1656
90.446,"C",BL,9/14/1990,4/21/1992,True,"North Mart Site","Livestock State Bank","#28 Cherry Street",Vermillion,57069,Clay,42.78686,-96.93203,,,,"","0.00","","Petroleum                                         ","0.00000",,"Petroleum","Other(See Case File)","Commercial","UST","True","Corrosion",,"1137",,"","",1681
90.476,"NFA",TB,10/2/1990,10/17/2003,True,"Meckling Fertilizer Plant","Meckling Fertilizer, Inc.","Hwy 50",Meckling,57044,Clay,42.8421936,-97.06601,,,,"","0.00","","Pesticide                                         ","0.00000",,"Agri Chem","Other(See Case File)","Commercial","Bulk Chemical","False","Handling",,"null",,"","237,241,264",1711
90.556,"NFA",SH,10/29/1990,4/7/2004,True,"Coastal Mart #6826 - Tank Removal and Abandonments","Ray Briggs","11 Cherry East (SW at Elm and Cherry/Hwy50)",Vermillion,57069,Clay,42.7865372,-96.93085,92N,52W,13,"SE","0.00","","Petroleum                                         ","0.00000",,"Petroleum","Other(See Case File)","Commercial","UST","True","Leaks and Spills",,"1227",,"","230, 234",1791
90.581,"C",KM,11/16/1990,1/15/1991,True,"USD - Telecommunications Bldg","University of South Dakota  (USD)","Behind Telecommunications Bldg",Vermillion,57069,Clay,42.78575,-96.92827,92N,52,13,"","0.00","","Coolant                                           ","20.00000",gallons,"Chemical","Other(See Case File)","Public","Operating System","False","Handling",,"null",,"","",1816
90.636,"C",SB,12/17/1990,3/11/1992,True,"Old Clay County Highway Dept. Shop","Clay County Highway Department","219 W. National",Vermillion,57069,Clay,42.779644,-96.93602,,,,"","0.00","","Gasoline                                          ","0.00000",,"Petroleum","Other(See Case File)","Public","UST","True","Leakage",,"1296",,"","",1871
91.284,"C",TK,6/27/1991,7/7/1992,True,"Sebern Construction","William Sebern","Hwy 50 3/4 E of Town",Vermillion,57069,Clay,42.786377,-96.88548,,,,"","0.00","","Diesel                                            ","50.00000",gallons,"Petroleum","Other(See Case File)","Other(See Case File)","Truck Tank","False","Transport Accident",,"null",,"","",2174
91.434,"C",BL,9/18/1991,5/4/1993,True,"USD - Brookman Hall","SD Office of State Engineer","Brookman Hall",Vermillion,57069,Clay,42.783268,-96.92825,92N,52W,13,"NE","0.00","","Fuel Oil                                          ","0.00000",,"Petroleum","Other(See Case File)","Public","UST","False","Leakage",,"1637",,"","",2324
91.435,"C",BL,9/18/1991,4/6/1996,True,"USD- Service Center","SD Office of State Engineer","Service Center",Vermillion,57069,Clay,42.7843742,-96.92359,,,,"","0.00","","gasoline                                          ","0.00000",,"Petroleum","Other(See Case File)","Public","UST","True","Leakage",,"1645",,"","272",2325
91.436,"C",BL,9/20/1991,5/4/1993,True,"USD - Cypress Court","SD Office of State Engineer","Cypress Court",Vermillion,57069,Clay,42.78533,-96.92235,,,,"","0.00","","Fuel Oil                                          ","0.00000",,"Petroleum","Other(See Case File)","Public","UST","False","Leakage",,"1638",,"","",2326
91.438,"C",BL,9/23/1991,12/14/1991,True,"USD - Redwood Court","SD Office of  State Engineer","Redwood Courts",Vermillion,57069,Clay,42.7859,-96.9223557,,,,"","0.00","","Fuel Oil                                          ","0.00000",,"Petroleum","Other(See Case File)","Public","UST","False","Corrosion",,"1640",,"","",2328
91.476,"C",NS,10/22/1991,10/28/1998,True,"U.S. Postal Service - Wakonda","United States Postal Service","Ohio, between 1st & 2nd",Wakonda,57073,Clay,43.00905,-97.10711,95N,53W,33,"NE","0.00","","Heating oil                                       ","0.00000",,"Petroleum","Federal","Public","UST","False","Leakage",,"1795",,"","",2366
91.648,"I",SB,12/23/1991,2/18/1998,True,"Former Rasmussen Service","Gary Rasmussen","222 W. Main Street",Vermillion,57069,Clay,42.77918,-96.936554,,,,"","0.00","","Gasoline                                          ","0.00000",,"Petroleum","Other(See Case File)","Commercial","UST","True","Leakage",,"1964",,"","210",2538
91.682,"C",RC,12/30/1991,4/10/1992,True,"Dakota Hospital","Dakota Hospital","801 E. Main St.",Vermillion,57069,Clay,42.779,-96.91929,,,,"","0.00","","Fuel Oil                                          ","0.00000",,"Petroleum","Other(See Case File)","Other(See Case File)","UST","False","Spillage",,"1923",,"","",2572
91.683,"C",MV,12/27/1991,7/30/1996,True,"Bunyans","Terry Taggart","1200 W. Main Street",Vermillion,57069,Clay,42.7814865,-96.94912,,,,"","0.00","","Petroleum                                         ","0.00000",,"Petroleum","Other(See Case File)","Commercial","UST","True","Leaks and Spills",,"1741",,"","237",2573
92.083,"C",KM,3/18/1992,3/24/1992,True,"USD Fine Arts Bldg - Elevator","University of South Dakota  (USD)","Fine Arts Bldg - Freight Elevator",Vermillion,57069,Clay,42.7887039,-96.9229355,,,,"","0.00","","Hydraulic Fluid                                   ","8.00000",gallons,"Oil","Other(See Case File)","Public","Hydraulic Lift System","False","Leakage",,"null",,"","",2673
92.096,"C",KM,4/3/1992,11/2/1993,True,"Charles Bingen","Charles Bingen","Main Street",Burbank,57010,Clay,42.746418,-96.8293457,,,,"","0.00","","Oil Filters - Oil                                 ","4.00000",gallons,"Oil","Other(See Case File)","Other(See Case File)","Containers","False","Handling",,"null",,"","",2686
92.138,"C",KM,4/30/1992,6/15/1992,True,"Sprayer Spill","Simplot Soil Builders","2 1/2 miles S of Wakonda",Wakonda,57073,Clay,42.97912,-97.10171,94N,53W,9,"NE","0.00","","Treflan                                           ","95.00000",,"Agri Chem","Other(See Case File)","Agricultural","Sprayer","False","Leakage",,"null",,"","",2728
92.221,"C",TK,6/22/1992,8/20/1992,True,"Casey's General Store Transport Event","Casey's General Store","Highway 50, approx 2 miles E of Meckling",Meckling,57044,Clay,42.82674,-97.0346756,93N,52W,31,"SW","0.00","","gasoline                                          ","1500.00000",gallons,"Petroleum","Other(See Case File)","Other(See Case File)","Transport Truck","False","Overturned",,"null",,"","",2811
92.247,"C",KM,7/14/1992,9/14/1992,True,"Clay County Spray Service Transport Event","Ben Taylor","Approx 1 N & 1/2 W of Town",Meckling,57044,Clay,42.8517761,-97.0663,93N,53,26,"NE","0.00","","2,4-D, Diesel                                    ","5.00000",,"Combined","Other(See Case File)","Other(See Case File)","Sprayer","False","Overturned",,"null",,"","",2837
93.033,"C",KM,2/11/1993,4/15/1993,True,"Clay County Courthouse Elevator","Clay County","211 West Main",Vermillion,57069,Clay,42.7798767,-96.9357758,,,,"","0.00","","Hydraulic Oil                                     ","15.00000",gallons,"Oil","Other(See Case File)","Public","Hydraulic Lift System","False","Leakage",,"2380",,"","",3048
93.042,"C",TK,2/24/1993,9/2/1993,True,"University of South Dakota Campus","University of South Dakota   (USD)","Physical Plant @ Commons",Vermillion,57069,Clay,42.7841377,-96.92522,92N,51W,18,"NW","0.00","","BWT-337LM                                         ","75.00000",,"Chemical","Other(See Case File)","Public","Equipment","False","Equipment Failure",,"null",,"","",3057
93.127,"C",TK,5/21/1993,12/3/1993,True,"Meckling Fertilizer & Grain","Meckling Fertilizer & Grain","Road ditch W of plant",Meckling,57044,Clay,42.8430023,-97.06839,93N,53,26,"SE","0.00","","Lasso Herbicide                                   ","100.00000",,"Agri Chem","Other(See Case File)","Other(See Case File)","Tote","False","Unsecured",,"null",,"","",3142
93.179,"C",TK,6/24/1993,11/15/1993,True,"USD - Physical Plant Shop #1","University of South Dakota (USD)","W of Physical Plant Shop #1",Vermillion,57069,Clay,42.78419,-96.92556,92N,52W,13,"SE","0.00","","Transformer Oil                                   ","0.00000",,"Oil","Other(See Case File)","Public","Transformer","False","Equipment Failure",,"null",,"","",3194
93.191,"C",TK,6/29/1993,11/15/1993,True,"Dakota Eagle Snacks - Transport Accident","Dakota Eagle Snacks","Highway 50",Vermillion,57069,Clay,42.79461,-96.97324,,,,"","0.00","","Diesel                                            ","15.00000",gallons,"Petroleum","Other(See Case File)","Other(See Case File)","Truck Tank","False","Damage",,"null",,"","",3206
93.195,"C",KM,6/23/1993,11/18/1994,True,"Drums labeled "radioactive" (no contamination)","Unknown ","1/2 mile N. of Town",Burbank,57010,Clay,42.75749,-96.82588,,,,"","0.00","","                                                  ","3.00000",drums,"Other(See Case File)","Other(See Case File)","Agricultural","Drums","False","No Release",,"null",,"","",3210
93.275,"C",KH,8/20/1993,8/30/2004,True,"City of Vermillion - Former Power Plant","City of Vermillion","121 West Chestnut Street",Vermillion,57069,Clay,42.7769241,-96.93479,,,,"","0.00","","Gasoline                                          ","0.00000",,"Petroleum","Other(See Case File)","Industrial","AST","True","Leaks and Spills",,"2511",,"","234,247",3290
93.276,"C",KH,8/20/1993,5/30/2002,True,"City of Vermillion - Maintenance Shop","City of Vermillion","115 Duke",Vermillion,57069,Clay,42.78881,-96.93434,,,,"","0.00","","Gasoline                                          ","0.00000",,"Petroleum","Other(See Case File)","Public","UST","True","Leakage",,"2512",,"","200",3291
93.292,"C",KM,9/13/1993,12/21/1993,True,"Brower Construction Batch Plant Waste","James Regenscheid","4.5 miles N of 50/19 & .5 W",Vermillion,57069,Clay,42.8518639,-96.9641953,93N,52,22,"NE","0.00","","Asphalt waste                                     ","0.00000",,"Oil","Other(See Case File)","Other(See Case File)","Equipment","False","Handling",,"null",,"","234",3307
93.296,"C",TK,9/17/1993,10/15/1993,True,"University of South Dakota Campus","University of South Dakota  (USD)","N. Intermural Fields",Vermillion,57069,Clay,42.7928772,-96.92113,92N,51W,18,"NW","0.00","","Diesel                                            ","2.00000",gallons,"Petroleum","Other(See Case File)","Public","Containers","False","Handling",,"null",,"","",3311
93.325,"C",KM,10/12/1993,11/10/1994,True,"Glen Lawrensen - UST corrosion","Glen Lawrensen","711 Cottage Ave.",Vermillion,57069,Clay,42.78728,-96.9322,,,,"","0.00","","gasoline                                          ","0.00000",,"Petroleum","Other(See Case File)","Residential","UST","True","Corrosion",,"2578",,"","",3340
93.329,"C",KM,10/12/1993,11/2/1993,True,"Duayne Holland  Transport Event","Duayne Holland","2 mi N Hwy 50, 1.5 E of Clay Co Line",Gayville,57031,Clay,42.9096222,-97.1314,,,,"","0.00","","Diesel                                            ","2.00000",gallons,"Petroleum","Other(See Case File)","Other(See Case File)","Truck Tank","False","Transport Accident",,"null",,"","",3344
93.491,"NFA",SH,12/13/1993,12/5/2002,True,"Terminal Grain Corporation","Terminal Grain Corporation","Old Highway 50 - Elevator",Vermillion,57069,Clay,42.7858124,-96.96015,92N,52,14,"NW","0.00","","Fertilizer                                        ","0.00000",,"Agri Chem","Other(See Case File)","Commercial","Bulk Chemical","False","Handling",,"null",,"","226",3506
93.513,"C",SH,12/30/1993,11/1/1994,True,"Terminal Grain Company","Frank Boeshart","West Highway 50",Vermillion,57069,Clay,42.7864227,-96.96153,92N,52,14,"NW","0.00","","Waste Oil                                         ","0.00000",,"Oil","Other(See Case File)","Commercial","Equipment","False","Handling",,"null",,"","",3528
94.005,"C",TK,1/19/1994,1/4/1995,True,"Sioux Tools Inc. - Propane Leak","Sioux Tool Inc.","929 Norback",Vermillion,57069,Clay,42.7886276,-96.91061,,,,"","0.00","","Propane                                           ","200.00000",gallons,"Chemical","Other(See Case File)","Industrial","AST","False","Line Leak",,"null",,"","",3540
94.020,"NFA",SB,2/16/1994,8/27/2003,True,"Stewart Oil - Open Valve","Stewart Oil","Broadway & Luxemburg",Vermillion,57069,Clay,42.7764473,-96.9366455,,,,"","0.00","","gasoline                                          ","2500.00000",gallons,"Petroleum","Other(See Case File)","Commercial","AST","True","Open Valve",,"2627",,"","226",3555
94.395,"C",TK,12/6/1994,6/21/1996,True,"University of South Dakota -  Library","University of South Dakota  (USD)","I.D. Weeks Library - South of Cherry",Vermillion,57069,Clay,42.78506,-96.9248657,92N,52W,13,"SE","0.00","","Ethylene Glycol                                   ","200.00000",,"Chemical","Other(See Case File)","Public","Operating System","False","Leakage",,"null",,"","",3930
95.034,"I",KH,2/14/1995,7/28/2000,True,"USD Davidson Building - Site Assessment","University of South Dakota (USD)","N side of Davidson Building",Vermillion,57069,Clay,42.7848129,-96.92542,92N,52,13,"SE","0.00","","Petroleum                                         ","0.00000",,"Petroleum","Other(See Case File)","Public","AST","True","Leakage",,"2820",,"","",3985
95.099,"C",TK,5/15/1995,6/19/1996,True,"USD - Telecom Center","University of South Dakota (USD)","Dakota & Cherry",Vermillion,57069,Clay,42.7858,-96.92869,92N,52W,13,"SE","0.00","","Boilerwater Treatment                             ","1400.00000",gallons,"Chemical","Other(See Case File)","Public","Operating System","False","Open Valve",,"null",,"","",4050
96.110,"C",TK,4/29/1996,2/28/1997,True,"Spill in Road Ditch","Vermillion Fertilizer","Hwy 50, 1/2 mile E - S Side of Road Ditch",Vermillion,57069,Clay,42.7861671,-96.89604,91N,51,18,"NE","0.00","","Liquid Fertilizer                                 ","1500.00000",gallons,"Agri Chem","Other(See Case File)","Other(See Case File)","Nurse Tank","False","Overturned",,"null",,"","",4420
96.186,"NFA",SB,6/25/1996,6/28/2001,True,"Former Bimbo's Burger Bar - Tank System Removal","R A M Inc & Martin Sailer","East Highway 50",Vermillion,57069,Clay,42.7871132,-96.9163361,,,,"","0.00","","Gasoline                                          ","0.00000",,"Petroleum","Other(See Case File)","Commercial","UST","True","Leakage",,"3073",,"","210",4496
96.238,"C",TK,9/12/1996,2/14/1997,True,"Clay County Sprayer   Transport Event","Clay County - Trailwood Transportation","Hwy 50, 1 1/2 mi W of town",Vermillion,57069,Clay,42.8101578,-97.00019,,,,"","0.00","","2,4-D                                             ","35.00000",gallons,"Agri Chem","Other(See Case File)","Other(See Case File)","Sprayer","False","Transport Accident",,"null",,"","230",4548
96.266,"C",TK,9/13/1996,2/14/1997,True,"University of South Dakota Campus","University of South Dakota (USD)","Shrine to Music Museum (north Side)",Vermillion,57069,Clay,42.7831154,-96.92639,92N,52W,13,"SE","0.00","","Propylene Glycol     ","200.00000",gallons,"Chemical","Other(See Case File)","Public","Operating System","False","Leakage",,"null",,"","",4576
96.280,"C",TK,9/27/1996,10/2/1996,True,"East River Electric Burbank Substation","East River Electric","Highway 50",Vermillion,57069,Clay,42.7934456,-96.89076,92N,51,17,"","0.00","","Transformer Oil Non-PCB                           ","40.00000",gallons,"Oil","Other(See Case File)","Industrial","Transformer","False","Fire Event",,"null",,"","236",4590
96.288,"C",TK,10/3/1996,2/14/1997,True,"University of South Dakota Campus","University of South Dakota (USD)","Shrine to Music Museum, North Side",Vermillion,57069,Clay,42.7829781,-96.926445,92N,52W,13,"SE","0.00","","Propylene Glycol                                  ","50.00000",gallons,"Chemical","Other(See Case File)","Public","Operating System","False","Leakage",,"null",,"","237",4598
96.299,"I",SB,10/18/1996,4/5/1999,True,"Hardees (former station site) - Assessment","WWI Incorporated","801 East Cherry Street",Vermillion,57069,Clay,42.7862473,-96.919754,92N,51W,18,"SW","0.00","","Petroleum                                         ","0.00000",,"Petroleum","Other(See Case File)","Commercial","AST","True","Leakage",,"3103",,"","",4609
96.322,"C",TK,11/15/1996,2/12/1997,True,"Jensen Transport Event","Norman Jensen","3.5 to 4 mi N of Town",Meckling,57044,Clay,42.8957672,-97.06269,,,,"","0.00","","Diesel Fuel                                       ","0.00000",,"Petroleum","Other(See Case File)","Other(See Case File)","Truck Tank","False","Transport Accident",,"null",,"","232",4632
97.331,"C",SB,10/7/1997,3/12/1998,True,"Former Derby Station - Assessment","Kent Hagg, K & K Properties","E. Cherry & Cottage",Vermillion,57069,Clay,42.786602,-96.9320755,,,,"","0.00","","gasoline                                          ","0.00000",,"Petroleum","Other(See Case File)","Commercial","UST","True","Overfills/Spillage",,"3292",,"","",5019
98.068,"NFA",AY,3/17/1998,5/7/2001,True,"Former SD DOT Maintenance Shop - Assessment","SD Department of Transportation (SD DOT)","NE at Highway 50 Bypass and Crawford",Vermillion,57069,Clay,42.7895546,-96.90472,92N,51W,17,"NW","0.00","","petroleum                                         ","0.00000",,"Petroleum","Other(See Case File)","Public","UST","True","Overfills/Spillage",,"3374",,"","211, 225,",5176
98.307,"NFA",SB,10/22/1998,10/18/2012,True,"Former CD Stop - LUST Trust","Tri County Oil and Propane","2nd and Ohio Street",Wakonda,57073,Clay,43.00833,-97.106514,95N,53W,33,"NE","0.00","","gasoline                                          ","0.00000",,"Petroleum","Lust Trust","Commercial","UST","True","Leakage",,"3617",,"","288",5415
98.366,"I",KH,12/1/1998,7/28/2000,True,"Univ of SD - Line Leak (also 95.034)","University of South Dakota (USD)","Davidson Building/Steam Plant",Vermillion,57069,Clay,42.78492,-96.92517,,,,"","0.00","","Fuel Oil #2                                       ","1750.00000",gallons,"Petroleum","Other(See Case File)","Public","AST","False","Line Leak",,"3662",,"","267",5474
98.393,"NFA",KH,12/16/1998,12/10/2002,True,"Clay County Highway Dept. - Tank Removals","Clay County Highway Dept.","45969 Timber Road",Vermillion,57069,Clay,42.7852554,-97.00882,92N,52W,17,"","0.00","","Gasoline                                          ","0.00000",,"Petroleum","Other(See Case File)","Public","UST","True","Spillage",,"3689",,"","215,217",5501
99.045,"C",BM,2/18/1999,2/1/2000,True,"USD Ethylene Glycol Release","University of South Dakota (USD)","Fine Arts Bldg near Hwy 50 Bypass",Vermillion,57069,Clay,42.79182,-96.9246445,92N,52W,18,"NW","0.00","","Ethylene Glycol                                   ","0.00000",,"Chemical","Other(See Case File)","Public","Operating System","False","Line Leak",,"null",,"","230",5592
99.323,"C",KH,12/1/1999,12/10/1999,True,"Vermillion Airport - Tank System Removal","City of Vermillion","South Dakota Street",Vermillion,57069,Clay,42.7639656,-96.9287338,92N,52W,24,"SW","0.00","","Petroleum                                         ","0.00000",,"Petroleum","Other(See Case File)","Other(See Case File)","UST","True","Line Leak",,"null",,"","",5870
2000.047,"NFA",SB,3/24/2000,8/27/2003,True,"United Pride Bulk Facility - Assessment","Eastern Farmers Coop","209 W.  Broadway St.",Vermillion,57069,Clay,42.7764778,-96.93605,,,,"","0.00","","Petroleum                                         ","0.00000",,"Petroleum","Other(See Case File)","Commercial","AST","True","Leakage",,"3908",,"","224,227,",5945
2000.082,"C",TB,5/2/2000,8/18/2000,True,"Highway 50 Fertilizer Spill","Madsen Spraying","3.5 miles of roadways, W & S of Meckling",Meckling,57044,Clay,42.8425179,-97.0690155,93,53W,33,"","0.00","","Agri Chem                                         ","90.00000",,"Agri Chem","Other(See Case File)","Other(See Case File)","Transport Trailer","False","Valve Leak",,"null",,"","",5980
2000.199,"C",KM,6/16/2000,1/30/2003,True,"Vermillion Fertilizer Company","Vermillion Fertilizer Company","806 West Broadway Street (north of main office)",Vermillion,57069,Clay,42.7778625,-96.94422,,,,"","0.00","","pesticides & nitrogen                             ","0.00000",,"Agri Chem","Other(See Case File)","Commercial","Bulk Chemical","False","Handling",,"null",00KV072601,"","216",6097
2000.281,"C",KM,9/20/2000,10/19/2000,True,"ATP -  Bak Property (Former Irene Coop)","Erlin and Carol Bak","119 S. Dakota Avenue",Irene,57037,Clay,43.0825844,-97.15935,,,,"","0.00","","petroleum                                         ","0.00000",,"Petroleum","ATP","Commercial","UST","True","Spillage",47,"3928",,"","",6179
2000.284,"NFA",KM,10/2/2000,12/17/2002,True,"ATP - Former Kizer Property","Town of Wakonda","406 2nd Street",Wakonda,57073,Clay,43.00862,-97.10649,,,,"","0.00","","gasoline                                          ","0.00000",,"Petroleum","ATP","Residential","UST","True","Leakage",125,"4029",,"","217",6182
2000.342,"C",KM,10/30/2000,11/13/2000,True,"Former Vermillion Golf Course","City of Vermillion","Former Vermillion Golf Course",Vermillion,57069,Clay,42.79448,-96.92792,,,,"","0.00","","metals, fungicide                                 ","0.00000",,"Agri Chem","Other(See Case File)","Commercial","Bulk Chemical","False","Handling",,"null",,"","194",6240
2001.057,"C",KM,4/4/2001,1/8/2002,True,"Associated Milk Producers - truck accident","Associated Milk Producers","Greenfield Road between 308 and 309 Street",Vermillion,57069,Clay,42.91661,-96.84515,,,,"","0.00","","diesel fuel                                       ","50.00000",gallons,"Petroleum","Other(See Case File)","Other(See Case File)","Truck Tank","False","Damage",,"null",,"","231",6342
2001.142,"C",BM,6/15/2001,2/28/2002,True,"Brower Construction - Road Oil Spill","Brower Construction","Highway 46 on West side of Irene",Irene,57037,Clay,43.083168,-97.16045,96N,53W,31,"SW","0.00","","asphalt emulsion                                  ","50.00000",gallon,"Oil","Other(See Case File)","Other(See Case File)","Applied Material","False","Storm Runoff",,"null",,"","203",6427
2001.225,"C",BM,8/7/2001,9/18/2001,True,"Dakota Dome - Transformer Spill","Electric Construction Co.","1101 N. Dakota Ave.",Vermillion,57069,Clay,42.790966,-96.92859,,,,"","0.00","","Transformer Oil                                   ","50.00000",gallons,"Oil","Other(See Case File)","Public","Transformer","False","Damage",,"null",,"","203,247",6509
2001.268,"C",BM,8/21/2001,9/18/2001,True,"Dakota Dome - Damaged Transformer","Electric Construction Company","1101 N. Dakota Ave.",Vermillion,57069,Clay,42.7916679,-96.92683,,,,"","0.00","","Mineral oil                                       ","50.00000",gallons,"Oil","Other(See Case File)","Public","Transformer","False","Damage",,"null",,"","203",6552
2001.340,"C",BM,9/27/2001,10/29/2001,True,"Jebro Asphalt Spill","Jebro, Inc.","Hwy 50, approx. 2 miles W of Vermillion",Vermillion,57069,Clay,42.8061066,-96.99452,,,,"","0.00","","asphalt                                           ","260.00000",gallons,"Oil","Other(See Case File)","Other(See Case File)","Transport Trailer","False","Overturned",,"null",,"","203",6624
2001.507,"C",BM,10/29/2001,6/11/2003,True,"Vermillion Bridge Site - Oil Disposal","Jensen Construction Co. - Dan Timmons","Hwy 50 bridge, about MM407.75",Vermillion,57069,Clay,42.7942429,-96.96368,,,,"","0.00","","Waste oil                                         ","0.00000",,"Oil","Other(See Case File)","Other(See Case File)","Drums","False","Handling",,"null",,"","231",6790
2001.568,"C",KM,11/6/2001,12/7/2001,True,"ATP - Stewart Oil & Tire Bulk Facility","Todd Stewart","221 West Broadway Street",Vermillion,57069,Clay,42.7764359,-96.9363251,,,,"","0.00","","Petroleum                                         ","0.00000",,"Petroleum","ATP","Commercial","UST","True","Spillage",1239,"5173",,"","207",6851
2001.569,"C",KM,11/6/2001,12/7/2001,True,"ATP - City of Vermillion Landfill","City of Vermillion","31426 Bluff Road",Vermillion,57069,Clay,42.8308334,-96.98003,93N,52W,34,"NW","0.00","","Petroleum                                         ","0.00000",,"Petroleum","ATP","Public","UST","True","Spillage",692,"4623",,"","207",6852
2001.570,"C",KM,11/6/2001,12/7/2001,True,"ATP - Westburg Feed & Seed","Clare Thedorff","46469 304th Street",Hub City,57014,Clay,42.9811478,-96.9107361,94N,51W,7,"NE","0.00","","Petroleum                                         ","0.00000",,"Petroleum","ATP","Commercial","UST","True","Spillage",568,"4499",,"","207",6853
2001.571,"C",KM,11/6/2001,12/7/2001,True,"ATP - Jensen Farm","Arden Jensen","46782 307th Street",Greenfield,57010,Clay,42.93924,-96.84858,94N,51W,22,"SE","0.00","","Petroleum                                         ","0.00000",,"Petroleum","ATP","Agricultural","UST","False","Leakage",1682,"5638",,"","207",6854
2001.572,"C",KM,11/6/2001,12/7/2001,True,"ATP - Former Meckling School","Dennis Olsen","31390 Main Avenue",Meckling,57044,Clay,42.8400764,-97.06998,,,,"","0.00","","Petroleum                                         ","0.00000",,"Petroleum","ATP","Commercial","UST","True","Leakage",525,"4455",,"","207",6855
2001.574,"NFA",KM,11/6/2001,3/17/2003,True,"ATP - Brook Bye Farm","Brook Bye","31504 458th Avenue",Vermillion,57069,Clay,42.82206,-97.0409546,92N,52W,6,"NW","0.00","","Gasoline                                          ","0.00000",,"Petroleum","ATP","Agricultural","UST","False","Corrosion",939,"4948",,"","217",6857
2001.575,"NFA",KH,11/6/2001,12/10/2002,True,"ATP - Clay County Highway Department (and 98.393)","Clay County","45969 Timber Road",Vermillion,57069,Clay,42.7853775,-97.00875,,,,"","0.00","","Petroleum                                         ","0.00000",,"Petroleum","ATP","Commercial","UST","True","Leaks and Spills",941,"4918",,"","217",6858
2001.576,"C",KM,11/6/2001,2/25/2002,True,"ATP - USD Newman Center","University of South Dakota (USD)","320 East Cherry Street",Vermillion,57069,Clay,42.7873726,-96.92639,,,,"","0.00","","fuel oil                                          ","0.00000",,"Petroleum","ATP","Public","UST","False","Leakage",417,"4349",,"","207",6859
2001.577,"C",KM,11/6/2001,2/25/2002,True,"ATP - Former Oden Implement","Woody Houser","1222 West Cherry Street",Vermillion,57069,Clay,42.7858963,-96.94979,92N,52W,14,"SE","0.00","","Petroleum                                         ","0.00000",,"Petroleum","ATP","Commercial","UST","True","Leakage",1185,"5092",,"","207",6860
2001.578,"NFA",KM,11/6/2001,3/6/2003,True,"ATP - Irene City Hall","City of Irene","110 Till Avenue",Irene,57037,Clay,43.082592,-97.1602,,,,"","0.00","","fuel oil                                          ","0.00000",,"Petroleum","ATP","Public","UST","False","Corrosion",666,"4603",,"","217",6861
2001.579,"NFA",KM,11/6/2001,2/28/2003,True,"ATP - Mount Farms","William Mount","31313 456th Avenue",Meckling,57044,Clay,42.84982,-97.08325,93N,53W,27,"NE","0.00","","Petroleum                                         ","0.00000",,"Petroleum","ATP","Agricultural","UST","False","Leaks and Spills",526,"4454",,"","217",6862
2001.580,"C",KM,11/6/2001,8/23/2002,True,"ATP - Walraven Farm","Warren Walraven","45589 Cottonwood Street",Meckling,57044,Clay,42.8439369,-97.0843658,93N,63W,27,"SE","0.00","","Petroleum                                         ","0.00000",,"Petroleum","ATP","Agricultural","UST","False","Leakage",718,"4665",,"","207",6863
2001.581,"NFA",KM,11/6/2001,1/29/2003,True,"ATP - Becker Farm","Marlin Becker","31310 459th Avenue",Meckling,57044,Clay,42.8499374,-97.0219345,93N,52W,29,"NW","0.00","","Petroleum                                         ","0.00000",,"Petroleum","ATP","Agricultural","UST","False","Corrosion",1382,"5316",,"","217",6864
2001.582,"C",KM,11/6/2001,2/25/2002,True,"ATP - Stewart Oil and Tire Station","Todd Stewart","426 East Cherry Street",Vermillion,57069,Clay,42.7870865,-96.9251556,92N,52W,13,"NE","0.00","","Petroleum                                         ","0.00000",,"Petroleum","ATP","Commercial","UST","True","Leakage",1242,"5176",,"","207",6865
2001.583,"NFA",KH,11/6/2001,5/30/2003,True,"ATP - Nelsen Construction","Betty Nelsen","1030 Ratingen Strasse",Vermillion,57069,Clay,42.79022,-96.92495,,,,"","0.00","","Petroleum                                         ","0.00000",,"Petroleum","ATP","Commercial","UST","True","Corrosion",1351,"5284",,"","217",6866
2001.586,"NFA",KM,11/6/2001,5/9/2003,True,"ATP - Austin Elementary School","Vermillion School District","300 High Street",Vermillion,57069,Clay,42.7829475,-96.93572,,,,"","0.00","","fuel oil                                          ","0.00000",,"Petroleum","ATP","Public","UST","False","Corrosion",1054,"4786",,"","217",6869
2002.041,"C",LAS,4/18/2002,9/8/2003,True,"Transport Ammonia Spill","Beresford Farmers Elevator","2 mi W of Hwy 19 and 315th St intersection",Vermillion,57069,Clay,42.8227654,-96.97499,,,,"","0.00","","Anhydrous Ammonia                                 ","470.00000",gallons,"Agri Chem","Other(See Case File)","Agricultural","Nurse Tank","False","Overturned",,"null",,"","232",7322
2002.340,"NFA",KM,12/18/2002,5/9/2003,True,"ATP -  Cottonwood Productions","Doug & Judi Sharples","401 1st Street",Wakonda,57073,Clay,43.0097,-97.10687,,,,"","0.00","","gasoline                                          ","0.00000",,"Petroleum","ATP","Commercial","UST","True","Leakage",2030,"5979",,"","217",7621
2003.071,"C",BM,5/20/2003,9/8/2003,True,"CO-OP - Fertilizer Spill","Farmers CO-OP Society","3 miles west and 1/2 mile north of Spink",Spink,57025,Clay,42.855,-96.8065,,,,"","0.00","","liquid fertilizer                                 ","3000.00000",gallons,"Agri Chem","Other(See Case File)","Other(See Case File)","Transport Trailer","False","Transport Accident",,"null",03DM052002,"","231,232",7718
2003.147,"NFA",KM,9/4/2003,7/10/2008,True,"Vermillion Fertilizer - Dry Loadout Site","Vermillion Fertilizer","806 West Broadway Street",Vermillion,57069,Clay,42.77795,-96.9441147,92N,52W,23,"NE","0.00","","Fertilizer, Pesticide                            ","0.00000",,"Agri Chem","Other(See Case File)","Commercial","Bulk Chemical","False","Handling",,"null",,"","257",7794
2003.148,"NFA",KM,9/4/2003,7/10/2008,True,"Vermillion Fertilizer - Liquid Fertilizer Storage","Vermillion Fertilizer","NE corner of Chestnut and 12th Street",Vermillion,57069,Clay,42.7778854,-96.9379044,92N,52W,24,"NW","0.00","","fertilizer                                        ","0.00000",,"Agri Chem","Other(See Case File)","Commercial","AST","False","Leakage",,"6777",,"","257",7795
2003.149,"C",KM,2/15/2003,9/11/2003,True,"Vermillion Fertilizer - Sprayer Leak","Vermillion Fertilizer","Mockler Farm - Highway 50 and 469th Avenue",Junction City,57069,Clay,42.7870522,-96.82559,,,,"","0.00","","Agri Chem                                         ","0.00000",,"Agri Chem","Other(See Case File)","Agricultural","Sprayer","False","Leakage",,"null",,"","224,",7796
2003.176,"C",LAS,10/27/2003,6/29/2005,True,"Fertilizer Spill","TKS Trucking","SW @ Timber Road & Highway 19",Vermillion,57069,Clay,42.7865143,-96.9681244,,,,"","0.00","","Ammonium thiosulfate                              ","50.00000",gallons,"Agri Chem","Other(See Case File)","Other(See Case File)","Transport Trailer","False","Transport Accident",,"null",,"","239",7823
2003.196,"C",MH,11/17/2003,5/21/2009,True,"Richard Sunde Property","Mid America Energy - Craig Parker","203 South University Street",Vermillion,57069,Clay,42.77725,-96.92471,,,,"","0.00","","mercury                                           ","1.00000", drop,"Chemical","Other(See Case File)","Residential","Regulator","False","Leakage",,"null",,"","264",7843
2004.012,"C",JF,8/27/2003,6/23/2004,True,"Elemental Mercury Leak - Mid America ","Mid America Energy","424 E. Lewis Street",Vermillion,57078,Clay,42.77558,-96.92504,,,,"","0.00","","Elemental Mercury                                 ","1.00000",mg,"Chemical","Other(See Case File)","Residential","Regulator","False","Leakage",,"null",,"","238,252",7897
2004.013,"C",JF,8/26/2003,3/28/2008,True,"Elemental Mercury Leak - Mid America / Vermillion -(Fostvedt)","Mid America Energy","115 Harvard Street",Vermillion,57069,Clay,42.78098,-96.92721,,,,"","0.00","","Elemental Mercury                                 ","1.00000",mg,"Chemical","Other(See Case File)","Residential","Regulator","False","Leakage",,"null",,"","256",7898
2004.074,"C",RL,5/12/2004,12/8/2004,True,"Fertilizer Spill","Kip Lammers","461st Avenue (between 302 & 303 Streets)",Wakonda,57073,Clay,43.0055046,-96.9824142,,,,"","0.00","","Fertilizer 10-34-0                                ","100.00000",gal,"Agri Chem","Other(See Case File)","Agricultural","Spray Tank","False","Damage",,"null",04S051215,"","236,239",7959
2004.110,"C",JF,6/28/2004,2/1/2005,True,"Mercury Spill - Apartment Building - Vermillion","Mid America Energy","5 North University Street",Vermillion,57069,Clay,42.77965,-96.9239349,,,,"","0.00","","Mercury                                           ","0.00000",,"Chemical","Other(See Case File)","Residential","Equipment","False","Leakage",,"null",,"","242",7995
2004.112,"C",KM,6/30/2004,2/22/2007,True,"Tank in Street - City of Vermillion","City of Vermillion","SW edge of E Cedar & University",Vermillion,57069,Clay,42.781414,-96.92471,,,,"","0.00","","Petroleum                                         ","0.00000",,"Petroleum","Other(See Case File)","Public","UST","False","No Release",,"null",,"","252",7997
2004.178,"C",RL,11/9/2004,11/24/2004,True,"Transport Accident - Knutson Grain Truck","Lowell Knutson","1919 W Cherry (along track railbed)",Vermillion,57069,Clay,42.7853622,-96.9612045,,,,"","0.00","","Diesel                                            ","100.00000",gal,"Petroleum","Other(See Case File)","Other(See Case File)","Truck Tank","False","Transport Accident",,"null",,"","236",8063
2005.085,"C",BM,5/12/2005,6/29/2005,True,"Transport Spill","C&H Heavy Duty Specialists","500' West of 317th Street & Greenfield Rd intersection.",Vermillion,57069,Clay,42.7937355,-96.84772,,,,"","0.00","","Diesel                                            ","0.00000",,"Petroleum","Other(See Case File)","Other(See Case File)","Truck Tank","False","Damage",,"6971",,"","239",8179
2005.135,"NFA",TK,7/5/2005,4/3/2009,True,"Mercury Release - Cliff H. Summers Property","MidAmerican Energy Company","611 E Main Street",Vermillion,57069,Clay,42.7792,-96.9221344,,,,"","0.00","","Elemental Mercury                                 ","0.00000",,"Chemical","Other(See Case File)","Residential","Switch","False","Equipment Failure",,"null",,"","263",10296
2005.136,"NFA",TK,7/5/2005,11/4/2008,True,"Mercury Release - Carey's Bar - Maloney Property","MidAmerican Energy Company","18 & 20 West Main",Vermillion,57069,Clay,42.7792358,-96.93337,,,,"","0.00","","Elemental Mercury                                 ","0.00000",,"Chemical","Other(See Case File)","Commercial","Switch","False","Equipment Failure",,"null",,"","263",10297
2005.137,"NFA",TK,7/5/2005,11/4/2008,True,"Mercury Release - Packard Property","MidAmerican Energy Company","22 West Bloomingdale",Vermillion,57069,Clay,42.77744,-96.93302,,,,"","0.00","","Elemental Mercury                                 ","0.00000",,"Chemical","Other(See Case File)","Residential","Switch","False","Equipment Failure",,"null",,"","263",10298
2005.138,"NFA",TK,7/5/2005,11/4/2008,True,"Mercury Release - Rognstad Property","MidAmerican Energy Company","415 Canby Street",Vermillion,57069,Clay,42.7740479,-96.92545,,,,"","0.00","","Elemental Mercury                                 ","0.00000",,"Chemical","Other(See Case File)","Residential","Switch","False","Equipment Failure",,"null",,"","263",10299
2005.139,"NFA",TK,7/5/2005,11/4/2008,True,"Mercury Release - Wingo Property","MidAmerican Energy Company","226 High Street",Vermillion,57069,Clay,42.7823372,-96.93542,,,,"","0.00","","Elemental Mercury                                 ","0.00000",,"Chemical","Other(See Case File)","Residential","Switch","False","Equipment Failure",,"null",,"","263",10300
2005.178,"C",RL,9/6/2005,9/20/2005,True,"Paint Spill - Masaba Mining Equipment","Masaba Mining Equipment","Hwy 50 Bypass & Crawford Road",Vermillion,57069,Clay,42.78965,-96.9058151,,,,"","0.00","","Acrylic Paint                                     ","25.00000",gal,"Other(See Case File)","Other(See Case File)","Other(See Case File)","Containers","False","Unsecured",,"null",,"","240",10341
2005.215,"C",RL,10/9/2005,11/21/2005,True,"Disposal - Cranberry Juice Concentrate","Lewis & Clark Warehouse","1322 E. Cherry Street",Vermillion,57069,Clay,42.78798,-96.9112854,,,,"","0.00","","Cranberry Juice Concentrate                       ","2000.00000",gal,"Other(See Case File)","Other(See Case File)","Commercial","Drums","False","Handling",,"null",,"","242",10382
2006.175,"NFA",TK,11/20/2006,11/4/2008,True,"Elemental Mercury Release - Pipeline Border Station","MidAmerica Energy","1103 317th Street",Vermillion,57069,Clay,42.7935257,-96.9148,92N,51W,18,"NE","0.00","","Elemental Mercury                                 ","1.00000",teaspoon,"Chemical","Other(See Case File)","Industrial","Equipment","False","Equipment Failure",,"null",,"","263",10627
2007.053,"NFA",NS,5/4/2007,7/15/2009,True,"Contaminated Soils - City Hall Site","City of  Vermillion","SW corner of National & Elm Street",Vermillion,57069,Clay,42.7803535,-96.93133,,,,"","0.00","","Petroleum                                         ","0.00000",,"Petroleum","Aquifer","Other(See Case File)","Unknown(See Case File)","False","Unknown",,"7180",,"","266",10892
2007.067,"NFA",BM,5/30/2007,9/25/2009,True,"Magna Grow - Fertilizer Spill","Magna Grow","East side of Hwy 50 & 454th Ave. Intersection",Meckling,57044,Clay,42.8667679,-97.1219254,,,,"","0.00","","liquid fertilizer                                 ","1500.00000",gallons,"Agri Chem","Other(See Case File)","Other(See Case File)","Transport Trailer","False","Transport Accident",,"null",,"","268",10907
2007.069,"NFA",BM,6/5/2007,9/25/2009,True,"Runrite Freight Transport Event","Runrite Freight Systems, Inc.","Highway 50 & 454th Ave.",Meckling,57044,Clay,42.8666344,-97.12202,,,,"","0.00","","Diesel                                            ","40.00000",gallons,"Petroleum","Other(See Case File)","Other(See Case File)","Truck Tank","False","Transport Accident",,"null",,"","268",10909
2007.101,"C",RL,7/18/2007,5/23/2008,True," Vermillion Fertilizer - Complaint","Plains Ag Service","806 West Broadway Street",Vermillion,57069,Clay,42.77824,-96.9448242,,,,"","0.00","","Fertilizer                                        ","0.00000",,"Agri Chem","Other(See Case File)","Commercial","Bulk Chemical","False","Handling",,"null",07S071822,"","257",10946
2007.123,"C",BM,8/21/2007,9/24/2007,True,"Overturned Transport","JEBRO - Chad Anderson","2 miles E. of Vermillion on Hwy 50 West",Vermillion,57069,Clay,42.78631,-96.8695,,,,"","0.00","","Road Oil                                          ","2000.00000",gallons,"Oil","Other(See Case File)","Other(See Case File)","Transport Trailer","False","Transport Accident",,"null",,"","255",10970
2008.074,"NFA",MH,5/6/2008,2/18/2009,True,"Overturned Tank - Armstrong  Property","Riley Armstrong","46696 317th Street",Vermillion,57069,Clay,42.7940254,-96.86637,,,,"","0.00","","Diesel                                            ","100.00000",gallons,"Petroleum","Other(See Case File)","Agricultural","AST","False","Overturned",,"null",,"","263",11157
2008.092,"C",MH,5/21/2008,9/29/2008,True,"Contaminated Soils - Utility Project","SD Department of Transportation (SD DOT)","Cherry Street",Vermillion,57069,Clay,42.78666,-96.9199753,,,,"","0.00","","Petroleum                                         ","0.00000",,"Petroleum","Other(See Case File)","Commercial","Off Site Source","False","Unknown",,"null",,"","259",11176
2008.143,"NFA",RL,7/28/2008,12/5/2013,True,"Tank Fitting Failure - Plains Ag","Plains Ag Service","NE Corner of Chestnut & 12th",Vermillion,57069,Clay,42.77793,-96.93801,92,51W,19,"","0.00","","Nitrates                                          ","1850.00000",gallons,"Combined(See Case File)","Other(See Case File)","Commercial","AST","False","Leakage",,"7405",08S072820,"","295, 296",11229
2008.188,"NFA",KM,9/23/2008,4/25/2018,True,"Peterson Complaint - Crushing at Denny's Auto Body","Alledged - Peterson Auto Crushing","31390 Meckling Road",Meckling,57044,Clay,42.8399849,-97.07019,,,,"","0.00","","Automotive Fluids                                 ","0.00000",,"Combined(See Case File)","Other(See Case File)","Commercial","Salvage Inventory","False","Handling",,"null",,"","",11280
2008.236,"C",KM,9/23/2008,2/25/2015,True,"Peterson Complaint - Former Allied Mfg","Scott Peterson - Peterson Auto Crushing","E. Cherry Street",Vermillion,57069,Clay,42.78783,-96.91455,,,,"","0.00","","petroleum - automotive fluids                     ","0.00000",,"Combined(See Case File)","Other(See Case File)","Other(See Case File)","Salvage Inventory","False","Handling",,"null",,"","297,299",11343
2009.095,"NFA",RL,7/16/2009,8/10/2009,True,"Fertilizer Spill - Tender Tank Overflow","Bruce Mockler","3304 East SD Highway 50",Vermillion,57069,Clay,42.78683,-96.87999,92N,51W,16,"NW","0.00","","Liquid Fertilizer                             ","100.00000",gal,"Agri Chem","Other(See Case File)","Agricultural","Transport Tank","False","Overfill",,"null",09N071621,"","266",11457
2010.022,"C",RL,2/26/2010,5/5/2010,True,"Mercury - Akeley Science Center","University of South Dakota (USD)","414 East Clark",Vermillion,57069,Clay,42.7842331,-96.9286041,,,,"","0.00","","Mercury                                           ","0.00000",,"Chemical","Other(See Case File)","Public","Drain System","False","Leakage",,"null",,"","274",11607
2010.068,"NFA",BM,4/30/2010,6/8/2010,True,"USD Music Museum Propylene Glycol spill","University of South Dakota (USD)","Corner of Clark and Yale - USD  Campus",Vermillion,57059,Clay,42.7829628,-96.926384,,,,"","0.00","","propylene glycol                                  ","200.00000",gallons,"Chemical","Other(See Case File)","Other(See Case File)","Operating System","False","Equipment Failure",,"null",,"","274",11654
2010.158,"C",BM,8/2/2010,7/12/2011,True,"USD Power Plant  (also 98.366)","University of South Dakota","Campus Drive (Generator Plant)",Vermillion,57069,Clay,42.78488,-96.9253,,,,"","0.00","","Petroleum                                         ","0.00000",,"Petroleum","Other(See Case File)","Public","Equipment","False","Leaks and Spills",,"7533",,"","280",11748
2010.193,"NFA",ML,9/13/2010,9/13/2010,True,"CERCLIS - Grain Bin Site","US Department of Agriculture","West Chestnut Street",Vermillion,57069,Clay,42.77836,-96.94074,,,,"","0.00","","Agri Chem                                         ","0.00000",,"Agri Chem","CERCLIS","Industrial","Containers","False","Handling",,"null",,"","276",11791
2011.043,"NFA",JOL,3/28/2011,4/20/2011,True,"Tank Removals - Science Labs","University of South Dakota","Between Churchill-Haines & Pardee Labs",Vermillion,57069,Clay,42.78421,-96.92621,92,52,13,"","0.00","","white gasoline                                    ","0.00000",,"Petroleum","Other(See Case File)","Other(See Case File)","UST","True","Leakage",,"null",,"","279",11945
2011.068,"C",TK,5/5/2011,2/24/2012,True,"Terry Lee Jensen Ammonia Spill","Terry Lee Jensen","New Dale Street",New Dale,57004,Clay,42.9769859,-96.83589,94N,51W,11,"NE","0.00","","Anhydrous Ammonia                                 ","800.00000",gal,"Agri Chem","Other(See Case File)","Agricultural","Nurse Tank","False","Disconnected Hose ",,"null",11S050504,"","284",11970
2011.119,"NFA",RL,6/30/2011,8/16/2011,True,"Transport Tank Leak","Valley Ag Supply","455 Avenue & 306 Street (beginning)",Volin,57072,Clay,42.95337,-97.1015854,,,,"","0.00","","Liquid Fertilizer                                 ","300.00000",gallons,"Agri Chem","Other(See Case File)","Other(See Case File)","Transport Trailer","False","Transport Accident",,"null",11N070116,"","280",12032
2012.146,"C",RL,7/12/2012,7/18/2012,True,"Aqueous Ammonia Spill - Lewis & Clark Treatment Plant","Foley Company","Hwy 19, 2.5 miles N of Vermillion",Vermillion,57069,Clay,42.82867,-96.94991,,,,"","0.00","","Aqueous Ammonia                                   ","0.00000",,"Chemical","Other(See Case File)","Industrial","Operating System","False","Operational Error",,"null",,"","288",12412
2013.069,"C",SB,5/6/2013,10/7/2013,True,"Inventory Loss - Pump N Pak","Sunset Oil Inc.","629 Stanford St (SE at Stanford & W Cherry)",Vermillion,57069,Clay,42.7860069,-96.9482956,,,,"","0.00","","Gasoline                                          ","1200.00000",,"Petroleum","Other(See Case File)","Commercial","UST","True","No Release",,"7810",,"","299",12629
2013.122,"NFA",MSB,6/25/2013,6/29/2023,True,"LUST Trust  - Vermillion","Unknown","Intersection of Main St & Dakota Ave",Vermillion,57069,Clay,42.77947,-96.92908,,,,"","0.00","","Petroleum                                         ","0.00000",,"Petroleum","Lust Trust","Other(See Case File)","UST","True","Unknown",,"null",,"","",12685
2014.097,"C",RL,5/22/2014,5/23/2014,True,"Suspected Agrichem Spill - Roadway Surface","Unknown","Jetley Park Rd (455 ave to 44541 Jetley Park Rd)",Meckling,57044,Clay,42.8299522,-97.09383,,,,"","0.00","","unknown agrichem                                  ","0.00000",,"Agri Chem","Other(See Case File)","Other(See Case File)","Unknown(See Case File)","False","Spillage",,"null",,"","297",13025
2014.201,"NFA",SB,9/23/2014,12/10/2014,True,"Generator Line Leak - Dakota Dome","University of South Dakota","N Dakota Street",Vermillion,57069,Clay,42.7914658,-96.92862,,,,"","0.00","","Diesel                                            ","0.00000",,"Petroleum","Other(See Case File)","Other(See Case File)","UST","True","Line Leak",,"8014",,"","298",13136
2014.275,"NFA",GMS,12/11/2014,10/5/2016,True,"Impacted Groundwater - USD School of Law Bldg","University of South Dakota","East Cherry Street",Vermillion,57069,Clay,42.786396,-96.92812,,,,"null","null","null","Glycol                                            ","null",,"Chemical","Other(See Case File)","Other(See Case File)","Operating System","False","Leakage",,"null",,"null","null",13233
2016.133,"NFA",RL ,7/14/2016,9/28/2016,True,"Agrichem Spill - Damaged Sprayer Tank","Harlan Knutson","approx  46415  301st  Street",Beresford,57004,Clay,43.0256844,-96.92017,,,,"null","null","null","Agri Chem                                         ","600.00000",gallons,"Agri Chem","Other(See Case File)","Other(See Case File)","Spray Tank","False","Damage",,"null",16L071420,"null","null",13722
2017.142,"C",TF ,8/7/2017,8/7/2017,True,"ATP - Dakota Hospital","Dakota Hospital Foundation","20 South Plum Street",Vermillion,57069,Clay,42.7782326,-96.9195862,,,,"null","null","null","Diesel                                            ","null",,"Petroleum","ATP","Other(See Case File)","UST","False","Spillage",3596,"8313",,"null","null",14079
2017.170,"NFA",SB ,9/7/2017,3/1/2019,True,"Wakonda Water Project  (LUST Trust)","Unknown","Alley adjacent to city water tower",Wakonda,57073,Clay,43.0079346,-97.10555,,,,"null","null","null","Petroleum                                         ","null",,"Petroleum","Lust Trust","Public","Unknown(See Case File)","True","Unknown",,"null",,"null","null",14113
2017.214,"NFA",KF ,12/5/2017,6/20/2019,True,"ATP - Logue Property","Charles Logue","219 Ohio Street",Wakonda,57073,Clay,43.0076752,-97.10593,,,,"null","null","null","Gasoline                                          ","null",,"Petroleum","ATP","Commercial","UST","True","Corrosion",3608,"8339",,"null","null",14160
2018.029,"NFA",KN ,2/28/2018,10/9/2019,True,"Transport Accident - Dizco Inc.","Dizco Inc.","Hwy 50, ~MM412, west bound ditch",Vermillion,57069,Clay,42.7865143,-96.88853,92N,51W,17,"SE","null","null","Diesel                                            ","50.00000",gallons,"Petroleum","Other(See Case File)","Other(See Case File)","Truck Tank","False","Damage",,"null",,"null","null",14207
2019.090,"C",PDM,6/7/2019,7/12/2019,True,"Diesel Release - Transport Accident - Vermillion","Dave Brunick","31640 Greenfield Road",Vermillion,57069,Clay,42.8041039,-96.8659744,,,,"null","null","null","Diesel                                            ","40.00000",gallons,"Petroleum","Other(See Case File)","Public","Fuel Tank","False","Transport Accident",,"null",,"null","null",14525
2019.138,"NFA",JAM,8/3/2019,12/12/2019,True,"Diesel Release - Transport Accident - Meckling","Landforce Corporation","SD Highway 50 West, between 455th and 313th Streets",Meckling,57069,Clay,42.85422,-97.094574,93N,53W,22,"SW","null","null","Diesel                                            ","130.00000",Gallons,"Petroleum","Other(See Case File)","Public","Saddle Tank","False","Transport Accident",,"null",,"null","null",14576
2019.204,"C",JAM,11/8/2019,8/3/2020,True,"Fire Event - Motor Oil Totes","Adam Skogsberg","30857 463rd Avenue",Vermillion,57069,Clay,42.9157143,-96.94522,,,,"null","null","null","Used Motor Oil                                    ","100.00000",gallons,"Oil","Other(See Case File)","Agricultural","Tote","False","Fire Event",,"null",,"null","null",14651
2020.028,"NFA",NS ,4/2/2020,7/9/2020,True,"Redevelopment - Vermillion Vision","Mark Christensen","120 West Main Street",Vermillion,57069,Clay,42.7792435,-96.93515,,,,"null","null","null","TCE                                               ","null",,"Other(See Case File)","Other(See Case File)","Commercial","Structure","False","Past Practices",,"null",,"null","null",14716
2021.155,"C",SB ,9/27/2021,10/5/2021,True,"UST Removal - Vermillion Fleet and Travel","South Dakota Department of Transportation","1005 North Crawford Road",Vermillion,57069,Clay,42.7896652,-96.9045944,,,,"null","null","null","Gasoline","null",,"Petroleum","Other(See Case File)","Other(See Case File)","UST","True","Leaks and Spills",,"8552",,"null","null",15074
2021.186,"C",GK,11/9/2021,8/24/2022,True,"Vermillion Collision","Unknown","31383 SD HWY 19",Vermillion,57069,Clay,42.8399277,-96.95418,,,,"null","null","null","Diesel                                            ","200.00000",gallons,"Petroleum","Other(See Case File)","Public","Saddle Tank","False","Accident",,"null",,"null","null",15108
2022.168,"NFA",JPA,10/13/2022,1/30/2024,True,"ATP - Vermillion Middle School","Vermillion School District","422 Princton Street",Vermillion,57069,Clay,42.78387,-96.9405746,,,,"null","null","null","Diesel                                            ","null",,"Petroleum","ATP","Public","UST","False","Leaks and Spills",3772,"8632",,"null","null",15323
2023.002,"O",NS ,1/3/2023,,True,"Brownfields - Clay County Court House","Clay County","211 West Main Street",Vermillion,57069,Clay,42.7797928,-96.93574,,,,"null","null","null","Asbestos                                          ","null",,"Other(See Case File)","Brownfields","Public","Construction Materials","False","Past Practices",,"null",,"null","null",15382
2023.070,"NFA",JAM,6/7/2023,12/18/2023,True,"Trailer Rollover Growmark","Growmark","31207 457th Avenue",Meckling,57069,Clay,42.8656654,-97.06252,,,,"null","null","null","Agri Chem                                         ","null",,"Agri Chem","Other(See Case File)","Agricultural","Tote","False","Transport Accident",,"null",,"null","null",15459
2023.089,"C",SB ,7/13/2023,7/27/2023,True,"UST Removal - Speedee Mart","Skogen Inc.","802 East Cherry Street",Vermillion,57069,Clay,42.7868958,-96.9193649,,,,"null","null","null","Gasoline                                          ","null",,"Petroleum","Other(See Case File)","Commercial","UST","True","Leaks and Spills",,"8490",,"null","null",15480
2023.091,"NFA",SB ,7/19/2023,10/24/2023,True,"UST Removal - Coyote C Store","Coyote Convenience","116 East Cherry Street",Vermillion,57069,Clay,42.7868576,-96.92951,,,,"null","null","null","Gasoline","null",,"Petroleum","Other(See Case File)","Commercial","UST","True","Leaks and Spills",,"8671",,"null","null",15482
2023.143,"C",GK,10/6/2023,1/4/2024,True,"Bluffs Golf Course Fuel","Vermillion Parks & Rec","2021 E Main Street",Vermillion,57069,Clay,42.7737579,-96.9044952,,,,"null","null","null","Gasoline                                          ","20.00000",gallons,"Petroleum","Other(See Case File)","Public","AST","False","Leaks and Spills",,"null",,"null","null",15540
2023.184,"O",MJP,12/15/2023,,True,"Brownfields - Jolley Elementary","City of Vermillion","224 South University Street",Vermillion,57069,Clay,42.7762871,-96.9237061,,,,"null","null","null","Asbestos                                          ","null",,"Other(See Case File)","Brownfields","Public","Construction Materials","False","Past Practices",,"null",,"null","null",15584
2024.036,"C",MJP,3/1/2024,4/24/2024,True,"Semi Car Accident","Angela Jackson","Intersection of Hwy 50 & Crawford Road",Vermillion,57069,Clay,42.78952,-96.90584,,,,"null","null","null","Petroleum                         ","200.00000",Gallons,"Petroleum","Other(See Case File)","Public","Transportation","False","Accident",,"null",,"null","null",15629
9999.003,"W",,,,True,"Withdrawn ATP - Anderson Produce (See 2017.214)","Charles Logue","219 Ohio Street",Wakonda,57073,Clay,43.0076866,-97.10592,,,,"","0.00","","                                                  ","0.00000",,"Other(See Case File)","Withdrawn ATP","Commercial","Other(See Case File)","False","null",53,"3984",,"","249",10658
9999.007,"W",,,,True,"Withdrawn ATP - Standard Oil Station","Mark Meyers","120 W Main Street",Vermillion,57069,Clay,42.7791367,-96.93512,,,,"","0.00","","                                                  ","0.00000",,"Other(See Case File)","Withdrawn ATP","Commercial","Other(See Case File)","False","null",69,"3999",,"","249",10662
9999.040,"W",,,,True,"Withdrawn ATP - Logue Property (See 2017.214)","Charles Logue","219 Ohio Street",Wakonda,57073,Clay,43.0076866,-97.10591,,,,"","0.00","","                                                  ","0.00000",,"Other(See Case File)","Withdrawn ATP","Other(See Case File)","Other(See Case File)","False","null",661,"4575",,"","249",10695
9999.052,"W",,,,True,"Withdrawn ATP - Leo Minkes Garage","Harlowe Hatle","808 West Main",Vermillion,57069,Clay,42.77955,-96.9435654,,,,"","0.00","","                                                  ","0.00000",,"Other(See Case File)","Withdrawn ATP","Commercial","Other(See Case File)","False","null",940,"4919",,"","249",10708
9999.073,"W",,,,True,"Withdrawn ATP - Schmidt Property","SD Game Fish & Parks  SD GF&P","31199 Hwy 19",Vermillion,57069,Clay,42.8671379,-96.9550552,,,,"","0.00","","                                                  ","0.00000",,"Other(See Case File)","Withdrawn ATP","Other(See Case File)","Other(See Case File)","False","null",1168,"5126",,"","249",10729
9999.075,"W",,,,True,"Withdrawn ATP - Sioux Hay Mills","Meadow Land Hay & Feed","45568 313rd St & E Hwy 50",Meckling,57044,Clay,42.852478,-97.08926,,,,"","0.00","","                                                  ","0.00000",,"Other(See Case File)","Withdrawn ATP","Commercial","Other(See Case File)","False","null",1182,"5089",,"","249",10731
9999.129,"W",,,,True,"Withdrawn ATP - Mart Auto Body","Larry Mart","1122 W Main Street",Vermillion,57069,Clay,42.78139,-96.9485855,,,,"","0.00","","                                                  ","0.00000",,"Other(See Case File)","Withdrawn ATP","Commercial","Other(See Case File)","False","null",1859,"5795",,"","249",10789
9999.143,"W",,,,True,"Withdrawn ATP - McCahren Property","Lee McCahren","114 N University",Vermillion,57069,Clay,42.7806664,-96.92448,,,,"","0.00","","                                                  ","0.00000",,"Other(See Case File)","Withdrawn ATP","Residential","Other(See Case File)","False","null",2266,"6203",,"","249",10803
9999.273,"W",,,,True,"Withdrawn ATP - Warren M. Lee Center for Fine Arts","University of South Dakota","801 N University Street",Vermillion,57069,Clay,42.7882957,-96.92295,,,,"null","null","null","null","null",,"Other(See Case File)","Withdrawn ATP","Other(See Case File)","UST","False","null",3618,"8353",,"null","null",14232
9999.278,"W",   ,7/9/2020,,True,"Withdrawn ATP - Town Square Apartments","Lewis Weinberg","505 West Main Street",Vermillion,57069,Clay,42.780014,-96.93965,,,,"null","null","null","Fuel Oil                 ","null",,"Petroleum","Withdrawn ATP","Commercial","UST","False","No Tank Found",3678,"8471",,"null","null",14788
91023.000,"C",DM,12/5/1991,12/5/1991,True,"USD - Fleet Dispatch and Service Center","University of South Dakota (USD)","USD - Fleet Dispatch",Vermillion,57069,Clay,42.7892036,-96.92016,,,,"","0.00","","                                                  ","0.00000",,"Other(See Case File)","Clean Site","Public","UST","True","No Release",,"null",,"","",8311
92076.000,"C",BL,1/29/1992,2/11/1992,True,"USD - Fleet Dispatch","University of South Dakota (USD)","USD - Fleet Dispatch",Vermillion,57069,Clay,42.7893143,-96.92022,92N,52W,18,"","0.00","","                                                  ","0.00000",,"Other(See Case File)","Clean Site","Public","UST","True","No Release",,"1993",,"","",8439
93010.000,"C",GS,10/4/1993,10/4/1993,True,"Vermillion Municipal Airport","City of Vermillion","Vermillion Municipal Airport",Vermillion,57069,Clay,42.7640877,-96.92874,,,,"","0.00","","                                                  ","0.00000",,"Other(See Case File)","Clean Site","Other(See Case File)","UST","True","No Release",,"2510",,"","",8456
93011.000,"C",GS,10/4/1993,10/4/1993,True,"Vermillion Waste Water Treatment Plant","City of Vermillion","Vermillion Waste Water Treatment Plant",Vermillion,57069,Clay,42.7625542,-96.91901,,,,"","0.00","","                                                  ","0.00000",,"Other(See Case File)","Clean Site","Public","UST","True","No Release",,"2509",,"","",8457
97022.000,"C",NS,9/2/1997,7/29/1998,True,"Irene School District - bus garage","Irene School District","Irene Bus Garage",Irene,57037,Clay,43.0849266,-97.15737,,,,"","0.00","","                                                  ","0.00000",,"Other(See Case File)","Clean Site","Public","UST","True","No Release",,"null",,"","",8650
97023.000,"C",RC,9/8/1997,9/11/1997,True,"Irene School (see 97022)","Irene School District","Irene School",Irene,57037,Clay,43.08487,-97.15723,,,,"","0.00","","                                                  ","0.00000",,"Other(See Case File)","Clean Site","Public","UST","False","No Release",,"3213",,"","",8651
99012.000,"C",TF,3/16/1999,4/17/2002,True,"Pump N Stuff","Pump N Stuff - Dave Lockwood","South Highway 46 and Till Avenue",Irene,57037,Clay,43.0830841,-97.1603546,,,,"","0.00","","                                                  ","0.00000",,"Other(See Case File)","Clean Site","Commercial","UST","True","No Release",,"3513",,"","225,",8745
2001403.000,"C",KM,11/6/2001,12/7/2001,True,"Clean ATP - Former Phil Anderson Farm","Kenneth Renner","46572 316th Street",Vermillion,57069,Clay,42.80951,-96.89122,,,,"","0.00","","                                                  ","0.00000",,"Other(See Case File)","ATP","Agricultural","UST","False","No Release",611,"4541",,"","204",9267
2001463.000,"C",KM,11/6/2001,12/7/2001,True,"Clean ATP - Wendell Schneider Farm","Marie Arneson","45584 304th Street",Wakonda,57073,Clay,42.98321,-97.0846939,,,,"","0.00","","                                                  ","0.00000",,"Other(See Case File)","ATP","Agricultural","UST","False","No Release",461,"4403",,"","204",9327
2001464.000,"C",KM,11/6/2001,12/7/2001,True,"Clean ATP - Nelson Farm","Michael R. Nelson","45710 300th Street",Wakonda,57073,Clay,43.04032,-97.05974,,,,"","0.00","","                                                  ","0.00000",,"Other(See Case File)","ATP","Agricultural","UST","False","No Release",958,"5047",,"","204",9328
2001465.000,"C",KM,11/6/2001,12/7/2001,True,"Clean ATP - Larsen Farm","Thomas Larsen","30491 Frog Creek Road",Wakonda,57073,Clay,42.9697762,-97.02463,,,,"","0.00","","                                                  ","0.00000",,"Other(See Case File)","ATP","Agricultural","UST","False","No Release",1053,"4785",,"","204",9329
2001466.000,"C",KM,11/6/2001,12/7/2001,True,"Clean ATP - Anderson Farm","Willard Anderson","30538 457th Avenue",Wakonda,57073,Clay,42.96247,-97.06009,,,,"","0.00","","                                                  ","0.00000",,"Other(See Case File)","ATP","Agricultural","UST","False","No Release",642,"4574",,"","204",9330
2001467.000,"C",KM,11/6/2001,12/7/2001,True,"Clean ATP - Davidson Property","Casey Davidson","524 West Main Street",Vermillion,57069,Clay,42.7792,-96.94021,,,,"","0.00","","                                                  ","0.00000",,"Other(See Case File)","ATP","Residential","UST","False","No Release",2041,"5993",,"","205",9331
2001468.000,"C",KM,11/6/2001,12/7/2001,True,"Clean ATP - Simons Property","Kal Simons","1421 North University Road",Vermillion,57069,Clay,42.79437,-96.92245,,,,"","0.00","","                                                  ","0.00000",,"Other(See Case File)","ATP","Agricultural","UST","False","No Release",1672,"5620",,"","205",9332
2001469.000,"C",KM,11/6/2001,12/7/2001,True,"Clean ATP - Wakonda School","Ron Flynn","2nd Street & Nebraska Street",Wakonda,57073,Clay,43.005764,-97.11056,,,,"","0.00","","                                                  ","0.00000",,"Other(See Case File)","ATP","Public","UST","False","No Release",453,"4387",,"","204",9333
2001470.000,"C",KM,11/6/2001,12/7/2001,True,"Clean ATP - Glenn Nelson Farm","Glenn Nelson","31545 454th Avenue",Meckling,57044,Clay,42.8161125,-97.1231842,,,,"","0.00","","                                                  ","0.00000",,"Other(See Case File)","ATP","Agricultural","UST","False","No Release",566,"4497",,"","204",9334
2001471.000,"C",KM,11/6/2001,12/7/2001,True,"Clean ATP - Hanson Farm","Clayton Hanson","31483 454th Avenue",Meckling,57044,Clay,42.8252563,-97.12401,,,,"","0.00","","                                                  ","0.00000",,"Other(See Case File)","ATP","Agricultural","UST","False","No Release",565,"4496",,"","204",9335
2001472.000,"C",KM,11/6/2001,12/7/2001,True,"Clean ATP - Joseph Lind Farm","Orland Sternquist","46426 306th Street",Hub City,57069,Clay,42.9546432,-96.91883,,,,"","0.00","","                                                  ","0.00000",,"Other(See Case File)","ATP","Agricultural","UST","False","No Release",1431,"5366",,"","205",9336
2001473.000,"C",KM,11/6/2001,12/7/2001,True,"Clean ATP - Millette Property","Delphine Millette","32027 Andrews Street",Burbank,57010,Clay,42.7446442,-96.82764,,,,"","0.00","","                                                  ","0.00000",,"Other(See Case File)","ATP","Commercial","UST","True","No Release",385,"4317",,"","204",9337
2001474.000,"C",KM,11/6/2001,12/7/2001,True,"Clean ATP - Ellis Jensen Farm","Ellis Jensen","31095 Bluff Road",Vermillion,57069,Clay,42.88581,-96.996666,,,,"","0.00","","                                                  ","0.00000",,"Other(See Case File)","ATP","Agricultural","UST","False","No Release",1183,"5090",,"","204",9338
2001475.000,"C",KM,11/6/2001,12/7/2001,True,"Clean ATP - City of Vermillion Wastewater Treatment Fac","Harold Holoch","1530 South Dakota Street",Vermillion,57069,Clay,42.7621,-96.9181747,,,,"","0.00","","                                                  ","0.00000",,"Other(See Case File)","ATP","Public","UST","False","No Release",40,"3934",,"","204",9339
2001476.000,"C",KM,11/6/2001,12/7/2001,True,"Clean ATP - Former Chicago Milwaukee St. Paul & Pacific","SD Dept of Transportation ( SD DOT )","North of 209 West Broadway Street",Vermillion,57069,Clay,42.77677,-96.9358749,,,,"","0.00","","                                                  ","0.00000",,"Other(See Case File)","ATP","Industrial","UST","True","No Release",17,"3972",,"","204",9340
2001477.000,"C",KM,11/6/2001,12/7/2001,True,"Clean ATP - Hawley Farm","Calvin Hawley","2211 Burbank Road",Vermillion,57069,Clay,42.76737,-96.89848,,,,"","0.00","","                                                  ","0.00000",,"Other(See Case File)","ATP","Agricultural","UST","False","No Release",1055,"4787",,"","204",9341
2001478.000,"C",KM,11/6/2001,12/7/2001,True,"Clean ATP - Former Vermillion Power Plant","Harold Holoch","121 West Chestnut Street",Vermillion,57069,Clay,42.7769852,-96.93503,,,,"","0.00","","                                                  ","0.00000",,"Other(See Case File)","ATP","Industrial","UST","True","No Release",710,"4654",,"","204",9342
2001479.000,"C",KM,11/6/2001,12/7/2001,True,"Clean ATP - Former Standard Oil","Craig Myron","West Chestnut Street & 12th Street",Vermillion,57069,Clay,42.777668,-96.93816,,,,"","0.00","","                                                  ","0.00000",,"Other(See Case File)","ATP","Commercial","UST","True","No Release",1241,"5175",,"","205",9343
2001480.000,"C",KM,11/6/2001,12/7/2001,True,"Clean ATP - Huot Property","Ron Huot","46314 306th Street",Centerville,57014,Clay,42.9539032,-96.96364,,,,"","0.00","","                                                  ","0.00000",,"Other(See Case File)","ATP","Agricultural","UST","False","No Release",2040,"5992",,"","205",9344
2001481.000,"C",KM,11/6/2001,12/7/2001,True,"Clean ATP - Thelma Nelson Farm","Tim Gregoire","46106 304th Street",Wakonda,57073,Clay,42.98346,-96.9820557,,,,"","0.00","","                                                  ","0.00000",,"Other(See Case File)","ATP","Agricultural","UST","False","No Release",938,"4952",,"","204",9345
2001902.000,"C",KM,1/23/2002,3/4/2002,True,"Clean ATP - Sherman Property","June Sherman","45668 308th Street",Volin,57072,Clay,42.92517,-97.06905,,,,"","0.00","","                                                  ","0.00000",,"Other(See Case File)","ATP","Agricultural","UST","False","No Release",649,"4582",,"","205",9766
2002251.000,"C",KM,12/19/2002,6/20/2003,True,"Clean ATP - Lynn Muller Property","Lynn F. Muller","103 North University Street",Vermillion,57069,Clay,42.7807121,-96.9238739,,,,"","0.00","","                                                  ","0.00000",,"Other(See Case File)","ATP","Residential","UST","False","No Release",2239,"6176",,"","220",10108
2002271.000,"C",KM,12/20/2002,7/1/2003,True,"Clean ATP - Scot Vogel Farm","Scot and Crystal Vogel","31125 462nd Street",Vermillion,57069,Clay,42.8774376,-96.96459,,,,"","0.00","","                                                  ","0.00000",,"Other(See Case File)","ATP","Agricultural","UST","False","No Release",2565,"6493",,"","220",10128
2002275.000,"C",KM,12/19/2002,7/1/2003,True,"Clean ATP - Adele Sudlow Farm","Adele Sudlow","46475 Carp Street",Vermillion,57069,Clay,42.8914,-96.9101944,,,,"","0.00","","                                                  ","0.00000",,"Other(See Case File)","ATP","Agricultural","UST","False","No Release",2482,"6413",,"","220",10132
2004006.000,"C",KH,2/4/2004,2/5/2004,True,"Clean ATP - Rockfield Farms","Rockfield Farms","46829 308th Street",Greenfield,57010,Clay,42.92456,-96.8401947,,,,"","0.00","","                                                  ","0.00000",,"Other(See Case File)","ATP","Agricultural","UST","False","No Release",2727,"6684",,"","225,",10218
2004010.000,"C",KH,2/6/2004,2/10/2004,True,"Clean ATP - Robertson Property","Terry Robertson","30994 Bluff Road",Vermillion,57069,Clay,42.89656,-97.0227,,,,"","0.00","","                                                  ","0.00000",,"Other(See Case File)","ATP","Agricultural","UST","False","No Release",2791,"6711",,"","225,",10222
2009007.000,"C",TF,7/6/2009,7/7/2009,True,"Streetscape Project - Tank Removal","City of Vermillion","Corner of Market & Main",Vermillion,57069,Clay,42.77928,-96.9339752,,,,"","0.00","","                                                  ","0.00000",,"Other(See Case File)","Clean Site","Commercial","UST","True","No Release",,"null",,"","265",11445
2014037.000,"C",KM ,11/24/2014,12/16/2014,True,"Certified Ready Site - Erickson Park","Vermillion Area Chamber and Development Company","SW at SD Hwy 50 and Princeton Street",Vermillion,57069,Clay,42.79203,-96.9415,,,,"null","null","null","null","null",,"Other(See Case File)","Certified Ready","Other(See Case File)","Other(See Case File)","False","No Release",,"null",,"null","null",13235
2014038.000,"C",KM ,11/24/2014,12/16/2014,True,"Certified Ready Site - Brooks Industrial Site","Vermillion Area Chamber and Development Company","SW at SD Hwy 50 and Compton Court",Vermillion,57069,Clay,42.7909622,-96.91377,,,,"null","null","null","null","null",,"Other(See Case File)","Certified Ready","Other(See Case File)","Other(See Case File)","False","No Release",,"null",,"null","null",13236
2014039.000,"C",KM ,12/12/2014,12/16/2014,True,"Certified Ready Site - Heikes Property","Vermillion Area Chamber and Development Company","NW at 317 Street and 465 Avenue",Vermillion,57069,Clay,42.7960663,-96.90623,,,,"null","null","null","null","null",,"Other(See Case File)","Certified Ready","Other(See Case File)","Other(See Case File)","False","No Release",,"null",,"null","null",13237
2014045.000,"C",TF ,12/22/2014,12/29/2014,True,"Clean ATP - Former Marquardt Property","Jeffrey Olson","31522 465th Avenue",Vermillion,57069,Clay,42.8194427,-96.9039154,,,,"null","null","null","null","null",,"Other(See Case File)","ATP","Other(See Case File)","UST","False","No Release",3378,"7903",,"null","298",13255
2015012.000,"C",TF ,9/3/2015,1/6/2016,True,"Clean ATP - Vermillion High School","Vermillion School District","1001 East Main Street",Vermillion,57069,Clay,42.7784348,-96.9149,,,,"null","null","null","null","null",,"Other(See Case File)","ATP","Other(See Case File)","UST","False","No Release",3490,"8104",,"null","301",13471