id,status,r1,date_rep,date_close,image,site_name,resp_party,street,city,zip_code,county,latitude,longitude,township,range,section,secq1,acreage,instctrls,material,amount,units,spill_cat,site_type,proptype,sor_type,regulated,cause_type,atp_no,prcfnumber,ag_no,solidwaste,microroll,siteid
86.094,"C",KM,12/29/1986,6/30/2000,True,"Patron's Oil - Tank Overfill","Patrons Oil","S. Highway 85",Belle Fourche,57717,Butte,44.6504478,-103.859146,8N,2E,15,"","0.00","","Gasoline                                          ","500.00000",gallons,"Petroleum","Other(See Case File)","Commercial","UST","False","Overfill",,"null",,"","",459
88.038,"C",KM,3/24/1988,2/1/1993,True,"Medansky Oil - Tank Overfill","Johnson Fuel Liners","1 mi. SE of Newell",Newell,57760,Butte,44.7062225,-103.414757,9,6,29,"","0.00","","Diesel                                            ","500.00000",gallon,"Petroleum","Other(See Case File)","Commercial","AST","True","Overfill",,"null",,"","",642
88.158,"C",BM,8/26/1988,11/30/1999,True,"Belle Fourche Health Care - Contaminated Fuel","Belle Fourche Health Care","2200 13th Avenue",Belle Fourche,57717,Butte,44.6502037,-103.844421,,,,"","0.00","","Fuel Oil                                          ","0.00000",,"Petroleum","Other(See Case File)","Other(See Case File)","UST","False","Leakage",,"null",,"","235",761
89.296,"I",TB,11/6/1989,9/6/1995,True,"Newell Irrigation District Site - Tank Removal","Belle Fourche Irrigation District","Roseander Street",Vale,57788,Butte,44.618988,-103.401024,8N,6,33,"NW","0.00","","Gasoline                                          ","50.00000",gallons,"Petroleum","Other(See Case File)","Commercial","UST","True","Corrosion",,"195",,"","",1184
89.298,"C",TB,11/13/1989,3/22/1991,True,"Newell Irrigation District Site - Tank Removal","Belle Fourche Irrigation District","209 Dartmouth Avenue",Newell,57760,Butte,44.713932,-103.427254,9N,6E,30,"NE","0.00","","Gasoline                                          ","0.00000",,"Petroleum","Other(See Case File)","Commercial","UST","True","Corrosion",,"0196",,"","",1186
89.309,"C",BL,11/29/1989,2/13/1990,True,"Lampert Lumber Company Site - Tank Removal","Lampert Lumber Company","West Highway 212",Belle Fourche,57717,Butte,44.6905174,-103.869446,,,,"","0.00","","Diesel                                            ","0.00000",,"Petroleum","Other(See Case File)","Industrial","UST","True","Corrosion",,"543",,"","",1197
90.089,"NFA",MT,4/3/1990,3/16/2011,True,"Mid-America Truck Stop  (also 2009.123)","Minitman Inc","16 North 5th Ave  (WSW at  212 and 85)",Belle Fourche,57717,Butte,44.6811562,-103.85421,8N,2E,3,"SE","0.00","","Diesel, Gasoline                                  ","0.00000",,"Petroleum","Other(See Case File)","Commercial","UST","True","Leakage",,"1005",,"","278",1324
90.095,"C",BL,12/5/1989,6/30/1990,True,"American Colloid Company - Former Station Site","American Colloid Company","521 6th Street (Grant & 6th)",Belle Fourche,57717,Butte,44.6727676,-103.851791,,,,"","0.00","","Gasoline                                          ","0.00000",,"Petroleum","Other(See Case File)","Commercial","UST","True","Dispenser Leak",,"0544",,"","",1330
90.355,"C",KB,8/15/1990,4/4/1991,True,"South Park School - Dolittle","Belle Fourche School District","1816 Valley Drive",Belle Fourche,57717,Butte,44.65792,-103.853195,8N,2E,10,"SE","0.00","","Heating Fuel                                      ","0.00000",,"Petroleum","Other(See Case File)","Public","UST","False","Leakage",,"1339",,"","",1590
90.404,"C",JL,9/4/1990,10/22/1998,True,"Former Sinclair Station Site","Sinclair Oil Corporation","828 5th Avenue",Belle Fourche,57717,Butte,44.6691666,-103.853905,,,,"","0.00","","Gasoline                                          ","0.00000",,"Petroleum","Other(See Case File)","Commercial","UST","True","Corrosion",,"1111",,"","",1639
90.412,"C",JN,11/19/1990,1/5/1995,True,"Ron Woodruff Law Office","Ron Woodruff","1113 5th Avenue",Belle Fourche,57717,Butte,44.664978,-103.853424,,,,"","0.00","","Petroleum                                         ","0.00000",,"Petroleum","Other(See Case File)","Commercial","UST","True","Leakage",,"1244",,"","",1647
90.481,"NFA",TA,10/5/1990,9/24/2002,True,"Former Wimpy's Kwik Stop - Tank Replacement","Arley Rancour","510 5th Avenue",Belle Fourche,57717,Butte,44.67328,-103.854088,8N,2E,10,"NE","0.00","","Petroleum                                         ","0.00000",,"Petroleum","Other(See Case File)","Commercial","UST","True","Overfills/Spillage",,"1160",,"","211, 225,",1716
90.514,"NFA",JL,10/17/1990,11/28/2000,True,"Former Patron's Coop Site","Frontier Glass","Hwy. 85 and Hwy. 34",Belle Fourche,57717,Butte,44.64954,-103.858841,8N,2E,15,"SE","0.00","","Petroleum                                         ","0.00000",,"Petroleum","Other(See Case File)","Commercial","AST","True","Overfills/Spillage",,"1193",,"","",1749
91.020,"C",BL,1/14/1991,1/16/1991,True,"American Colloid Company","American Colloid Company","Highway 212 West",Belle Fourche,57717,Butte,44.6942978,-103.879311,9N,2E,33,"SE","0.00","","Diesel                                            ","0.00000",,"Petroleum","Other(See Case File)","Commercial","UST","True","Overfills/Spillage",,"null",,"","",1910
91.021,"NFA",GH,1/15/1991,7/18/2001,True,"Butte County Highway Department - Newell Shop","Butte County Highway Department","101 East 2nd  (SW at Harvard & 2nd)",Newell,57760,Butte,44.7133,-103.419067,9N,6,29,"","0.00","","Gasoline                                          ","0.00000",,"Petroleum","Other(See Case File)","Public","UST","True","Corrosion",,"1321",,"","209",1911
91.084,"NFA",SD,3/8/1991,11/24/2009,True,"Newell School - Tank Removal","Newell School","Highway 79",Newell,57760,Butte,44.7162361,-103.427414,,,,"","0.00","","Fuel Oil                                          ","0.00000",,"Petroleum","Other(See Case File)","Public","UST","False","Leaks and Spills",,"1407",,"","271",1974
91.159,"C",TK,4/24/1991,5/21/1991,True,"Newell Airport - Aircraft Accident","Rick Richards","Airport Runway",Newell,57760,Butte,44.7172661,-103.41787,9N,6E,29,"","0.00","","Aviation Fuel                                     ","25.00000",gallons,"Petroleum","Other(See Case File)","Other(See Case File)","Aircraft  ","False","Overturned",,"null",,"","",2049
91.202,"I",JN,5/15/1991,8/15/2000,True,"SD DOT Shop - Line Leaks","SD Department of Transportation (SD DOT)","Highway 34",Belle Fourche,57717,Butte,44.6487923,-103.867035,,,,"","0.00","","Petroleum                                         ","0.00000",,"Petroleum","Other(See Case File)","Public","UST","True","Line Leak",,"1483",,"","",2092
91.498,"C",DM,10/30/1991,9/13/1993,True,"The Trading Post - Tank Removals","Bill Neff","E. Highway 212",Belle Fourche,57717,Butte,44.6907349,-103.776672,,,,"","0.00","","Gasoline                                          ","0.00000",,"Petroleum","Other(See Case File)","Commercial","UST","True","Spillage",,"1815",,"","",2388
91.565,"NFA",TF,12/12/1991,3/31/2003,True,"Former Common Cents Facility - Tank Removals","Moyle Petroleum","711 5th Avenue (NE at 5th/Hwy85 & Roundup)",Belle Fourche,57717,Butte,44.67038,-103.853195,8N,23E,10,"NE","0.00","","Gasoline                                          ","0.00000",,"Petroleum","Aquifer","Commercial","UST","True","Leaks and Spills",,"1739",,"","222, 231",2455
91.611,"C",JN,12/20/1991,1/9/1997,True,"Allen Roiger - Former Service Station","Allen Roiger","127 Girard Street  (2nd & Girard)",Newell,57760,Butte,44.71343,-103.420341,,,,"","0.00","","gasoline                                          ","0.00000",,"Petroleum","Other(See Case File)","Commercial","UST","True","Leaks and Spills",,"1941",,"","",2501
91.612,"NFA",DM,12/20/1991,5/15/2009,True,"Former Patron's Oil Company Site","Patron's Oil Company","2311 5th Avenue (Hwy 85)",Belle Fourche,57717,Butte,44.6506577,-103.859261,8N,2E,,"SE","0.00","","Petroleum                                         ","0.00000",,"Petroleum","Other(See Case File)","Commercial","AST","True","Leakage",,"1942",,"","263",2502
91.651,"NFA",DM,12/27/1991,4/7/2006,True,"Former L & D Amoco Site","Amoco Oil Company","1405 5th Avenue  (SE at National & 5th / Hwy 85)",Belle Fourche,57717,Butte,44.6622429,-103.854248,8N,2E,15,"NE","0.00","","gasoline                                          ","0.00000",,"Petroleum","Aquifer","Commercial","UST","True","Leaks and Spills",,"1658",,"","245",2541
92.108,"C",TK,4/10/1992,9/29/1993,True,"Ostlund Chemical Transport Event","Ostlund Chemical","Hwy. 212",Newell,57760,Butte,44.72483,-103.425575,,,,"","0.00","","Trifluralin                                       ","20.00000",,"Agri Chem","Other(See Case File)","Other(See Case File)","Tote","False","Failure",,"null",,"","",2698
92.128,"C",KM,4/25/1992,5/11/1992,True,"Heating Oil Spill","Jan Brakeman","Hwy 212, 3.3 m E of Town",Belle Fourche,57717,Butte,44.6905861,-103.788391,6,2,5,"","0.00","","Heating Oil                                       ","0.00000",,"Petroleum","Other(See Case File)","Residential","UST","False","Corrosion",,"null",,"","",2718
92.195,"C",TK,5/27/1992,10/19/1993,True,"Jensen Construction Inc","Jensen Construction Inc","Rural Butte County",Belle Fourche,57717,Butte,44.6377563,-104.00724,8,1,,"","0.00","","waste oil                                         ","0.00000",,"Oil","Other(See Case File)","Other(See Case File)","Portable Tank","False","Spillage",,"null",,"","",2785
92.236,"C",SH,7/2/1992,6/24/2005,True,"Mid America Conoco - Minitman  (see 90.089)","Mid America Conoco/ Minitman Inc.","Highway 212",Belle Fourche,57717,Butte,44.68106,-103.85405,8N,2W,3,"SE","0.00","","gasoline                                          ","400.00000",gallons,"Petroleum","Non-Aquifer","Commercial","UST","True","Line Leak",,"2206",,"","254",2826
92.265,"C",TK,7/28/1992,11/4/1993,True,"Belle Fourche Compressor Station - Drip Pits","Williston Basin Pipeline Company","Williston Basin Loop",Belle Fourche,57717,Butte,44.9901924,-103.933479,12N,2E,19,"NW","0.00","","petroleum                                         ","0.00000",,"Petroleum","Other(See Case File)","Industrial","Pit","True","Handling",,"2239",,"","",2855
92.301,"C",TK,8/26/1992,11/4/1993,True,"Belle Fourche Compressor Station - Drip Pits","Williston Basin Pipeline","1/2 mi N of Plant",Belle Fourche,57717,Butte,44.99781,-103.934776,12N,2E,19,"NW","0.00","","Petroleum                                         ","0.00000",,"Petroleum","Other(See Case File)","Industrial","Pit","False","Handling",,"",,"","",2891
93.180,"C",KM,6/25/1993,7/22/1993,True,"Mann Trucking Company Transport Event","Clarence Mann","Mid America Truck Stop @ Highway 85 & 212",Belle Fourche,57717,Butte,44.681385,-103.854477,,,,"","0.00","","Asphalt                                           ","5000.00000",,"Oil","Other(See Case File)","Other(See Case File)","Transport Truck","False","Equipment Failure",,"null",,"","",3195
93.220,"NFA",JN,7/12/1993,6/14/2005,True,"Belle Fourche City Shop - Tank Removals","City of Belle Fourche","506 6th Avenue  (SW at 6th & Faulk)",Belle Fourche,57717,Butte,44.6732674,-103.852776,,,,"","0.00","","Petroleum                                         ","0.00000",,"Petroleum","Other(See Case File)","Public","UST","True","Leakage",,"2489",,"","239",3235
93.426,"C",MM,10/5/1993,2/21/1996,True,"DOD/USAF/MMII Oscar 11 (Sump H2O & Tank Closure)","Ellsworth Air Force Base (EAFB)","Hwy 79",Castle Rock,57760,Butte,45.0159454,-103.422508,12N,6E,8,"SW","0.00","","TPH, Arsenic                                      ","0.00000",,"Combined","Federal","Other(See Case File)","Combined(See Case File)","False","Past Practices",,"null",,"","237",3441
93.427,"C",MM,10/5/1993,4/28/1997,True,"DOD/USAF/MMII Oscar 10 (Sump H2O & Tank Closure)","Ellsworth Air Force Base (EAFB)","Erk Road",Castle Rock,57760,Butte,44.95406,-103.336533,12N,6E,36,"SW","0.00","","PCB                                               ","0.00000",,"Chemical","Federal","Other(See Case File)","Combined(See Case File)","False","Past Practices",,"null",,"","237",3442
93.428,"C",MM,10/5/1993,4/28/1997,True,"DOD/USAF/MMII Oscar 9 (Sump H2O & Tank Closure)","Ellsworth Air Force Base (EAFB)","Hwy 79",Castle Rock,57760,Butte,44.946228,-103.422264,11N,6E,5,"","0.00","","TPH, PCB                                          ","0.00000",,"Combined","Federal","Other(See Case File)","Combined(See Case File)","False","Past Practices",,"null",,"","237",3443
93.429,"C",MM,10/5/1993,4/28/1997,True,"DOD/USAF/MMII Oscar 8 (Sump H2O & Tank Closure)","Ellsworth Air Force Base (EAFB)","Twilight Road",Newell,57760,Butte,44.8630676,-103.293274,10N,7E,5,"NE","0.00","","TPH, Lead, PCB                                    ","0.00000",,"Combined","Federal","Other(See Case File)","Combined(See Case File)","False","Past Practices",,"null",,"","237",3444
93.430,"C",MM,10/5/1993,4/28/1997,True,"DOD/USAF/MMII Oscar 7 (Sump H2O & Tank Closure)","Ellsworth Air Force Base (EAFB)","Hwy 212",Newell,57760,Butte,44.7877045,-103.274124,10N,7E,33,"NW","0.00","","Petroleum                                         ","0.00000",,"Petroleum","Federal","Other(See Case File)","Combined(See Case File)","False","Leaks and Spills",,"null",,"","237",3445
93.431,"C",MM,10/5/1993,12/15/1995,True,"DOD/USAF/MMII Oscar 5 (Sump H2O & Tank Closure)","Ellsworth Air Force Base (EAFB)","Hwy 212",Newell,57760,Butte,44.874897,-103.107018,11N,8E,35,"NE","0.00","","TPH,PCB,Cadmium,As                                ","0.00000",,"Combined","Federal","Other(See Case File)","Combined(See Case File)","False","Past Practices",,"null",,"","237",3446
93.432,"C",MM,10/5/1993,4/28/1997,True,"DOD/USAF/MMII Oscar 4 (Sump H2O & Tank Closure)","Ellsworth Air Force Base (EAFB)","Hwy 212",Mud Butte,57758,Butte,44.92121,-103.020813,11N,9E,16,"NE","0.00","","PCB                                               ","0.00000",,"Chemical","Federal","Other(See Case File)","Combined(See Case File)","False","Past Practices",,"null",,"","237",3447
93.433,"C",MM,10/5/1993,4/28/1997,True,"DOD/USAF/MMII Oscar 3 (Sump H2O & Tank Closure)","Ellsworth Air Force Base (EAFB)","Twilight Road",Mud Butte,57758,Butte,44.9585648,-103.137146,12N,8E,34,"SW","0.00","","Petroleum                                         ","0.00000",,"Petroleum","Federal","Other(See Case File)","Combined(See Case File)","False","Leaks and Spills",,"null",,"","237",3448
93.434,"C",MM,10/5/1993,4/28/1997,True,"DOD/USAF/MMII Oscar 2 (Sump H2O & Tank Closure)","Ellsworth Air Force Base (EAFB)","Twilight Road",Mud Butte,57758,Butte,45.0121956,-103.038826,12N,9E,9,"SW","0.00","","TPH, PCB                                          ","0.00000",,"Combined","Federal","Other(See Case File)","Combined(See Case File)","False","Past Practices",,"null",,"","237",3449
93.435,"C",MM,10/5/1993,4/28/1997,True,"DOD/USAF/MMII LCF November 10 (Sump H2O & Tank Closure)","Ellsworth Air Force Base (EAFB)","Arpan Road",Castle Rock,57760,Butte,44.8413353,-103.652779,10,4,8,"SE","0.00","","PCB                                               ","0.00000",,"Chemical","Federal","Other(See Case File)","Combined(See Case File)","False","Past Practices",,"null",,"","237",3450
93.436,"C",MM,10/5/1993,4/28/1997,True,"DOD/USAF/MMII LCF November 9 (Sump H2O & Tank Closure)","Ellsworth Air Force Base (EAFB)","Brooker Road",Belle Fourche,57717,Butte,44.8642769,-103.726822,10N,3E,2,"NW","0.00","","Arsenic                                           ","0.00000",,"Chemical","Federal","Other(See Case File)","Combined(See Case File)","False","Past Practices",,"null",,"","237",3451
93.437,"C",MM,10/5/1993,4/28/1997,True,"DOD/USAF/MMII LCF November 7 (Sump H2O & Tank Closure)","Ellsworth Air Force Base (EAFB)","Hwy 212",Fruitdale,57742,Butte,44.686615,-103.692192,8N,3E,1,"NE","0.00","","TPH                                               ","0.00000",,"Petroleum","Federal","Other(See Case File)","Combined(See Case File)","False","Leaks and Spills",,"null",,"","237",3452
93.438,"C",MM,10/5/1993,4/28/1997,True,"DOD/USAF/MMII LCF November 6 (Sump H2O & Tank Closure)","Ellsworth Air Force Base (EAFB)","Orman Road",Nisland,57762,Butte,44.73319,-103.560928,9N,5E,19,"NW","0.00","","PCB                                               ","0.00000",,"Chemical","Federal","Other(See Case File)","Combined(See Case File)","False","Past Practices",,"null",,"","237",3453
93.439,"C",MM,10/5/1993,4/28/1997,True,"DOD/USAF/MMII LCF November 4 (Sump H2O & Tank Closure)","Ellsworth Air Force Base (EAFB)","135 Avenue",Newell,57760,Butte,44.7250328,-103.345612,9N,6E,23,"NE","0.00","","Diesel                                            ","0.00000",,"Petroleum","Federal","Other(See Case File)","Combined(See Case File)","False","Leaks and Spills",,"null",,"","237",3454
93.440,"C",MM,10/5/1993,4/28/1997,True,"DOD/USAF/MMII LCF November 3 (Sump H2O & Tank Closure)","Ellsworth Air Force Base (EAFB)","Hwy 79",Newell,57760,Butte,44.7858238,-103.423431,10N,6E,32,"NW","0.00","","Arsenic, PCB                                      ","0.00000",,"Chemical","Federal","Other(See Case File)","Combined(See Case File)","False","Past Practices",,"null",,"","237",3455
93.441,"C",MM,10/5/1993,4/28/1997,True,"DOD/USAF/MMII LCF November 2 (Sump H2O & Tank Closure) ","Ellsworth Air Force Base (EAFB)","Hwy 79",Castle Rock,57760,Butte,44.8558121,-103.422928,10N,6E,5,"SW","0.00","","Arsenic                                           ","0.00000",,"Chemical","Federal","Other(See Case File)","Combined(See Case File)","False","Past Practices",,"null",,"","237",3456
93.442,"C",MM,10/5/1993,4/15/1996,True,"DOD/USAF/MMII LCF November 1 (Sewage Lagoon)","Ellsworth Air Force Base (EAFB)","Winkler Road",Newell,57760,Butte,44.7952576,-103.502716,10N,5E,27,"SW","0.00","","TPH, Arsenic                                      ","0.00000",,"Combined","Federal","Other(See Case File)","Containment Pond","False","Past Practices",,"null",,"","237",3457
93.443,"C",MM,10/5/1993,5/6/1996,True,"DOD/USAF/MMII Mike 11 (Sump H2O & Tank Closure)","Ellsworth Air Force Base (EAFB)","Albion Road",Belle Fourche,57717,Butte,44.9644928,-104.022133,12N,1E,32,"NE","0.00","","TPH, PCB                                          ","0.00000",,"Combined","Federal","Other(See Case File)","Combined(See Case File)","False","Past Practices",,"null",,"","237",3458
93.444,"C",DR,10/5/1993,7/31/1998,True,"DOD/USAF/MMII Mike 10 (Sump H2O & Tank Closure)","Ellsworth Air Force Base (EAFB)","Hwy 212",Belle Fourche,57717,Butte,44.8026543,-104.03759,10N,1E,30,"NE","0.00","","Petroleum                                         ","0.00000",,"Petroleum","Federal","Other(See Case File)","Combined(See Case File)","False","Leaks and Spills",,"null",,"","",3459
93.445,"C",MM,10/5/1993,4/15/1996,True,"DOD/USAF/MMII Mike 8 (Sump H2O & Tank Closure)","Ellsworth Air Force Base (EAFB)","East of Hwy 85 near milemarker 59",Belle Fourche,57717,Butte,44.7204323,-103.849884,9N,2E,23,"SW","0.00","","Petroleum                                         ","0.00000",,"Petroleum","Federal","Other(See Case File)","Combined(See Case File)","False","Past Practices",,"null",,"","237",3460
93.446,"C",MM,10/5/1993,4/28/1997,True,"DOD/USAF/MMII Mike 7 (Sump H2O & Tank Closure)","Ellsworth Air Force Base (EAFB)","East of Hwy 85, North of  milemarker 64",Belle Fourche,57717,Butte,44.79523,-103.844177,10N,2E,26,"SW","0.00","","TPH, Arsenic                                      ","0.00000",,"Combined","Federal","Other(See Case File)","Combined(See Case File)","False","Past Practices",,"null",,"","237",3461
93.447,"C",MM,10/5/1993,4/28/1997,True,"DOD/USAF/MMII Mike 6 (Sump H2O & Tank Closure)","Ellsworth Air Force Base (EAFB)","Owl Basin Road",Belle Fourche,57717,Butte,44.8667068,-103.871788,11N,2E,34,"SW","0.00","","PCB                                               ","0.00000",,"Chemical","Federal","Other(See Case File)","Combined(See Case File)","False","Past Practices",,"null",,"","237",3462
93.448,"C",MM,10/5/1993,4/28/1997,True,"DOD/USAF/MMII Mike 5 (Sump H2O & Tank Closure)","Ellsworth Air Force Base (EAFB)","Old Hwy 85",Belle Fourche,57717,Butte,44.9100266,-103.7927,11N,3E,18,"SE","0.00","","TPH, TCE                                          ","0.00000",,"Combined","Federal","Other(See Case File)","Combined(See Case File)","False","Leaks and Spills",,"null",,"","237",3463
93.449,"C",MM,10/5/1993,4/28/1997,True,"DOD/USAF/MMII Mike 4 (Sump H2O & Tank Closure)","Ellsworth Air Force Base (EAFB)","Old Hwy 85",Castle Rock,57760,Butte,44.9752121,-103.774445,12N,3E,29,"NE","0.00","","PCB                                               ","0.00000",,"Chemical","Federal","Other(See Case File)","Combined(See Case File)","False","Past Practices",,"null",,"","237",3464
93.450,"C",MM,10/5/1993,4/28/1997,True,"DOD/USAF/MMII Mike 3 (Sump H2O & Tank Closure)","Ellsworth Air Force Base (EAFB)","Camp Crook Road",Castle Rock,57760,Butte,44.9626846,-103.872673,12N,2E,34,"NW","0.00","","PCB                                               ","0.00000",,"Chemical","Federal","Other(See Case File)","Combined(See Case File)","False","Past Practices",,"null",,"","237",3465
93.451,"C",DR,10/5/1993,2/22/1999,True,"DOD/USAF/MMII Mike 01  (Sewage Lagoon Sludge)","Ellsworth Air Force Base (EAFB)","Albion Road",Belle Fourche,57717,Butte,44.9194031,-103.935074,11N,1E,13,"NE","0.00","","Arsenic                                           ","0.00000",,"Chemical","Federal","Other(See Case File)","Containment Pond","False","Past Practices",,"null",,"","237",3466
93.452,"C",MM,10/5/1993,4/15/1996,True,"DOD/USAF/MMII Lima 11 (Sump H2O & Tank Closure)","Ellsworth Air Force Base (EAFB)","Vale Cutoff Road",Vale,57788,Butte,44.64596,-103.4859,8N,5E,23,"NW","0.00","","TPH                                               ","0.00000",,"Petroleum","Federal","Other(See Case File)","Combined(See Case File)","False","Leaks and Spills",,"null",,"","237",3467
93.458,"C",MM,10/5/1993,4/28/1997,True,"DOD/USAF/MMII Lima 2 (Sump H2O)","Ellsworth Air Force Base (EAFB)","Nine Mile Road",Vale,57788,Butte,44.615,-103.345024,8N,6E,36,"NW","0.00","","Lead                                              ","0.00000",,"Chemical","Federal","Other(See Case File)","Drain System","False","Past Practices",,"null",,"","237",3473
93.459,"C",MM,10/5/1993,4/28/1997,True,"DOD/USAF/MMII LCF Kilo 11 (Sump H2O & Tank Closure)","Ellsworth Air Force Base (EAFB)","Hwy 34",Belle Fourche,57717,Butte,44.6399231,-103.912865,8N,2E,19,"SE","0.00","","Petroleum                                         ","0.00000",,"Petroleum","Federal","Other(See Case File)","Combined(See Case File)","False","Leaks and Spills",,"null",,"","237",3474
93.460,"C",MM,10/5/1993,4/28/1997,True,"DOD/USAF/MMII LCF Kilo 10 (Sump H2O & Tank Closure)","Ellsworth Air Force Base (EAFB)","Hwy 34",Belle Fourche,57717,Butte,44.63612,-104.010979,8N,1E,21,"SW","0.00","","Petroleum                                         ","0.00000",,"Petroleum","Federal","Other(See Case File)","Combined(See Case File)","False","Past Practices",,"null",,"","237",3475
93.466,"C",MM,10/5/1993,4/28/1997,True,"DOD/USAF/MMII LCF Kilo 2 (Sump H2O)","Ellsworth Air Force Base (EAFB)","Snoma Road",Belle Fourche,57717,Butte,44.6524429,-103.77578,8N,3E,17,"SE","0.00","","Petroleum                                         ","0.00000",,"Petroleum","Federal","Other(See Case File)","Drain System","False","Past Practices",,"null",,"","237",3481
94.328,"C",JL,4/29/1994,5/23/2008,True,"DOD/FUD Fort Meade Target Range #b08sd0856","U.S. Army Corps of Engineers - Missouri River Division","25 miles NE of Sturgis",Union Center,57787,Butte,44.614357,-103.0274,,,,"","0.00","","black powder spotting rds, .30/.50 cal, 37mm rds  ","0.00000",,"Chemical","Federal","Other(See Case File)","Munitions","False","Handling",,"null",,"","271",3863
94.331,"O",AF,4/29/1994,,True,"CERCLIS - DOD/FUD Rapid City Precision Bombing Range #1 #b08sd0865","U.S. Army Corps of Engineers - Missouri River Division","20 miles East of Newell",Newell,57760,Butte,44.7052574,-103.040291,9N,9E,19,"","0.00","","black powder spotting charges                     ","0.00000",,"Chemical","CERCLIS","Other(See Case File)","Munitions","False","Handling",,"null",,"","",3866
94.403,"NFA",DM,12/16/1994,10/15/2009,True,"Chicago & Northwestern Railroad - Union Pacific Fueling Site","Union Pacific Railroad","Railroad Ave. & 2nd",Belle Fourche,57717,Butte,44.6728172,-103.858063,8N,2,10,"NE","0.00","","Petroleum                                         ","0.00000",,"Petroleum","Other(See Case File)","Industrial","AST","True","Leaks and Spills",,"2724",,"","268",3938
95.133,"C",JN,6/2/1995,7/25/1995,True,"Dakota Bus Company - Hose Spills","Dakota Bus Company","501 Industrial Park",Belle Fourche,57717,Butte,44.6858177,-103.855232,,,,"","0.00","","Petroleum                                         ","0.00000",,"Petroleum","Other(See Case File)","Commercial","UST","True","Spillage",,"2888",,"","",4084
95.209,"C",MM,8/3/1995,5/2/1996,True,"DOD/USAF/MMII Kilo 3 - Recovery Truck Leak","Shumaker Trucking","Crooked Oaks Road",Fruitdale,57717,Butte,44.6204529,-103.686905,8N,4E,30,"SW","0.00","","Diesel                                            ","200.00000",gallons,"Petroleum","Federal","Other(See Case File)","UST","False","Valve Leak",,"null",,"","",4160
95.231,"C",MM,8/28/1995,4/28/1997,True,"DOD/USAF/MMII Oscar 6","Ellsworth Air Force Base (EAFB)","Hwy 212",Newell,57760,Butte,44.8325233,-103.197227,10N,8E,18,"NW","0.00","","Diesel #2                                         ","0.00000",,"Petroleum","Federal","Other(See Case File)","UST","False","Leakage",,"null",,"","237",4182
95.250,"NFA",TF,10/2/1995,2/19/2010,True,"Butte Co Highway Shop -Tank Removal","Butte County","Valley 1 Road",Belle Fourche,57717,Butte,44.67668,-103.816566,8N,2E,12,"NE","0.00","","Petroleum                                         ","0.00000",,"Petroleum","Other(See Case File)","Public","UST","True","Leakage",,"2945",,"","272",4201
95.261,"C",DR,9/21/1995,3/24/1999,True,"DOD/USAF/MMII Oscar 01 (Tank Closures)","Ellsworth Air Force Base (EAFB)","Twilight Road",Castle Rock,57760,Butte,44.92453,-103.236725,,,,"","0.00","","petroleum                                         ","0.00000",,"Petroleum","Federal","Other(See Case File)","UST","True","Spillage",,"null",,"","",4212
95.262,"C",DR,9/21/1995,2/9/1999,True,"DOD/USAF/MMII Mike 1 (Tank Removals)","Ellsworth Air Force Base (EAFB)","Albion Road",Belle Fourche,57717,Butte,44.9196548,-103.935158,11N,1E,13,"NE","0.00","","petroleum                                         ","0.00000",,"Petroleum","Federal","Other(See Case File)","UST","True","Spillage",,"null",,"","",4213
95.338,"C",MM,12/1/1995,12/19/1995,True,"DOD/USAF/MMII Mike 9 (Tank Closure)","Ellsworth Air Force Base (EAFB)","Hwy 212",Belle Fourche,57717,Butte,44.7484741,-103.950333,9N,1E,13,"","0.00","","Diesel Fuel                                       ","0.00000",,"Petroleum","Federal","Other(See Case File)","UST","False","Spillage",,"null",,"","",4289
95.339,"C",MM,12/1/1995,12/19/1995,True,"DOD/USAF/MMII Lima 2 (Tank Closure)","Ellsworth Air Force Base (EAFB)","Nine Mile Road",Vale,57788,Butte,44.61471,-103.345024,8N,6E,36,"NW","0.00","","Diesel Fuel                                       ","0.00000",,"Petroleum","Federal","Other(See Case File)","UST","False","Spillage",,"null",,"","",4290
95.343,"C",MM,12/1/1995,12/19/1995,True,"DOD/USAF/MMII LCF Kilo 2 (Tank Closure)","Ellsworth Air Force Base (EAFB)","Snoma Road",Belle Fourche,57717,Butte,44.6521835,-103.775658,8N,3E,17,"SE","0.00","","Diesel Fuel                                       ","0.00000",,"Petroleum","Federal","Other(See Case File)","UST","False","Leaks and Spills",,"null",,"","",4294
95.357,"C",KM,12/6/1995,6/21/1996,True,"American Colloid","American Colloid","1.5 miles East of Town on Highway 212",Belle Fourche,57717,Butte,44.6926422,-103.891785,9N,2E,32,"SE","0.00","","Used oil                                          ","100.00000",gallons,"Oil","Other(See Case File)","Industrial","AST","True","Spillage",,"null",,"","237",4308
96.214,"C",TK,7/18/1996,7/23/1996,True,"Road Oil Spill","Unknown","Highway 212 - 3 to 4 miles East of town",Belle Fourche,57717,Butte,44.6911545,-103.785141,,,,"","0.00","","road oil                                          ","0.00000",,"Oil","Other(See Case File)","Other(See Case File)","Transport Truck","False","Spillage",,"null",,"","",4524
96.364,"C",RC,12/23/1996,8/21/1997,True,"Hershey's Store - Line Leak","Brook Hershey","Highway 79",Newell,57760,Butte,44.71115,-103.425262,,,,"","0.00","","Gasoline                                          ","0.00000",,"Petroleum","Other(See Case File)","Commercial","UST","True","Line Leak",,"3138",,"","",4674
97.187,"C",JL,6/3/1997,7/28/1997,True,"Great Western Diesel/Sowers Sanitation","Conrad Williams","N Hwy 85 / 115 N 6th",Belle Fourche,57717,Butte,44.67757,-103.852036,8N,2E,2,"","0.00","","diesel                                            ","0.00000",,"Petroleum","Other(See Case File)","Commercial","UST","True","Spillage",,"3167",,"","",4875
97.211,"C",DR,6/16/1997,7/25/1997,True,"Belle Fourche Composite/Housing Site","Ellsworth Air Force Base (EAFB)","SE Corner of Belle Fourche Composite/Housing Facility",Belle Fourche,57717,Butte,44.64679,-103.842567,8N,2E,23,"NW","0.00","","Diesel fuel                                       ","0.00000",,"Petroleum","Federal","Residential","AST","False","Leaks and Spills",,"null",,"","",4899
97.222,"C",JN,7/1/1997,1/5/1998,True,"Mid America Travel Plaza - Tank Overfill","MG Oil Company","16 North 5th Avenue",Belle Fourche,57717,Butte,44.68152,-103.855042,,,,"","0.00","","diesel fuel                                       ","540.00000",gallons,"Petroleum","Other(See Case File)","Commercial","AST","True","Overfill",,"3252",,"","268",4910
97.245,"NFA",MT,7/22/1997,9/18/2009,True,"Rail Yard - Track Usage Spills","Dakota Minnesota and Eastern - Union Pacific","Rail Yard",Belle Fourche,57717,Butte,44.67269,-103.857735,8N,2E,10,"NE","0.00","","Oil                                               ","0.00000",,"Oil","Other(See Case File)","Industrial","Equipment","False","Leaks and Spills",,"null",,"","267,278",4933
97.248,"C",KH,7/25/1997,3/4/1998,True,"212 & 79 Service Center - Tank System Replacement","Dick Friedel - A & F Oil","111 Dartmouth",Newell,57760,Butte,44.71151,-103.425117,,,,"","0.00","","gasoline                                          ","0.00000",,"Petroleum","Other(See Case File)","Commercial","UST","True","Leaks and Spills",,"3056",,"","211",4936
97.301,"NFA",JL,9/9/1997,4/20/2004,True,"Trailside / Ranch Mart - Line Leak","Gerald Baldwin","1861 5th Avenue  (Corner of Summit Street & Highway 85)",Belle Fourche,57717,Butte,44.6550064,-103.857025,8N,3E,15,"SE","0.00","","gasoline                                          ","0.00000",,"Petroleum","Aquifer","Commercial","UST","True","Line Leak",,"3239",,"","236,237,243",4989
97.316,"C",MM,7/27/1995,10/6/1997,True,"DOD/USAF/MMII LCF November 1 (Tank Closures)","Ellsworth Air Force Base (EAFB)","Winkler Road",Newell,57760,Butte,44.79495,-103.502876,10N,5E,27,"SW","0.00","","diesel fuel                                       ","0.00000",,"Petroleum","Federal","Other(See Case File)","UST","True","Overfills/Spillage",,"null",,"","",5004
98.001,"C",JL,1/5/1998,5/15/2000,True,"Former Harvest States Facility - Assessment","Harvest States","Highway 212 E",Belle Fourche,57717,Butte,44.6732941,-103.830765,8N,2E,11,"NE","0.00","","petroleum, pesticides                             ","0.00000",,"Combined","Other(See Case File)","Commercial","Equipment & Supplies","False","Handling",,"3673",,"","",5109
98.099,"C",KM,5/11/1998,12/9/1998,True,"Walt and Kelly Brindley Home - Overfill","Dalcam Oil","3N & 4.75 E of Vale",Vale,57760,Butte,44.66469,-103.300377,8N,7E,8,"","0.00","","fuel oil                                          ","100.00000",gallons,"Petroleum","Other(See Case File)","Residential","AST","False","Overfill",,"null",,"","",5207
98.101,"C",KM,5/11/1998,9/22/1998,True,"Shoemaker Grain - Oil Spill","Shoemaker Grain - Arland Schoemaker","Highway 85",Belle Fourche,57717,Butte,44.69266,-103.852272,,,,"","0.00","","waste oil                                         ","0.00000",,"Oil","Other(See Case File)","Commercial","Drums","False","Leaks and Spills",,"null",,"","",5209
98.124,"I",KH,6/2/1998,2/22/2001,True,"A & F Oil Company - Line Leaks","Vince Tifft","202 Girard",Newell,57760,Butte,44.71372,-103.420311,,,,"","0.00","","petroleum                                         ","0.00000",,"Petroleum","Other(See Case File)","Commercial","UST","True","Leakage",,"3422",,"","",5232
98.247,"C",DR,9/10/1998,3/24/1999,True,"DOD/USAF/MMII MLC November 1 (AST closure)","Ellsworth Air Force Base (EAFB)","Winkler Road",Newell,57760,Butte,44.7950668,-103.50264,10N,5E,27,"SW","0.00","","gasoline                                          ","0.00000",,"Petroleum","Federal","Other(See Case File)","AST","False","Overfills/Spillage",,"null",,"","",5355
98.250,"C",DR,9/10/1998,3/24/1999,True,"DOD/USAF/MMII MLC Oscar 1 (AST Closure)","Ellsworth Air Force Base (EAFB)","Twilight Road",Castle Rock,57760,Butte,44.9247665,-103.237015,11N,7E,11,"SW","0.00","","gasoline                                          ","0.00000",,"Petroleum","Federal","Other(See Case File)","AST","False","Overfills/Spillage",,"null",,"","",5358
98.360,"C",KH,11/23/1998,7/26/2002,True,"Butte County Highway Shop - Tank Removal","Butte County Highway Department","NE corner of Birch & 2nd Street",Nisland,57762,Butte,44.6731071,-103.549492,,,,"","0.00","","diesel fuel                                       ","0.00000",,"Petroleum","Other(See Case File)","Public","UST","True","Leakage",,"3598",,"","198, 225,",5468
99.122,"C",BM,4/8/1999,5/25/1999,True,"Crabtree Property - Transformer Spill","Black Hills Power & Light Company","112 6th Avenue",Belle Fourche,57717,Butte,44.6764526,-103.852745,,,,"","0.00","","transformer oil                                   ","25.00000",gallons,"Oil","Other(See Case File)","Residential","Transformer","False","Leakage",,"null",,"","",5669
99.185,"C",TF,6/10/1999,6/16/2000,True,"South Side Standard - Tank Replacements","South Side Standard","7th and State Street",Belle Fourche,57717,Butte,44.6716423,-103.850533,8N,2E,10,"NE","0.00","","petroleum                                         ","0.00000",,"Petroleum","Other(See Case File)","Commercial","UST","True","Leakage",,"3454",,"","",5732
99.320,"C",KM,11/29/1999,8/15/2000,True,"Belle Fourche Compression System","Williston Basin Interstate Pipeline","22 miles North of Belle Fourche",Belle Fourche,57717,Butte,44.9902229,-103.932869,12N,2E,19,"NW","0.00","","triethylene glycol, compressor oil mixture        ","100.00000",,"Combined","Other(See Case File)","Other(See Case File)","AST","False","Overflow",,"null",,"","",5867
99.336,"NFA",TF,12/20/1999,10/23/2001,True,"SDDOT Maintenance Shop - Assessment","SD Department of Transportation (SD DOT)","Harvard & 2nd / 3rd",Newell,57760,Butte,44.71405,-103.418312,,,,"","0.00","","Petroleum                                         ","0.00000",,"Petroleum","Other(See Case File)","Public","UST","True","Leakage",,"3792",,"","",5883
2000.355,"C",JN,12/6/2000,12/14/2004,True,"Hendrickson Oil - Line Leak","Hendrickson Oil - Jeff Hendrickson","Highway 212 West",Belle Fourche,57717,Butte,44.6854324,-103.860573,8N,2E,3,"NE","0.00","","Unleaded gasoline                                 ","711.00000",gallons,"Petroleum","Other(See Case File)","Commercial","AST","True","Line Leak",,"4383",,"","236",6253
2001.784,"C",KM,9/5/2001,2/18/2002,True,"ATP - Newell Amoco","Kenneth H. Gatzke","207 Dartmouth Street",Newell,57760,Butte,44.7111664,-103.425117,,,,"","0.00","","Petroleum                                         ","0.00000",,"Petroleum","ATP","Commercial","UST","True","Spillage",876,"3901",,"","207,297",7066
2001.785,"C",KM,8/21/2001,2/22/2002,True,"ATP - Brunner Brothers Site 3","Kevin Brunner",".5 mile North of Hwy 212 on Riley Road",Nisland,57762,Butte,44.6845856,-103.546021,,,,"","0.00","","Petroleum                                         ","0.00000",,"Petroleum","ATP","Agricultural","UST","False","Spillage",2077,"5537",,"","207",7067
2001.786,"C",KM,7/31/2001,2/22/2002,True,"ATP - Mickelson Ranch","Jim Mickelson","3 miles East of Nisland on Hwy 212",Nisland,57762,Butte,44.67811,-103.495613,,,,"","0.00","","Petroleum                                         ","0.00000",,"Petroleum","ATP","Agricultural","UST","False","Spillage",1363,"5296",,"","207",7068
2001.787,"C",KM,7/30/2001,2/18/2002,True,"ATP - Town of Nisland","Nisland","312 Oak (NE corner of Oak & 2nd St)",Nisland,57762,Butte,44.6730766,-103.552071,,,,"","0.00","","Petroleum                                         ","0.00000",,"Petroleum","ATP","Public","UST","True","Spillage",202,"4129",,"","207",7069
2001.788,"C",KM,8/29/2001,2/18/2002,True,"ATP - Smiley Ranch","Gary Steele","Smiley Road",Belle Fourche,57717,Butte,44.69139,-103.922,,,,"","0.00","","Petroleum                                         ","0.00000",,"Petroleum","ATP","Agricultural","UST","False","Spillage",1543,"5489",,"","207",7070
2001.789,"C",KM,7/24/2001,2/18/2002,True,"ATP - 10th Avenue Repair","Brett Penning","808 10th Avenue  (10th & Harding)",Belle Fourche,57717,Butte,44.6702423,-103.845924,,,,"","0.00","","Petroleum                                         ","0.00000",,"Petroleum","ATP","Commercial","UST","True","Spillage",979,"4841",,"","207",7071
2001.792,"NFA",KM,8/2/2001,1/17/2003,True,"ATP - Wendt Ranch","Gary Wendt","Rock Butte Lane, Hwy 79, West near MM 152",Castle Rock,57762,Butte,45.001152,-103.442551,,,,"","0.00","","Petroleum                                         ","0.00000",,"Petroleum","ATP","Agricultural","UST","False","Corrosion",1558,"5504",,"","217",7074
2001.793,"NFA",KH,8/17/2001,3/14/2003,True,"ATP - LXJ Standard","Kenneth H. Gatzke","NW corner of Hwy 212 & Girard",Newell,57760,Butte,44.72001,-103.420891,,,,"","0.00","","Petroleum                                         ","0.00000",,"Petroleum","ATP","Commercial","UST","True","Corrosion",635,"4567",,"","217,297",7075
2001.794,"NFA",KH,8/20/2001,4/17/2003,True,"ATP - Former Vale Exxon","Lydia Fredekind","NW at Roseander and Pierre Streets",Vale,57788,Butte,44.61947,-103.402893,,,,"","0.00","","Petroleum                                         ","0.00000",,"Petroleum","ATP","Commercial","UST","True","Corrosion",1925,"5885",,"","217",7076
2001.795,"NFA",KM,8/1/2001,1/29/2003,True,"ATP - Evers Property","Lois Evers","NE at  Andrew & Rosander ",Vale,57788,Butte,44.61942,-103.403908,,,,"","0.00","","Petroleum                                         ","0.00000",,"Petroleum","ATP","Commercial","UST","True","Corrosion",1420,"5361",,"","231",7077
2001.796,"C",KM,8/28/2001,2/25/2002,True,"ATP - Gardener Ranch","Tom Cooper","Rimrock Ranch Road",Belle Fourche,57717,Butte,44.6484032,-104.017151,,,,"","0.00","","Petroleum                                         ","0.00000",,"Petroleum","ATP","Agricultural","UST","False","Spillage",1381,"5315",,"","207",7078
2001.797,"NFA",KH,8/28/2001,4/4/2003,True,"ATP - Hat Ranch","Lois Malvin","Helmer Road",Belle Fourche,57717,Butte,44.60096,-103.828926,,,,"","0.00","","Petroleum                                         ","0.00000",,"Petroleum","ATP","Agricultural","UST","False","Leakage",1466,"5404",,"","217",7079
2001.798,"C",KM,8/29/2001,2/25/2002,True,"ATP - Schmaltz & Sons","John & Patricia Jackson","1218 6th Avenue",Belle Fourche,57717,Butte,44.66431,-103.85218,,,,"","0.00","","Petroleum                                         ","0.00000",,"Petroleum","ATP","Commercial","UST","True","Leakage",449,"4384",,"","207",7080
2001.799,"NFA",KM,8/1/2001,12/16/2002,True,"ATP - Brunner Brothers Site 2","Kevin Brunner","Riley Road, .2 miles North of Hwy 212 ",Nisland,57762,Butte,44.67919,-103.54744,,,,"","0.00","","Petroleum                                         ","0.00000",,"Petroleum","ATP","Agricultural","UST","False","Corrosion",2076,"5537",,"","217",7081
2001.856,"C",KM,9/5/2001,3/4/2002,True,"ATP - Kinghorn Property","Emma Kinghorn","1 mile South on Hwy 85",Belle Fourche,57717,Butte,44.6492462,-103.860031,,,,"","0.00","","gasoline                                          ","0.00000",,"Petroleum","ATP","Agricultural","UST","False","Spillage",856,"4784",,"","207",7138
2002.183,"C",KM,6/7/2002,10/18/2002,True,"ATP - Parker Property","Stan Parker","321 Girard Avenue",Newell,57760,Butte,44.71573,-103.420837,,,,"","0.00","","Petroleum                                         ","0.00000",,"Petroleum","ATP","Commercial","UST","True","Spillage",2059,"6006",,"","219",7464
2003.065,"NFA",JN,5/16/2003,11/7/2008,True,"DalCam Oil Co - Impacted Containment Water","Dalcam Oil Company","719 Roundup Street",Belle Fourche,57717,Butte,44.66904,-103.849991,,,,"","0.00","","Containment water/gas                             ","0.00000",,"Petroleum","Other(See Case File)","Commercial","Containment Structure ","False","Handling",,"7025",,"","260",7712
2004.023,"NFA",KM,1/27/2004,1/27/2004,True,"ATP - Belle Fourche Health Care Facility","Belle Fourche Health Care Center","2200 13th Avenue",Belle Fourche,57717,Butte,44.6499252,-103.844749,,,,"","0.00","","Diesel Fuel                                       ","0.00000",,"Petroleum","ATP","Commercial","UST","True","Leakage",2782,"6762",,"","225,",7908
2004.093,"O",JAM,11/15/2002,,True,"Belle Fourche City Shop - Parking Area","Unknown","606 6th Street (City Parking Lot)",Belle Fourche,57717,Butte,44.6736565,-103.852516,,,,"","0.00","","TCE                                               ","0.00000",,"Chemical","Other(See Case File)","Public","Unknown(See Case File)","False","Unknown",,"null",,"","",7978
2005.047,"C",RL,2/28/2005,5/3/2005,True,"Overturned Tank - Franke Property","Homer Faeller","11811 US Hwy 212",Fruitdale,57717,Butte,44.6875572,-103.682709,8N,4E,6,"NW","0.00","","Diesel                                            ","300.00000",gal,"Petroleum","Other(See Case File)","Agricultural","AST","False","Overturned",,"6942",,"","239",8141
2005.128,"C",BM,6/20/2005,6/30/2005,True,"Newell Propane Release","Troy Van Der Boom - Boom Concrete","Prairie Vista Trailer Park",Newell,57760,Butte,44.7152252,-103.418488,,,,"","0.00","","propane                                           ","500.00000",gallons,"Chemical","Other(See Case File)","Residential","AST","False","Damage",,"null",,"","239",10288
2005.232,"NFA",JN,12/13/2005,10/18/2007,True,"MidAmerica Travel Center - Tank Overfill","MG Oil","16 North 5th Avenue",Belle Fourche,57717,Butte,44.6814,-103.855209,8N,2E,S,"SE","0.00","","Diesel #2                                         ","1300.00000",GAL,"Petroleum","Other(See Case File)","Commercial","AST","True","Overfill",,"7051",,"","255",10399
2006.163,"NFA",RL,10/26/2006,4/20/2007,True,"Transportation Accident - Diesel Spill","Scott Klind","Hwy 85 @ Redwater Bridge",Belle Fourche,57717,Butte,44.59007,-103.861404,,,,"","0.00","","Diesel                                            ","25.00000",gal,"Petroleum","Other(See Case File)","Other(See Case File)","Truck Tank","False","Transport Accident",,"7139",,"","252",10611
2006.182,"C",KM,11/30/2006,8/28/2007,True,"Brownfields - Belle Fourche Busfield property","Roger Bowman Property","Busfield Addition",Belle Fourche,57717,Butte,44.684227,-103.865639,8N,2E,3,"","116.50","","Various                                           ","0.00000",,"Other(See Case File)","Brownfields","Commercial","Equipment & Supplies","False","Handling",,"null",,"","255, 296",10634
2007.034,"C",BM,3/26/2007,4/25/2007,True,"Mid America Travel Plaza - Nozzle Spill","Unknown","16 N. 5th Ave",Belle Fourche,57717,Butte,44.6811943,-103.854744,,,,"","0.00","","Diesel                                            ","50.00000",gallons,"Petroleum","Other(See Case File)","Commercial","UST","True","Unattended Nozzle",,"null",,"","252",10872
2007.057,"C",BM,5/13/2007,7/9/2007,True,"Big D Truck Stop - Leaking Truck Tank","MCT Transportation","Hwy 34 & 85",Belle Fourche,57717,Butte,44.64996,-103.8604,,,,"","0.00","","Diesel                                            ","50.00000",gallons,"Petroleum","Other(See Case File)","Commercial","Truck Tank","False","Leakage",,"7184",,"","254",10897
2007.129,"NFA",SH,8/29/2007,12/4/2008,True,"Assessment - Former Bulk Site","Dalcam Oil Company","10955 US Hwy 212",Belle Fourche,57717,Butte,44.685463,-103.860588,,,,"","0.00","","Benzene                                           ","0.00000",,"Petroleum","Other(See Case File)","Commercial","AST","True","Leakage",,"7222",,"","260",10976
2007.143,"NFA",TF,9/24/2007,10/3/2017,True,"ATP - Rathbun Farm","David Rathbun","12663 Cross Section Lane",Nisland,57762,Butte,44.6641541,-103.515984,,,,"","0.00","","Gasoline                                          ","0.00000",,"Petroleum","ATP","Residential","UST","False","Leakage",2986,"7145",,"","",10990
2008.063,"C",BM,4/15/2008,3/25/2009,True,"NALCO - Leaking Tote","NALCO","North bound Hwy 85 at Harding Co. Line",Redig,57776,Butte,45.2130165,-103.548531,,,,"","0.00","","Sodium Dimethylthiocarbamate                      ","65.00000",gallons,"Chemical","Other(See Case File)","Other(See Case File)","Tote","False","Leakage",,"null",,"","263",11145
2008.228,"C",RL,12/9/2008,12/31/2008,True,"MidAmerica Travel Center - Nozzle Spill","Southwestern Holding","16 5th Avenue",Belle Fourche,57717,Butte,44.6811867,-103.854744,,,,"","0.00","","Diesel                                            ","50.00000",gallons,"Petroleum","Other(See Case File)","Commercial","UST","False","Unattended Nozzle",,"7352",,"","260",11330
2009.123,"NFA",MT,8/25/2009,3/16/2011,True,"MidAmerica Travel Plaza (also 90.089) - Line Leak","Minitman Inc.","16 North  5th Avenue",Belle Fourche,57717,Butte,44.6807632,-103.854012,,,,"","0.00","","Gasoline                                          ","0.00000",,"Petroleum","Other(See Case File)","Commercial","UST","True","Line Leak",,"7436",,"","278",11489
2010.133,"NFA",ML,6/28/2010,6/28/2010,True,"CERCLIS - Nisland Dump","City of Nisland","Oak Street (South of town & N of river)",Nisland,57762,Butte,44.6694374,-103.555267,,,,"","0.00","","Landfill Waste                                    ","0.00000",,"Other(See Case File)","CERCLIS","Other(See Case File)","Wastes","False","Past Practices",,"null",,"","276",11720
2011.100,"NFA",RL,6/15/2011,7/13/2011,True,"Transformer Oil Spill","Black Hills Power, Inc.","Behind home @ 1305 River View Circle",Belle Fourche,57717,Butte,44.6633263,-103.863022,,,,"","0.00","","Transformer Oil Non-PCB                           ","25.00000",gallons,"Oil","Other(See Case File)","Residential","Transformer","False","Storm Event",,"null",,"","280",12010
2012.186,"C",BM,9/5/2012,10/17/2012,True,"Canadian Pacific - Railcar Spill","Canadian Pacific Railroad","RR Bridge over Belle Fourche River",Belle Fourche,57717,Butte,44.67558,-103.861366,,,,"","0.00","","Bentonite Clay                                    ","0.00000",,"Other(See Case File)","Other(See Case File)","Other(See Case File)","Railcar","False","Spillage",,"null",,"","288",12458
2012.244,"C",BM,12/10/2012,3/19/2013,True,"Transfer Hose Spill at Farmers Union","CHS Transportation Inc.","2311 5th Avenue",Belle Fourche,57717,Butte,44.6506081,-103.858696,,,,"","0.00","","Dyed Diesel                                       ","50.00000",gallons,"Petroleum","Other(See Case File)","Commercial","AST","True","Disconnected Hose ",,"null",,"","290",12536
2013.036,"NFA",MT,3/18/2013,5/20/2013,True,"UST Removal - Union Pacific","Union Pacific Railroad","1804 Mill Street",Belle Fourche,57717,Butte,44.6605072,-103.857887,,,,"","0.00","","Diesel                                            ","0.00000",,"Petroleum","Other(See Case File)","Industrial","UST","True","Spillage",,"null",,"","290",12593
2013.043,"C",RL,4/2/2013,5/3/2013,True,"Hydraulic Hose Leak  - County Highways","City of Sturgis - Public Works Department","Hwy 85",Belle Fourche,57717,Butte,44.68121,-103.853546,,,,"","0.00","","Hydraulic Fluid                                   ","0.00000",,"Oil","Other(See Case File)","Public","Equipment","False","Leakage",,"null",,"","290",12600
2013.047,"C",RL,4/11/2013,4/11/2013,True,"Agri Chem Storage Building Collapse","Leber Ag Services","308 Sally Avenue",Vale,57788,Butte,44.6228371,-103.4032,,,,"","0.00","","Dry Fertilizer                                    ","0.00000",,"Agri Chem","Other(See Case File)","Commercial","Bulk Chemical","False","Storm Event",,"null",,"","290",12604
2013.079,"C",RL,5/10/2013,7/19/2013,True,"Transport Event - Country Hearth Bread","Country Hearth Bread","Hwy 79, MM 155",Castle Rock,57760,Butte,45.0327568,-103.416458,,,,"","0.00","","Diesel                                            ","250.00000",gallons,"Petroleum","Other(See Case File)","Other(See Case File)","Truck Tank","False","Transport Accident",,"null",,"","294",12639
2013.099,"NFA",MT,6/5/2013,9/4/2013,True,"CBH  Bulk Site - Assessment","CBH Cooperative","719 Roundup Street",Belle Fourche,57717,Butte,44.66893,-103.849648,,,,"","0.00","","Petroleum                                         ","0.00000",,"Petroleum","Other(See Case File)","Commercial","AST","True","Dispenser Leak",,"7815",,"","295",12662
2013.125,"NFA",RL,6/10/2013,7/3/2013,True,"Belle Fourche Rail Corridor, REC 2 & 3 - CP","Canadian Pacific","Rail Corridor",Belle Fourche,57717,Butte,44.67224,-103.857193,,,,"","0.00","","Solvents, Petroleum                               ","0.00000",,"Combined(See Case File)","Other(See Case File)","Other(See Case File)","Historical","False","Handling",,"null",,"","294",12688
2013.231,"C",KN,10/13/2013,11/7/2013,True,"Mid America Travel Plaza - Customer Spill","Simplex Leasing Incorporated","16 North 5th Avenue",Belle Fourche,57717,Butte,44.68119,-103.8546,,,,"","0.00","","Diesel                                            ","25.00000",gallons,"Petroleum","Other(See Case File)","Commercial","AST","True","Unattended Nozzle",,"null",,"","295",12812
2013.285,"C",KN,12/16/2013,8/11/2014,True,"Diesel Spill - Damaged Saddle Tank","Magnum LTL","Civil Defense Road",Castle Rock,57762,Butte,44.9815826,-103.445305,,,,"","0.00","","Diesel                                            ","50.00000",gallons,"Petroleum","Other(See Case File)","Other(See Case File)","Truck Tank","False","Damage",,"null",,"","296",12892
2013.288,"NFA",TF,12/17/2013,1/31/2014,True,"ATP - American Colloid (AMCO)","American Colloid Company (AMCO)","10881 US Hwy 212",Belle Fourche,57717,Butte,44.6935768,-103.878311,,,,"","0.00","","Fuel Oil                                          ","0.00000",,"Petroleum","ATP","Other(See Case File)","UST","False","Leakage",3361,"7878",,"","296",12896
2014.003,"NFA",ZB,1/9/2014,12/20/2016,True,"Suspected UST Leak - Big D (see 2014.195)","Big D Oil Company","2406 5th Avenue",Belle Fourche,57717,Butte,44.6498451,-103.860214,,,,"","0.00","","Petroleum                                         ","0.00000",,"Petroleum","Other(See Case File)","Commercial","UST","True","Line Leak",,"7906",,"","",12925
2014.111,"C",RL,6/10/2014,8/5/2014,True,"Overturned Transport - Dudney Truck","Dudney Trucking LLC","SD Hwy 168  near Tower Road",Castle Rock,57762,Butte,45.0000153,-103.493591,,,,"","0.00","","Diesel                                            ","130.00000",gallons,"Petroleum","Other(See Case File)","Other(See Case File)","Truck Tank","False","Transport Accident",,"7975",,"","297",13039
2014.195,"NFA",ZB,9/19/2014,12/20/2016,True,"Big D Diesel Spill (also 2014.003 & 2015.105)","Big D Oil Company","2406 S Hwy 85",Belle Fourche,57717,Butte,44.649826,-103.860374,,,,"","0.00","","Diesel                                            ","300.00000",Gallons,"Petroleum","Other(See Case File)","Commercial","UST","True","Dispenser Leak",,"8012",,"","",13130
2015.032,"NFA",KN ,2/20/2015,4/13/2015,True,"Transport Spill - Adams Trucking","Adams Trucking","Hwy 85 MM93, east ditch",Castle Rock,57717,Butte,45.10217,-103.548538,,,,"null","null","null","Diesel                                            ","55.00000",gallons,"Petroleum","Other(See Case File)","Other(See Case File)","Transport Tank","False","Transport Accident",,"null",,"null","300",13308
2015.065,"NFA",ZB ,4/21/2015,6/2/2015,True,"Gasoline Release - American Colloid","American Colloid","10881 US Hwy 212",Belle Fourche,57717,Butte,44.6946068,-103.879295,,,,"null","null","null","Gasoline","300.00000",gallons,"Petroleum","Other(See Case File)","Industrial","AST","False","Unsecured Valve",,"8083",,"null","300",13345
2015.105,"NFA",ZB ,6/12/2015,12/20/2016,True,"Big D Diesel Fuel (see  2014.195)","Big D Oil Company","2406 S Hwy 85",Belle Fourche,57717,Butte,44.6499557,-103.860313,,,,"null","null","null","Diesel                                            ","null",,"Petroleum","Other(See Case File)","Commercial","UST","True","Line Leak",,"8108",,"null","null",13388
2015.155,"C",RL ,8/13/2015,9/11/2015,True,"Transport Accident","TA Transport ","NE at intersection, Hwys 85 & 34",Belle Fourche,57717,Butte,44.6481819,-103.859352,,,,"null","null","null","Diesel                                            ","null",,"Petroleum","Other(See Case File)","Other(See Case File)","Truck Tank","False","Transport Accident",,"null",,"null","301",13445
2015.250,"C",RL ,12/11/2015,1/12/2016,True,"Diesel Spill - American Colloid Mine Site","American Colloid Company","Hwy 212 (approx 5 miles WNW of Belle Fourche)",Belle Fourche,57717,Butte,44.7419,-103.912384,,,,"null","null","null","Diesel                                            ","200.00000",gallons,"Petroleum","Other(See Case File)","Industrial","Transport Tank","False","Handling",,"8178",,"null","301",13565
2016.035,"NFA",RL ,2/19/2016,3/7/2016,True,"Transport Event - Diesel Spill","Lazy Y Cattle Company LLC","Hwy 79 near MM129",Vale,57788,Butte,44.66267,-103.427406,,,,"null","null","null","Diesel                                            ","50.00000",gallons,"Petroleum","Other(See Case File)","Other(See Case File)","Truck Tank","False","Transport Accident",,"8187",,"null","302",13619
2016.050,"C",RL ,3/28/2016,4/19/2016,True,"Diesel Tank Overfill at Big D","Dixon Brothers Inc","2406 South Hwy 85",Belle Fourche,57702,Butte,44.6498337,-103.860352,,,,"null","null","null","Diesel                                            ","20.00000",gallons,"Petroleum","Other(See Case File)","Commercial","UST","True","Overfill",,"8193",,"null","null",13635
2016.061,"NFA",ZB ,4/15/2016,11/2/2016,True,"Line Leak - CBH Coop (Former Patrons Site)","CBH Cooperative","2311 5th Avenue / East at Hwy 85 & Medical Mall Dr",Belle Fourche,57717,Butte,44.65067,-103.858681,,,,"null","null","null","Petroleum                                         ","null",,"Petroleum","Other(See Case File)","Commercial","AST","False","Line Leak",,"8199",,"null","null",13646
2016.075,"C",KM ,5/2/2016,2/13/2017,True,"Environmental Assessment - Unauthorized Dump Site","US Department of the Interior","SE of Fruitdale adjacent to Belle Fourche River",Fruitdale,57717,Butte,44.6597862,-103.668282,,,,"null","null","null","Landfill Waste                                    ","null",,"Other(See Case File)","Other(See Case File)","Other(See Case File)","Unauthorized dump site","False","Dumping",,"null",,"null","null",13661
2016.096,"NFA",RL ,5/10/2016,6/8/2016,True,"Anonymous Complaint - Cut Off Road","Unknown","Vale Cut Off Road at Belle Fourche River",Nisland,57762,Butte,44.67069,-103.487488,,,,"null","null","null","Unknown                                           ","null",,"Unknown(See Case File)","Other(See Case File)","Other(See Case File)","Unknown(See Case File)","False","Unknown",,"null",,"null","null",13682
2016.158,"C",RL ,8/11/2016,9/2/2016,True,"Leaking Saddle Tank at CBH Travel Center","Valley Grain Company","18765 US Hwy 85",Belle Fourche,57717,Butte,44.68296,-103.853668,,,,"null","null","null","Diesel                                            ","100.00000",gallons,"Petroleum","Other(See Case File)","Commercial","Truck Tank","False","Damage",,"8239",,"null","null",13754
2017.050,"NFA",ZB ,4/18/2017,2/27/2018,True,"Complaint - Diesel Spillage - Boom Concrete","Boom Concrete Inc.","220 Girard Avenue",Newell,57760,Butte,44.7153358,-103.418991,,,,"null","null","null","Diesel                                            ","null",,"Petroleum","Other(See Case File)","Commercial","AST","False","Spillage",,"8294",,"null","null",13968
2017.116,"C",ZB ,7/13/2017,7/20/2017,True,"Tank System Removal - Belle Fourche Airport","Belle Fourche","10970 Airport Road",Belle Fourche,57717,Butte,44.7329674,-103.85891,,,,"null","null","null","Petroleum                                         ","null",,"Petroleum","Other(See Case File)","Other(See Case File)","UST","True","Spillage",,"8316",,"null","null",14044
2017.195,"NFA",ZB ,10/31/2017,12/12/2017,True,"Big D Oil - Diesel Spill","Big D Oil ","2406 S Highway 85",Belle Fourche,57717,Butte,44.6502037,-103.861061,,,,"null","null","null","Diesel                                            ","100.00000",Gallons,"Petroleum","Other(See Case File)","Commercial","Fuel Tank","False","Accident",,"null",,"null","null",14138
2018.032,"C",RL ,3/2/2018,3/12/2018,True,"Diesel spill at Mid America parking lot","Unknown","16 5th  Avenue (SW at Hwys 85 & 212)",Belle Fourche,57717,Butte,44.6807175,-103.853928,,,,"null","null","null","Diesel                                            ","50.00000",gallons,"Petroleum","Other(See Case File)","Commercial","Truck Tank","False","Leakage",,"null",,"null","null",14210
2018.072,"NFA",ZB ,5/3/2018,7/14/2020,True,"Former Trebelcock Station Site  (also see 2001757)","Gary Collins","718 State Street",Belle Fourche,57717,Butte,44.6714,-103.84935,,,,"null","null","null","Petroleum                                         ","null",,"Petroleum","Other(See Case File)","Commercial","UST","True","Leaks and Spills",,"null",,"null","null",14251
2020.087,"C",BH,6/30/2020,10/13/2020,True,"CBH Hydraulic Oil","CBH Feed & Ag Services ","77 N 6th Ave",Belle Fourche,57717,Butte,44.683075,-103.851204,,,,"null","null","null","Hydraulic Oil                                     ","35.00000",Gallons,"Other(See Case File)","Other(See Case File)","Public","Hydraulic Line","False","Equipment Failure",,"null",,"null","null",14781
2020.154,"C",TK ,10/16/2020,2/10/2021,True,"Drilling mud release","WBI Energy","NE of Belle Fourche",Belle Fourche,57717,Butte,44.6880341,-103.841675,8N,2E,2,"NW","null","null","Drilling mud  ","30.00000",gallons,"Other","Other(See Case File)","Agricultural","Drill Rig","False","Overfills/Spillage",,"null",,"null","null",14864
2021.090,"C",ZB ,6/15/2021,10/13/2021,True,"AST Leak - CBH Belle Fourche","CBH Cooperative","2311 5th Avenue",Belle Fourche,57717,Butte,44.6505852,-103.858566,,,,"null","null","null","Gasoline","1000.00000",gallons,"Petroleum","Other(See Case File)","Commercial","AST","True","Leaks and Spills",,"null",,"null","null",15000
2021.094,"NFA",GK,6/18/2021,7/7/2021,True,"Highway 85 Collision - Diesel and Engine Oil","Unknown","1909 5th Avenue",Belle Fourche,57717,Butte,44.6530724,-103.859474,,,,"null","null","null","Diesel                                            ","20.00000",gallons,"Petroleum","Other(See Case File)","Public","Saddle Tank","False","Transport Accident",,"null",,"null","null",15005
2021.098,"C",GK,7/6/2021,9/21/2021,True,"US 85 MM 52 - Asphalt Release","Black Hills Asphalt","U.S. Highway 85 - MRM 52",Belle Fourche,57717,Butte,44.61726,-103.858681,,,,"null","null","null","Asphalt                                           ","25.00000",gallons,"Other(See Case File)","Other(See Case File)","Public","Tank","False","Transport Accident",,"null",,"null","null",15010
2022.048,"C",GK,3/23/2022,6/24/2022,True,"Belle Fourche House Collision","Canfield Business Interiors","524 Jackson Street",Belle Fourche,57709,Butte,44.6667366,-103.852242,,,,"null","null","null","Diesel                                            ","25.00000",gallons,"Petroleum","Other(See Case File)","Residential","Saddle Tank","False","Transport Accident",,"null",,"null","null",15190
2022.102,"NFA",BLM,6/14/2022,12/8/2023,True,"Pump run over - Belle Fourche Yesway","BW Gas & Convenience Holdings","1861 5th Avenue",Belle Fourche,57717,Butte,44.6549034,-103.857178,,,,"null","null","null","Gasoline                                          ","50.00000",gallons,"Petroleum","Other(See Case File)","Commercial","UST","True","Accident",,"8628",,"null","null",15248
2023.177,"O",ZB ,11/21/2023,,True,"Overfill at Big D ","Unknown but is on Big D property","2406 South Highway 85",Belle Fourche,57717,Butte,44.6498756,-103.860252,,,,"null","null","null","Petroleum Hydrocarbons","null",,"Petroleum","Other(See Case File)","Commercial","UST","True","Handling",,"null",,"null","null",15576
9999.280,"W",,11/3/2020,,,"Withdrawn ATP - Former Corner Cleaners","Sundance State Bank","922 State Street",Belle Fourche,57717,Butte,44.67131,-103.846619,,,,"null","null","null","null","null",,"Petroleum","Withdrawn ATP","Commercial","UST","False","No Tank Found",,"8538",,"null","null",14882
90061.000,"C",RL ,4/12/1990,5/29/2018,True,"1990 Tank Removal - Recorded May 2018","Hubbard Milling Company","SW at Hwy 85 & Roundup Street",Belle Fourche,57717,Butte,44.6700172,-103.854012,,,,"null","null","null","null","null",,"Other(See Case File)","Other(See Case File)","Commercial","UST","False","No Release",,"null",,"null","null",14268
92008.000,"C",TK,9/6/1992,9/6/1992,True,"City of Belle Fourche","City of Belle Fourche","Custer Street and 6th Street",Belle Fourche,57717,Butte,44.67727,-103.85186,,,,"","0.00","","                                                  ","0.00000",,"Other(See Case File)","Clean Site","Public","UST","True","No Release",,"null",,"","",8371
92028.000,"C",GH,9/8/1992,9/8/1992,True,"City of Belle Fourche","City of Belle Fourche","Near intersection of Custer Street and 6th Street",Belle Fourche,57717,Butte,44.67706,-103.852287,,,,"","0.00","","                                                  ","0.00000",,"Other(See Case File)","Clean Site","Public","UST","True","No Release",,"null",,"","",8391
93013.000,"C",JN,12/3/1993,12/3/1993,True,"Belle Fourche Landfill","City of Belle Fourche","Belle Fourche Landfill",Belle Fourche,57717,Butte,44.6862068,-103.848907,8N,2,2,"","0.00","","                                                  ","0.00000",,"Other(See Case File)","Clean Site","Public","UST","True","No Release",,"null",,"","",8459
93014.000,"C",TK,7/30/1993,8/11/1993,True,"Ray's Radiator","Ray's Radiator","904 5th Ave.",Belle Fourche,57717,Butte,44.6673965,-103.853752,,,,"","0.00","","                                                  ","0.00000",,"Other(See Case File)","Clean Site","Commercial","UST","True","No Release",,"2484",,"","",8460
93022.000,"C",RC,6/7/1993,6/3/1993,True,"Browning Auto Repair","Dale Browning","202 6th Avenue",Belle Fourche,57717,Butte,44.67671,-103.852028,,,,"","0.00","","                                                  ","0.00000",,"Other(See Case File)","Clean Site","Commercial","UST","True","No Release",,"null",,"","",8468
93033.000,"C",RC,2/11/1993,2/19/1993,True,"AT&T Communications","AT&T Communications","AT&T Communications",Newell,57760,Butte,44.7194824,-103.4356,,,,"","0.00","","                                                  ","0.00000",,"Other(See Case File)","Clean Site","Other(See Case File)","UST","False","No Release",,"null",,"","",8479
94024.000,"C",RC,5/18/1994,5/26/1994,True,"U.S. West Business Resources","U.S. West Business Resources","716 7th Street",Belle Fourche,57717,Butte,44.66894,-103.851349,,,,"","0.00","","                                                  ","0.00000",,"Other(See Case File)","Clean Site","Commercial","UST","True","No Release",,"null",,"","",8527
95023.000,"C",JN,8/17/1995,9/7/1995,True,"Butte County Sheriff's Office","Butte County","830 6th Avenue",Belle Fourche,57717,Butte,44.6695175,-103.851456,,,,"","0.00","","                                                  ","0.00000",,"Other(See Case File)","Clean Site","Public","UST","True","No Release",,"null",,"","",8583
95049.000,"C",RL ,9/12/1995,12/19/1995,True,"DOD/USAF/MMII Lima 9 (recorded Jan 2017)","Ellsworth Air Force Base","Snoma Road",Nisland,57762,Butte,44.6486168,-103.594269,,,,"null","null","null","null","null",,"Other(See Case File)","Federal","Other(See Case File)","UST","False","No Release",,"null",,"null","null",13913
95050.000,"C",RL ,8/1/1995,10/30/1995,True,"DOD/USAF/MMII Mike 2 (recorded Jan 2017)","Ellsworth Air Force Base","Camp Crook Road",Belle Fourche,57717,Butte,45.0340843,-103.883339,,,,"null","null","null","null","null",,"Other(See Case File)","Federal","Other(See Case File)","UST","False","No Release",,"null",,"null","null",13914
95051.000,"C",RL ,7/25/1995,8/17/1995,True,"DOD/USAF/MMII November 5 (recorded Jan 2017)","Ellsworth Air Force Base","Orman Road",Newell,57760,Butte,44.71869,-103.463577,,,,"null","null","null","null","null",,"Other(See Case File)","Federal","Other(See Case File)","UST","False","No Release",,"null",,"null","null",13916
95052.000,"C",RL ,7/25/1995,8/17/1995,True,"DOD/USAF/MMII November 8 (recorded Jan 2017)","Ellsworth Air Force Base","Arpan Road",Fruitdale,57742,Butte,44.76809,-103.647491,,,,"null","null","null","null","null",,"Other(See Case File)","Federal","Other(See Case File)","UST","False","No Release",,"null",,"null","null",13918
95053.000,"C",RL ,7/26/1995,8/17/1995,True,"DOD/USAF/MMII November 11 (recorded Jan 2017)","Ellsworth Air Force Base","Kinghorn Road",Arpan,57717,Butte,44.9100723,-103.648445,,,,"null","null","null","null","null",,"Other(See Case File)","Federal","Other(See Case File)","UST","False","No Release",,"null",,"null","null",13919
97011.000,"C",RC,7/1/1997,7/22/1997,True,"Farmers and Ranchers Cooperative","Harvest States Cooperative - Mark Daniels","SE at Business 212 and Elkhorn",Belle Fourche,57717,Butte,44.6664238,-103.839981,,,,"","0.00","","                                                  ","0.00000",,"Other(See Case File)","Clean Site","Other(See Case File)","UST","True","No Release",,"3216",,"","",8639
98026.000,"C",JN,8/18/1998,9/2/1998,True,"Nisland Store","Ken Wright","Southside of highway 212",Nisland,57762,Butte,44.67644,-103.553871,,,,"","0.00","","                                                  ","0.00000",,"Other(See Case File)","Clean Site","Commercial","UST","True","No Release",,"2940",,"","",8689
2001755.000,"C",KM,8/29/2001,2/22/2002,True,"ATP - Former Ray's Radiator (no tanks found)","Stacy Oberle","904 5th Avenue",Belle Fourche,57717,Butte,44.6672668,-103.8538,,,,"","0.00","","                                                  ","0.00000",,"Other(See Case File)","ATP","Commercial","UST","False","No Tank Found",634,"4566",,"","204",9619
2001757.000,"C",KM,8/9/2001,2/22/2002,True,"ATP - Trebelcock Station (see case 2018.072)","Gary Collins","718 State Street",Belle Fourche,57717,Butte,44.67124,-103.849548,,,,"","0.00","","                                                  ","0.00000",,"Other(See Case File)","ATP","Commercial","UST","False","No Tank Found",961,"4988",,"","204",9621
2001763.000,"C",KM,8/3/2001,2/18/2002,True,"Clean ATP - Garness Property","Raymond Garness","Garness Road ",Nisland,57762,Butte,44.68924,-103.488045,,,,"","0.00","","                                                  ","0.00000",,"Other(See Case File)","ATP","Residential","UST","True","No Release",952,"5069",,"","204",9627
2001764.000,"C",KM,8/2/2001,2/18/2002,True,"Clean ATP - Erk Ranch","Paul J. Erk","Erk Road",Castle Rock,57762,Butte,44.98717,-103.249672,,,,"","0.00","","                                                  ","0.00000",,"Other(See Case File)","ATP","Agricultural","UST","False","No Release",953,"5066",,"","204",9628
2001765.000,"C",KM,8/17/2001,2/18/2002,True,"Clean ATP- Sack Ranch","Tom Seaman","3 miles SW of Newell",Newell,57760,Butte,44.6733627,-103.440132,,,,"","0.00","","                                                  ","0.00000",,"Other(See Case File)","ATP","Agricultural","UST","False","No Release",1344,"5278",,"","204",9629
2001766.000,"C",KM,8/3/2001,2/18/2002,True,"Clean ATP - Burke Ranch","Patrick Burke","Burke Ranch, Burke Road",Redig,57776,Butte,45.1148376,-103.456329,,,,"","0.00","","                                                  ","0.00000",,"Other(See Case File)","ATP","Agricultural","UST","False","No Release",725,"4647",,"","204",9630
2001767.000,"C",KM,8/3/2001,2/18/2002,True,"Clean ATP - Colgrove Property","Dan Colgrove","5th and Girard",Newell,57760,Butte,44.7167053,-103.420853,,,,"","0.00","","                                                  ","0.00000",,"Other(See Case File)","ATP","Residential","UST","True","No Release",749,"4688",,"","204",9631
2001768.000,"C",KM,8/2/2001,2/18/2002,True,"Clean ATP - Erk Ranch","George Erk","Erk Road",Castle Rock,57762,Butte,45.0276871,-103.22213,,,,"","0.00","","                                                  ","0.00000",,"Other(See Case File)","ATP","Agricultural","UST","False","No Release",586,"4511",,"","204",9632
2001769.000,"C",KM,7/31/2001,2/18/2002,True,"Clean ATP - Littleton Property","Donna Littleton","Maple Street",Nisland,57762,Butte,44.6734123,-103.55378,,,,"","0.00","","                                                  ","0.00000",,"Other(See Case File)","ATP","Residential","UST","True","No Release",1586,"5538",,"","204",9633
2001770.000,"C",KM,7/31/2001,2/22/2002,True,"Clean ATP - Brunner Brothers Site 1","Kevin Brunner","approx 1/2 mile SE of Nisland",Nisland,57762,Butte,44.6688538,-103.540359,,,,"","0.00","","                                                  ","0.00000",,"Other(See Case File)","ATP","Agricultural","UST","False","No Release",1179,"5537",,"","204",9634
2001771.000,"C",KM,7/30/2001,2/22/2002,True,"Clean ATP - Fruitdale Site","DeNiel Chad Ammons","105 Main Street",Fruitdale,57742,Butte,44.6685028,-103.697571,,,,"","0.00","","                                                  ","0.00000",,"Other(See Case File)","ATP","Commercial","UST","True","No Release",41,"3936",,"","204,247",9635
2001772.000,"C",KM,8/1/2001,2/18/2002,True,"Clean ATP - Fox Property","Chris Fox","101 Main Street",Fruitdale,57742,Butte,44.668705,-103.698341,,,,"","0.00","","                                                  ","0.00000",,"Other(See Case File)","ATP","Residential","UST","True","No Release",1872,"5849",,"","204",9636
2002203.000,"C",KM,8/27/2002,2/10/2003,True,"Clean ATP - Kress Cattle Company","Frank C. Loup","5 miles S. of Nisland & 1 mile E.",Nisland,57762,Butte,44.6056824,-103.528038,,,,"","0.00","","                                                  ","0.00000",,"Other(See Case File)","ATP","Agricultural","UST","False","No Release",2630,"6569",,"","220",10062
2002228.000,"C",KM,8/15/2002,6/11/2003,True,"Clean ATP - Henderson Auto Electric","Dale & Mary Henderson","835 State Street",Belle Fourche,57717,Butte,44.6715775,-103.847229,,,,"","0.00","","                                                  ","0.00000",,"Other(See Case File)","ATP","Commercial","UST","True","No Release",195,"4116",,"","220",10085
2005035.000,"C",KH,12/29/2005,1/6/2006,True,"Clean ATP - Sigman Property","Roy Sigman","19949 141st Street",Vale,57788,Butte,44.51106,-103.227493,,,,"","0.00","","                                                  ","0.00000",,"Other(See Case File)","ATP","Agricultural","UST","False","No Release",2881,"6923",,"","242",10425
2007011.000,"C",TF,10/23/2007,10/24/2007,True,"Clean ATP - Lange Property","William Lange Estate","18424 SD Hwy 79",Newell,57760,Butte,44.7388039,-103.424309,,,,"","0.00","","                                                  ","0.00000",,"Other(See Case File)","ATP","Agricultural","UST","False","No Release",3008,"7195",,"","255",11010
2010006.000,"C",MT,7/21/2010,7/28/2010,True,"Clean Tank Removals  - Former Harris Service","Rich & Valletta Harris","854 5th Avenue",Belle Fourche,57717,Butte,44.6686172,-103.8538,,,,"","0.00","","                                                  ","0.00000",,"Other(See Case File)","Clean Site","Commercial","UST","True","No Release",,"1814",,"","276,296",11738
2015033.000,"C",TF ,12/22/2015,12/28/2015,True,"Clean ATP - Butte County Shop","Butte County","11163 Valley Road",Belle Fourche,57717,Butte,44.6768227,-103.816025,,,,"null","null","null","null","null",,"Other(See Case File)","ATP","Other(See Case File)","UST","True","No Release",3470,"8075",,"null","302",13572
2016027.000,"C",TF ,12/16/2016,2/1/2017,True,"Clean ATP - DOT Maintenance Shop (see comments)","SD Department of Transportation","10921 SD Hwy 34 W",Belle Fourche,57717,Butte,44.64885,-103.867134,,,,"null","null","null","null","null",,"Other(See Case File)","ATP","Other(See Case File)","UST","True","No Release",3535,"8200",,"null","null",13841
2019005.000,"C",ZB ,6/20/2019,7/15/2019,True,"ATP - Belle Fourche Healthcare","Belle Fourche Healthcare Community","2200 13th Avenue",Belle Fourche,57717,Butte,44.64991,-103.844681,,,,"null","null","null","Diesel                                            ","null",,"Petroleum","ATP","Commercial","No Release","False","No Release",3659,"8430",,"null","null",14542