id,status,r1,date_rep,date_close,image,site_name,resp_party,street,city,zip_code,county,latitude,longitude,township,range,section,secq1,acreage,instctrls,material,amount,units,spill_cat,site_type,proptype,sor_type,regulated,cause_type,atp_no,prcfnumber,ag_no,solidwaste,microroll,siteid
82.020,"C",JA,8/23/1982,2/4/1993,True,"Fish Kill","Unknown","Lake Louise",Miller,57362,Hand,44.6247253,-99.13722,,,,"","0.00","","Unknown                                           ","0.00000",,"Unknown(See Case File)","Other(See Case File)","Other(See Case File)","Unknown(See Case File)","False","Unknown",,"null",,"","",80
85.021,"C",KH,4/1/1985,10/2/1995,True,"Miller Sewer System - Petroleum Vapors","Multiple Sites","Block W of Hwy 14 & between 7th & 8th St.",Miller,57362,Hand,44.5232964,-98.98945,,,,"","0.00","","Gasoline                                          ","0.00000",,"Petroleum","Other(See Case File)","Public","Off Site Source","False","Leakage",,"null",,"","209,266",289
87.069,"C",KM,7/25/1987,5/7/1992,True,"Harms Oil - Transport Event","Harms Oil Company","204 St & 364 Ave",Miller,57362,Hand,44.4284,-99.10476,111N,69W,,"","0.00","","Diesel, Gasoline                                  ","2364.00000",gallons,"Petroleum","Other(See Case File)","Agricultural","Transport Truck","False","Overturned",,"null",,"","",534
88.193,"I",SH,10/13/1988,5/19/1995,True,"Niederauer Oil Company","Gary Niederauer","709 North Broadway  (Broadway & 8th)",Miller,57362,Hand,44.5235977,-98.98906,,,,"","0.00","","Gasoline                                          ","0.00000",,"Petroleum","Other(See Case File)","Commercial","UST","True","Leakage",,"0249",,"","237,275",795
89.089,"C",KM,5/17/1989,7/6/1990,True,"Department of Transportation (SD DOT)","SD Department of Transportation (SD DOT)","Hwy 14 Maintenance Shop",Miller,57362,Hand,44.5226746,-99.00467,,,,"","0.00","","Petroleum                                         ","99.00000",gallons,"Petroleum","Other(See Case File)","Public","UST","True","Spillage",,"null",,"","",978
89.100,"C",TK,5/23/1989,10/11/1994,True,"Dyer Spraying Service - Aerial Incident","Dale Dyer","Hwy right-of-way adjacent to airport property",Miller,57362,Hand,44.5180244,-98.95368,,,,"","0.00","","Pesticide                                         ","60.00000",gallons,"Agri Chem","Other(See Case File)","Commercial","Aircraft Tanks","False","Discharge",,"null",,"","237",989
90.072,"C",DP,3/28/1990,2/15/1991,True,"Petroleum Carriers - Transport Event","Petroleum Carriers","2800 E. Hwy. 14",Vayland,57373,Hand,44.48052,-98.7640839,101N,50W,14,"SW","0.00","","Gasoline                                          ","717.00000",gallons,"Petroleum","Other(See Case File)","Other(See Case File)","Transport Truck","False","Overturned",,"null",,"","",1307
90.171,"C",TK,5/11/1990,1/30/1991,True,"Wilber Feed and Seed - Spill","Jim Wilber","1st & Broadway @ RR tracks",Miller,57362,Hand,44.51448,-98.99003,,,,"","0.00","","Pesticide                                         ","50.00000",gallons,"Agri Chem","Other(See Case File)","Commercial","Tote","False","Damage",,"null",,"","",1406
90.284,"C",TK,7/9/1990,2/13/1991,True,"Canham Spray Truck Spill","Hand County Weed Board","354 Ave & 184 St",Miller,57362,Hand,44.7216873,-99.10958,115N,69W,35,"SW","0.00","","Pesticide                                         ","8.00000",gallons,"Agri Chem","Other(See Case File)","Other(See Case File)","Spray Tank","False","Overturned",,"null",,"","",1519
91.203,"I",SH,5/15/1991,9/21/1999,True,"Community Oil Company","Community Oil Company","3rd St. East 203",Miller,57362,Hand,44.51852,-98.98665,112N,68W,10,"SE","0.00","","Petroleum                                         ","0.00000",,"Petroleum","Other(See Case File)","Commercial","UST","True","Leakage",,"1484",,"","237,275",2093
91.243,"C",MV,6/5/1991,11/23/1994,True,"Hand County Hospital","Hand County Hospital - Clarence Lee","423 West Second Avenue",Miller,57362,Hand,44.5202026,-98.992485,,,,"","0.00","","Heating fuel                                      ","0.00000",,"Petroleum","Other(See Case File)","Other(See Case File)","UST","False","Leakage",,"1503",,"","",2133
91.301,"C",TK,7/10/1991,11/22/1991,True,"Hand County Highway Dept. - Remote Shop","Hand County Highway Department","NE intersection @ Hwys 26 & 45",Polo,57362,Hand,44.7801,-98.98739,,,,"","0.00","","Gasoline                                          ","0.00000",,"Petroleum","Other(See Case File)","Public","AST","True","Leaks and Spills",,"1536",,"","",2191
91.321,"C",TK,6/23/1991,3/17/1994,True,"Lil Feller - Tank Filling Accident","Schaeffer Oil Inc.","704 Broadway  (Hwy 14)",Miller,57362,Hand,44.5228,-98.98812,,,,"","0.00","","Petroleum                                         ","100.00000",gallons,"Petroleum","Other(See Case File)","Commercial","UST","True","Disconnected Hose ",,"1551",,"","",2211
91.349,"I",BL,8/8/1991,3/31/1995,True,"Niederauer Conoco","Gary Niederauer","302 North Broadway",Miller,57362,Hand,44.5184631,-98.98827,,,,"","0.00","","petroleum                                         ","0.00000",,"Petroleum","Other(See Case File)","Commercial","UST","True","Leakage",,"1569",,"","",2239
91.396,"C",RC,8/29/1991,10/1/1991,True,"Hand County Shop - Ree Heights","Hand County Highway Department","Warehouse #3: 1/2 Blk. Off Main St.",Ree Heights,57371,Hand,44.52933,-99.2061157,,,,"","0.00","","Diesel                                            ","0.00000",,"Petroleum","Other(See Case File)","Public","AST","True","Spillage",,"1603",,"","",2286
91.406,"C",TK,9/4/1991,1/27/1992,True,"Hand County Highway Shop","Hand County","810 E. 2nd Street",Miller,57362,Hand,44.5167351,-98.97709,,,,"","0.00","","petroleum                                         ","0.00000",,"Petroleum","Other(See Case File)","Public","AST","True","Leakage",,"1611",,"","",2296
91.447,"C",SH,10/1/1991,3/23/1993,True,"Petroleum Carriers - Transport Event","Petroleum Carriers Inc","Near Mile Post 308, E. of Saint Lawrence",Saint Lawrence,57373,Hand,44.5149765,-98.85478,,,,"","0.00","","gasoline                                          ","3500.00000",gallons,"Petroleum","Other(See Case File)","Other(See Case File)","Transport Truck","False","Transport Accident",,"null",,"","",2337
91.485,"C",KM,10/24/1991,10/25/1991,True,"Tri - State Insulation","Tri - State Insulation","South Broadway",Miller,57362,Hand,44.51314,-98.98931,,,,"","0.00","","UNKNOWN                                           ","0.00000",,"Chemical","Other(See Case File)","Industrial","Materials","False","Handling",,"null",,"","",2375
93.004,"I",BL,1/12/1993,8/15/1995,True,"Neiderauer Oil Company - Bulk Storage Facility","Gary Neiderauer","SW 1st Street",Miller,57362,Hand,44.5149231,-98.99099,,,,"","0.00","","Fuel Oil                                          ","0.00000",,"Petroleum","Other(See Case File)","Commercial","AST","True","Leakage",,"2353",,"","",3019
94.109,"C",TK,5/2/1994,12/8/1994,True,"Morog Diesel Release","Tom Morog","7.5 mi. N of Miller",Miller,57369,Hand,44.6288261,-98.98954,,,,"","0.00","","Diesel                                            ","12000.00000",gallons,"Petroleum","Other(See Case File)","Agricultural","AST","False","Leakage",,"2675",,"","",3644
94.164,"C",TK,2/24/1994,1/19/1995,True,"Lil Feller - Nozzle Spill","Schaeffer Oil - Brian Schaeffer","704 North Broadway",Miller,57362,Hand,44.52281,-98.988205,,,,"","0.00","","Diesel                                            ","15.00000",gallons,"Petroleum","Other(See Case File)","Commercial","UST","True","Unattended Nozzle",,"null",,"","",3699
95.187,"C",KH,7/19/1995,10/9/1997,True,"City of Miller - Airport Tank Removals","City of Miller","Airport, former AERO Spray Hanger Site",Miller,57362,Hand,44.5194855,-98.95649,,,,"","0.00","","Petroleum & Agri Chem                             ","0.00000",,"Combined","Other(See Case File)","Other(See Case File)","UST","True","Leaks and Spills",,"2906",,"","",4138
95.253,"C",TK,9/12/1995,9/9/1996,True,"Former AST Site - Surface Spills","David Heinz","102 North Broadway",Miller,57362,Hand,44.5159569,-98.98803,,,,"","0.00","","Waste Oil                                         ","0.00000",,"Oil","Other(See Case File)","Commercial","AST","True","Spillage",,"null",,"","",4204
95.325,"C",TK,11/27/1995,1/4/1996,True,"Nelson Seed Company Spill @ Conoco","Richard Nelson","Highway 14 - 709 North Broadway",Miller,57362,Hand,44.52363,-98.9890747,,,,"","0.00","","Diesel                                            ","40.00000",gallons,"Petroleum","Other(See Case File)","Commercial","UST","True","Uncontrolled Nozzle",,"null",,"","232",4276
96.175,"NFA",KM,6/19/1996,3/2/2007,True,"Dakota Ag Coop - Site Assessment","Dakota Ag Coop","102 South Broadway",Miller,57362,Hand,44.5149155,-98.9874954,112N,68W,15,"NE","0.00","","Agri Chem                                         ","0.00000",,"Agri Chem","Other(See Case File)","Commercial","Bulk Chemical","False","Handling",,"null",,"","250,258",4485
96.378,"C",KM,9/13/1996,4/15/1997,True,"Wilber's Feed & Seed Site","Wilber's Feed & Seed","102 S Broadway",Miller,57362,Hand,44.51522,-98.98811,112N,68W,15,"NE","0.00","","fertilizer                                        ","0.00000",,"Agri Chem","Other(See Case File)","Commercial","Bulk Chemical","False","Handling",,"null",,"","",4688
97.013,"C",KM,1/21/1997,2/24/1998,True,"Jenner Property - Fuel Oil Spill","Erving Jenner","404 East 7th Street",Miller,57362,Hand,44.5227852,-98.98329,,,,"","0.00","","Fuel Oil                                          ","40.00000",gallons,"Petroleum","Other(See Case File)","Residential","AST","False","Leakage",,"null",,"","",4701
97.077,"C",KM,3/31/1997,6/10/1998,True,"Complaint of dumping at Well House","Unknown","Well House",Saint Lawrence,57373,Hand,44.5137634,-98.93971,,,,"","0.00","","Pesticide rinsate                                 ","1500.00000",,"Agri Chem","Other(See Case File)","Public","Spray Tank","False","Handling",,"null",,"","",4765
97.105,"C",SH,4/17/1997,8/9/2002,True,"Miller High School - Tank Replacement","Miller School","625 East 4th Street",Miller,57362,Hand,44.51981,-98.9792557,,,,"","0.00","","Heating Oil                                       ","0.00000",,"Petroleum","Other(See Case File)","Public","UST","False","Leakage",,"3191",,"","211",4793
97.118,"C",KM,4/25/1997,6/6/1997,True,"Wastewater Pond # 1 - Dead Ducks","City of Miller","Wastewater Pond # 1",Miller,57362,Hand,44.54614,-98.9810944,,,,"","0.00","","Unknown                                           ","0.00000",,"Chemical","Other(See Case File)","Public","Unknown(See Case File)","False","Unknown",,"null",,"","",4806
97.195,"NFA",SH,6/10/1997,3/5/2007,True,"Former Co-op Station - Tank System Removal","City of Miller","NW @ Broadway (Hwy 14/45) & 5th Street",Miller,57362,Hand,44.5207977,-98.98913,,,,"","0.00","","Petroleum                                         ","0.00000",,"Petroleum","Other(See Case File)","Commercial","UST","True","Leakage",,"3233",,"","252,259",4883
97.315,"C",KM,9/22/1997,3/31/2000,True,"Fuel Spill - Conoco","Foreman Sales and Service","709 N Broadway",Miller,57362,Hand,44.52361,-98.98897,,,,"","0.00","","diesel                                            ","40.00000",gallons,"Petroleum","Other(See Case File)","Commercial","UST","True","Unattended Nozzle",,"null",,"","",5003
98.094,"NFA",DM,5/4/1998,2/9/2004,True,"Oligmueller Home - LUST Trust","Unknown","724 West 1st Avenue",Miller,57362,Hand,44.5236435,-98.98989,,,,"","0.00","","petroleum                                         ","0.00000",,"Petroleum","Lust Trust","Residential","Off Site Source","False","Leakage",,"null",,"","232",5202
98.187,"C",TF,7/27/1998,9/1/1998,True,"Lake Louise Shop (SD GF&P) - Tank Removal","SD Game Fish and Parks (SD GF&P)","Lake Louise Recreation Area - Shop",Miller,57362,Hand,44.6221848,-99.13989,,,,"","0.00","","gasoline                                          ","0.00000",,"Petroleum","Other(See Case File)","Public","UST","True","Spillage",,"3398",,"","",5295
98.321,"NFA",TF,10/30/1998,2/10/2004,True,"Stobb's Sales, Inc. - Tank System Removal","Stobb's Sales, Inc.","304 East 3rd Street (SE at 3rd St/Hwy14 & 2nd Ave)",Miller,57362,Hand,44.51802,-98.98518,,,,"","0.00","","diesel                                            ","0.00000",,"Petroleum","Other(See Case File)","Commercial","UST","True","Leaks and Spills",,"3629",,"","227, 229",5429
99.184,"C",BM,6/11/1999,2/1/2002,True,"Unsecured Container Spill","South Dakota Wheat Growers","Hwy 14, MM 308",Saint Lawrence,57373,Hand,44.5148125,-98.85547,,,,"","0.00","","atrazine                                          ","50.00000",gallons,"Agri Chem","Other(See Case File)","Other(See Case File)","Containers","False","Unsecured",,"null",,"","230",5731
99.306,"NFA",JPA,11/2/1999,7/30/2014,True,"Generator - Line Leak - City Shop","City of Miller","120 W. 2nd Street",Miller,57362,Hand,44.5166,-98.98976,,,,"","0.00","","petroleum                                         ","0.00000",,"Petroleum","Lust Trust","Other(See Case File)","AST","True","Line Leak",,"3864",,"","296",5853
2000.025,"NFA",GH,2/18/2000,2/3/2005,True,"Fremark Fertilizer Tank","David Fremark","Hwy 14, 300yds E of MM306, S side of hwy",Saint Lawrence,57373,Hand,44.51496,-98.88884,112N,67W,16,"NE","0.00","","Liquid Fertilizer                                 ","10000.00000",pounds,"Agri Chem","Other(See Case File)","Other(See Case File)","AST","False","Tank Failure",,"null",00N021802,"","236",5923
2000.204,"NFA",KM,6/23/2000,6/24/2004,True,"Highway 45 Transport Fire","Howes Oil Company - Mike Howes","Hwy 45 near Hand & Buffalo County line",Miller,57362,Hand,44.2003632,-98.98365,,,,"","0.00","","Petroleum                                         ","8000.00000",gallons,"Petroleum","Other(See Case File)","Other(See Case File)","Transport Trailer","False","Transport Accident",,"null",,"","232,235",6102
2000.218,"C",DM,7/7/2000,2/20/2009,True,"Miller storm sewer project  (also 88.193)","City of Miller","NW 10th Street in front of Dakota Energy",Miller,57362,Hand,44.52597,-98.98884,,,,"","0.00","","Petroleum                                         ","0.00000",,"Petroleum","Lust Trust","Other(See Case File)","Off Site Source","False","Leakage",,"4154",,"","",6116
2001.006,"C",KM,1/7/2001,1/16/2001,True,"Porter Property - Line Leak","Martha Porter","718 W. 1st  Avenue",Miller,57362,Hand,44.5235329,-98.98982,,,,"","0.00","","Fuel Oil                                          ","260.00000",gallons,"Petroleum","Other(See Case File)","Residential","AST","False","Line Leak",,"null",,"","",6291
2001.233,"C",KM,6/16/2001,8/14/2001,True,"ATP - Harold Schaefers","Harold Schaefers","35381 172nd Street",Orient,57467,Hand,44.89601,-99.11106,116N,69W,3,"NE","0.00","","gasoline                                          ","0.00000",,"Petroleum","ATP","Agricultural","UST","False","Spillage",1627,"5585",,"","219",6517
2001.940,"C",KM,2/28/2002,3/25/2002,True,"ATP- Gerdes Farm","Roger Gerdes","36091 203 Street  (Cow Camp Place)",Miller,57362,Hand,44.4422874,-98.96532,111N,68W,11,"NE","0.00","","Petroleum                                         ","0.00000",,"Petroleum","ATP","Agricultural","UST","False","Leakage",592,"4516",,"","208",7222
2001.941,"C",KM,2/28/2002,3/25/2002,True,"ATP - Midwest Supply","Ken Augspurger","119 East 2nd Street",Miller,57362,Hand,44.5174561,-98.987175,,,,"","0.00","","Petroleum                                         ","0.00000",,"Petroleum","ATP","Commercial","UST","True","Spillage",4,"3982",,"","208",7223
2001.942,"C",KM,3/5/2002,3/25/2002,True,"ATP - Mullaney Farm","Duane Mullaney","18120 355th Avenue",Miller,57362,Hand,44.76234,-99.08878,115N,69W,24,"NW","0.00","","Petroleum                                         ","0.00000",,"Petroleum","ATP","Agricultural","UST","False","Spillage",804,"4746",,"","208",7224
2001.947,"NFA",KH,3/12/2002,8/3/2006,True,"ATP - Former Halbower Motors Property","A. W. Augspurger","126 East 3rd Street",Miller,57362,Hand,44.5181465,-98.9877,,,,"","0.00","","Petroleum                                         ","0.00000",,"Petroleum","ATP","Commercial","UST","True","Leakage",1565,"5511",,"","253,258",7229
2001.948,"NFA",KM,3/12/2002,9/19/2002,True,"ATP - Imp Ranch","Francis Deuter","215 East 3rd Street",Ree Heights,57371,Hand,44.51615,-99.19621,,,,"","0.00","","Petroleum                                         ","0.00000",,"Petroleum","ATP","Agricultural","UST","False","Leakage",1469,"5407",,"","219",7230
2001.950,"C",KM,3/12/2002,3/28/2002,True,"ATP - Old State Building","Craig Van Zee","100 block of  3rd Street West",Miller,57362,Hand,44.5178452,-98.98982,,,,"","0.00","","gasoline                                          ","0.00000",,"Petroleum","ATP","Other(See Case File)","UST","True","Leakage",1323,"5242",,"","208",7232
2001.951,"C",KM,3/11/2002,3/28/2002,True,"ATP - Polo Store","Greg Schaefers","35416 SD Highway 26",Polo,57369,Hand,44.77955,-99.1092758,,,,"","0.00","","Petroleum                                         ","0.00000",,"Petroleum","ATP","Commercial","UST","True","Leakage",802,"4744",,"","208",7233
2001.952,"C",KM,3/11/2002,3/28/2002,True,"ATP - McKay Farm","Helen McKay","35811 172nd Street",Orient,57467,Hand,44.8959045,-99.0236053,116N,68W,4,"NW","0.00","","Petroleum                                         ","0.00000",,"Petroleum","ATP","Agricultural","UST","False","Leakage",1594,"5546",,"","208",7234
2001.953,"C",KM,3/11/2002,3/28/2002,True,"ATP - Heilman Farm","John Heilman","21961 SD Highway 45",Miller,57362,Hand,44.20171,-98.9849548,109N,68W,34,"SE","0.00","","Petroleum                                         ","0.00000",,"Petroleum","ATP","Agricultural","UST","False","Spillage",1524,"5467",,"","208",7235
2001.954,"C",KM,3/11/2002,3/28/2002,True,"ATP - Rodgers Store","Derald Larsen","Hwy 14",Vayland,57362,Hand,44.4942436,-98.79864,112N,66W,20,"NW","0.00","","Petroleum                                         ","0.00000",,"Petroleum","ATP","Commercial","UST","True","Spillage",1121,"4924",,"","208",7236
2002.333,"NFA",KM,2/4/2003,5/9/2003,True,"ATP - Merle Bertsch Farm","Merle Bertsch","19191 359th Avenue",Miller,57362,Hand,44.6073265,-99.00828,,,,"","0.00","","gasoline                                          ","0.00000",,"Petroleum","ATP","Agricultural","UST","True","Leakage",2412,"6341",,"","217",7614
2002.334,"NFA",KM,1/30/2003,5/9/2003,True,"ATP -  Former Jones Drug","J.H. & W.D. Jones","212 North Broadway Avenue",Miller,57362,Hand,44.51765,-98.98807,,,,"","0.00","","Diesel                                            ","0.00000",,"Petroleum","ATP","Commercial","UST","False","Spillage",2285,"6215",,"","217",7615
2006.082,"C",RL,5/31/2006,8/3/2006,True,"Road Oil Spill - City Property","City of Miller","Southwest 1st Street",Miller,57362,Hand,44.5144768,-98.99259,112N,68W,15,"","0.00","","Road Oil                                          ","25.00000",gal,"Oil","Other(See Case File)","Other(See Case File)","Transport Trailer","False","Equipment Failure",,"null",,"","246",10524
2006.150,"NFA",TF,10/5/2006,2/7/2007,True,"ATP - Nelson Property","Dave Nelson","306 West 2nd Street",Miller,57362,Hand,44.5162659,-98.99133,,,,"","0.00","","Waste Oil                                         ","0.00000",,"Oil","ATP","Residential","UST","True","Corrosion",2954,"7077",,"","249",10594
2007.089,"NFA",TF,7/10/2007,1/8/2008,True,"ATP - Odden Property","Dean Odden","20280 Green Valley Road",Ree Heights,57531,Hand,44.4458771,-99.23575,,,,"","0.00","","Gasoline                                          ","0.00000",,"Petroleum","ATP","Agricultural","UST","False","Leakage",3003,"7190",,"","255",10933
2008.108,"NFA",BM,6/13/2008,7/16/2008,True,"Wheat Growers - Transport Spill","SD Wheat Growers","372nd Ave",Virgil,57379,Hand,44.2409,-98.7408447,,,,"","0.00","","Liquid Fertilizer 28%                             ","2800.00000",gallons,"Agri Chem","Other(See Case File)","Other(See Case File)","Transport Trailer","False","Transport Accident",,"null",,"","258,264",11193
2008.172,"C",RL,9/2/2008,12/5/2008,True,"Open Shuttle Valves - Agrichem Spill","Northern Plains Coop","17940 SD Hwy 45",Polo,57467,Hand,44.7854233,-98.9873657,115N,68W,11,"SW","0.00","","Roundup Mixture                                   ","120.00000",gallons,"Agri Chem","Other(See Case File)","Agricultural","Portable Tank","False","Overflow",,"null",08T090337,"","260,264",11264
2009.038,"C",RL,5/2/2009,6/10/2009,True,"Transport Event - MG Oil","MG Oil","Intersection of Hwy 14 & 45",Miller,57362,Hand,44.53018,-98.9894562,,,,"","0.00","","Diesel                                            ","100.00000",gallons,"Petroleum","Other(See Case File)","Other(See Case File)","Transport Trailer","False","Transport Accident",,"7393",,"","265",11393
2009.056,"C",BM,5/28/2009,6/4/2010,True,"Dakota Air Spray  - Overturned Transport","Dakota Air Spray","199th St & 372nd Ave.",Vayland,57362,Hand,44.5009727,-98.74193,,,,"","0.00","","Diesel                                            ","10.00000",gallons,"Petroleum","Other(See Case File)","Other(See Case File)","Tote","False","Overturned",,"7408",09T052809,"","274",11412
2009.151,"C",TK,10/15/2009,1/25/2012,True,"Dakota Ag - Containment Water Disposal","Dakota Ag COOP","1 S. Commercial Ave",Saint Lawrence,57373,Hand,44.5143,-98.94214,112,18,67,"NW","0.00","","Fertilizer                                        ","0.00000",,"Agri Chem","Other(See Case File)","Commercial","Containment Structure ","False","Handling",,"null",09TG022402,"","",11523
2009.154,"C",BM,10/22/2009,11/24/2009,True,"SD Wheat Growers Feed Truck Spill","South Dakota Wheat Growers","S of intersection Hwy 45 & 201st Street",Miller,57362,Hand,44.47107,-98.98382,,,,"","0.00","","diesel                                            ","25.00000",Gallons,"Petroleum","Other(See Case File)","Agricultural","Truck Tank","False","Transport Accident",,"7453",,"","270",11526
2009.157,"C",BM,10/23/2009,11/12/2009,True,"Nelson's Inc. - Overturned Shuttle","Nelson's Inc. - Rich Nelson","1020 N. Broadway",Miller,57362,Hand,44.5274544,-98.9876251,,,,"","0.00","","Waste Oil                                         ","300.00000",gallons,"Oil","Other(See Case File)","Commercial","Portable Tank","False","Overturned",,"null",,"","270",11530
2009.162,"NFA",BM,11/2/2009,1/11/2011,True,"Wieseler Rental Property - Tank Leak","George Wieseler","215 E. 6th Street",Miller,57362,Hand,44.5217934,-98.98634,,,,"","0.00","","Fuel Oil                                          ","270.00000",gallons,"Petroleum","Other(See Case File)","Residential","AST","False","Leakage",,"7457",,"","277",11535
2010.227,"O",TF ,10/8/2010,,True,"Miller - LUST Trust","Unknown","Intersection at 1st Street and 1st Avenue",Miller,57362,Hand,44.5158157,-98.9904251,,,,"","0.00","","Petroleum                                         ","0.00000",,"Petroleum","Lust Trust","Commercial","Unknown(See Case File)","True","Unknown",,"null",,"","",11837
2012.067,"C",RL,4/26/2012,6/18/2012,True,"Release of Phostoxin - Fire Event","Performance Seed","103 South Broadway @ Rail Corridor",Miller,57362,Hand,44.5152054,-98.98947,,,,"","0.00","","Aluminum Phosphide                                ","27.00000",quarts,"Chemical","Other(See Case File)","Industrial","Materials","False","Fire Event",,"null",12N042603,"","286",12321
2012.150,"C",BM,7/11/2012,8/14/2012,True,"SDDA Inspection  - Miller Facility","North Central Farmers Elevator","1103 North Broadway",Miller,57362,Hand,44.52734,-98.98929,,,,"","0.00","","Agri Chem                                         ","0.00000",,"Agri Chem","Other(See Case File)","Commercial","Materials","False","Handling",,"null",12DB041706,"","288",12416
2012.214,"C",KN,10/22/2012,7/29/2013,True,"Overturned Transport","SD Wheat Growers","400 Block of N. Commercial Street",Saint Lawrence,57373,Hand,44.5191422,-98.93804,,,,"","0.00","","Urea                                              ","20.00000",tons,"Agri Chem","Other(See Case File)","Other(See Case File)","Transport Trailer","False","Transport Accident",,"null",13DB102202,"","294",12497
2013.014,"C",RL,1/31/2013,2/4/2013,True,"Rail Right-of-Way, former Sludge Basin","Canadian Pacific","W of W 4th Ave (N of rail)",Miller,57362,Hand,44.5155678,-98.99615,,,,"","0.00","","Chromium, Lead                                    ","0.00000",,"Other(See Case File)","Other(See Case File)","Industrial","Historical","False","Past Practices",,"null",,"","289",12564
2013.015,"NFA",RF ,1/31/2013,10/22/2015,True,"Rail Right-of-Way, former Miller Tank Facility","Unknown","W 4th Avenue & 1st Street (N of rail)",Miller,57362,Hand,44.51572,-98.99528,,,,"","0.00","","Diesel                                            ","0.00000",,"Petroleum","Other(See Case File)","Industrial","AST","False","Leakage",,"7770",,"","301",12565
2013.016,"NFA",RF ,1/31/2013,10/22/2015,True,"Rail Right-of-Way, White Eagle Oil Site","Unknown","SW at the rail and East 3rd Ave (S of rail)",Miller,57362,Hand,44.5151672,-98.98379,,,,"","0.00","","Diesel                                            ","0.00000",,"Petroleum","Other(See Case File)","Industrial","AST","False","Leakage",,"7771",,"","",12566
2013.064,"C",RL,4/26/2013,8/21/2013,True,"Tank Overfill - CHS Transportation","Cenex Harvest States (CHS) Transportation","35350 206th Street",Miller,57362,Hand,44.3982048,-99.11236,,,,"","0.00","","Diesel, Water                            ","310.00000",gallons,"Petroleum","Other(See Case File)","Agricultural","AST","True","Overfill",,"null",,"","294",12621
2013.074,"C",TF,5/7/2013,5/7/2013,True,"ATP - Avera Memorial Hospital","Avera Hand County Memorial Hospital","300 West 5th Street",Miller,57362,Hand,44.52044,-98.99258,,,,"","0.00","","Fuel Oil                                          ","0.00000",,"Petroleum","ATP","Other(See Case File)","UST","False","Spillage",3259,"7729",,"","290",12634
2013.094,"C",KN,5/28/2013,5/29/2014,True,"St. Lawrence Post Office - Fuel Tank Spill","Lawrence Magdovitz","201 N Commercial Avenue",Saint Lawrence,57373,Hand,44.5122528,-98.9377441,,,,"","0.00","","Fuel Oil                                          ","0.00000",,"Petroleum","Other(See Case File)","Commercial","AST","False","Overturned",,"7925",,"","296",12656
2013.176,"NFA",JPA,8/1/2013,9/10/2020,True,"Petroleum Contamination - Former Gas Stop","Hall Oil & Gas Company","704 North Broadway Avenue",Miller,57362,Hand,44.523,-98.98835,112N,68W,10,"NE","0.00","","Petroleum                                         ","0.00000",,"Petroleum","Other(See Case File)","Commercial","UST","True","Leakage",,"7852",,"","",12746
2013.297,"C",TF,11/21/2013,2/25/2014,True,"ATP - Graham Property","Margaret Graham","517 West 2nd Avenue",Miller,57362,Hand,44.5213928,-98.99242,,,,"","0.00","","Fuel Oil                                          ","0.00000",,"Petroleum","ATP","Residential","UST","False","Corrosion",3305,"7801",,"","296",12911
2013.298,"NFA",TF,11/21/2013,2/25/2014,True,"ATP - Saint Ann's Catholic Church","Saint Ann's Catholic Church","709 East 4th Street",Miller,57362,Hand,44.51954,-98.9783,,,,"","0.00","","Fuel Oil                                          ","0.00000",,"Petroleum","ATP","Other(See Case File)","UST","False","Leakage",3329,"7836",,"","296",12912
2014.107,"C",RL,6/4/2014,7/2/2014,True,"Transformer Fire - Grain Bin Site","Dakota Energy","NE at intersection 352nd Ave & 180th St / Hwy 26",Polo,57345,Hand,44.7801,-99.15,,,,"","0.00","","Coolant Oil                                       ","0.00000",,"Oil","Other(See Case File)","Other(See Case File)","Transformer","False","Fire Event",,"null",,"","297",13035
2014.127,"C",TK,6/23/2014,9/5/2014,True,"Agrichem Spill","Rocking Z Acres LLC","370th Ave & 188th Street",Vayland,57381,Hand,44.6633453,-98.7870941,,,,"","0.00","","Glyphosate                                        ","75.00000",Gallon,"Agri Chem","Other(See Case File)","Agricultural","Transport Trailer","False","Operator Error",,"null",14DK062302,"","298",13056
2014.230,"C",RL,10/24/2014,6/18/2015,True,"Overturned Transport - Oil Spill","North Central Farmers Elevator","SD Hwy 26 (between 355 & 356 Ave)",Polo,57467,Hand,44.7798347,-99.07906,,,,"","0.00","","Motor Oil                                         ","0.00000",,"Oil","Other(See Case File)","Agricultural","Truck","False","Transport Accident",,"null",,"","300",13170
2014.292,"C",RL ,12/29/2014,5/6/2015,True,"Overfilled Tank - Schechter Farms","CHS Transportation","35173 SD Hwy 26",Polo,57467,Hand,44.77904,-99.15119,,,,"null","null","null","Diesel                                            ","50.00000",gallons,"Petroleum","Other(See Case File)","Other(See Case File)","AST","False","Overfill",,"8046",,"null","300",13270
2015.206,"C",TK ,10/19/2015,8/15/2016,True,"Soybean Oil Release - St. Lawrence Facility","South Dakota Soybean Processors","36979 US Hwy 14",Saint Lawrence,57373,Hand,44.5146065,-98.86705,,,,"null","null","null","Soybean Oil                                       ","null",,"Other(See Case File)","Other(See Case File)","Industrial","Operating System","False","Operator Error",,"null",,"null","null",13509
2016.110,"C",KN ,6/10/2016,7/5/2016,True,"Harms Oil Spill at Pump & Pack ","Harms Oil Company","709 North Broadway",Miller,57362,Hand,44.5234947,-98.98908,,,,"null","null","null","Diesel","50.00000",Gallons,"Petroleum","Other(See Case File)","Commercial","Transport Tank","False","Equipment Failure",,"null",,"null","null",13697
2017.034,"C",RL ,4/2/2017,4/12/2017,True,"Used Engine Oil Spill","Marlen Winter","East 3rd Avenue",Miller,57362,Hand,44.51849,-98.98369,,,,"null","null","null","Used Engine Oil                                   ","100.00000",gallons,"Oil","Other(See Case File)","Other(See Case File)","Tote","False","Displaced Load",,"null",,"null","null",13951
2017.144,"C",KN ,8/7/2017,1/22/2018,True,"Milk Truck Rollover","Goeden Trucking","355th Ave and 176th Street",Polo,57467,Hand,44.8377,-99.08861,,,,"null","null","null","Diesel, Engine Oil, Milk","100.00000",Gallons,"Petroleum","Other(See Case File)","Other(See Case File)","Transport Truck","False","Transport Accident",,"null",,"null","null",14081
2017.216,"NFA",TF ,12/7/2017,12/29/2017,True,"ATP - Coss Agency","Daniel Coss","114 East 3rd Street",Miller,57362,Hand,44.51805,-98.98791,,,,"null","null","null","Waste Oil                                         ","null",,"Petroleum","ATP","Commercial","UST","True","Leakage",3611,"8345",,"null","null",14163
2019.021,"C",RL ,2/21/2019,3/21/2019,True,"Derail Event - RCP&E Railroad","Rapid City, Pierre & Eastern Railroad","Rail crossing at 374 Avenue",Wessington,57381,Hand,44.4567566,-98.70202,,,,"null","null","null","Liquid Fertilizer 28%                             ","150.00000",gallons,"Agri Chem","Other(See Case File)","Other(See Case File)","Railcar","False","Derail",,"null",19LP022201,"null","null",14451
2019.159,"NFA",JPA,9/9/2019,2/12/2020,True,"ATP - Hand County Weed & Pest","Hand County Weed & Pest","1208 East 3rd Avenue",Miller,57362,Hand,44.52802,-98.9828339,,,,"null","null","null","Diesel, Gasoline                                  ","null",,"Petroleum","ATP","Other(See Case File)","UST","True","Leaks and Spills",3666,"8444",,"null","null",14603
2019.178,"NFA",TK ,8/19/2019,1/31/2020,True,"Miller Ag Chem Runoff complaint","Agtegra - Miller Agronomy","35884 US Highway 14",Miller,57362,Hand,44.53191,-99.00541,112N,68W,4,"null","null","null","Agri Chem                                         ","null",,"Agri Chem","Other(See Case File)","Agricultural","Handling","False","Washing/Rinsing",,"null",19LP082012,"null","null",14622
2020.134,"NFA",JAM,9/10/2020,9/14/2021,True,"Ag Chem Dumping Complaint - Miller","Suhn Air LLC","19820 364th Avenue",Saint Lawrence,57373,Hand,44.51127,-98.9038544,,,,"null","null","null","Agrichem Rinsate                                  ","null",,"Agri Chem","Other(See Case File)","Agricultural","Tote","False","Dumping",,"null",20LP091017,"null","null",14838
2021.006,"NFA",JPA,1/13/2021,1/22/2021,True,"Contaminated Soil - Kesslers Miller","Kessler's Inc.","308 North Broadway",Miller,57362,Hand,44.51859,-98.98794,,,,"null","null","null","Petroleum, Waste Oil                              ","null",,"Petroleum","Other(See Case File)","Commercial","UST","True","Leaks and Spills",,"8549",,"null","null",14911
2021.130,"C",KF ,8/20/2021,11/23/2021,True,"ATP - Miller School","Miller School District","623 East 4th Street",Miller,57362,Hand,44.5200729,-98.9788742,,,,"null","null","null","Diesel","null",,"Petroleum","ATP","Public","UST","False","Leaks and Spills",3733,"8571",,"null","null",15049
2022.019,"C",GK,2/2/2022,7/11/2022,True,"Miller High School Shop Fire","Miller High School","623 East 4th Street",Miller,57362,Hand,44.519886,-98.97945,,,,"null","null","null","Waste/Motor Oil                                   ","null",,"Oil","Other(See Case File)","Public","Tank","False","Fire Event",,"null",,"null","null",15159
2022.115,"NFA",JAM,7/5/2022,11/29/2022,True,"Semi tipped over - herbicide release","XPO Logistics","Highway 14, near 356th Street",Miller,57362,Hand,44.530056,-99.05454,,,,"null","null","null","Herbicide                                         ","100.00000",gallons,"Agri Chem","Other(See Case File)","Public","Cargo","False","Trailer tipped",,"null",22LP070707,"null","null",15264
2023.016,"C",GK,2/17/2023,8/3/2023,True,"Used Oil Transport Spill - Hand County","Rick Oligmueller","Highway 14 near 373rd Street",Miller,57362,Hand,44.5155258,-98.924,,,,"null","null","null","Used Oil                                          ","275.00000",gallons,"Oil","Other(See Case File)","Agricultural","Tote","False","Unsecured",,"null",,"null","null",15402
2023.084,"NFA",MSB,4/25/2023,8/14/2023,True,"UST Removal - Country Cowboy #9","4 Amigos LLC","704 Broadway Avenue",Miller,57362,Hand,44.5229073,-98.98833,,,,"null","null","null","Diesel, Gasoline                                  ","null",,"Petroleum","Other(See Case File)","Commercial","UST","True","Leaks and Spills",,"8660",,"null","null",15474
2023.124,"NFA",JPA,9/18/2023,12/29/2023,True,"Bulk site overfill","Agtegra Cooperative","120 3rd Avenue SE",Miller,57362,Hand,44.51426,-98.9831161,,,,"null","null","null","Diesel                                            ","100.00000",gallons,"Petroleum","Other(See Case File)","Agricultural","AST","True","Overfill",,"null",,"null","null",15518
2024.030,"C",TK ,2/6/2024,5/13/2024,True,"Christensen Family Farms Diesel Spill","Christensen Family Farms","17940 366th Avenue",Rockham,57470,Hand,44.78792,-98.86593,,,,"null","null","null","Diesel                                            ","250.00000",gallons,"Petroleum","Surface Water","Agricultural","AST","False","Line Leak",,"null",,"null","null",15623
2024.053,"C",JAM,4/3/2024,5/23/2024,True,"Saint Lawrence Simplot - Discharge","Simplot","600 3rd Street NE",Saint Lawrence,57373,Hand,44.5173454,-98.9320145,,,,"null","null","null","Liquid Fertilizer 6-24-6","1800.00000",gallons,"Agri Chem","Other(See Case File)","Commercial","AST","True","Tank Leak",,"null",,"null","null",15648
2024.061,"O",JPA,4/26/2024,,True,"Sunshine Bible Academy","Sunshine Bible Academy","400 Sunshine Drive",Miller,57362,Hand,44.3281441,-98.98658,,,,"null","null","null","Gasoline                   ","null",,"Petroleum","Other(See Case File)","Other(See Case File)","AST","True","Unknown",,"null",,"null","null",15656
9999.148,"W",,,,True,"Withdrawn ATP - Blackham Farm","Ronald Blackham","18771 362nd Avenue",Miller,57362,Hand,44.66923,-98.94856,,,,"","0.00","","                                                  ","0.00000",,"Other(See Case File)","Withdrawn ATP","Other(See Case File)","Other(See Case File)","False","null",2337,"6277",,"","249",10808
9999.237,"W",,,,True,"Withdrawn ATP - Miller Elementary School","On Hand Development Corporation","101 East 5th Street",Miller,57362,Hand,44.521225,-98.98699,,,,"null","null","null","null","null",,"Other(See Case File)","Withdrawn ATP","Other(See Case File)","UST","False","null",3398,"null",,"null","298",13259
9999.243,"W",,,,True,"Withdrawn ATP - Ruth Property","Michael Ruth","323 East 9th Street",Miller,57362,Hand,44.5247841,-98.98423,,,,"null","null","null","null","null",,"Other(See Case File)","Withdrawn ATP","Residential","UST","False","null",3428,"7987",,"null","298",13265
91060.000,"C",DM,7/22/1991,7/22/1991,True,"Hand County Courthouse","Hand County","415 W. First Ave.",Miller,57362,Hand,44.52017,-98.991,,,,"","0.00","","                                                  ","0.00000",,"Other(See Case File)","Clean Site","Public","UST","False","No Release",,"1701",,"","",8347
95032.000,"C",RC,11/29/1995,12/19/1995,False,"Foreman Bus Sales","Darrell Foreman","N. Broadway",Miller,57362,Hand,44.5313454,-98.988,,,,"","0.00","","                                                  ","0.00000",,"Other(See Case File)","Clean Site","Commercial","UST","False","No Release",,"null",,"","",8592
99007.000,"C",CH,1/22/1999,3/15/1999,True,"Cain Aero Facility","Leland Cain","Hwy 14 @ airport",Miller,57362,Hand,44.518486,-98.95896,,,,"","0.00","","                                                  ","0.00000",,"Other(See Case File)","Clean Site","Commercial","UST","True","No Release",,"3656",,"","",8740
99018.000,"C",CH,5/7/1999,7/8/1999,True,"Ree Heights Repair","Ree Heights Repair - Eldon Bouren","Main Street",Ree Heights,57371,Hand,44.5156364,-99.20045,,,,"","0.00","","                                                  ","0.00000",,"Other(See Case File)","Clean Site","Commercial","UST","True","No Release",,"null",,"","",8751
99049.000,"C",KH,7/7/1999,9/9/2003,True,"ATP 1 - Former Gas Station","Randy Sivertson","W 3rd Street and S Dakota  Avenue",Ree Heights,57371,Hand,44.5147972,-99.20059,,,,"","0.00","","                                                  ","0.00000",,"Other(See Case File)","ATP","Commercial","UST","True","No Release",309,"3841",,"","225,",8782
2001135.000,"C",KM,2/28/2002,3/25/2002,True,"Clean ATP - Schmidt Farm","Paul J. Schmidt","8 miles W of Orient",Orient,57467,Hand,44.887413,-99.25609,116N,70W,4,"SE","0.00","","                                                  ","0.00000",,"Other(See Case File)","ATP","Agricultural","UST","False","No Release",448,"4382",,"","204",8999
2001237.000,"C",KM,9/21/2001,10/2/2001,True,"Clean ATP - Hins Property","Gilbert Hins","372 Avenue",Wessington Springs,57382,Hand,44.2015343,-98.7418,109,67,35,"SE","0.00","","                                                  ","0.00000",,"Other(See Case File)","ATP","Agricultural","UST","False","No Release",1441,"5380",,"","205",9101
2001557.000,"C",KM,8/29/2001,12/18/2001,True,"Clean ATP - Naber Property","Leo Naber","1 mile South 1/4 mile West of 212/45 Jct.",Orient,57467,Hand,44.8823128,-98.99376,,,,"","0.00","","                                                  ","0.00000",,"Other(See Case File)","ATP","Agricultural","UST","False","No Release",1803,"5762",,"","204",9421
2001560.000,"C",KM,11/29/2001,12/18/2001,True,"Clean ATP - Hurd Farm","Larry Hurd","36521 183rd Avenue",Polo,57470,Hand,44.7353249,-98.88289,,,,"","0.00","","                                                  ","0.00000",,"Other(See Case File)","ATP","Agricultural","UST","False","No Release",1320,"5240",,"","205",9424
2001561.000,"C",KM,11/29/2001,12/18/2001,True,"Clean ATP - Nuhsbaumer Farm","Robert Nuhsbaumer","17931 370th Avenue",Rockham,57470,Hand,44.7888527,-98.78754,,,,"","0.00","","                                                  ","0.00000",,"Other(See Case File)","ATP","Agricultural","UST","False","No Release",880,"4794",,"","204",9425
2001564.000,"C",KM,11/29/2001,12/18/2001,True,"Clean ATP - Benning Property","Heather Benning","Highway 212",Zell,57469,Hand,44.8953171,-98.7771759,116,66,4,"","0.00","","                                                  ","0.00000",,"Other(See Case File)","ATP","Agricultural","UST","False","No Release",387,"4319",,"","204",9428
2001856.000,"C",KM,2/1/2002,3/4/2002,True,"Clean ATP - Miller Elementary School","Miller School District","100 East 5th Street",Miller,57362,Hand,44.52153,-98.98749,,,,"","0.00","","                                                  ","0.00000",,"Other(See Case File)","ATP","Public","UST","False","No Release",1791,"5751",,"","205",9720
2001922.000,"C",KM,2/14/2002,3/11/2002,True,"Clean ATP - Schlechter Farm","Lawrence Schlechter","35270 SD Hwy 26",Orient,57467,Hand,44.7805824,-99.13612,115N,69W,9,"SE","0.00","","                                                  ","0.00000",,"Other(See Case File)","ATP","Agricultural","UST","False","No Release",1877,"5846",,"","205",9786
2001938.000,"C",KM,3/5/2002,3/25/2002,True,"Clean ATP - Van Zee Brothers Farm","Delmar Van Zee","351 Ave",Miller,57362,Hand,44.7097435,-99.17178,114N,69W,6,"SE","0.00","","                                                  ","0.00000",,"Other(See Case File)","ATP","Agricultural","UST","False","No Release",1042,"4925",,"","205",9802
2001951.000,"C",KM,3/5/2002,3/25/2002,True,"Clean ATP - Wellner Property","Dorothy Wellner","225 East 6th Street",Miller,57362,Hand,44.52191,-98.98567,,,,"","0.00","","                                                  ","0.00000",,"Other(See Case File)","ATP","Residential","UST","False","No Release",803,"4745",,"","205",9815
2001954.000,"C",KM,3/11/2002,3/28/2002,True,"Clean ATP - Venjohn Farm","Ken Venjohn","17890 346th Avenue",Orient,57467,Hand,44.7956238,-99.27301,,,,"","0.00","","                                                  ","0.00000",,"Other(See Case File)","ATP","Agricultural","UST","False","No Release",1655,"5623",,"","205",9818
2001955.000,"C",KM,3/8/2002,3/28/2002,True,"Clean ATP - Wieseler Farm","George Wieseler","34560 178th Street",Orient,57467,Hand,44.8100967,-99.28249,116,70,32,"","0.00","","                                                  ","0.00000",,"Other(See Case File)","ATP","Agricultural","UST","False","No Release",1128,"4921",,"","205",9819
2001956.000,"C",KM,3/11/2002,3/28/2002,True,"Clean ATP - Bertsch Farm","Kent Bertsch","18942 363rd Avenue",Saint Lawrence,57373,Hand,44.6438637,-98.92662,114,67,32,"NW","0.00","","                                                  ","0.00000",,"Other(See Case File)","ATP","Agricultural","UST","False","No Release",1638,"5586",,"","205",9820
2001957.000,"C",KM,3/8/2002,3/28/2002,True,"Clean ATP - Grace Farm","Donald Grace","195 Street",Saint Lawrence,57373,Hand,44.561657,-98.9405441,113N,67W,31,"NW","0.00","","                                                  ","0.00000",,"Other(See Case File)","ATP","Agricultural","UST","False","No Release",1120,"4923",,"","205",9821
2001958.000,"C",KM,3/11/2002,3/28/2002,True,"Clean ATP - Former Price Construction","Roger Bower","104 East 1st Avenue",Miller,57362,Hand,44.5159531,-98.98546,,,,"","0.00","","                                                  ","0.00000",,"Other(See Case File)","ATP","Commercial","UST","True","No Release",1347,"5280",,"","205",9822
2001959.000,"C",KM,3/8/2002,3/28/2002,True,"Clean ATP - Bertsch Property","Joan Bertsch","118 East 5th Street",Miller,57362,Hand,44.5204735,-98.9874954,,,,"","0.00","","                                                  ","0.00000",,"Other(See Case File)","ATP","Residential","UST","False","No Release",1321,"5241",,"","205",9823
2001960.000,"C",KM,3/8/2002,3/28/2002,True,"Clean ATP - Taylor Property","Robert Taylor","19810 Rainbow Ranch Place",Miller,57362,Hand,44.51452,-98.96225,,,,"","0.00","","                                                  ","0.00000",,"Other(See Case File)","ATP","Residential","UST","True","No Release",1119,"4922",,"","205",9824
2002246.000,"C",KM,1/31/2003,6/20/2003,True,"Clean ATP - Eric Bertsch Farm","Eric Bertsch","36140 191st Street",Miller,57362,Hand,44.6198,-98.9572754,,,,"","0.00","","                                                  ","0.00000",,"Other(See Case File)","ATP","Agricultural","UST","False","No Release",2413,"6341",,"","220",10103
2004021.000,"C",KH,2/11/2004,2/24/2004,True,"Clean ATP - Former Danforth Store","Hand County","36490 216th Street",Miller,57362,Hand,44.2540665,-98.88389,,,,"","0.00","","                                                  ","0.00000",,"Other(See Case File)","ATP","Commercial","UST","True","No Release",2773,"6749",,"","225,",10233
2012024.000,"C",TF,11/15/2012,11/15/2012,True,"UST Removal -  Pugh Brothers","Pugh Brothers","20360 358th Avenue",Miller,57362,Hand,44.4331665,-99.02413,,,,"","0.00","","                                                  ","0.00000",,"Other(See Case File)","Clean Site","Agricultural","UST","True","No Release",,"null",,"","288",12517
2015026.000,"C",TF ,10/28/2015,12/28/2015,True,"Clean ATP - Steers Ranch","Robert Steers","35150  208th  Street",Miller,57362,Hand,44.3714066,-99.15721,,,,"null","null","null","null","null",,"Other(See Case File)","ATP","Other(See Case File)","UST","False","No Release",3491,"8109",,"null","302",13530
2019013.000,"C",JPA,9/9/2019,2/7/2020,True,"ATP - Saint Ann Catholic Church","Saint Ann Catholic Parish","709 East 4th Street",Miller,57362,Hand,44.51994,-98.97829,,,,"null","null","null","","null",,"Petroleum","ATP","Other(See Case File)","UST","False","No Release",3667,"8446",,"null","null",14602