id,status,r1,date_rep,date_close,image,site_name,resp_party,street,city,zip_code,county,latitude,longitude,township,range,section,secq1,acreage,instctrls,material,amount,units,spill_cat,site_type,proptype,sor_type,regulated,cause_type,atp_no,prcfnumber,ag_no,solidwaste,microroll,siteid
84.071,"NFA",RL,8/14/1984,3/2/2006,True,"Complaint - Transformer Oil Disposal ","Jake Bleyle","110 7th Avenue East",Mobridge,57601,Walworth,45.53399,-100.423767,,,,"","0.00","","Transformer Oil                                   ","0.00000",,"Oil","Other(See Case File)","Other(See Case File)","Transformer","False","Handling",,"null",,"","244",242
86.006,"NFA",DM,1/31/1986,12/5/2000,True,"Petroleum Vapors  (see 91.678)","Selby Oil","Jct Hwy. 12 & SD 130",Selby,57472,Walworth,45.50721,-100.038315,123N,76W,5,"","0.00","","Gasoline                                          ","1400.00000",gallons,"Petroleum","Other(See Case File)","Commercial","UST","True","Line Leak",,"null",,"","234",371
86.060,"C",KM,7/22/1986,2/23/1993,True,"Aircraft Accidental Release","Robert Mott","1.5 mi. E. & 1 mi. S. of Mobridge (Lake Oahe)",Mobridge,57601,Walworth,45.5234528,-100.394051,18N,30E,28,"SE","0.00","","Pesticide                                         ","70.00000",gallons,"Agri Chem","Source Water","Other(See Case File)","Aircraft Tanks","False","Accident",,"null",,"","267",425
86.087,"NFA",RL,9/25/1986,3/3/2006,True,"Complaint - Batteries and PCB Oil Dumping","Mobridge",".5 E of Mobridge near Mobridge Livestock Sales",Mobridge,57601,Walworth,45.5321541,-100.434479,,,,"","0.00","","PCB Oil                                           ","0.00000",,"Combined","Other(See Case File)","Other(See Case File)","Salvage Inventory","False","Handling",,"null",,"","244",452
87.001,"C",KM,1/7/1987,6/30/2000,True,"UPS Building - Leaking Container","United Parcel Service","UPS Building - 2nd Street E",Mobridge,57601,Walworth,45.5346069,-100.4099,,,,"","0.00","","Sulfuric Acid                                     ","1.00000",gallon,"Chemical","Other(See Case File)","Commercial","Containers","False","Leakage",,"null",,"","234",466
87.018,"C",TK,3/9/1987,8/27/1996,True,"Mobridge City Shed - Line Leak","City of Mobridge","4th Avenue South",Mobridge,57601,Walworth,45.5297928,-100.427429,124N,79E,29,"","0.00","","Fuel Oil #1                                       ","900.00000",gallons,"Petroleum","Other(See Case File)","Public","AST","False","Line Leak",,"null",,"","235",483
89.030,"C",TK,3/13/1989,4/24/1991,True,"Fuel Oil Spill  - Salverson Property","Selby Equity Exchange","Rural Route",Glenham,57631,Walworth,45.5339851,-100.271622,,,,"","0.00","","Fuel Oil                                          ","100.00000",gallons,"Petroleum","Other(See Case File)","Residential","Transport Truck","False","Operator Error",,"null",,"","",920
89.035,"C",DM,3/20/1989,12/10/1991,True,"Selby Equity Exchange Service Station","Selby Equity Exchange","Main & Railway",Selby,57472,Walworth,45.50389,-100.031662,,,,"","0.00","","Petroleum                                         ","0.00000",,"Petroleum","Other(See Case File)","Commercial","UST","True","Leaks and Spills",,"0011",,"","",925
89.266,"C",KD,10/11/1989,10/25/1991,True,"Todd's Auto Service (Phillips) - Line Leaks","Todd Hanson","705 West Grand Xing (or Crossing)",Mobridge,57601,Walworth,45.5372238,-100.4428,,,,"","0.00","","Petroleum                                         ","0.00000",,"Petroleum","Other(See Case File)","Commercial","UST","True","Line Leak",,"0070",,"","",1154
90.110,"NFA",SH,4/12/1990,5/17/2011,True,"Bob's APCO Site - Tank System Replacement","Kasperson Oil Company","314 West Grand Crossing",Mobridge,57601,Walworth,45.53767,-100.43708,18N,30W,19,"SE","0.00","","Gasoline                                          ","0.00000",,"Petroleum","Other(See Case File)","Commercial","UST","True","Leaks and Spills",,"1041",,"","283",1345
90.174,"C",BL,5/14/1990,2/28/1995,True,"Bosch Oil - UST Replacement","John Bosch","520 West Grand Xing (or Crossing)",Mobridge,57601,Walworth,45.53762,-100.44059,,,,"","0.00","","Petroleum                                         ","0.00000",,"Petroleum","Other(See Case File)","Commercial","UST","True","Spillage",,"1369",,"","",1409
90.257,"C",TB,6/25/1990,11/30/1995,True,"Java Equity Exchange - Complaint","Java Equity Exchange","Main & Railway",Java,57452,Walworth,45.50436,-99.88628,,,,"","0.00","","Pesticide                                         ","0.00000",,"Agri Chem","Other(See Case File)","Commercial","Spray Tank","False","Washing",,"null",,"","",1492
90.305,"C",TB,7/20/1990,7/19/1993,True,"Java Equity Exchange - Tank Replacements","Java Equity Exchange","Main Street",Java,57452,Walworth,45.5045624,-99.8865356,,,,"","0.00","","Gasoline                                          ","0.00000",,"Petroleum","Other(See Case File)","Commercial","UST","True","Corrosion",,"1373",,"","",1540
90.388,"C",KM,8/28/1990,10/31/1990,True,"Seick Property Stock Dam","Unknown","2 mi. W. & 1 mi. S.",Selby,57472,Walworth,45.49414,-100.09594,,,,"","0.00","","unknown                                           ","0.00000",,"Unknown(See Case File)","Other(See Case File)","Other(See Case File)","Unknown(See Case File)","False","Unknown",,"null",,"","",1623
90.491,"NFA",DM,10/9/1990,11/6/2000,True,"Chesky Auto Company - Tank Removals","Vivian Chesky","NW at Hwy. 130 & Main St.",Selby,57472,Walworth,45.50755,-100.032364,,,,"","0.00","","Petroleum                                         ","0.00000",,"Petroleum","Other(See Case File)","Commercial","UST","True","Leakage",,"1164",,"","",1726
90.512,"C",TK,10/15/1990,1/28/1991,True,"United Parcel Service - Line Leaks","United Parcel Service","2nd Street",Mobridge,57601,Walworth,45.5347481,-100.409966,124N,79,29,"NE","0.00","","Gasoline                                          ","0.00000",,"Petroleum","Other(See Case File)","Commercial","UST","True","Line Leak",,"1190",,"","",1747
90.525,"C",NS,10/22/1990,11/20/1996,True,"Java Post Office - Tank Removal","U.S. Postal Service","Post Office",Java,57452,Walworth,45.50351,-99.88673,123,,3,"NW","0.00","","Fuel Oil                                          ","0.00000",,"Petroleum","Federal","Public","UST","False","Corrosion",,"1201",,"","",1760
90.652,"NFA",TF,12/27/1990,1/11/2011,True,"Shorty's Truck Stop -  (also see 91.451 & 91.678))","Erwin 'Shorty' Rueb","NE at Highway 12/83 & Walworth Street",Selby,57472,Walworth,45.5056725,-100.037849,,,,"","0.00","","Petroleum                                         ","0.00000",,"Petroleum","Other(See Case File)","Commercial","UST","True","Dispenser Leak",,"1305",,"","277,278",1887
91.198,"C",KM,5/15/1991,6/11/1991,True,"Akaska-Glenham Equity Exchange","Akaska - Glenham Equity Exchange","Main Street",Akaska,57420,Walworth,45.3314743,-100.124176,121N,77,3,"NE","0.00","","Lasso Herbicide                                   ","125.00000",gallons,"Agri Chem","Other(See Case File)","Commercial","Tote","False","Overturned",,"null",,"","",2088
91.201,"C",KM,5/16/1991,1/19/1993,True,"Coca-Cola","Coca-Cola Bottling Co. West Inc","Hwy 12 Access Road (West Shore Acres)",Mobridge,57601,Walworth,45.5508156,-100.452431,,,,"","0.00","","Waste Oil                                         ","0.00000",,"Oil","Other(See Case File)","Commercial","Containers","False","Handling",,"null",,"","",2091
91.211,"C",BL,5/20/1991,2/1/1993,True,"Maher Standard - Tank System Replacement","Vince Maher","502 Main Street",Mobridge,57601,Walworth,45.53765,-100.433426,,,,"","0.00","","Petroleum                                         ","0.00000",,"Petroleum","Other(See Case File)","Commercial","UST","True","Overfills/Spillage",,"1488",,"","",2101
91.213,"C",DP,5/21/1991,11/25/1991,True,"Walworth County Highway Shop","Walworth County Highway Dept.","Highway Shop",Selby,57472,Walworth,45.5041,-100.036942,,,,"","0.00","","Gasoline                                          ","0.00000",,"Petroleum","Other(See Case File)","Public","UST","True","Corrosion",,"1624",,"","",2103
91.216,"C",TK,5/22/1991,9/29/1993,True,"Selby Area School - Tank Replacements","Selby Area School","6410 Main Street",Selby,57472,Walworth,45.50866,-100.031288,,,,"","0.00","","Petroleum                                         ","0.00000",,"Petroleum","Other(See Case File)","Public","UST","True","Leaks and Spills",,"1492",,"","",2106
91.324,"C",RC,7/23/1991,9/9/1992,True,"Selby Area School District - Former Station Site","Selby Area School District","6410 Main Street",Java,57452,Walworth,45.5005226,-99.88656,123N,75W,3,"NW","0.00","","Gasoline                                          ","0.00000",,"Petroleum","Other(See Case File)","Public","UST","True","Spillage",,"1556",,"","",2214
91.451,"NFA",DM,10/2/1991,11/11/2008,True,"Del's Oil Company Inc. - LUST Trust","Delbert Schley","2011 Hwy 12/83 (SE at hwy & Walworth St.)",Selby,57472,Walworth,45.50526,-100.037956,,,,"","0.00","","gasoline                                          ","0.00000",,"Petroleum","Lust Trust","Commercial","UST","True","Leakage",,"1654",,"","259,278",2341
91.473,"C",KM,10/16/1991,7/13/1992,True,"P & A Trucking","Curtis Aman","Highway 83 @ Swan Creek (east side of hwy)",Akaska,57420,Walworth,45.3076363,-100.058006,,,,"","0.00","","Diesel                                            ","100.00000",gallons,"Petroleum","Other(See Case File)","Other(See Case File)","Truck Tank","False","Transport Accident",,"null",,"","",2363
91.678,"NFA",DM,12/24/1991,12/5/2000,True,"Selby Oil Company Site - Tank System Removal","Jerome Kindel","Highways 83 & 12",Selby,57472,Walworth,45.5070419,-100.03846,123N,76W,5,"NE","0.00","","petroleum                                         ","0.00000",,"Petroleum","Other(See Case File)","Commercial","UST","True","Line Leak",,"1984",,"","",2568
91.697,"NFA",DM,12/17/1991,1/28/2004,True,"Former Chevy Garage - Tank Removal","Del's Oil Company","SE at  Main / A Street & Bangor",Selby,57472,Walworth,45.50433,-100.031906,123N,76W,4,"NW","0.00","","Gasoline                                          ","0.00000",,"Petroleum","Other(See Case File)","Commercial","UST","True","Corrosion",,"2009",,"","222,235",2587
92.192,"C",TK,6/2/1992,7/20/1992,True,"Harvest States Coop     Transport Event","Harvest States Coop","124 Street",Glenham,57631,Walworth,45.59407,-100.152153,124N,77W,4,"NW","0.00","","pesticide                                         ","40.00000",,"Agri Chem","Other(See Case File)","Other(See Case File)","Spray Tank","False","Unsecured",,"null",,"","",2782
92.256,"C",TK,7/24/1992,11/19/1992,True,"Army National Guard","South Dakota Army National Guard","Armory",Mobridge,57601,Walworth,45.5370026,-100.411552,,,,"","0.00","","Diesel                                            ","330.00000",gallons,"Petroleum","Federal","Other(See Case File)","AST","True","Open Valve",,"2234",,"","",2846
92.403,"C",TK,12/1/1992,12/11/1992,True,"Montana Dakota Utilities - Pole Treatment Vat Spill","Montana Dakota Utilities","Warehouse, Railroad Street",Mobridge,57601,Walworth,45.5334167,-100.435196,,,,"","0.00","","Copper Naphthenate                                ","100.00000",,"Chemical","Other(See Case File)","Industrial","Containers","False","Spillage",,"null",,"","",2993
93.163,"C",TK,6/11/1993,10/15/1993,True,"Jim Gregory Fertilizer Spill","Jim Gregory","NW of Town",Akaska,57420,Walworth,45.4299965,-100.180313,,,,"","0.00","","Liquid Fertilizer 10-34-0                         ","0.00000",,"Agri Chem","Other(See Case File)","Residential","AST","False","Open Valve",,"null",,"","",3178
94.138,"C",JA,5/23/1994,7/25/1994,True,"Harvest States Coop - Spill Event","Harvest States Cooperative","Gravel road @ fertilizer plant",Selby,57472,Walworth,45.50382,-100.027779,,,,"","0.00","","Prowl                                             ","10.00000",,"Agri Chem","Other(See Case File)","Commercial","Tote","False","Disconnected Hose ",,"null",,"","210",3673
94.162,"C",KH,6/10/1994,12/6/1995,True,"Dept of Trans (SD DOT) - Tank Removals","SD Department of Transportation  (SD DOT)","Highway 83",Selby,57472,Walworth,45.5117226,-100.063423,,,,"","0.00","","Petroleum                                         ","0.00000",,"Petroleum","Other(See Case File)","Public","UST","True","Leakage",,"2697",,"","210",3697
94.191,"C",TK,6/27/1994,7/25/1994,True,"Gas-N-Goodies  Surface Spill","Harms Oil Company","Hwy. 12 & Main St.",Mobridge,57601,Walworth,45.5372238,-100.43425,,,,"","0.00","","Petroleum                                         ","0.00000",,"Petroleum","Other(See Case File)","Commercial","UST","True","Overfill",,"2701",,"","",3726
94.382,"NFA",JN,11/17/1994,12/10/2001,True,"Former Akaska C Store - Tank Removals","Akaska Equity Exchange","West Main / Railroad Ave",Akaska,57420,Walworth,45.3314476,-100.124481,121N,77W,3,"NE","0.00","","Gasoline                                          ","0.00000",,"Petroleum","Other(See Case File)","Commercial","UST","True","Leakage",,"2786",,"","198",3917
94.390,"NFA",JN,12/29/1994,1/5/2001,True,"Akaska Glenham  - AST Removals","Akaska Glenham Equity Exchange","Railway Street",Glenham,57631,Walworth,45.53201,-100.270729,124N,78,28,"NE","0.00","","Petroleum                                         ","0.00000",,"Petroleum","Other(See Case File)","Commercial","AST","True","Leakage",,"2798",,"","",3925
95.100,"C",KM,5/15/1995,7/10/1997,True,"Bob Sougstad Transport Event","Bob Sougstad","2 W. of Roadside Park",Selby,57472,Walworth,45.4203568,-100.06601,123N,76W,31,"SE","0.00","","Dry Fertilizer                                    ","1000.00000",pounds,"Agri Chem","Other(See Case File)","Other(See Case File)","Transport Trailer","False","Overturned",,"null",,"","",4051
95.347,"C",RC,12/14/1995,1/5/1996,True,"U.S. West Tank Removal","U.S. West Communications Incorporated","~3 miles E of Mobridge N of Hwy 12",Mobridge,57601,Walworth,45.5396767,-100.352837,,,,"","0.00","","Diesel                                            ","0.00000",,"Petroleum","Other(See Case File)","Commercial","UST","True","Spillage",,"null",,"","",4298
95.358,"C",TK,12/13/1995,9/30/1996,True,"Harvest States Coop - Complaint","Harvest States Coop","1st & Railway",Selby,57472,Walworth,45.5040474,-100.027542,,,,"","0.00","","Agri Chem                                         ","0.00000",,"Agri Chem","Other(See Case File)","Commercial","Bulk Chemical","False","Handling",,"null",,"","",4309
96.138,"C",TK,5/20/1996,7/16/1996,True,"Road Ditch Spill","Dave Van Well","2 1/2 mi N on Highway 47",Hoven,57450,Walworth,45.27889,-99.79083,,,,"","0.00","","Dry Fertilizer                                    ","3.00000",tons,"Agri Chem","Other(See Case File)","Other(See Case File)","Transport Truck","False","Transport Accident",,"null",,"","",4448
97.359,"C",MP,10/29/1997,12/22/1997,True,"Maher Service - Pressure Valve Failure","Vince Maher","502 N. Main",Mobridge,57601,Walworth,45.5327225,-100.434212,,,,"","0.00","","fuel oil                                          ","100.00000",gallons,"Petroleum","Other(See Case File)","Commercial","AST","False","Valve Leak",,"null",,"","",5047
98.156,"C",KM,6/25/1998,7/12/2000,True,"Berens Farms Inc. - Aircraft Spray Tank","Robert Mott","300 Avenue",Glenham,57631,Walworth,45.46798,-100.178558,123,77,17,"SW","0.00","","parathion/water mix                               ","40.00000",,"Agri Chem","Other(See Case File)","Agricultural","Aircraft Tanks","False","Equipment Failure",,"null",,"","",5264
98.331,"C",BM,11/5/1998,1/19/1999,True,"Gunderson Oil - Offloading Spill","Slater Oil and Propane","1101 East Grand Xing (or Crossing)",Mobridge,57601,Walworth,45.537178,-100.419762,,,,"","0.00","","gasoline                                          ","300.00000",gallons,"Petroleum","Other(See Case File)","Commercial","AST","True","Disconnected Hose ",,"3635",,"","",5439
99.047,"C",TS,2/16/1999,7/9/1999,True,"Good Samaritan Society - Tank Removal","Good Samaritan Society","4861 Lincoln Avenue",Selby,57472,Walworth,45.5070343,-100.025192,123N,76W,4,"NE","0.00","","fuel oil                                          ","0.00000",,"Petroleum","Other(See Case File)","Other(See Case File)","UST","False","null",,"3440",,"","",5594
99.167,"C",BM,5/24/1999,5/10/2000,True,"Mixing area for helicopter applicator","Dakota Helicopter","South of the depot",Selby,57472,Walworth,45.5028,-100.025925,,,,"","0.00","","Agri Chem                                         ","0.00000",,"Agri Chem","Other(See Case File)","Agricultural","Containers","False","Handling",,"null",,"","230",5714
99.305,"C",GH,10/29/1999,5/17/2000,True,"Water Treatment Plant - Tank Removal","City of Mobridge","10th Ave W / 285 Ave",Mobridge,57601,Walworth,45.5650864,-100.449554,124N,80W,13,"NE","0.00","","fuel oil                                          ","0.00000",,"Petroleum","Other(See Case File)","Public","UST","False","Overfill",,"3862",,"","",5852
99.340,"C",KH,12/22/1999,1/3/2000,True,"Proposed Convenience Store - Tank Removal","Stoick Enterprises","W Hwy 12 / 83 between Dakota and Scranton St",Selby,57472,Walworth,45.50755,-100.037888,,,,"","0.00","","gasoline                                          ","0.00000",,"Petroleum","Other(See Case File)","Commercial","UST","True","Leaks and Spills",,"null",,"","",5887
2000.045,"C",KM,3/20/2000,7/12/2000,True,"Transport Event","Degelman Industries","Junction 12 & 83",Selby,57472,Walworth,45.4513664,-100.03582,,,,"","0.00","","petroleum                                         ","100.00000",gallons,"Petroleum","Other(See Case File)","Other(See Case File)","Truck Tank","False","Transport Accident",,"4000",,"","",5943
2000.075,"C",TA,4/26/2000,11/28/2000,True,"Farmland Industries Truck Accident","Farmland Industries","Hwy 47 ~2 miles N. of Hoven",Hoven,57450,Walworth,45.2710075,-99.79083,,,,"","0.00","","Diesel Fuel                                       ","0.00000",,"Petroleum","Other(See Case File)","Other(See Case File)","Transport Trailer","False","Leakage",,"null",,"","203",5973
2000.179,"C",LAS,5/15/2000,6/29/2004,True,"L & K Trucking accident near Hoven","L & K Trucking","Intersection of US 12 & 310 Ave",Selby,57472,Walworth,45.4493523,-99.97632,,,,"","0.00","","diesel fuel                                       ","75.00000",gallons,"Petroleum","Other(See Case File)","Other(See Case File)","Truck Tank","False","Transport Accident",,"null",,"","232",6077
2000.261,"NFA",DM,8/9/2000,2/27/2001,True,"Del's Oil Bulk Plant-BNSF Lease - Assessment","Del's Oil","SE Corner of Main & Railway",Selby,57472,Walworth,45.50364,-100.031525,,,,"","0.00","","Petroleum                                         ","0.00000",,"Petroleum","Other(See Case File)","Industrial","AST","True","Leakage",,"4220",,"","259",6159
2001.145,"C",BM,6/20/2001,7/3/2001,True,"Mobridge Post Office - Insecticide Spill","Walco International","404 N Main Street",Mobridge,57601,Walworth,45.5366173,-100.433426,,,,"","0.00","","del-phos insecticide                              ","1.00000",quart,"Agri Chem","Other(See Case File)","Public","Containers","False","Leakage",,"null",,"","203",6430
2001.331,"C",BM,10/9/2001,11/14/2001,True,"Selby School - Damaged Transformer","Kelly Knodel","6401 Main Street",Selby,57472,Walworth,45.5093422,-100.030937,,,,"","0.00","","Transformer Oil                                   ","50.00000",gallons,"Oil","Other(See Case File)","Public","Transformer","False","Damage",,"",,"","203",6615
2001.684,"C",KM,9/20/2001,1/16/2002,True,"ATP - Giese Farm","Barbara Giese","30051 137th Street",Akaska,57420,Walworth,45.40198,-100.171524,,,,"","0.00","","Petroleum                                         ","0.00000",,"Petroleum","ATP","Agricultural","UST","True","Spillage",355,"4281",,"","207",6967
2001.716,"C",KM,9/19/2001,7/30/2002,True,"ATP - Beren's Hotel","Merle Kortus","Main Street",Selby,57472,Walworth,45.5061646,-100.032738,,,,"","0.00","","fuel oil                                          ","0.00000",,"Petroleum","ATP","Commercial","UST","False","Leakage",374,"4306",,"","207",6999
2001.976,"NFA",KM,11/6/2001,11/18/2002,True,"ATP - Selby Printing","Allan Burke","4411 Main Street",Selby,57472,Walworth,45.5067444,-100.03167,,,,"","0.00","","fuel oil                                          ","0.00000",,"Petroleum","ATP","Commercial","UST","False","Leakage",2233,"6169",,"","219",7258
2001.977,"NFA",JPA,10/30/2001,7/29/2019,True,"ATP - Former Central Indian Bible College","J. R. Skimmer","Riverfront Drive",Mobridge,57601,Walworth,45.54197,-100.449341,,,,"","0.00","","Fuel Oil                                          ","0.00000",,"Petroleum","ATP","Other(See Case File)","UST","False","Leaks and Spills",1760,"5720",,"","",7259
2001.978,"NFA",KH,10/31/2001,5/22/2003,True,"ATP - Quenzer Auto Land","Kenny Jensen","1008 W. Grand  Crossing (Hwy 12 & 9th Ave W)",Mobridge,57601,Walworth,45.5390663,-100.4469,18N,30W,19,"SW","0.00","","diesel                                            ","0.00000",,"Petroleum","ATP","Commercial","UST","True","Leakage",1609,"5574",,"","217",7260
2001.981,"C",KM,11/6/2001,4/16/2002,True,"ATP - Selby Auto Sales","Sherwood Stulken","Highway 12",Selby,57472,Walworth,45.5048752,-100.03746,,,,"","0.00","","Petroleum                                         ","0.00000",,"Petroleum","ATP","Commercial","UST","True","Spillage",2133,"6077",,"","208",7263
2001.982,"C",KM,10/31/2001,4/16/2002,True,"ATP - Leonard Studio","Steve Schatz","309 Main Street",Mobridge,57601,Walworth,45.5358238,-100.434692,,,,"","0.00","","fuel oil                                          ","0.00000",,"Petroleum","ATP","Commercial","UST","False","Spillage",2220,"6161",,"","208",7264
2001.983,"C",KM,10/29/2001,4/16/2002,True,"ATP - Aberle Well Property","Christine E. Aberle","1620 12th Street East",Mobridge,57601,Walworth,45.54482,-100.426521,,,,"","0.00","","gasoline                                          ","0.00000",,"Petroleum","ATP","Residential","UST","True","Leakage",2068,"6022",,"","208",7265
2001.984,"C",KM,10/25/2001,4/16/2002,True,"ATP - Helm Property","Brian G. and Susan M. Helm","818 9th Street West   (8th Ave & 9th St)",Mobridge,57601,Walworth,45.54165,-100.4451,,,,"","0.00","","fuel oil                                          ","0.00000",,"Petroleum","ATP","Residential","UST","False","No Release",1758,"5718",,"","208",7266
2001.985,"C",KM,10/25/2001,4/16/2002,True,"ATP - Western Rancher","Alan Landis","221 Main Street",Mobridge,57601,Walworth,45.5353127,-100.434654,,,,"","0.00","","fuel oil                                          ","0.00000",,"Petroleum","ATP","Commercial","UST","False","Spillage",1757,"5717",,"","208",7267
2001.986,"C",KM,11/5/2001,4/16/2002,True,"ATP - Dady Drug","Sharon Dady","323 Main Street    (4th & Main)",Mobridge,57601,Walworth,45.5361977,-100.434708,,,,"","0.00","","fuel oil                                          ","0.00000",,"Petroleum","ATP","Commercial","UST","False","Spillage",550,"4480",,"","208",7268
2001.989,"NFA",KM,11/19/2001,1/10/2003,True,"ATP - Willis J. SackreiterTrust Property","Sylvia Sackreiter","NE at 2nd Street and 17th Avenue East",Mobridge,57601,Walworth,45.534687,-100.410378,124N,79W,29,"NE","0.00","","fuel oil                                          ","0.00000",,"Petroleum","ATP","Residential","UST","False","Leakage",2235,"6171",,"","217",7271
2001.990,"NFA",KH,10/31/2001,1/14/2005,True,"ATP - Mobridge Water Plant Intake","City of Mobridge","285th Avenue",Mobridge,57601,Walworth,45.5681458,-100.450325,124N,80W,12,"SE","0.00","","diesel                                            ","0.00000",,"Petroleum","ATP","Other(See Case File)","UST","True","corrosion",1036,"5035",,"","236",7272
2001.992,"C",KM,11/2/2001,4/23/2002,True,"ATP - True Value Store","Edward R. Fried","302 North Main Street   (3rd & Main)",Mobridge,57601,Walworth,45.5356178,-100.433167,124N,79W,30,"NE","0.00","","fuel oil                                          ","0.00000",,"Petroleum","ATP","Commercial","UST","False","Spillage",785,"4727",,"","208",7274
2001.993,"C",KM,10/29/2001,4/23/2002,True,"ATP - Ziegler Property","Claude Ziegler","921 10th Street West",Mobridge,57601,Walworth,45.5422249,-100.446533,124N,79W,19,"SW","0.00","","fuel oil                                          ","0.00000",,"Petroleum","ATP","Residential","UST","False","Spillage",696,"4637",,"","208",7275
2001.994,"C",KM,11/6/2001,4/23/2002,True,"ATP - Dacotah Bank","Dacotah Bank","320 North Main Street",Mobridge,57601,Walworth,45.53611,-100.433281,124N,79W,30,"NE","0.00","","fuel oil                                          ","0.00000",,"Petroleum","ATP","Commercial","UST","False","Leakage",401,"4334",,"","208",7276
2001.995,"C",KM,11/8/2001,4/23/2002,True,"ATP - Mobridge Regional Hospital","Mobridge Regional Hospital","1401 10th Avenue West",Mobridge,57601,Walworth,45.5467033,-100.449196,124N,79W,24,"NE","0.00","","fuel oil                                          ","0.00000",,"Petroleum","ATP","Commercial","UST","False","Leakage",392,"4324",,"","208",7277
2002.299,"C",KM,9/18/2002,1/8/2003,True,"ATP - Haux TV","Sid Haux","213 Main Street",Mobridge,57601,Walworth,45.5338554,-100.434517,,,,"","0.00","","Fuel Oil                                          ","0.00000",,"Petroleum","ATP","Commercial","UST","False","Spillage",2277,"6210",,"","217",7580
2002.300,"C",KM,9/18/2002,1/10/2003,True,"ATP - Becker Bakery","Duane Martin","204 North Main Street",Mobridge,57601,Walworth,45.5345573,-100.433105,,,,"","0.00","","Fuel Oil                                          ","0.00000",,"Petroleum","ATP","Commercial","UST","False","Spillage",2286,"6216",,"","217",7581
2002.301,"C",KM,9/18/2002,1/10/2003,True,"ATP - Morrison Property","Ray & Neal Morrison","114 East 3rd Street",Mobridge,57601,Walworth,45.53563,-100.43306,,,,"","0.00","","Fuel Oil                                          ","0.00000",,"Petroleum","ATP","Residential","UST","False","Spillage",2324,"6279",,"","231",7582
2002.302,"C",KM,9/18/2002,1/10/2003,True,"ATP - Slumberland Furniture","Claude Ziegler","210 North Main Street",Mobridge,57601,Walworth,45.5347328,-100.433014,,,,"","0.00","","Fuel Oil                                          ","0.00000",,"Petroleum","ATP","Commercial","UST","False","Spillage",2293,"6223",,"","217",7583
2002.306,"C",KM,9/17/2002,1/8/2003,True,"ATP - Former Thrift Store","Rick Christman","121 Main Street",Mobridge,57601,Walworth,45.5341949,-100.434555,,,,"","0.00","","fuel oil                                          ","0.00000",,"Petroleum","ATP","Commercial","UST","False","Spillage",703,"4639",,"","219",7587
2002.307,"C",KM,9/17/2002,1/10/2003,True,"ATP - Helen Brown Property","Helen Brown","1303 Park Lane",Mobridge,57601,Walworth,45.5458336,-100.440277,,,,"","0.00","","Fuel Oil                                          ","0.00000",,"Petroleum","ATP","Residential","UST","False","Spillage",2576,"6509",,"","217",7588
2002.308,"C",KM,9/19/2002,1/10/2003,True,"ATP - Mobridge Auditorium","City of Mobridge","114 East 1st Avenue",Mobridge,57601,Walworth,45.53494,-100.433151,,,,"","0.00","","Fuel Oil                                          ","0.00000",,"Petroleum","ATP","Public","UST","False","Spillage",1035,"5034",,"","217",7589
2002.311,"NFA",KM,9/23/2002,1/17/2003,True,"ATP - Schilling Property","Brad Schilling","13971 301st Avenue",Akaska,57420,Walworth,45.3668747,-100.167274,,,,"","0.00","","Petroleum                                         ","0.00000",,"Petroleum","ATP","Agricultural","UST","False","Leakage",2496,"6423",,"","217",7592
2003.185,"C",SH,11/13/2003,11/20/2009,True,"Bob's APCO Line Leak (see 90.110)","Kasperson Oil Company","314 West Grand Xing (or Crossing)",Mobridge,57601,Walworth,45.53756,-100.437347,18N,30W,19,"SE","0.00","","Ethanol gas                                       ","0.00000",,"Petroleum","Other(See Case File)","Commercial","UST","True","Line Leak",,"6803",,"","270",7832
2003.189,"NFA",KH,11/7/2003,1/16/2004,True,"ATP -  Former Quenzer's Texaco","Loren Yates","202 East Grand Xing (or Crossing)",Mobridge,57601,Walworth,45.537693,-100.4309,,,,"","0.00","","petroleum                                         ","0.00000",,"Petroleum","ATP","Commercial","UST","True","Leakage",2741,"6705",,"","225,",7836
2003.191,"NFA",KH,11/12/2003,1/16/2004,True,"ATP - United Congregational Church","United Congregational Church","1001 6th Avenue West",Mobridge,57601,Walworth,45.5428734,-100.443069,,,,"","0.00","","fuel oil                                          ","0.00000",,"Petroleum","ATP","Other(See Case File)","UST","False","Overfills/Spillage",2760,"6730",,"","225,",7838
2003.192,"NFA",KH,11/19/2003,1/16/2004,True,"ATP - Former R & R Motors","Martin Larson, Jr.","206 1st Avenue East",Mobridge,57601,Walworth,45.5346031,-100.432358,,,,"","0.00","","Gasoline                       ","0.00000",,"Petroleum","ATP","Commercial","UST","True","Leakage",2684,"6631",,"","225,",7839
2005.006,"NFA",KH,1/12/2005,1/18/2005,True,"ATP - Aberle Property","Jerome Aberle Estate","716 2nd Ave East",Mobridge,57601,Walworth,45.5402565,-100.430695,,,,"","0.00","","fuel oil                                          ","0.00000",,"Petroleum","ATP","Residential","UST","False","Leakage",2844,"6680",,"","236",8100
2005.100,"NFA",NS,5/31/2005,6/23/2008,True,"Assessment - BNSF Leased Property","Larson's Bulk Services, Inc.","South of 3rd Ave West, between rail and Railroad St",Mobridge,57601,Walworth,45.53435,-100.4383,,,,"","0.00","","Petroleum Products                                ","0.00000",,"Petroleum","Other(See Case File)","Industrial","AST","True","Handling",,"6977",,"","258",8194
2007.081,"C",RL,6/25/2007,10/10/2007,True,"Transport Tank Failure - Fertilizer Spill","Mark Rubida","3.5 Miles W of  Hwy 83 / 124th Street",Selby,57472,Walworth,45.5941048,-100.140305,,,,"","0.00","","Fertilizer                                        ","1000.00000",gallons,"Agri Chem","Other(See Case File)","Agricultural","Transport Tank","False","Tank Failure",,"null",07T062531,"","255",10921
2008.028,"C",BM,2/26/2008,4/18/2008,True,"CERCLIS - Mercury Contamination - Holder Property","Scott Holder","4200 5th Avenue",Selby,57472,Walworth,45.50656,-100.035339,,,,"","0.00","","Mercury                                           ","0.00000",,"Chemical","CERCLIS","Residential","Equipment","False","Handling",,"null",,"","256,257",11109
2009.043,"O",JPA,5/8/2009,,True,"Diesel Impacts @ Former Selby Facility","Northern Plains Coop","South Railway & Un-named gravel road",Selby,57472,Walworth,45.5028458,-100.027428,123N,76W,4,"","0.00","","Diesel                                            ","0.00000",,"Petroleum","Other(See Case File)","Commercial","AST","False","Leaks and Spills",,"7396 7201",,"","",11398
2009.063,"C",RL,6/12/2009,4/14/2010,True,"Transport Event  - Fertilizer Spill","Northern Plains Coop","Hwy 12 & Glenham Road",Glenham,57631,Walworth,45.5372047,-100.274872,124,78,21,"","0.00","","Liquid Fertilizer                                 ","2900.00000",gallons,"Agri Chem","Other(See Case File)","Agricultural","Transport Trailer","False","Transport Accident",,"null",09T061212,"","273",11419
2010.029,"NFA",BM,3/9/2010,7/2/2010,True,"BNSF Locomotive Spill","Burlington Northern Santa Fe Railroad (BNSF)","RR Tracks at the S. end of Main Street",Mobridge,57601,Walworth,45.53236,-100.433205,124N,79W,30,"","0.00","","Diesel Fuel                                       ","3400.00000",gallons,"Petroleum","Other(See Case File)","Other(See Case File)","Locomotive","False","Equipment Failure",,"7488",,"","276",11614
2010.096,"C",TF,6/11/2010,6/21/2010,True,"UST - Former Mobridge HS Bldg","Mobridge School District","114 10th Street E",Mobridge,57601,Walworth,45.54289,-100.43306,,,,"","0.00","","Fuel Oil                                          ","0.00000",,"Petroleum","Other(See Case File)","Public","UST","False","Leakage",,"null",,"","276",11683
2010.124,"NFA",TF,6/24/2010,6/29/2010,True,"ATP - Former Mobridge High School","Mobridge Pollock School District","114 East 10th Street",Mobridge,57601,Walworth,45.5432625,-100.433189,,,,"","0.00","","heating fuel                                      ","0.00000",,"Petroleum","ATP","Other(See Case File)","UST","False","Leakage",3140,"7479",,"","276",11711
2010.132,"NFA",ML,6/28/2010,6/28/2010,True,"CERCLIS - Mobridge Livestock","Mobridge Livestock Auction","East 4th Avenue",Mobridge,57601,Walworth,45.5310555,-100.430862,,,,"","0.00","","Toxaphene                                         ","0.00000",,"Chemical","CERCLIS","Industrial","Pit","False","Past Practices",,"null",,"","276",11719
2010.195,"NFA",ML,9/13/2010,9/13/2010,True,"CERCLIS - Walworth County Landfill","Walworth County","Landfill Loop",Glenham,57631,Walworth,45.5155449,-100.337387,124,79,36,"","0.00","","Toxaphene                                         ","0.00000",,"Chemical","CERCLIS","Other(See Case File)","Wastes","False","Handling",,"null",,"","276",11793
2011.044,"NFA",JPA,3/29/2011,5/23/2011,True,"Gunderson Oil Site - Tank Removals","Gunderson Oil Company","1101 East Grand Crossing / SE at E 10th and Hwy 12",Mobridge,57601,Walworth,45.53702,-100.419807,124N,79W,29,"NW","0.00","","Petroleum                                         ","0.00000",,"Petroleum","Other(See Case File)","Commercial","AST","True","Leakage",,"7598",,"","279",11946
2011.165,"C",BM,9/21/2011,10/21/2011,True,"Jensen Concrete  - Tank Overfill","CHS Transportation","12802 287th Avenue",Mobridge,57601,Walworth,45.5347,-100.405846,,,,"","0.00","","Diesel #2                                         ","100.00000",gallons,"Petroleum","Other(See Case File)","Commercial","AST","True","Overfill",,"7657",,"","281",12078
2012.061,"O",JPA,4/20/2012,,True,"Former Selby Oil Bulk Plant - Assessment","Jerome Kindel","SE edge of Selby",Selby,57472,Walworth,45.5028038,-100.027954,,,,"","4.00","","Petroleum                                         ","0.00000",,"Petroleum","Other(See Case File)","Other(See Case File)","AST","True","Leakage",,"7574",,"","",12315
2012.201,"NFA",TF,10/11/2012,12/13/2016,True,"ATP - Tisdall Property","Dean Tisdall","2910 10th Avenue West",Mobridge,57601,Walworth,45.56131,-100.44799,,,,"","0.00","","Fuel Oil                                          ","0.00000",,"Petroleum","ATP","Residential","UST","False","Leakage",3265,"7735",,"","",12482
2012.205,"C",TF,10/11/2012,12/31/2012,True,"ATP - Indian Creek Campground (USACE)","US Army Corps of Engineers","12905 288th Avenue",Mobridge,57601,Walworth,45.52219,-100.3874,,,,"","0.00","","Diesel                                            ","0.00000",,"Petroleum","ATP","Other(See Case File)","UST","True","Leakage",3267,"7740",,"","289",12486
2013.025,"C",RL,2/14/2013,3/1/2013,True,"Anonymous Complaint - Leaking Fuel Truck","Mobridge Airport","Mobridge Municipal Airport, Airport Road",Mobridge,57601,Walworth,45.543232,-100.40461,,,,"","0.00","","Jet A Aviation Fuel","0.00000",,"Petroleum","Other(See Case File)","Other(See Case File)","Transport Truck","False","Leakage",,"null",,"","289",12576
2013.127,"NFA",RL,7/2/2013,12/17/2013,True,"Fertilizer Contamination -  Loadout Area","Northern Plains Coop","North Railway Street adjacent to rail",Selby,57472,Walworth,45.5034027,-100.028732,,,,"","0.00","","Liquid Fertilizer                                 ","0.00000",,"Agri Chem","Other(See Case File)","Commercial","Bulk Chemical","False","Handling",,"null",13DB051710,"","295",12690
2014.258,"C",TF ,12/1/2014,2/27/2015,True,"ATP - Campbell Property","Ellie Campbell","1108 1st Avenue West",Mobridge,57601,Walworth,45.54392,-100.434929,,,,"null","null","null","Heating Fuel                                      ","null",,"Petroleum","ATP","Residential","UST","False","Tank Leak",3335,"7846",,"null","298",13205
2014.265,"C",JPA,12/5/2014,12/15/2014,True,"Former Tank Site - Assessment","Slater Oil Company","101 Railway Street (at rail)",Mobridge,57601,Walworth,45.53414,-100.437576,,,,"null","null","null","Petroleum                                         ","null",,"Petroleum","Other(See Case File)","Other(See Case File)","AST","True","Historical",,"8024",,"null","298",13222
2015.165,"NFA",TF ,8/24/2015,1/9/2018,True,"ATP - River Ridge Apartments","River Ridge Limited Partnership","210  3rd Street West",Mobridge,57601,Walworth,45.5355034,-100.435707,,,,"null","null","null","Fuel Oil                                          ","null",,"Petroleum","ATP","Residential","UST","False","Leakage",3462,"8058",,"null","null",13458
2016.132,"C",KM ,7/8/2016,8/8/2016,True,"Calcium Chloride Spill - Transport Event","GCR Tire Center #3233 (Firestone)","Hwy 47 near mm213",Hoven,57450,Walworth,45.38203,-99.7903,,,,"null","null","null","Calcium Chloride Water","100.00000",gallons,"Chemical","Other(See Case File)","Agricultural","Portable Tank","False","Transport Accident",,"null",,"null","null",13721
2018.162,"C",PDM,9/10/2018,9/10/2018,True,"Vehicle into waterway","Unknown","SD Route 1804 @ milemarker 349, Missouri River",Mobridge,57601,Walworth,45.5092,-100.321869,,,,"null","null","null","Automotive Fluids                                 ","null",,"Other","Surface Water","Other(See Case File)","Vehicle","False","Immersed  ",,"null",,"null","null",14348
2019.016,"NFA",PDM,1/29/2019,6/24/2019,True,"Vehicle In Water - Lake Oahe / Missouri River","Bob Propst","12945 288th Avenue",Mobridge,57601,Walworth,45.51163,-100.382507,,,,"null","null","null","Fuel                                              ","null",,"Petroleum","Surface Water","Public","Vehicle","False","Immersed  ",,"null",,"null","null",14446
2019.158,"C",JPA,9/6/2019,2/26/2020,True,"UST Removal - Shorty's One Stop","Real Estate Company 5","3005 US Highway 12",Selby,57472,Walworth,45.50558,-100.037849,,,,"null","null","null","Gasoline                                          ","null",,"Petroleum","Other(See Case File)","Commercial","UST","True","Leaks and Spills",,"8461",,"null","null",14599
2019.189,"C",TK ,10/17/2019,2/3/2020,True,"Saddle tank fuel spill","DANA Transport ","Highway 83/307th Avenue, Mile Marker 202",Selby,57472,Walworth,45.3809357,-100.037964,,,,"null","null","null","Diesel                                            ","null",,"Petroleum","Other(See Case File)","Agricultural","Saddle Tank","False","Transport Accident",,"null",,"null","null",14635
2020.061,"C",KN ,6/2/2020,10/1/2020,True,"Selby CHS Dry Fertilizer","CHS ","207 S Railway Street",Selby,57472,Walworth,45.50353,-100.0278,,,,"null","null","null","Dry Fertilizer ","200.00000",Tons,"Agri Chem","Other(See Case File)","Commercial","Storage Structure","False","Structure Failure",,"null",20MM060303,"null","null",14752
2020.093,"NFA",MSB,7/9/2020,11/10/2020,True,"Holiday C Store- Diesel Release","Holiday C Store","505 East Grand Crossing",Mobridge,57601,Walworth,45.53705,-100.427895,,,,"null","null","null","Diesel                                            ","null",,"Petroleum","Other(See Case File)","Commercial","UST","True","Equipment Failure",,"8530",,"null","null",14787
2021.192,"C",JPA,,12/22/2021,True,"ATP - Beck Property","Sharon Beck","303 Skinner Street",Akaska,57472,Walworth,45.3302422,-100.117683,,,,"null","null","null","Heating Fuel                                      ","null",,"Petroleum","ATP","Residential","UST","False","Leaks and Spills",3740,"8580",,"null","null",15114
2022.183,"C",NS ,11/2/2022,5/24/2024,True,"Brownfields - Former Opera House Selby","City of Selby","3409 Main Street",Selby,57472,Walworth,45.50585,-100.031837,,,,"null","null","null","Asbestos                                          ","null",,"Other(See Case File)","Brownfields","Public","Construction Materials","False","Past Practices",,"null",,"null","null",15338
2022.184,"NFA",JPA,11/14/2022,3/6/2023,True,"Jenson Rock & Sand","Harms Oil","12802 287th Ave.",Mobridge,57601,Walworth,45.534687,-100.405807,,,,"null","null","null","Diesel #2                                         ","null",,"Petroleum","Other(See Case File)","Commercial","AST","True","Overfill",,"null",,"null","null",15339
2023.021,"C",GK,2/28/2023,5/18/2023,True,"Selby Tank Release","Lonnie Perman","12448 US-83 ",Selby,57472,Walworth,45.58732,-100.060654,124N,76W,6,"null","null","null","Gasoline                                          ","200.00000",gallons,"Petroleum","Other(See Case File)","Residential","AST","False","Transport Accident",,"null",,"null","null",15407
2023.048,"C",MJP,5/4/2023,4/19/2024,True,"CHS Dry Fertilizer","CHS River Plains","US 83 & 131st St. NM intersection",Selby,57472,Walworth,45.49294,-100.038254,,,,"null","null","null","Dry Fertilizer      ","12.00000",ton,"Agri Chem","Other(See Case File)","Agricultural","Truck","False","Transport Accident",,"null",23GK050402,"null","null",15434
2023.169,"O",MJP,11/15/2023,,True,"Brownfields - Schmidt Property in Mobridge","City of Mobridge","314 2nd Avenue West",Mobridge,57601,Walworth,45.5360069,-100.436516,,,,"null","null","null","Asbestos                                          ","null",,"Other(See Case File)","Brownfields","Public","Construction Materials","False","Past Practices",,"null",,"null","null",15568
2023.183,"C",JPA,12/14/2023,12/19/2023,True,"ATP - Selby DOT Shop","SD Department of Transportation","10005 US Highway12/83 ",Selby,57472,Walworth,45.512,-100.036568,,,,"null","null","null","Diesel                                            ","null",,"Petroleum","ATP","Other(See Case File)","UST","True","Leaks and Spills",3793,"8658",,"null","null",15583
9999.053,"W",,,,True,"Withdrawn ATP - Lawrence Property","Pepsi Lawrence","813 8th Ave W",Mobridge,57601,Walworth,45.54062,-100.44561,,,,"","0.00","","                                                  ","0.00000",,"Other(See Case File)","Withdrawn ATP","Residential","Other(See Case File)","False","null",1011,"5006",,"","249",10709
9999.087,"W",,,,True,"Withdrawn ATP - Buckmeier Property","Jeaneane Buckmeier","SE corner of 9th Ave W & 10th St W",Mobridge,57601,Walworth,45.54225,-100.446533,,,,"","0.00","","                                                  ","0.00000",,"Other(See Case File)","Withdrawn ATP","Residential","Other(See Case File)","False","null",1292,"5211",,"","249",10745
9999.108,"W",,,,True,"Withdrawn ATP - Lutheran Church","Saint Paul Lutheran Church","Chicago & First Avenue",Java,57452,Walworth,45.50322,-99.88802,,,,"","0.00","","                                                  ","0.00000",,"Other(See Case File)","Withdrawn ATP","Other(See Case File)","Other(See Case File)","False","null",1532,"5476",,"","249",10766
9999.113,"W",,,,True,"Withdrawn ATP - Thomason Property","Robert Thomason","13269 304th Avenue",Selby,57472,Walworth,45.4682732,-100.100655,,,,"","0.00","","                                                  ","0.00000",,"Other(See Case File)","Withdrawn ATP","Residential","Other(See Case File)","False","null",1599,"5551",,"","249",10771
9999.122,"W",,,,True,"Withdrawn ATP - Klein Property","Cora Klein","805 3rd Avenue W",Mobridge,57601,Walworth,45.540638,-100.438454,,,,"","0.00","","                                                  ","0.00000",,"Other(See Case File)","Withdrawn ATP","Residential","Other(See Case File)","False","null",1765,"5725",,"","249",10781
9999.131,"W",,,,True,"Withdrawn ATP - Forkert Property","Dennis Forkert","609 2nd Avenue",Mobridge,57601,Walworth,45.5389,-100.436951,,,,"","0.00","","                                                  ","0.00000",,"Other(See Case File)","Withdrawn ATP","Residential","Other(See Case File)","False","null",1896,"5853",,"","249",10791
9999.133,"W",,,,True,"Withdrawn ATP - Schaefbauer Property","Lawrence Schaefbauer","1305 3rd Avenue W",Mobridge,57601,Walworth,45.54531,-100.438332,,,,"","0.00","","                                                  ","0.00000",,"Other(See Case File)","Withdrawn ATP","Residential","Other(See Case File)","False","null",1948,"5902",,"","249",10793
9999.141,"W",,,,True,"Withdrawn ATP - Mac Theatre","Ron Maier","311 Main Street",Mobridge,57601,Walworth,45.53565,-100.433159,,,,"","0.00","","                                                  ","0.00000",,"Other(See Case File)","Withdrawn ATP","Commercial","Other(See Case File)","False","null",2246,"6180",,"","249",10801
9999.146,"W",,,,True,"Withdrawn ATP - Banik Property","Hilda Banik","618 East Grand Crossing",Mobridge,57601,Walworth,45.5376053,-100.425438,,,,"","0.00","","                                                  ","0.00000",,"Other(See Case File)","Withdrawn ATP","Residential","Other(See Case File)","False","null",2323,"6276",,"","249",10806
9999.173,"W",,,,True,"Withdrawn ATP - Aberle Property","Jerome Aberle","716 2nd Avenue E",Mobridge,57601,Walworth,45.5403175,-100.430748,,,,"","0.00","","                                                  ","0.00000",,"Other(See Case File)","Withdrawn ATP","Residential","Other(See Case File)","False","null",2723,"6680",,"","249",10833
9999.174,"W",,,,True,"Withdrawn ATP - Smee Property","Mel Smee","309 2nd Avenue East",Mobridge,57601,Walworth,45.5355835,-100.431236,,,,"","0.00","","                                                  ","0.00000",,"Other(See Case File)","Withdrawn ATP","Residential","Other(See Case File)","False","null",2724,"6681",,"","249",10834
9999.190,"W",,,,True,"Withdrawn ATP - Dove's Coin","City of Mobridge","215 1st Avenue East",Mobridge,57601,Walworth,45.5346947,-100.432739,,,,"","0.00","","                                                  ","0.00000",,"Other(See Case File)","Withdrawn ATP","Commercial","Other(See Case File)","False","null",2923,"6966",,"","249",10850
9999.248,"W",,,,True,"Withdrawn ATP - Brown Library","City of Mobridge","521 North Main",Mobridge,57601,Walworth,45.53796,-100.434341,,,,"null","null","null","null","null",,"Other(See Case File)","Withdrawn ATP","Other(See Case File)","UST","False","null",3452,"8076",,"null","300",13355
90051.000,"C",RC,12/20/1990,12/20/1990,True,"Automatic Gas Distributors - Gibsons","Automatic Gas Distributors","Gibsons Store",Mobridge,57601,Walworth,45.552742,-100.449089,,,,"","0.00","","                                                  ","0.00000",,"Other(See Case File)","Clean Site","Commercial","UST","True","No Release",,"517",,"","",8286
91001.000,"C",RC,10/2/1991,10/25/1991,True,"Department of Transportation (SD DOT)","SD Department of Transportation (SD DOT)","Maintenance Shop",Mobridge,57601,Walworth,45.5566673,-100.455719,,,,"","0.00","","                                                  ","0.00000",,"Other(See Case File)","Clean Site","Public","UST","True","No Release",,"1726",,"","",8289
91002.000,"C",RC,7/16/1991,7/16/1991,True,"Ervin Quenzer - Former Gas Station","Ervin Quenzer","Grand Crossing and 2nd Avenue East",Mobridge,57601,Walworth,45.53755,-100.430809,,,,"","0.00","","                                                  ","0.00000",,"Other(See Case File)","Clean Site","Commercial","UST","True","No Release",,"1700",,"","",8290
91047.000,"C",RC,10/15/1991,10/15/1991,True,"Selby Area School District Facility","Selby Area School District","NE corner of 4th & Main",Java,57452,Walworth,45.5005226,-99.88653,,,,"","0.00","","                                                  ","0.00000",,"Other(See Case File)","Clean Site","Public","UST","False","No Release",,"null",,"","",8335
91061.000,"C",RC,7/16/1991,7/16/1991,True,"Ervin Quenzer's - Station Site","Ervin Quenzer","514 Crescent Drive (Grand Crossing & 2nd Ave E)",Mobridge,57601,Walworth,45.5375748,-100.430809,,,,"","0.00","","                                                  ","0.00000",,"Other(See Case File)","Clean Site","Commercial","UST","True","No Release",,"1768",,"","",8348
93055.000,"C",KH,11/18/1993,12/2/1993,True,"Glenham Equity/Convenience Store","Lauri Bauer","Convenience Store",Glenham,57631,Walworth,45.5319176,-100.271385,,,,"","0.00","","                                                  ","0.00000",,"Other(See Case File)","Clean Site","Commercial","AST","True","No Release",,"null",,"","",8501
95010.000,"C",KH,5/23/1995,5/25/1995,True,"S.D. Game, Fish, and Parks - Mobridge","SD Game Fish and Parks  (SD GF&P)","Region II Shop",Mobridge,57601,Walworth,45.5369453,-100.414848,,,,"","0.00","","                                                  ","0.00000",,"Other(See Case File)","Clean Site","Public","UST","True","No Release",,"2850",,"","",8570
95011.000,"C",KH,5/23/1995,5/25/1995,True,"S.D. Game, Fish and Parks (SD GF&P)","SD Game Fish and Parks  (SD GF&P)","Hiddenwood State Park",Selby,57472,Walworth,45.5502052,-99.984314,,,,"","0.00","","                                                  ","0.00000",,"Other(See Case File)","Clean Site","Public","UST","False","No Release",,"2851",,"","",8571
95021.000,"C",RC,8/7/1995,8/15/1995,True,"Former Bulk Storage - Akaska - Glenham Equity Exchange","Akaska - Glenham Equity Exchange","Former Akaska Bulk Site",Akaska,57420,Walworth,45.3319321,-100.1247,,,,"","0.00","","                                                  ","0.00000",,"Other(See Case File)","Clean Site","Commercial","AST","True","No Release",,"2799",,"","",8581
95036.000,"C",RC,12/14/1995,1/5/1996,True,"Bowdle Radio Tower","US West","2.3 miles N of town and W of Hwy 47",Bowdle,57428,Walworth,45.44965,-99.72385,,,,"","0.00","","                                                  ","0.00000",,"Other(See Case File)","Clean Site","Other(See Case File)","UST","True","No Release",,"null",,"","",8596
96010.000,"C",TK,7/15/1996,7/19/1996,True,"Harvest States Coop","Harvest States Coop","Railway & 1st",Selby,57472,Walworth,45.5039,-100.0278,,,,"","0.00","","                                                  ","0.00000",,"Other(See Case File)","Clean Site","Commercial","Other(See Case File)","False","No Release",,"null",,"","",8613
97024.000,"C",JL,9/2/1997,10/22/1997,True,"KOLY-1 (Studio Site)","US Army Corps of Engineers - Omaha District","118 E. 3rd Street",Mobridge,57601,Walworth,45.53535,-100.433556,,,,"","0.00","","                                                  ","0.00000",,"Other(See Case File)","Clean Site","Other(See Case File)","UST","True","No Release",,"null",,"","",8652
97025.000,"C",JL,9/2/1997,10/22/1997,True,"KOLY-2 (Transmitter Site)","US Army Corps of Engineers - Omaha District","3 miles E. of Mobridge on Hwy 12",Mobridge,57601,Walworth,45.5397224,-100.352859,,,,"","0.00","","                                                  ","0.00000",,"Other(See Case File)","Clean Site","Other(See Case File)","UST","True","No Release",,"null",,"","",8653
99019.000,"C",CH,5/3/1999,7/8/1999,True,"Beverly Healthcare Center","Beverly Healthcare Center - Ray Lewis","1100 4th Avenue East",Mobridge,57601,Walworth,45.5437469,-100.427238,,,,"","0.00","","                                                  ","0.00000",,"Other(See Case File)","Clean Site","Other(See Case File)","UST","False","No Release",,"3746",,"","",8752
99034.000,"C",CH,11/18/1999,2/1/2000,True,"Mobridge Regional Hospital","Mobridge Regional Hospital","East of Highway 12",Mobridge,57601,Walworth,45.5467339,-100.449059,,,24,"NE","0.00","","                                                  ","0.00000",,"Other(See Case File)","Clean Site","Other(See Case File)","UST","False","No Release",,"3442",,"","",8767
2001359.000,"C",KM,9/10/2001,10/30/2001,True,"Clean ATP - Schumacher Site #1","Dean Schumacher","S of US Hwy 12",Java,57452,Walworth,45.44556,-99.8024139,128N,74W,29,"","0.00","","                                                  ","0.00000",,"Other(See Case File)","ATP","Agricultural","UST","False","No Release",1557,"5503",,"","205",9223
2001360.000,"C",KM,9/10/2001,10/30/2001,True,"Clean ATP - Schumacher Site #2","Dean Schumacher","31756 137th Street",Java,57452,Walworth,45.41536,-99.82175,123N,74W,29,"","0.00","","                                                  ","0.00000",,"Other(See Case File)","ATP","Agricultural","UST","False","No Release",1556,"5502",,"","205",9224
2001621.000,"C",KM,9/18/2001,1/16/2002,True,"Clean ATP - Walworth County Courthouse","Rosalyn Manharth","4304 4th Avenue",Selby,57472,Walworth,45.5071831,-100.034691,,,,"","0.00","","                                                  ","0.00000",,"Other(See Case File)","ATP","Public","UST","False","No Release",23,"3962",,"","204",9485
2001622.000,"C",KM,9/18/2001,1/16/2002,True,"Clean ATP - Selby City Shop","Arthur C. Jung","201 East Walworth Street  (Walworth & Third)",Selby,57472,Walworth,45.5051346,-100.030136,,,,"","0.00","","                                                  ","0.00000",,"Other(See Case File)","ATP","Public","UST","False","No Release",379,"4309",,"","204",9486
2001623.000,"C",KM,9/18/2001,1/16/2002,True,"Clean ATP - Selby High School","Leslie Mandernach","Selby High School",Selby,57472,Walworth,45.50904,-100.032211,,,,"","0.00","","                                                  ","0.00000",,"Other(See Case File)","ATP","Public","UST","False","No Release",368,"4298",,"","204",9487
2001624.000,"C",KM,9/17/2001,1/16/2002,True,"Clean ATP - Huber Farm","Melvin Huber","14637 311th Street",Hoven,57450,Walworth,45.2698479,-99.9584045,,,,"","0.00","","                                                  ","0.00000",,"Other(See Case File)","ATP","Agricultural","UST","False","No Release",1000,"4840",,"","",9488
2001625.000,"C",KM,9/17/2001,1/16/2002,True,"Clean ATP - Selby Honey Company","Larry Bermel","1st and Main",Java,57452,Walworth,45.50329,-99.88653,,,,"","0.00","","                                                  ","0.00000",,"Other(See Case File)","ATP","Industrial","UST","True","No Release",460,"4401",,"","204",9489
2001626.000,"C",KM,9/20/2001,1/16/2002,True,"Clean ATP - Turner Property","George Turner","13404 SD Highway 1804",Glenham,57631,Walworth,45.4491844,-100.285881,123,78,29,"NE","0.00","","                                                  ","0.00000",,"Other(See Case File)","ATP","Agricultural","UST","False","No Release",593,"4517",,"","204",9490
2001627.000,"C",KM,9/20/2001,1/16/2002,True,"Clean ATP - Glenham School (Blue Blanket Inn)","Harold Forbes, Jr.","Blue Blanket Avenue",Glenham,57631,Walworth,45.53504,-100.267754,,,,"","0.00","","                                                  ","0.00000",,"Other(See Case File)","ATP","Other(See Case File)","UST","True","No Release",631,"4563",,"","",9491
2001628.000,"C",KM,9/20/2001,1/16/2002,True,"Clean ATP - Ray's Service","Raymond Merkel","7 Fifth Avenue West",Glenham,57631,Walworth,45.5368347,-100.271919,,,,"","0.00","","                                                  ","0.00000",,"Other(See Case File)","ATP","Commercial","UST","True","No Release",1133,"4907",,"","204",9492
2001629.000,"C",KM,9/20/2001,1/16/2002,True,"Clean ATP - Bieber Property","James Bieber","Main Street",Glenham,57631,Walworth,45.5322227,-100.271378,,,,"","0.00","","                                                  ","0.00000",,"Other(See Case File)","ATP","Commercial","UST","True","No Release",1229,"5160",,"","",9493
2001633.000,"C",KM,9/19/2001,1/16/2002,True,"ATP - Bermel Property (no tank found)","Heath Bermel","3rd & St Paul",Java,57452,Walworth,45.50159,-99.88373,,,,"","0.00","","                                                  ","0.00000",,"Other(See Case File)","ATP","Other(See Case File)","UST","False","No Tank Found",457,"4400",,"","204",9497
2001973.000,"C",KM,11/15/2001,4/16/2002,True,"Clean ATP - Pooley Property","Milo Pooley","1415 East Grand Crossing",Mobridge,57601,Walworth,45.5366936,-100.415276,,,,"","0.00","","                                                  ","0.00000",,"Other(See Case File)","ATP","Residential","UST","False","No Release",2244,"6196",,"","205",9837
2001974.000,"C",KM,11/15/2001,4/16/2002,True,"Clean ATP - Mettler Property","Bruce Mettler","204 13th Street East",Mobridge,57601,Walworth,45.545826,-100.432678,,,,"","0.00","","                                                  ","0.00000",,"Other(See Case File)","ATP","Residential","UST","False","No Release",2241,"6178",,"","206",9838
2001975.000,"C",KM,10/30/2001,4/16/2002,True,"Clean ATP - Gemar Property","LaVonne Gemar","1109 1/2 West 12th Street",Mobridge,57601,Walworth,45.5443459,-100.45253,,,,"","0.00","","                                                  ","0.00000",,"Other(See Case File)","ATP","Other(See Case File)","UST","False","No Release",2093,"6026",,"","206",9839
2001976.000,"C",KM,11/1/2001,4/16/2002,True,"Clean ATP - D & L Apartments","Larry & Roberta Atkinson","218 1st Avenue West",Mobridge,57601,Walworth,45.5348854,-100.435181,,,,"","0.00","","                                                  ","0.00000",,"Other(See Case File)","ATP","Residential","UST","False","No Release",2092,"6025",,"","206",9840
2001977.000,"C",KM,10/24/2001,4/16/2002,True,"Clean ATP - Wilson Property","Barbara Wilson","705 2nd Avenue East",Mobridge,57601,Walworth,45.5397873,-100.431404,,,,"","0.00","","                                                  ","0.00000",,"Other(See Case File)","ATP","Residential","UST","False","No Release",1903,"5861",,"","206",9841
2001978.000,"C",KM,10/25/2001,4/16/2002,True,"Clean ATP - Fuhrer Property","Elaine Fuhrer","807 1st Avenue East",Mobridge,57601,Walworth,45.54094,-100.432884,,,,"","0.00","","                                                  ","0.00000",,"Other(See Case File)","ATP","Residential","UST","False","No Release",1533,"5477",,"","206",9842
2001979.000,"C",KM,10/25/2001,4/16/2002,True,"Clean ATP - Schumacher Property","Robert R. Schumacher","113 3rd Street East",Mobridge,57601,Walworth,45.5351563,-100.43309,,,,"","0.00","","                                                  ","0.00000",,"Other(See Case File)","ATP","Residential","UST","False","No Release",1402,"5332",,"","206",9843
2001980.000,"C",KM,10/25/2001,4/16/2002,True,"Clean ATP - Utter Property","Byron Utter","201 South Main",Mobridge,57601,Walworth,45.5345268,-100.434624,,,,"","0.00","","                                                  ","0.00000",,"Other(See Case File)","ATP","Residential","UST","False","No Release",1357,"5290",,"","206",9844
2001981.000,"C",KM,10/25/2001,4/16/2002,True,"Clean ATP - Bierschbach Property","Dennis Bierschbach","902 3rd Avenue West",Mobridge,57601,Walworth,45.5416756,-100.437866,,,,"","0.00","","                                                  ","0.00000",,"Other(See Case File)","ATP","Residential","UST","False","No Release",1308,"5222",,"","206",9845
2001982.000,"C",KM,10/24/2001,4/16/2002,True,"Clean ATP - Hatch Drug (Lind's Hardware)","Bill Lind","205 West Grand Xing",Mobridge,57601,Walworth,45.5369759,-100.436058,,,,"","0.00","","                                                  ","0.00000",,"Other(See Case File)","ATP","Commercial","UST","False","No Release",1763,"5723",,"","206",9846
2001983.000,"C",KM,10/24/2001,4/16/2002,True,"Clean ATP - American Legion","Mobridge American Legion","120 Main Street",Mobridge,57601,Walworth,45.53414,-100.4332,,,,"","0.00","","                                                  ","0.00000",,"Other(See Case File)","ATP","Other(See Case File)","UST","False","No Release",1761,"5721",,"","206",9847
2001984.000,"C",KM,10/24/2001,4/16/2002,True,"Clean ATP - Bill Lind (Anderson Clothing)","Gary Anderson","314 Main Street",Mobridge,57601,Walworth,45.5349274,-100.433105,,,,"","0.00","","                                                  ","0.00000",,"Other(See Case File)","ATP","Commercial","UST","False","No Release",1759,"5719",,"","206",9848
2001985.000,"C",KM,10/26/2001,4/16/2002,True,"Clean ATP - East Fork Plaza","H. L. Corky Jackson","1322 East Grand Crossing",Mobridge,57601,Walworth,45.5375862,-100.415291,,,,"","0.00","","                                                  ","0.00000",,"Other(See Case File)","ATP","Commercial","UST","True","No Release",1756,"5716",,"","206",9849
2001986.000,"C",KM,10/29/2001,4/16/2002,True,"Clean ATP - Lind Property","Bill Lind","702 1st Avenue East",Mobridge,57601,Walworth,45.5396957,-100.432,,,,"","0.00","","                                                  ","0.00000",,"Other(See Case File)","ATP","Residential","UST","False","No Release",1764,"5724",,"","206",9850
2001987.000,"C",KM,11/1/2001,4/16/2002,True,"Clean ATP - Northern Draft Manufacturing","Northern Draft Manufacturing","102 Main Street",Glenham,57631,Walworth,45.5331726,-100.271446,,,,"","0.00","","                                                  ","0.00000",,"Other(See Case File)","ATP","Industrial","UST","True","No Release",1868,"5822",,"","206",9851
2001988.000,"C",KM,10/23/2001,4/16/2002,True,"Clean ATP - Perman Property","Wayne Perman","East 2nd Avenue",Glenham,57631,Walworth,45.5335464,-100.269539,,,,"","0.00","","                                                  ","0.00000",,"Other(See Case File)","ATP","Residential","UST","True","No Release",1692,"5646",,"","206",9852
2001989.000,"C",KM,11/7/2001,4/16/2002,True,"Clean ATP - Arnold Lee Property","Lauren Russell","13652 308th Avenue",Selby,57472,Walworth,45.4129677,-100.016747,,,,"","0.00","","                                                  ","0.00000",,"Other(See Case File)","ATP","Agricultural","UST","False","No Release",1392,"5326",,"","206",9853
2001990.000,"C",KM,11/7/2001,4/16/2002,True,"Clean ATP - Stangl Farm","Orville A. Stangl","31730 US Highway 12",Java,57452,Walworth,45.4552765,-99.82887,,,,"","0.00","","                                                  ","0.00000",,"Other(See Case File)","ATP","Agricultural","UST","False","No Release",1294,"5212",,"","206",9854
2001994.000,"C",KM,11/1/2001,4/23/2002,True,"Clean ATP - Rinehart Rental Property","J. Dean Rinehart","708 2nd Avenue East",Mobridge,57601,Walworth,45.53991,-100.430557,,,,"","0.00","","                                                  ","0.00000",,"Other(See Case File)","ATP","Residential","UST","False","No Release",133,"4045",,"","205",9858
2001995.000,"C",KM,11/2/2001,4/23/2002,True,"ATP - Former Thrift Store  (see 2002.306)","Rick Christman","121 Main Street",Mobridge,57601,Walworth,45.5342331,-100.434593,,,,"","0.00","","                                                  ","0.00000",,"Other(See Case File)","ATP","Commercial","UST","False","No Tank Found",703,"4639",,"","206,257",9859
2001996.000,"C",KM,11/5/2001,4/23/2002,True,"Clean ATP - Mobridge City Hall","Brad Milliken","114 1st Avenue East",Mobridge,57601,Walworth,45.5342,-100.4318,,,,"","0.00","","                                                  ","0.00000",,"Other(See Case File)","ATP","Public","UST","False","No Release",1034,"5033",,"","205",9860
2001997.000,"C",KM,10/30/2001,4/23/2002,True,"Clean ATP - Schaefbauer Property","Brian Schaefbauer","322 6th Street West",Mobridge,57601,Walworth,45.53869,-100.438087,,,,"","0.00","","                                                  ","0.00000",,"Other(See Case File)","ATP","Residential","UST","False","No Release",1028,"5027",,"","205",9861
2001998.000,"C",KM,10/30/2001,4/23/2002,True,"Clean ATP - Van Vugt Property","Gerrit W. Van Vugt","322 3rd Avenue West",Mobridge,57601,Walworth,45.5361977,-100.437988,,,,"","0.00","","                                                  ","0.00000",,"Other(See Case File)","ATP","Residential","UST","False","No Release",1010,"5005",,"","205",9862
2001999.000,"C",KM,11/1/2001,4/23/2002,True,"Clean ATP - Cal's Mobil","Sarah Howell","600 East Grand Crossing",Mobridge,57601,Walworth,45.53762,-100.426613,,,,"","0.00","","                                                  ","0.00000",,"Other(See Case File)","ATP","Commercial","UST","True","No Release",678,"4612",,"","205",9863
2002152.000,"C",KM,9/23/2002,2/10/2003,True,"Clean ATP - Arbach Property","Clarence Arbach","316 Avenue",Hoven,57450,Walworth,45.2709732,-99.84911,,,,"","0.00","","                                                  ","0.00000",,"Other(See Case File)","ATP","Agricultural","UST","False","No Release",2471,"6398",,"","220",10015
2002286.000,"C",KM,4/17/2003,7/1/2003,True,"Clean ATP - Former Pletan Furniture","Mobridge Ministerial Assoc.","217  Main Street",Mobridge,57601,Walworth,45.5351372,-100.434654,,,,"","0.00","","                                                  ","0.00000",,"Other(See Case File)","ATP","Commercial","UST","False","No Release",2689,"6633",,"","220",10143
2002305.000,"C",KM,10/30/2001,4/23/2002,True,"ATP - Schilling Property (replaces 20011000)","Dean & Dixie Schilling","505 4th Avenue West",Mobridge,57601,Walworth,45.53764,-100.440109,,,,"","0.00","","                                                  ","0.00000",,"Other(See Case File)","ATP","Residential","UST","False","No Release",648,"4581",,"","205",10162
2002306.000,"C",KM,10/31/2001,4/23/2002,True,"ATP - Mobridge Senior Citizens Center (replaces 20011001)","Charles Galusha","616 6th Avenue West",Mobridge,57601,Walworth,45.5390434,-100.442039,,,,"","0.00","","                                                  ","0.00000",,"Other(See Case File)","ATP","Residential","UST","False","No Release",479,"4417",,"","205",10163
2002307.000,"C",KM,10/30/2001,4/23/2002,True,"ATP - Stulken Property (replaces 20011002)","Jeffrey J. Stulken","916 2nd Avenue East",Mobridge,57601,Walworth,45.5423737,-100.430687,,,,"","0.00","","                                                  ","0.00000",,"Other(See Case File)","ATP","Residential","UST","False","No Release",445,"4379",,"","205",10164
2002308.000,"C",KM,10/31/2001,4/23/2002,True,"ATP - St. Joseph Catholic Church (replaces 20011003)","Father Jerome M. Ranek","514 2nd Avenue West",Mobridge,57601,Walworth,45.53813,-100.436333,,,,"","0.00","","                                                  ","0.00000",,"Other(See Case File)","ATP","Other(See Case File)","UST","False","No Release",411,"4344",,"","205",10165
2002309.000,"C",KM,10/31/2001,4/23/2002,True,"ATP - Heier Property (replaces 20011004)","Lee L. Heier","815 2nd Avenue East",Mobridge,57601,Walworth,45.54138,-100.431305,,,,"","0.00","","                                                  ","0.00000",,"Other(See Case File)","ATP","Residential","UST","False","No Release",404,"4338",,"","205",10166
2002310.000,"C",KM,11/6/2001,4/23/2002,True,"ATP - Former Mobridge Medical Clinic (replaces 20011005)","Mobridge Regional Hospital","414 1st Avenue West",Mobridge,57601,Walworth,45.5372124,-100.435074,,,,"","0.00","","                                                  ","0.00000",,"Other(See Case File)","ATP","Other(See Case File)","UST","False","No Release",391,"4323",,"","205",10167
2006005.000,"C",KH,1/6/2006,1/25/2006,True,"Clean ATP - Spotlight Video","Benj Stoick","215 W Grand Crossing",Mobridge,57601,Walworth,45.537262,-100.436539,,,,"","0.00","","                                                  ","0.00000",,"Other(See Case File)","ATP","Commercial","UST","True","No Release",2909,"6965",,"","242",10437
2007006.000,"C",TF,7/10/2007,1/15/2008,True,"Clean ATP - Dunwoody Property","Robert Dunwoody","612 1st Avenue E",Mobridge,57601,Walworth,45.5388947,-100.432022,,,,"","0.00","","                                                  ","0.00000",,"Other(See Case File)","ATP","Residential","UST","False","No Release",3009,"7194",,"","255",10932
2007007.000,"C",RL,7/10/2007,7/13/2007,True,"Tank Removal - WEB Water","WEB Water Development Association, Inc","29680 Hwy 1804",Glenham,57631,Walworth,45.4358749,-100.228409,,,,"","0.00","","                                                  ","0.00000",,"Other(See Case File)","Clean Site","Other(See Case File)","UST","True","No Release",,"null",,"","254",10937
2010012.000,"C",TF,8/31/2010,11/12/2010,True,"Clean ATP - Moser Property","Dennis Moser","518 4th Avenue East",Mobridge,57601,Walworth,45.53818,-100.4277,,,,"","0.00","","                                                  ","0.00000",,"Other(See Case File)","ATP","Residential","UST","False","No Release",3167,"7522",,"","279",11770
2010013.000,"C",TF,8/31/2010,11/12/2010,True,"Clean ATP - Beadle School","Mobridge-Pollack School District","414 6th Street West",Mobridge,57601,Walworth,45.5386925,-100.439308,,,,"","0.00","","                                                  ","0.00000",,"Other(See Case File)","ATP","Public","UST","False","No Release",3141,"7480",,"","279",11771
2010014.000,"C",TF,8/31/2010,11/12/2010,True,"Clean ATP - Freeman Davis School","Mobridge-Pollock School District","601 4th Avenue East",Mobridge,57601,Walworth,45.53814,-100.42894,,,,"","0.00","","                                                  ","0.00000",,"Other(See Case File)","ATP","Public","UST","False","No Release",3142,"7481",,"","279",11772
2012003.000,"C",DM,1/12/2012,1/18/2012,True,"Former Bob's Apco Site - Tank Removal","Jensen Sand and Gravel","314 W Grand Crossing",Mobridge,57601,Walworth,45.5375938,-100.437096,,,,"","0.00","","                                                  ","0.00000",,"Other(See Case File)","Clean Site","Commercial","UST","True","No Release",,"null",,"","",12154
2012005.000,"C",TF,3/5/2012,3/5/2012,True,"Clean ATP - Former Shamrock","Jensen Rentals","314 West Grand Crossing",Mobridge,57601,Walworth,45.53769,-100.4374,,,,"","0.00","","                                                  ","0.00000",,"Other(See Case File)","ATP","Commercial","UST","True","No Release",3231,"7686",,"","286",12181
2014008.000,"C",TF,6/25/2014,3/5/2015,True,"Clean ATP - Thorstenson Farm Site","Vaughn Thorstenson","12980 Cedar Road",Selby,57472,Walworth,45.5131454,-100.103065,,,,"","0.00","","                                                  ","0.00000",,"Other(See Case File)","ATP","Other(See Case File)","UST","False","No Release",3405,"7948",,"","300",13063
2014026.000,"C",TF ,12/1/2014,2/27/2015,True,"Clean ATP - Mayer Property","Dale Mayer","2210 5th Avenue",Selby,57472,Walworth,45.5052528,-100.0355,,,,"null","null","null","null","null",,"Other(See Case File)","ATP","Residential","UST","False","No Release",3435,"8001",,"null","298",13206
2015011.000,"C",TF ,8/24/2015,12/28/2015,True,"Clean ATP - Miklos Property","Thomas Miklos","5609  2nd Avenue (NE at 2nd Ave & Dakota St)",Selby,57472,Walworth,45.5082664,-100.028839,,,,"null","null","null","null","null",,"Other(See Case File)","ATP","Residential","UST","False","No Release",3499,"8122",,"null","301",13459
2016020.000,"C",TF ,11/28/2016,1/11/2017,True,"Clean ATP - Oliver Property","Joshua Oliver","1408 Kennedy Memorial Drive",Mobridge,57601,Walworth,45.5467758,-100.454628,,,,"null","null","null","null","null",,"Other(See Case File)","ATP","Residential","UST","False","No Release",3557,"8237",,"null","null",13819
2017017.000,"C",TF ,8/8/2017,12/18/2017,True,"Clean ATP - Selby DOT Maintenance Shop","SD Department of Transportation","10005 US Hwy 12 / 83",Selby,57472,Walworth,45.5118866,-100.036156,,,,"null","null","null","null","null",,"Other(See Case File)","ATP","Other(See Case File)","UST","True","No Release",3567,"8258",,"null","null",14082
2021012.000,"C",JPA,11/15/2021,12/22/2021,True,"Clean ATP - DOT Mobridge","SD Department of Transportation","2311 W Hwy 12",Mobridge,57601,Walworth,45.5570068,-100.455872,,,,"null","null","null","","null",,"Oil","ATP","Public","UST","True","No Release",3735,"8573",,"null","null",15116
2022016.000,"C",JPA,12/6/2022,12/19/2022,True,"Clean ATP - 4K Farms","4K Farms, LLC","31529 125th Street",Java,57452,Walworth,45.5790176,-99.86793,,,,"null","null","null","null","null",,"Other(See Case File)","ATP","Residential","UST","False","No Release",3766,"8623",,"null","null",15361
2023010.000,"O",JPA,11/6/2023,,True,"AST Closure Sampling Results","City of Hoven","Hwy 47, NW of Hoven",Hoven,57450,Walworth,45.2566872,-99.79473,,,,"null","null","null","null","null",,"Other(See Case File)","Other(See Case File)","Commercial","AST","True","No Release",,"null",,"null","null",15560
2024001.000,"O",JPA,6/7/2024,,True,"Clean ATP - Mobridge DOT Shop","SD Department of Transportation","2311 US Highway 12",Mobridge,57601,Walworth,45.5566177,-100.455841,,,,"null","null","null","Diesel, Gasoline                                  ","null",,"Petroleum","ATP","Other(See Case File)","No Release","True","No Release",3815,"8705",,"null","null",15678