id,status,r1,date_rep,date_close,image,site_name,resp_party,street,city,zip_code,county,latitude,longitude,township,range,section,secq1,acreage,instctrls,material,amount,units,spill_cat,site_type,proptype,sor_type,regulated,cause_type,atp_no,prcfnumber,ag_no,solidwaste,microroll,siteid
83.007,"C",TK,3/11/1983,11/22/1994,True,"B&G Oil Spill - Corothers Property","B & G Oil Company","Hwy. 77: 1 mi. N.",Clear Lake,57226,Deuel,44.76839,-96.68245,,,,"","0.00","","Waste Oil                                         ","2000.00000",gallons,"Oil","Other(See Case File)","Other(See Case File)","Transport Trailer","False","Transport Accident",,"null",,"","259",112
83.065,"C",JA,1/1/1983,2/2/1993,True,"B&G Oil","B & G Oil Company","Unknown",Clear Lake,57226,Deuel,44.74666,-96.6824646,,,,"","0.00","","Waste Oil                                         ","0.00000",,"Oil","Other(See Case File)","Unknown(See Case File)","Unknown(See Case File)","False","Unknown",,"null",,"","",169
84.031,"C",KM,4/17/1984,5/10/1993,True,"Gopher Sign Company at City Landfill","Gopher Sign Company","1 mile N, .25 mile E",Clear Lake,57226,Deuel,44.77463,-96.67399,115N,49W,14,"","0.00","","Toluene                                           ","880.00000",gallons,"Chemical","Other(See Case File)","Public","Drums","False","Damage",,"null",,"","",202
86.062,"C",TK,8/7/1986,8/24/1993,True,"Rodney Rook Farm - Aerial Spraying Accident","Morris Riggin","6 E & 5.5 N of Estelline (W side of road)",Brandt,57218,Deuel,44.6540947,-96.78617,114N,50W,26,"","0.00","","Pesticide                                         ","45.00000",gallons,"Agri Chem","Other(See Case File)","Agricultural","Aircraft Tanks","False","Accident",,"null",,"","259,267",427
87.015,"C",KM,2/24/1987,7/6/1993,True,"Eugene Stohr - Impacted Well","Eugene Stohr","17563 479th Avenue",Altamont,57226,Deuel,44.8387146,-96.62267,116N,48E,19,"","0.00","","Petroleum                                         ","0.00000",,"Petroleum","Source Water","Agricultural","Unknown(See Case File)","False","Unknown",,"null",,"","237",480
87.802,"C",TK,8/12/1987,11/14/1991,True,"Sumner Bulk Facility - Tank Seam Failure","Bob Sumner","Hwy 28 E of I-29: Toronto Exit",Toronto,57268,Deuel,44.5733452,-96.7575455,113,49,19,"","0.00","","Heating Fuel                                      ","0.00000",,"Petroleum","Other(See Case File)","Commercial","AST","True","Tank Failure",,"null",,"","",603
87.982,"O",CJ,7/1/1987,,True,"Tech Ord plume","Tech Ord","47600 180th Street",Clear Lake,57226,Deuel,44.78304,-96.66543,,,,"null","null","null","Perchlorate, HMX, RDX","null",,"Other(See Case File)","Other(See Case File)","Other(See Case File)","Ordnance","False","Past Practices",,"null",,"null","null",15679
89.050,"C",JC,4/13/1989,6/30/2000,True,"Lend Lease Trucking - Transport Event","Lend Lease Trucking / Burrell Trucking","I-29: Brandt Exit",Brandt,57218,Deuel,44.6666679,-96.8166656,,,,"","0.00","","Diesel                                            ","150.00000",gallons,"Petroleum","Other(See Case File)","Other(See Case File)","Truck Tank","False","Transport Accident",,"null",,"","",940
89.055,"C",JC,3/7/1988,6/12/1989,True,"Cenex Fertilizer Plant - Tank Fitting Leak","Cenex","Hwy 28",Toronto,57268,Deuel,44.57381,-96.6455841,113,49,24,"SE","0.00","","Fertilizer                                        ","18000.00000",gallons,"Agri Chem","Other(See Case File)","Commercial","AST","False","Corrosion",,"null",,"","",945
89.076,"C",TB,4/13/1989,1/18/1995,True,"Burrel Transportation - Transport Event","Burrel Transportation","I-29 @ Brandt overpass exit",Brandt,57218,Deuel,44.65954,-96.81552,,,,"","0.00","","Diesel                                            ","100.00000",gallons,"Petroleum","Other(See Case File)","Other(See Case File)","Truck Tank","False","Overturned",,"null",,"","",965
89.103,"C",TK,5/25/1989,3/26/1991,True,"Larry Kriz - Bulldozer Rollover","Larry Kriz","West Side of Lake",Clear Lake,57226,Deuel,44.7555847,-96.6669159,,,,"","0.00","","Diesel, Hydraulic Fluid                           ","11.00000",gallons,"Petroleum","Other(See Case File)","Residential","Equipment","False","Overturned",,"null",,"","",992
89.229,"C",KM,9/8/1989,10/24/1991,True,"Clear Lake Airport - Geese Kill","Clear Lake","Clear Lake Airport",Clear Lake,57226,Deuel,44.7710724,-96.68701,,,,"","0.00","","Pesticide                                         ","0.00000",,"Agri Chem","Other(See Case File)","Commercial","Containers","False","Handling",,"null",,"","259",1117
90.080,"I",BL,4/3/1990,12/7/1995,True,"Deuel County Cenex - Tank System Replacement","Deuel County Cenex","Adams & Elm Street",Brandt,57218,Deuel,44.66391,-96.62637,,,,"","0.00","","Gasoline                                          ","0.00000",,"Petroleum","Other(See Case File)","Commercial","UST","True","Leaks and Spills",,"1038",,"","259",1315
90.129,"C",DP,4/20/1990,4/17/1992,True,"Deuel County Cenex - Tank Removals","Deuel County Cenex","Hwy 28",Toronto,57268,Deuel,44.5726776,-96.6415558,113N,49W,24,"SE","0.00","","Gasoline                                          ","0.00000",,"Petroleum","Other(See Case File)","Commercial","UST","True","Leaks and Spills",,"1037",,"","",1364
90.136,"C",GH,4/27/1990,7/25/1991,True,"Deuel County Cenex Site","Deuel County Cenex","First Street",Gary,57237,Deuel,44.79221,-96.4557953,115N,47W,3,"","0.00","","Gasoline                                          ","0.00000",,"Petroleum","Other(See Case File)","Commercial","UST","True","Leakage",,"1039",,"","",1371
90.180,"NFA",GH,5/16/1990,3/26/2004,True,"Cenex Service Station Site","Deuel County Cenex","222 3rd Avenue South (NE @ 3rd & 3rd)",Clear Lake,57226,Deuel,44.7570953,-96.6823349,115N,49W,24,"NW","0.00","","Petroleum                                         ","0.00000",,"Petroleum","Other(See Case File)","Commercial","UST","True","Leaks and Spills",,"7704",,"","225,228,286",1415
90.243,"C",JC,6/15/1990,8/27/1990,True,"Deuel County Farmers Union - Complaint","Deuel County Cenex","Deuel County Cenex",Clear Lake,57226,Deuel,44.757637,-96.68239,,,,"","0.00","","Pesticide                                         ","0.00000",,"Agri Chem","Other(See Case File)","Commercial","Bulk Chemical","False","Runoff",,"null",,"","",1478
90.348,"C",TK,8/13/1990,1/15/1993,True,"Clear Lake Airport","Clear Lake","Hwy 15",Clear Lake,57226,Deuel,44.77143,-96.68532,,,,"","0.00","","Pesticide Parathion                               ","0.00000",,"Agri Chem","Other(See Case File)","Other(See Case File)","Unknown(See Case File)","False","Unknown",,"null",,"","",1583
90.503,"C",BL,10/12/1990,12/5/1990,True,"H.D. Electric - Tank Removal","H.D. Electric - Gary Cramer","Pole Yard Storage - Hwy 22",Clear Lake,57226,Deuel,44.7453537,-96.68512,115N,49,27,"NE","0.00","","Gasoline                                          ","0.00000",,"Petroleum","Other(See Case File)","Commercial","UST","True","Corrosion",,"1181",,"","",1738
90.589,"C",KB,11/19/1990,6/24/1992,True,"Deuel County School District","Deuel County School District","2nd St. and 4th Ave.",Clear Lake,57226,Deuel,44.7577324,-96.6834,115N,49W,22,"NE","0.00","","Petroleum                                         ","0.00000",,"Petroleum","Other(See Case File)","Public","UST","True","Leaks and Spills",,"1291",,"","",1824
90.658,"C",DM ,5/30/1990,2/23/2017,True,"1990 Tank System Replacement - Recorded Feb 2017","Deuel County","Hwy 15, County Hwy Shop",Clear Lake,57226,Deuel,44.771965,-96.680275,,,,"null","null","null","Petroleum                                         ","null",,"Petroleum","Other(See Case File)","Other(See Case File)","UST","True","Spillage",,"null",,"null","null",13940
91.074,"C",MV,2/20/1991,2/26/1992,True,"Bob's Service","Lavin Oil Company","Main and Coteau",Gary,57237,Deuel,44.79039,-96.45687,,,,"","0.00","","Gasoline                                          ","0.00000",,"Petroleum","Other(See Case File)","Commercial","UST","True","Leakage",,"1398",,"","209",1964
91.132,"C",CS,4/5/1991,8/6/1996,True,"SD DOT Maintenance Shop - Line Leaks","SD Department of Transportation  (SD DOT)","Maintenance Shop",Clear Lake,57226,Deuel,44.7462425,-96.68681,115N,49W,27,"NW","0.00","","Petroleum                                         ","0.00000",,"Petroleum","Other(See Case File)","Public","UST","True","Line Leak",,"1441",,"","",2022
91.144,"C",TK,4/17/1991,5/14/1997,True,"Otter Tail Power Company","Otter Tail Power Company","711 North Street",Clear Lake,57226,Deuel,44.7607956,-96.69128,115N,49W,22,"NE","0.00","","Transformer Oil PCB                               ","20.00000",gallons,"Combined","Other(See Case File)","Residential","Transformer","False","Damage",,"null",,"","",2034
91.273,"C",TK,5/24/1991,7/8/1991,True,"Vets Oil Company - Tank System Removal","Vets Oil Company","E of I-29 exit 150, S of Hwy 28",Toronto,57268,Deuel,44.5723152,-96.7578354,113N,49W,30,"NW","0.00","","Gasoline                                          ","0.00000",,"Petroleum","Other(See Case File)","Commercial","UST","True","Spillage",,"1740",,"","",2163
91.279,"C",BL,6/21/1991,5/11/1994,True,"B K Repair","Brad Knutson","S of 1st Avenue (Highway 28)",Toronto,57268,Deuel,44.5725479,-96.6441,113N,49W,25,"NE","0.00","","Gasoline                                          ","0.00000",,"Petroleum","Other(See Case File)","Commercial","UST","True","Corrosion",,"1526",,"","",2169
91.340,"C",KM,8/5/1991,9/9/1991,True,"Gillette Dairy - Transport Fire Event","Gillette Dairy","I-29  MM 154.5",Brandt,57218,Deuel,44.6198578,-96.78535,,,,"","0.00","","Diesel                                            ","100.00000",gallons,"Petroleum","Other(See Case File)","Other(See Case File)","Truck Tank","False","Fire Event",,"null",,"","",2230
91.488,"C",RC,10/25/1991,2/10/1992,True,"Former Sumner Truck Stop","Candi Sumner","Hwy 28 @ I-29 Exit 150",Toronto,57268,Deuel,44.5733376,-96.75739,113N,49W,19,"SW","0.00","","Petroleum                                         ","0.00000",,"Petroleum","Other(See Case File)","Commercial","UST","True","Spillage",,"0519",,"","261",2378
92.126,"NFA",KH,4/7/1992,11/7/2000,True," LUST Trust - Former Station Site","Barb McCarty","172 Street near Hwy 15 intersection",Tunerville,57226,Deuel,44.8902321,-96.6818542,,,,"","0.00","","Petroleum                                         ","0.00000",,"Petroleum","Lust Trust","Commercial","UST","True","Leakage",,"2098",,"","235",2716
93.031,"C",NS,2/8/1993,2/9/1999,True,"Shady Beach Resort - LUST Trust","Stuart Rhea","SE shore of Lake Cochrane",Gary,57237,Deuel,44.7084732,-96.46533,114N,47,4,"SE","0.00","","gasoline                                          ","0.00000",,"Petroleum","Lust Trust","Other(See Case File)","UST","True","Overfills/Spillage",,"2403",,"","235,269",3046
93.185,"C",TK,6/25/1993,2/13/1995,True,"Berns Blading Transport Event","Ken Berns","E. Side of Round Lake",Strandburg,57265,Deuel,44.9658127,-96.81079,117N,50,3,"SE","0.00","","Diesel                                            ","10.00000",,"Petroleum","Other(See Case File)","Other(See Case File)","Truck Tank","False","Transport Accident",,"null",,"","",3200
93.206,"C",TK,6/8/1993,1/4/1994,True,"Victor Fleck Trucking Transport Event","Victor Fleck Trucking","I-29, MM 149",Estelline,57234,Deuel,44.54611,-96.75704,,,,"","0.00","","Diesel                                            ","20.00000",gallons,"Petroleum","Other(See Case File)","Other(See Case File)","Truck Tank","False","Transport Accident",,"null",,"","",3221
93.262,"C",MV,8/16/1993,2/15/1995,True,"Lavin Oil Company Site - UST Removal","Dallas Lavin","604 3rd Ave. S.",Clear Lake,57226,Deuel,44.7536125,-96.68222,115N,49W,23,"SW","0.00","","Petroleum                                         ","0.00000",,"Petroleum","Other(See Case File)","Commercial","UST","True","Leakage",,"2513",,"","",3277
93.495,"C",TK,12/15/1993,1/4/1995,True,"Krause  Transport Event","Lewaine Arnold Krause","Hwy 22, 1/2 E of junction 15 & 22",Clear Lake,57226,Deuel,44.7467346,-96.67268,,,,"","0.00","","Hydraulic Oil                                     ","10.00000",gallons,"Oil","Other(See Case File)","Other(See Case File)","Equipment","False","Damage",,"null",,"","",3510
94.125,"C",TK,5/12/1994,11/23/1994,True,"Cenex Oil Transport Event","Deuel County Cenex Oil Company","N side of Highway 28,  W edge of town",Toronto,57268,Deuel,44.57331,-96.64637,,,,"","0.00","","Lasso                                             ","100.00000",,"Agri Chem","Other(See Case File)","Other(See Case File)","Tote","False","Disconnected Hose ",,"null",,"","",3660
94.128,"C",TK,5/13/1994,6/22/1994,True,"Community Oil  - Transport Accident","Community Oil Company","468 Ave",Goodwin,57238,Deuel,44.78331,-96.8447,115,50,8,"","0.00","","Diesel                                            ","0.00000",,"Petroleum","Other(See Case File)","Other(See Case File)","Transport Truck","False","Transport Accident",,"null",,"","",3663
94.354,"NFA",MH,10/24/1994,1/3/2013,True,"Former Town & Country Service - Surface Spills","Loren Tekrony","1/2 mile South on Highway 15",Clear Lake,57226,Deuel,44.73962,-96.68288,115N,49W,27,"NE","0.00","","Gasoline                                          ","0.00000",,"Petroleum","Other(See Case File)","Commercial","AST","True","Leakage",,"2782",,"","290",3889
95.041,"C",TB,2/27/1995,4/3/1995,True,"Circle E Grain Transport Event","Al Hoesing","Highway 212- 2 miles E of Strasburg Corner",Goodwin,57238,Deuel,44.8901978,-96.74159,,,,"","0.00","","Diesel                                            ","10.00000",gallons,"Petroleum","Other(See Case File)","Other(See Case File)","Truck Tank","False","Transport Accident",,"null",,"","",3992
95.260,"NFA",CH,9/22/1995,1/30/2001,True,"Toronto Standard Station - Tank Replacements","Craig Newman","600 Main Avenue  (SE at Main and Missouri)",Toronto,57268,Deuel,44.57256,-96.64083,,,,"NW","0.00","","Petroleum                                         ","0.00000",,"Petroleum","Other(See Case File)","Commercial","UST","True","Overfills/Spillage",,"2939",,"","198",4211
97.023,"NFA",NS,1/31/1997,10/19/2001,True,"Former JJ's One Stop - Assessment","Welsh Companies Inc.","420 3rd Avenue South (NE at Third Ave & Fifth St)",Clear Lake,57226,Deuel,44.7549248,-96.68218,,,,"","0.00","","petroleum                                         ","0.00000",,"Petroleum","Aquifer","Commercial","UST","True","Leakage",,"3149",,"","",4711
97.049,"C",TK,3/3/1997,3/7/1997,True,"Department of Transportation (SD DOT)","SD Department of Transportation (SD DOT)","Highway 22",Clear Lake,57226,Deuel,44.74608,-96.686676,115N,49W,27,"NE","0.00","","Diesel Fuel                                       ","100.00000",gallons,"Petroleum","Other(See Case File)","Other(See Case File)","UST","False","Unknown",,"null",,"","",4737
97.060,"C",TK,3/14/1997,5/13/1997,True,"Highway 22 Transport Event","Hubbard Milling","Hwy 22, 1 1/2 mi E of Town",Clear Lake,57226,Deuel,44.74533,-96.65376,115N,49W,25,"","0.00","","Diesel Fuel                                       ","40.00000",gallons,"Petroleum","Other(See Case File)","Other(See Case File)","Truck Tank","False","Transport Accident",,"null",,"","",4748
97.088,"NFA",TF,4/4/1997,1/9/2003,True,"Former Lakeview Hatchery - Tank  Removal","E.C. Development","Highway 15",Clear Lake,57226,Deuel,44.7588844,-96.6822357,,,,"","0.00","","Petroleum                                         ","0.00000",,"Petroleum","Other(See Case File)","Other(See Case File)","UST","True","Leakage",,"3180",,"","223,",4776
98.019,"C",KM,2/13/1998,3/25/1998,True,"Bus Barn - Nozzle Spills","Deuel County School District","SE corner of 2nd Street & 4th Ave",Clear Lake,57226,Deuel,44.75761,-96.68336,,,,"","0.00","","diesel fuel                                       ","4.00000",gallons,"Petroleum","Other(See Case File)","Public","AST","True","Overfills/Spillage",,"null",,"","",5127
98.022,"C",TF,2/18/1998,6/23/1998,True,"Former Standard Station - Tank Removal","Kenneth Knutson","Main and Missouri",Toronto,57268,Deuel,44.57261,-96.64128,113,48,30,"NW","0.00","","petroleum                                         ","0.00000",,"Petroleum","Other(See Case File)","Commercial","UST","True","Spillage",,"3366",,"","",5130
98.076,"C",LAS,4/21/1998,12/13/2002,True,"Transport Event","Northeast Terminal","Hwy 212, 1 mile West of Goodwin",Goodwin,57238,Deuel,44.8900223,-96.87011,116N,50,,"NW","0.00","","Fertilizer                                        ","22000.00000",pounds,"Agri Chem","Other(See Case File)","Other(See Case File)","Transport Trailer","False","Transport Accident",,"null",,"","215",5184
98.128,"C",KM,5/30/1998,7/14/1998,True,"Transport Accident","Dick Simon Trucking","I-29, MM 159 @ bridge",Brandt,57218,Deuel,44.6787262,-96.8302841,114N,50W,16,"","0.00","","diesel                                            ","0.00000",,"Petroleum","Other(See Case File)","Other(See Case File)","Truck Tank","False","Transport Accident",,"null",,"","",5236
98.151,"NFA",TF,6/24/1998,5/14/2002,True,"Former Mel's Auto - Tank Removal","Melvin Maass","307 3rd Avenue South",Clear Lake,57226,Deuel,44.7576065,-96.6828842,115N,49W,22,"NE","0.00","","petroleum                                         ","0.00000",,"Petroleum","Other(See Case File)","Commercial","UST","True","Leakage",,"3382",,"","196,211",5259
99.072,"C",BM,3/19/1999,6/24/1999,True,"Deuel County School Bus Barn","Deuel County School District","SE corner of 2nd St & 4th Ave",Clear Lake,57226,Deuel,44.7577362,-96.68352,115N,49W,22,"NE","0.00","","diesel fuel                                       ","15.00000",gallons,"Petroleum","Other(See Case File)","Public","UST","False","Overfill",,"3742",,"","",5619
99.115,"C",TA,4/16/1999,12/10/2002,True,"Transport Event","Advanced Drainage Systems","Highway 28, approx. 1.5 West of Hwy 15",Toronto,57268,Deuel,44.5727844,-96.71372,,,,"","0.00","","diesel fuel                                       ","50.00000",gallons,"Petroleum","Other(See Case File)","Other(See Case File)","Truck Tank","False","Transport Accident",,"null",,"","216",5662
2000.010,"NFA",JPA,1/20/2000,6/6/2012,True,"Lynn's South Side Service - LUST Trust","Lynn's South Side Service","346 Main Street",Astoria,57213,Deuel,44.55807,-96.54695,113N,48W,35,"NE","0.00","","petroleum                                         ","0.00000",,"Petroleum","Lust Trust","Commercial","UST","True","Leakage",,"3895",,"","288,294",5908
2000.021,"C",TF,2/14/2000,7/14/2000,True,"Clear Lake Airport - Tank System Removal","City of Clear Lake","Clear Lake Airport",Clear Lake,57226,Deuel,44.7706146,-96.68479,,,,"","0.00","","Aviation Fuel                                     ","0.00000",,"Petroleum","Other(See Case File)","Other(See Case File)","UST","True","Dispenser Leak",,"3856",,"","",5919
2000.061,"C",TF,4/10/2000,8/18/2000,True,"Memorial Hospital - Tank Removal","Deuel County Memorial Hospital","701 3rd Avenue",Clear Lake,57226,Deuel,44.752903,-96.6835,115N,49W,22,"NE","0.00","","Heating Oil                                       ","0.00000",,"Petroleum","Other(See Case File)","Other(See Case File)","UST","False","Spillage",,"3879",,"","",5959
2001.304,"C",KM,7/12/2001,9/13/2001,True,"ATP - Brandt Grain Company","Jim Anderson","218 Washington Street",Brandt,57218,Deuel,44.65982,-96.6276245,,,,"","0.00","","Petroleum                                         ","0.00000",,"Petroleum","ATP","Commercial","UST","True","Corrosion",1619,"5569",,"","207",6588
2001.309,"C",KM,6/18/2001,9/25/2001,True,"ATP - Former Goodwin School","Nicholas C. Cordel","N Bowdoin Avenue",Goodwin,57238,Deuel,44.88109,-96.85049,,,,"","0.00","","fuel oil                                          ","0.00000",,"Petroleum","ATP","Public","UST","False","Spillage",347,"4274",,"","207",6593
2001.310,"C",KM,6/18/2001,9/21/2001,True,"ATP - Grothaus Garage","Kenneth G. Grothaus","201 2nd Avenue",Bemis,57238,Deuel,44.8342628,-96.84987,,,,"","0.00","","Petroleum                                         ","0.00000",,"Petroleum","ATP","Commercial","UST","True","Corrosion",327,"4258",,"","207",6594
2001.311,"C",KM,6/21/2001,9/25/2001,True,"ATP - Angus Watt Farm","Angus Watt","195 Street",Estelline,57234,Deuel,44.55963,-96.8140945,113N,50W,27,"SE","0.00","","Petroleum                                         ","0.00000",,"Petroleum","ATP","Agricultural","UST","False","Spillage",1573,"5520",,"","207",6595
2001.312,"NFA",KM,8/8/2001,12/17/2002,True,"ATP - Fritz Chevrolet-Olds. Inc","Gregg Fritz","SW at Hwys 15 & 22",Clear Lake,57226,Deuel,44.7463264,-96.68285,,,,"","0.00","","Petroleum                                         ","0.00000",,"Petroleum","ATP","Commercial","UST","True","Corrosion",84,"4047",,"","217",6596
2001.313,"NFA",KH,8/9/2001,1/27/2005,True,"ATP - Bill's Canvas Shop","William L. Graf","612 3rd Avenue South  (NE at 3rd/Hwy15 & 7th)",Clear Lake,57226,Deuel,44.7528,-96.6822,,,,"","0.00","","Petroleum                                         ","0.00000",,"Petroleum","ATP","Commercial","UST","True","Corrosion",110,"4019",,"","255,258",6597
2001.314,"NFA",KM,6/18/2001,12/17/2002,True,"ATP - Miller Insurance Agency","Kevin A. Mille","404 3rd Avenue South (SE at 3rd & 4th)",Clear Lake,57226,Deuel,44.7555428,-96.6823654,,,,"","0.00","","Petroleum                                         ","0.00000",,"Petroleum","ATP","Commercial","UST","True","Corrosion",826,"4767",,"","217",6598
2001.315,"NFA",KM,6/19/2001,3/6/2003,True,"ATP - Gritmacker Property","Lucille Gritmacker Living Trust","482 Ave & 176 St",Moritz,57237,Deuel,44.8341026,-96.5618057,116,48,22,"SE","0.00","","Petroleum                                         ","0.00000",,"Petroleum","ATP","Agricultural","UST","False","Corrosion",491,"4424",,"","217",6599
2001.316,"NFA",KM,6/20/2001,3/17/2003,True,"ATP - King Farm","Neil L King","475 Ave",Brandt,57218,Deuel,44.6435776,-96.70484,114N,49W,33,"NE","0.00","","Petroleum                                         ","0.00000",,"Petroleum","ATP","Agricultural","UST","False","Corrosion",1216,"5148",,"","217",6600
2001.317,"C",KM,6/20/2001,2/25/2002,True,"ATP - Former Phillips 66 Station Site","Astoria Community Club","Main Street ",Astoria,57213,Deuel,44.5583458,-96.54856,,,,"","0.00","","Petroleum                                         ","0.00000",,"Petroleum","ATP","Commercial","UST","True","Leakage",422,"4354",,"","207",6601
2001.318,"NFA",KM,6/21/2001,1/29/2003,True,"ATP - Berwald Farm","Calvin Berwald","471st Ave,  S of  Hwy 28",Estelline,57234,Deuel,44.56389,-96.7829056,113N,50W,25,"SW","0.00","","Petroleum                                         ","0.00000",,"Petroleum","ATP","Agricultural","UST","True","Leaks and Spills",1400,"5340",,"","217",6602
2001.319,"NFA",KH,7/12/2001,6/24/2004,True,"ATP - Thiewes Farm","Eugene Thiewes","173 Street",Goodwin,57238,Deuel,44.8750343,-96.81082,116N,50W,10,"NE","0.00","","Petroleum                                         ","0.00000",,"Petroleum","ATP","Agricultural","UST","False","Leaks and Spills",555,"4485",,"","232",6603
2001.320,"NFA",TF,7/12/2001,2/10/2017,True,"ATP - Hinderaker Farm","Keith Hinderaker","48462 SD Hwy 28",Astoria,57213,Deuel,44.57338,-96.5084152,113N,47W,19,"SE","0.00","","Petroleum                                         ","0.00000",,"Petroleum","ATP","Agricultural","UST","False","Corrosion",1767,"5727",,"","",6604
2002.038,"C",TF,4/15/2002,10/2/2002,True,"Transport - Saddle Tank Spill","Viggers Transportation","Highway 212, MM 399",Altamont,57226,Deuel,44.90429,-96.6795044,,,,"","0.00","","diesel                                            ","60.00000",gallons,"Petroleum","Other(See Case File)","Other(See Case File)","Truck Tank","False","Transport Accident",,"null",,"","224,",7319
2002.048,"C",TF,4/24/2002,5/22/2002,True,"Clear Lake fertilizer spill - Krause","K & K Farms - Laron Krause","3W, 1N, 1/2 E. of Clear Lake",Clear Lake,57226,Deuel,44.76111,-96.75466,115,49,18,"SE","0.00","","Fertilizer 10-34-0                                ","500.00000",lbs,"Agri Chem","Other(See Case File)","Other(See Case File)","Portable Tank","False","Transport Accident",,"null",02PA042402,"","198",7329
2002.117,"C",KM,6/28/2002,8/23/2002,True,"ATP - Brandsrud Property","Douglas Brandsrud","471 Ave & 179 St",Clear Lake,57226,Deuel,44.7906,-96.78426,115N,50W,2,"SE","0.00","","fuel oil                                          ","0.00000",,"Petroleum","ATP","Residential","UST","False","Spillage",1929,"5877",,"","208",7398
2002.118,"C",KM,6/28/2002,8/23/2002,True,"ATP - Deuel Co. School District","Blaine Franken","410 5th Street West",Clear Lake,57226,Deuel,44.754055,-96.6841049,,,,"","0.00","","fuel oil                                          ","0.00000",,"Petroleum","ATP","Public","UST","False","Spillage",2399,"6328",,"","208",7399
2002.120,"C",KM,6/28/2002,8/23/2002,True,"ATP - Krause Property","Robb & Becky Krause","186 Street",Brandt,57218,Deuel,44.6877327,-96.679245,114N,49W,14,"NW","0.00","","Petroleum                                         ","0.00000",,"Petroleum","ATP","Agricultural","UST","False","Spillage",2053,"6001",,"","208",7401
2002.122,"C",KM,6/28/2002,8/23/2002,True,"ATP - Morris & Dorothy Eastman Property","Marilyn Grimlie","~1 mile E of Toronto, 478 Avenue",Toronto,57268,Deuel,44.57504,-96.62169,113N,48W,20,"SW","0.00","","Petroleum                                         ","0.00000",,"Petroleum","ATP","Agricultural","UST","False","Spillage",2057,"6004",,"","208",7403
2002.141,"NFA",KM,6/28/2002,4/8/2003,True,"ATP - American Legion","American Legion","450 North Dakota Street",Toronto,57268,Deuel,44.5736,-96.6429138,,,,"","0.00","","fuel oil                                          ","0.00000",,"Petroleum","ATP","Other(See Case File)","UST","False","Leakage",2512,"6442",,"","217",7422
2002.239,"C",BM,10/24/2002,11/19/2002,True,"Transport Event","VST Transportation","Exit 157,  I-29 North",Brandt,57218,Deuel,44.659626,-96.81562,,,,"","0.00","","Diesel Fuel                                       ","25.00000",gallons,"Petroleum","Other(See Case File)","Other(See Case File)","Truck Tank","False","Transport Accident",,"null",,"","231",7520
2002.252,"C",LAS,11/10/2002,8/20/2003,True,"Transport Event","Moberg Transport, Inc.","Hwy 22 E",Clear Lake,57226,Deuel,44.745,-96.65083,,,,"","0.00","","Diesel Fuel                                       ","40.00000",gallons,"Petroleum","Other(See Case File)","Other(See Case File)","Truck Tank","False","Transport Accident",,"null",,"","227",7533
2003.026,"C",KM,3/21/2003,5/13/2003,True,"Deuel County Highway Shop - Vandalism","Deuel County Highway Department","Hwy 15 N",Clear Lake,57226,Deuel,44.7718849,-96.68033,115N,49W,14,"NW","0.00","","Diesel Fuel                                       ","2000.00000",gallons,"Petroleum","Other(See Case File)","Public","AST","True","Uncontrolled Nozzle",,"6703",,"","219",7673
2003.167,"NFA",JF,10/8/2003,11/2/2004,True,"Hwy. 212 Transport Event","Fedex","Hwy. 212 , between MM 398 & 399",Tunerville,57226,Deuel,44.89794,-96.67967,,,,"","0.00","","diesel fuel                                       ","80.00000",gallons,"Petroleum","Other(See Case File)","Other(See Case File)","Truck Tank","False","Transport Accident",,"null",,"","235",7814
2004.028,"C",RL,2/5/2004,2/16/2004,True,"Traffic Accident:  I-29","Action Carrier, Inc.","I-29, MM155 @ near Clear Lake exit",Estelline,57234,Deuel,44.6257133,-96.78981,,,,"","0.00","","Diesel                                            ","35.00000",gal,"Petroleum","Other(See Case File)","Other(See Case File)","Truck Tank","False","Transport Accident",,"null",,"","232",7913
2004.108,"C",RL,6/25/2004,7/23/2004,True,"Transport Accident - Cenex","Deuel County Cenex","6.25 miles N of Clear Lake, Hwy 15 N",Altamont,57226,Deuel,44.853714,-96.6822357,166N,49W,14,"SW","0.00","","Herbicide                                         ","3050.00000",gal,"Petroleum","Other(See Case File)","Other(See Case File)","Transport Trailer","False","Transport Accident",,"null",,"","232",7993
2004.172,"C",RL,10/28/2004,12/15/2004,True,"Traffic Accident - Oil Spill","Lake Country Trucking","Intersection of SD15 & 190th Street (West ditch of SD15)",Brandt,57218,Deuel,44.6306458,-96.68293,,,,"","0.00","","Oil, Water","25.00000",gal,"Oil","Other(See Case File)","Other(See Case File)","Truck","False","Transport Accident",,"null",,"","236",8057
2004.176,"C",RL,11/4/2004,12/13/2004,True,"Tranportation Accident - Oil Spill","Kane Transport","SD 22 @ MM383",Gary,57237,Deuel,44.7262955,-96.4600143,115N,47W,34,"SW","0.00","","Hot Road Oil                                      ","200.00000",gal,"Oil","Other(See Case File)","Other(See Case File)","Transport Truck","False","Overturned",,"null",,"","236",8061
2005.016,"NFA",KH,1/24/2005,2/8/2005,True,"ATP - Deuel School District","Blaine Franken","410 5th Street West",Clear Lake,57226,Deuel,44.75454,-96.68509,,,,"","0.00","","fuel oil                                          ","0.00000",,"Petroleum","ATP","Public","UST","False","Leakage",2813,"6816",,"","236",8110
2005.021,"NFA",KH,1/24/2005,2/8/2005,True,"ATP - Lavin Oil","Williston, Inc.","604 3rd Avenue South",Clear Lake,57226,Deuel,44.7534752,-96.6821442,,,,"","0.00","","Waste Oil                                         ","0.00000",,"Petroleum","ATP","Commercial","UST","False","Leakage",2838,"6842",,"","236",8115
2005.094,"C",BM,5/23/2005,6/10/2005,True,"Transportation Accident - Diesel Spill","D&E Trucking","I29 @ MM158 - 160",Brandt,57218,Deuel,44.69429,-96.84175,,,,"","0.00","","Diesel                                            ","30.00000",gal,"Petroleum","Other(See Case File)","Other(See Case File)","Truck Tank","False","Transport Accident",,"6975",,"","239",8188
2005.221,"C",RL,11/30/2005,2/7/2006,True,"Diesel Spill - Transportation Accident","Crane Carrier Company","I-29, approx 750' S of MM159",Brandt,57218,Deuel,44.6749268,-96.82736,114N,50W,16,"","0.00","","Diesel                                            ","100.00000",gal,"Petroleum","Other(See Case File)","Other(See Case File)","Truck Tank","False","Transport Accident",,"7043",,"","244,266",10388
2006.137,"NFA",KM,3/4/2006,7/30/2009,True,"Brownfields - School for the Blind (see also 2006.151)","Wilma Dovre","NE at 3rd St & Coteau St",Gary,57237,Deuel,44.7960052,-96.45529,,,,"","0.15","","Petroleum                                         ","0.00000",,"Petroleum","Brownfields","Commercial","UST","False","Leakage",2946,"7063",,"","254,266,267",10581
2006.151,"NFA",KM,10/5/2006,7/30/2009,True,"Brownfields - School for the Blind (see also 2006.137 )","Wilma Dovre","Coteau Street",Gary,57237,Deuel,44.79598,-96.45527,,,,"","0.00","","Gasoline, Fuel Oil","0.00000",,"Petroleum","Brownfields","Commercial","UST","True","Leakage",2946,"7063",,"","249,267",10595
2006.161,"C",RL,10/12/2006,4/27/2007,True,"Transport Spill","Ginger Pietz","I-29 median, 1/8 mile S. of MM 156",Brandt,57218,Deuel,44.6363525,-96.79791,,,,"","0.00","","Diesel Fuel                                       ","50.00000",gallons,"Petroleum","Other(See Case File)","Other(See Case File)","Truck Tank","False","Transport Accident",,"7135",,"","252",10609
2008.062,"C",RL,4/12/2008,8/11/2008,True,"Transport Accident","Croft LLC","I-29 MM159",Brandt,57218,Deuel,44.6767,-96.82863,,,,"","0.00","","Diesel                                            ","40.00000",gallons,"Petroleum","Other(See Case File)","Other(See Case File)","Truck Tank","False","Transport Accident",,"null",,"","258",11144
2009.109,"C",TK,8/3/2009,9/3/2009,True,"Truck Accident at Cobb Creek","Floyd Wild Incorporated","8.5 E of town (.25 miles E of 485th Ave)",Gary,57237,Deuel,44.7471657,-96.4946,,,,"","0.00","","Diesel                                            ","300.00000",gallons,"Petroleum","Surface Water","Other(See Case File)","Truck Tank","False","Transport Accident",,"7425",,"","266",11475
2010.025,"C",RL,3/8/2010,7/14/2010,True,"Transport Event - Bull Truck","Bull Truck","I-29 between MM 149 & 150 - East Ditch",Toronto,57268,Deuel,44.5542,-96.75659,,,,"","0.00","","fracturing fluids                                 ","900.00000",gallons,"Chemical","Other(See Case File)","Other(See Case File)","Truck Tank","False","Transport Accident",,"null",,"","276",11610
2010.050,"C",RL,4/12/2010,5/3/2010,True,"Overturned Transport - Fertilizer Spill","Canby Farmer's Coop","183rd St, .75 miles W of Hwy 22",Gary,57237,Deuel,44.73254,-96.4740143,,,28,"","0.00","","Dry Fertilizer                                    ","2000.00000",lbs,"Agri Chem","Other(See Case File)","Agricultural","Transport Trailer","False","Transport Accident",,"null",10PA041205,"","274",11635
2011.117,"NFA",BM,6/28/2011,9/9/2011,True,"Aviation Accident - Jongeling Property","Thompson Farm Air","Ag land, N of airport / 193 Street",Estelline,57234,Deuel,44.589592,-96.8801041,113N,50W,18,"SW","0.00","","Agri Chem                                         ","0.00000",,"Agri Chem","Other(See Case File)","Agricultural","Aircraft Tanks","False","Accident",,"null",11PA062804,"","281",12030
2011.193,"NFA",KM,11/10/2011,11/14/2011,True,"Turbine Oil Spill - Windfarm","Buffalo Ridge Windfarm","Turbine A5 - 19536 476th Avenue",Toronto,57268,Deuel,44.5535049,-96.67595,,,,"","0.00","","Turbine Oil                                       ","12.00000",gallons,"Oil","Other(See Case File)","Agricultural","Equipment","False","Equipment Failure",,"null",,"","281",12116
2012.097,"NFA",BM,5/23/2012,8/15/2012,True,"Thompson Air - Spray Plane Accident","Thompson Farm Air","SW 1/4  Section 6, T115N, R48W",Clear Lake,57226,Deuel,44.792038,-96.6368561,115N,48W,6,"SW","0.00","","Forefron HL                                       ","0.00000",,"Agri Chem","Other(See Case File)","Agricultural","Aircraft Tanks","False","Accident",,"null",12S052310,"","287",12357
2013.034,"C",RL,3/14/2013,3/28/2013,True,"Valley Queen Cheese Transport Accident","Valley Queen Cheese Factory","478 Avenue, approximately 1.5 miles S of Toronto",Toronto,57268,Deuel,44.5514565,-96.6424,,,,"","0.00","","Milk                                              ","4000.00000",lbs,"Other(See Case File)","Other(See Case File)","Other(See Case File)","Transport Tank","False","Transport Accident",,"null",,"","290",12591
2013.072,"NFA",KM,5/6/2013,4/26/2018,True,"Anonymous Complaint - Peterson Car Crushing","Scott Peterson","SE at 466th Avenue and 195th Street",Estelline,57234,Deuel,44.55666,-96.8845749,,,,"","0.00","","Automotive Fluids                                 ","0.00000",,"Combined(See Case File)","Other(See Case File)","Other(See Case File)","Salvage Inventory","False","Handling",,"null",,"","",12632
2013.118,"C",KN,6/21/2013,8/16/2013,True,"Transport spill as result of storm event","T Brothers Logistics","I-29 MM154",Estelline,57234,Deuel,44.6133041,-96.7797241,,,,"","0.00","","Diesel                                            ","150.00000",gallons,"Petroleum","Other(See Case File)","Other(See Case File)","Truck Tank","False","Storm Event",,"null",,"","294",12681
2013.153,"C",KM,7/11/2013,9/27/2013,True,"Authority Herbicide Spill (regulated substance response)","Unknown","150' W of 47024 Hwy 28",Estelline,57234,Deuel,44.5727654,-96.80106,,,,"","0.00","","Authority Herbicide                               ","0.00000",,"Agri Chem","Other(See Case File)","Other(See Case File)","Containers","False","Displaced Load",,"null",,"","295",12717
2013.219,"C",RL,10/1/2013,12/2/2013,True,"Diesel Spill - Transport Event","Arnold Krause","200 yds N of intersection at Hwy 15 & 179 St.",Clear Lake,57226,Deuel,44.7910042,-96.6826248,,,,"","0.00","","Diesel                                            ","30.00000",gallons,"Petroleum","Other(See Case File)","Other(See Case File)","Truck Tank","False","Transport Accident",,"null",,"","295",12794
2014.064,"C",KM,3/31/2014,12/6/2016,True,"Brownfields - Former Astoria School","Deubrook School District","323 - 327 Main Street",Astoria,57213,Deuel,44.55853,-96.5421143,113N,48W,26,"SE","1.50","","Asbestos                                          ","0.00000",,"Other(See Case File)","Brownfields","Other(See Case File)","Construction Materials","False","Past Practices",,"null",,"","",12986
2014.100,"C",KN,5/24/2014,5/15/2015,True,"Overturned Sprayer - Western Consolidated","Western Consolidated Coop","Corner at 176th St  & 478th Ave",Altamont,57226,Deuel,44.8333664,-96.64152,,,,"","0.00","","Liquid Fertilizer                                 ","2700.00000",gallons,"Agri Chem","Other(See Case File)","Other(See Case File)","Transport Tank","False","Transport Accident",,"null",14PA052405,"","299",13028
2014.262,"NFA",TF ,12/1/2014,12/28/2016,True,"ATP - Astoria Elementary School","Deubrook Area School District","319 Main Street",Astoria,57213,Deuel,44.558567,-96.54165,,,,"null","null","null","Heating Fuel                                      ","null",,"Petroleum","ATP","Other(See Case File)","UST","False","Tank Leak",3424,"7968",,"null","null",13215
2016.119,"NFA",TF ,6/21/2016,6/27/2016,True,"ATP - Former Miller Insurance Site","David Hicks","402 3rd Avenue S",Clear Lake,57226,Deuel,44.7555847,-96.6823654,,,,"null","null","null","Gasoline                                          ","null",,"Petroleum","ATP","Commercial","UST","True","Leakage",3534,"8198",,"null","null",13706
2016.191,"C",RL ,10/19/2016,11/2/2016,True,"Diesel Spill at Tech Ord Facility","Tri-State Motor Transit Company","47600  180th  Street",Clear Lake,57226,Deuel,44.7807846,-96.6650543,,,,"null","null","null","Diesel                                            ","40.00000",gallons,"Petroleum","Other(See Case File)","Industrial","Transport Truck","False","Damage",,"8255",,"null","null",13792
2016.209,"C",KN ,11/18/2016,7/10/2017,True,"Truck Accident","Minnesota Transport","I-29 MM 162",Castlewood,57223,Deuel,44.7172279,-96.85591,,,,"null","null","null","Diesel","120.00000",Gallons,"Petroleum","Other(See Case File)","Public","Truck Tank","False","Transport Accident",,"null",,"null","null",13812
2017.025,"C",RL ,2/21/2017,11/13/2017,True,"Transport Accident - Milk Spill onto Right-of-Way","P.L. Gaetano Transportation","Hwy 28 East",Estelline,57234,Deuel,44.57296,-96.86764,,,,"null","null","null","Diesel, Milk","3100.00000",gallons,"Other(See Case File)","Other(See Case File)","Other(See Case File)","Transport Trailer","False","Accident",,"8283",,"null","null",13938
2017.046,"NFA",KN ,4/10/2017,4/18/2017,True,"Outlook Spill Hwy 212","Hugh Bergeland","Hwy 212 MM 406",Altamont,57226,Deuel,44.9334373,-96.56822,,,,"null","null","null","Outlook","5.00000",Gallons,"Agri Chem","Other(See Case File)","Public","Tote","False","Handling",,"null",,"null","null",13964
2017.089,"C",RL ,6/13/2017,9/6/2017,True,"Transport Event - Deuel County","Gabriela Transport Services","I-29  MM162 - Median",Clear Lake,57226,Deuel,44.7157173,-96.85513,,,,"null","null","null","Diesel                                            ","200.00000",gallons,"Petroleum","Other(See Case File)","Other(See Case File)","Transport Truck","False","Transport Accident",,"8312",,"null","null",14013
2017.112,"C",RL ,7/11/2017,9/14/2017,True,"Transport Event - Slavjanka Transport","Slavjanka Transport Company","Hwy 15 at 192nd Street",Toronto,57268,Deuel,44.60195,-96.68309,,,,"null","null","null","Diesel                                            ","100.00000",gallons,"Petroleum","Other(See Case File)","Other(See Case File)","Transport Tank","False","Transport Accident",,"null",,"null","null",14040
2019.058,"C",PDM,4/10/2019,7/17/2019,True,"Transport Accident - Castlewood","TK Trucking","mile marker 162 Interstate 29, southbound",Castlewood,57223,Deuel,44.7178955,-96.85666,,,,"null","null","null","Diesel                                            ","125.00000",gallons,"Petroleum","Other(See Case File)","Public","Truck Tank","False","Transport Accident",,"null",,"null","null",14489
2019.184,"NFA",JPA,10/10/2019,9/8/2020,True,"LUST Trust - Gary 2019","City of Gary","216 1st Avenue",Gary,57237,Deuel,44.7922134,-96.45592,,,,"null","null","null","Diesel, Gasoline                                  ","null",,"Petroleum","Lust Trust","Commercial","UST","True","Leaks and Spills",,"null",,"null","null",14629
2019.191,"C",JAM,10/17/2019,1/27/2020,True,"Motor Oil Release - Schumacher Oil","Schumacher Oil","Herrick Street & Main Street",Gary,57237,Deuel,44.79059,-96.46003,,,,"null","null","null","Motor Oil                                         ","65.00000",gallons,"Oil","Other(See Case File)","Residential","Drums","False","Accident",,"null",,"null","null",14637
2020.124,"NFA",KF ,8/25/2020,1/25/2021,True,"ATP - Deubrook Elementary","Deubrook School District","695 Palisades Avenue",Toronto,57276,Deuel,44.5696754,-96.64029,,,,"null","null","null","Diesel","null",,"Petroleum","ATP","Public","UST","False","Leaks and Spills",3677,"8469",,"null","null",14827
2020.161,"C",JAM,10/23/2020,3/22/2022,True,"Transport Accident - Form A Feed","Form-A-Feed","State Highway 212 North and 472 Avenue",Altamont,57226,Deuel,44.8900871,-96.75036,,,,"null","null","null","Diesel","75.00000",gallons,"Petroleum","Other(See Case File)","Other(See Case File)","Saddle Tank","False","Transport Accident",,"null",,"null","null",14878
2020.162,"C",TK ,10/27/2020,10/20/2021,True,"Glycol Release - Fagen Construction","Fagen Inc.","482nd Avenue and 193rd Street",Astoria,57213,Deuel,44.58113,-96.56394,,,,"null","null","null","Propylene Glycol                               ","30.00000",gallons,"Chemical","Other(See Case File)","Other(See Case File)","Flow Line","False","Open Valve",,"null",,"null","null",14879
2020.165,"C",JAM,11/12/2020,12/8/2020,True,"Denatured Alcohol - OTP Construction Site","Otter Tail Power Company","19333 482nd Avenue",Astoria,57213,Deuel,44.58045,-96.5619659,,,,"null","null","null","Denatured Alcohol                                 ","30.00000",gallons,"Chemical","Other(See Case File)","Industrial","null","False","null",,"null",,"null","null",14884
2022.015,"C",GK,1/26/2022,6/24/2022,True,"Avangrid Turbine","Avangrid","47968 197th Street",Toronto,57268,Deuel,44.54516,-96.60533,,,,"null","null","null","Transformer Oil Non-PCB                           ","125.00000",gallons,"Oil","Other(See Case File)","Industrial","Turbine","False","Unknown",,"null",,"null","null",15155
2022.076,"C",JAM,5/11/2022,6/2/2022,True,"Lube Oil Spill - CS 11","Ormat Technologies Inc.","18745 470th Avenue",Estelline,57234,Deuel,44.6654243,-96.80828,,,,"null","null","null","Lubricating Oil                                   ","40.00000",gallons,"Oil","Other(See Case File)","Industrial","Generator tank","False","Equipment Failure",,"null",,"null","null",15221
2022.153,"O",TK ,8/30/2022,,True,"Milk Spill"," Van't Hof Milk Hauling ","Hwy 28 Just W of I-29 Exit 150",Toronto,57268,Deuel,44.57265,-96.771,,,,"null","null","null","Milk                                              ","33.00000",tons,"Other","Other(See Case File)","Public","Transport Trailer","False","Transport Accident",,"null",,"null","null",15307
2022.189,"NFA",GK,11/16/2022,1/17/2023,True,"Dry Fertilizer Spill near Goodwin","AgPlus Coop of Canby MN","468th Avenue",Goodwin,57238,Deuel,44.922802,-96.8418961,,,,"null","null","null","Dry Fertilizer                                    ","11500.00000",lbs,"Agri Chem","Other(See Case File)","Agricultural","Trailer","False","Trailer tipped",,"null",23GK111601,"null","null",15346
2024.048,"NFA",MJP,3/27/2024,6/10/2024,True,"XPO Logistics Truck Accident","XPO Logistics","16955 US Highway 212",Clear Lake,57226,Deuel,44.9253,-96.67977,,,,"null","null","null","Diesel                                            ","50.00000",gallons,"Petroleum","Other(See Case File)","Public","Transport Truck","False","Accident",,"null",,"null","null",15643
2024.072,"O",MJP,5/17/2024,,True,"28% Spill into ditch and pond","Olsen Custom Farms","192nd street & 474th Ave ",Toronto,57268,Deuel,44.6016846,-96.72503,,,,"null","null","null","Liquid Fertilizer 28%                             ","4000.00000",gallons,"Agri Chem","Surface Water","Residential","Truck","False","Transport Accident",,"null",,"null","null",15667
9999.155,"W",,,,True,"Withdrawn ATP - Harford Property","Steve Harford","703 5th Avenue S",Clear Lake,57226,Deuel,44.75245,-96.68587,,,,"","0.00","","                                                  ","0.00000",,"Other(See Case File)","Withdrawn ATP","Residential","Other(See Case File)","False","null",2398,"6312",,"","249",10815
92041.000,"C",RC,12/17/1992,12/23/1992,True,"SFI Machine Products","SFI Machine Products","unknown",Clear Lake,57226,Deuel,44.7469978,-96.67886,,,,"","0.00","","                                                  ","0.00000",,"Other(See Case File)","Clean Site","Commercial","Drums","False","No Release",,"null",,"","",8404
92069.000,"C",DM,1/23/1992,2/10/1992,True,"n","McCann, Martin & McCain","Interstate 29 - Exit 150",Toronto,57268,Deuel,44.5731659,-96.75623,113,49,19,"","0.00","","                                                  ","0.00000",,"Other(See Case File)","Clean Site","Commercial","UST","True","No Release",,"null",,"","",8432
2001194.000,"C",KM,9/17/2001,9/25/2001,True,"Clean ATP - Goodroad Farm","Darryl Goodroad","Hwy 15 & 187 St",Brandt,57218,Deuel,44.6755257,-96.67569,,,,"","0.00","","                                                  ","0.00000",,"Other(See Case File)","ATP","Agricultural","UST","False","No Release",736,"4674",,"","204",9058
2001195.000,"C",KM,9/17/2001,9/19/2001,True,"Clean ATP - Webb Oil Company","Loren Mundahl","406 2nd Street W.",Clear Lake,57226,Deuel,44.7577362,-96.68425,,,,"","0.00","","                                                  ","0.00000",,"Other(See Case File)","ATP","Commercial","UST","True","No Release",376,"4307",,"","204",9059
2001196.000,"C",KM,9/17/2001,9/19/2001,True,"Clean ATP - H. D. Electric","Roger Squires","423 3rd Avenue S.",Clear Lake,57226,Deuel,44.754837,-96.68324,,,,"","0.00","","                                                  ","0.00000",,"Other(See Case File)","ATP","Commercial","UST","False","No Release",1626,"5588",,"","205",9060
2001197.000,"C",KM,9/17/2001,9/19/2001,True,"Clean ATP - Hansen Farm","Steven J. Hansen","475 Ave & 179 St",Clear Lake,57226,Deuel,44.79296,-96.70165,115,49,3,"W","0.00","","                                                  ","0.00000",,"Other(See Case File)","ATP","Agricultural","UST","False","No Release",415,"4347",,"","204",9061
2001198.000,"C",KM,9/17/2001,9/19/2001,True,"Clean ATP - Joen's Store","Clarence & Rosalyn Dummann","2nd Avenue & 2nd Street",Bemis,57238,Deuel,44.8342857,-96.85075,,,,"","0.00","","                                                  ","0.00000",,"Other(See Case File)","ATP","Commercial","UST","True","No Release",366,"4296",,"","204",9062
2001199.000,"C",KM,9/17/2001,9/19/2001,True,"Clean ATP - Runge Farm","Gary Sander",".5 mile W of Gary",Gary,57237,Deuel,44.7896423,-96.47537,,,,"","0.00","","                                                  ","0.00000",,"Other(See Case File)","ATP","Agricultural","UST","False","No Release",1405,"5342",,"","205",9063
2001200.000,"C",KM,9/17/2001,9/19/2001,True,"Clean ATP - Hamann Farm","Russ Hamann","Rural Brandt",Brandt,57218,Deuel,44.6565056,-96.66641,,,,"","0.00","","                                                  ","0.00000",,"Other(See Case File)","ATP","Agricultural","UST","False","No Release",541,"4473",,"","204",9064
2001201.000,"C",KM,9/17/2001,9/19/2001,True,"Clean ATP - Svennes Property","Arvid Svennes","Dakota Street, S of Hwy 28",Toronto,57268,Deuel,44.56875,-96.6428452,,,,"","0.00","","                                                  ","0.00000",,"Other(See Case File)","ATP","Residential","UST","False","No Release",1409,"5346",,"","205",9065
2001202.000,"C",KM,9/17/2001,9/24/2001,True,"Clean ATP - United Methodist Church","United Methodist Church","407 5th Avenue S.",Clear Lake,57226,Deuel,44.7548561,-96.68587,,,,"","0.00","","                                                  ","0.00000",,"Other(See Case File)","ATP","Other(See Case File)","UST","False","No Release",1661,"5627",,"","205",9066
2001203.000,"C",KM,9/17/2001,9/19/2001,True,"Clean ATP - Clear Lake Courier","Gary De Jong","416 3rd Avenue S.",Clear Lake,57226,Deuel,44.7551842,-96.6820755,,,,"","0.00","","                                                  ","0.00000",,"Other(See Case File)","ATP","Commercial","UST","False","No Release",1704,"5660",,"","205",9067
2001204.000,"C",KM,9/17/2001,9/19/2001,True,"Clean ATP - Jeff Watt Farm","Jeff Watt","5 miles E & 1.5 South of Estelline",Estelline,57234,Deuel,44.54914,-96.80849,113,50,34,"","0.00","","                                                  ","0.00000",,"Other(See Case File)","ATP","Agricultural","UST","False","No Release",1443,"5382",,"","220",9068
2002008.000,"C",KM,6/28/2002,8/23/2002,True,"Clean ATP - Engelbrecht Farm","Dale Engelbrecht","18131 468th Avenue",Clear Lake,57226,Deuel,44.757122,-96.8456,,,,"","0.00","","                                                  ","0.00000",,"Other(See Case File)","ATP","Agricultural","UST","False","No Release",2514,"6444",,"","206",9871
2002009.000,"C",KM,6/28/2002,8/23/2002,True,"Clean ATP - Deuel County National Bank","Deuel County National Bank","305 4th Street West",Clear Lake,57226,Deuel,44.7559662,-96.68321,,,,"","0.00","","                                                  ","0.00000",,"Other(See Case File)","ATP","Commercial","UST","False","No Release",1663,"5633",,"","206",9872
2002010.000,"C",KM,6/28/2002,8/23/2002,True,"Clean ATP - Clear Lake Municipal Airport","Clear Lake Municipal Airport","Clear Lake Municipal Airport",Clear Lake,57226,Deuel,44.7712326,-96.68577,,,,"","0.00","","                                                  ","0.00000",,"Other(See Case File)","ATP","Public","UST","True","No Release",2385,"6313",,"","206",9873
2002021.000,"C",KM,6/28/2002,8/23/2002,True,"Clean ATP - Terry Milton Property","Terry Milton","191 Street",Astoria,57213,Deuel,44.6155243,-96.4854,,,,"","0.00","","                                                  ","0.00000",,"Other(See Case File)","ATP","Agricultural","UST","False","No Release",2033,"5984",,"","206",9884
2002092.000,"W",KM,,,True,"ATP (withdrawn application) - St. Mary's Catholic Church","St. Mary's Catholic Church","408 3rd Street West",Clear Lake,57226,Deuel,44.75626,-96.6847458,,,,"","0.00","","                                                  ","0.00000",,"Other(See Case File)","Withdrawn ATP","Other(See Case File)","Other(See Case File)","False","No Release",1660,"5626",,"","",9955
2002098.000,"C",KM,6/28/2002,8/23/2002,True,"Clean ATP - Johnsonville (no tank found)","Calvin Berwald","196 Street & 471 Avenue",Johnsonville,57268,Deuel,44.5441475,-96.78484,,,,"","0.00","","                                                  ","0.00000",,"Other(See Case File)","ATP","Commercial","UST","False","No Tank Found",2082,"6015",,"","249",9961
2002197.000,"C",KM,8/28/2002,2/10/2003,True,"Clean ATP - Old Catholic Church","Thorval Engesser","Herrick & Main Street",Gary,57237,Deuel,44.7908134,-96.45958,,,,"","0.00","","                                                  ","0.00000",,"Other(See Case File)","ATP","Other(See Case File)","UST","False","No Release",2569,"6499",,"","220",10056
2002199.000,"C",KM,8/27/2002,2/10/2003,True,"Clean ATP - Hinsuark Station","Thorval Engesser","Lacquiparle & Main Street",Gary,57237,Deuel,44.7907372,-96.45821,,,,"","0.00","","                                                  ","0.00000",,"Other(See Case File)","ATP","Commercial","UST","True","No Release",2570,"6504",,"","220",10058
2002202.000,"C",KM,8/28/2002,2/10/2003,True,"Clean ATP - Old Standard Bulk Site","Thorval Engesser","First Street",Gary,57237,Deuel,44.7922745,-96.4592743,,,,"","0.00","","                                                  ","0.00000",,"Other(See Case File)","ATP","Commercial","UST","True","No Release",2571,"6505",,"","",10061
2013002.000,"C",RL ,4/7/1987,4/8/1987,True,"UST Removal (historical, see comments)","Good Samaritan Center","913 4th Avenue South",Clear Lake,57226,Deuel,44.7494774,-96.68462,,,,"","0.00","","                                                  ","0.00000",,"Other(See Case File)","Clean Site","Residential","UST","False","No Release",,"null",,"","",12552
2013055.000,"C",TF,10/31/2013,2/20/2014,True,"Clean ATP - SDDOT Maintenance Shop","SD Department of Transportation (SDDOT)","510 West Hwy 22",Clear Lake,57226,Deuel,44.7461777,-96.6869,,,,"","0.00","","                                                  ","0.00000",,"Other(See Case File)","ATP","Other(See Case File)","UST","False","No Release",3258,"7725",,"","297",12910
2014030.000,"C",TF ,12/1/2014,2/27/2015,True,"Clean ATP - Cutshaw Property","Roger Cutshaw","47232 175th Street",Altamont,57226,Deuel,44.84872,-96.75753,,,,"null","null","null","null","null",,"Other(See Case File)","ATP","Other(See Case File)","UST","False","No Release",3397,"7935",,"null","298",13211