id,status,r1,date_rep,date_close,image,site_name,resp_party,street,city,zip_code,county,latitude,longitude,township,range,section,secq1,acreage,instctrls,material,amount,units,spill_cat,site_type,proptype,sor_type,regulated,cause_type,atp_no,prcfnumber,ag_no,solidwaste,microroll,siteid
83.033,"C",JA,8/8/1983,2/2/1993,True,"Batzer Construction","Batzer Construction","Hwy. 28",Carpenter,57322,Clark,44.6315269,-97.9171143,,,,"","0.00","","Road Oil                                          ","6000.00000",gallons,"Oil","Other(See Case File)","Other(See Case File)","Transport Truck","False","Spillage",,"null",,"","",137
85.032,"C",TK,5/7/1985,10/18/1996,True,"Beving Aerial Crop - Complaint","Martin Beving","3 mi E. & 1 mi. S.",Clark,57225,Clark,44.862648,-97.67314,,,,"","0.00","","Pesticide                                         ","0.00000",,"Agri Chem","Other(See Case File)","Agricultural","Aircraft  ","False","Washing",,"null",,"","266",300
86.048,"C",KM,6/23/1986,6/30/2000,True,"Truck Fire","Land O Lakes","300' W of Jct. Hwy. 25 & 28 (4m E Willow Lake)",Willow Lake,57278,Clark,44.63077,-97.5556259,114N,56W,33,"SE","0.00","","Pesticide                                         ","165.00000",gallons,"Agri Chem","Other(See Case File)","Other(See Case File)","Transport Truck","False","Fire Event",,"null",,"","",413
89.288,"C",BL,11/7/1989,9/5/1991,True,"Mahlen Truck Stop Incorporated Site","Jim Mahlen","Highway 212",Clark,57225,Clark,44.87697,-97.72319,,,,"","0.00","","Petroleum                                         ","0.00000",,"Petroleum","Other(See Case File)","Commercial","UST","True","Leakage",,"0110",,"","",1176
89.289,"C",BL,11/7/1989,2/27/1995,True,"Macks Standard Service Site","Gene Mack","120 W. 1st Street",Clark,57225,Clark,44.87792,-97.73622,,,,"","0.00","","Petroleum                                         ","0.00000",,"Petroleum","Other(See Case File)","Commercial","UST","True","Corrosion",,"0116",,"","261",1177
89.291,"C",BL,11/8/1989,1/23/1995,True,"Clark Community Oil Company - Tank Replacements","Clark Community Oil Company","100 Cloud N.",Clark,57225,Clark,44.8778572,-97.73185,,,,"","0.00","","Petroleum                                         ","0.00000",,"Petroleum","Other(See Case File)","Commercial","UST","True","Corrosion",,"0085",,"","",1179
90.329,"C",KM,8/6/1990,8/27/1990,True,"H.D. Electric REA","H.D. Electric REA","5 mi. W. & 1.5 mi. N of Hazel",Naples,57242,Clark,44.7826157,-97.5117,115N,56,12,"SW","0.00","","Transformer Oil                                   ","3.00000",gallons,"Oil","Other(See Case File)","Other(See Case File)","Transformer","False","Damage",,"null",,"","",1564
90.396,"C",BL,8/30/1990,12/10/1990,True,"Walt's 66","Walt Jacobson","101 1st Ave West (SW corner of 1st & Smith)",Clark,57225,Clark,44.87753,-97.7351,,,,"","0.00","","Gasoline                                          ","0.00000",,"Petroleum","Other(See Case File)","Commercial","UST","True","Corrosion",,"1097",,"","",1631
90.451,"C",BL,9/18/1990,8/29/1995,True,"Bailey's Hiway Sinclair - Damaged Dispenser","Harry Bailey","408 1st Avenue E  (Hwy 212)",Clark,57225,Clark,44.87773,-97.72991,,,,"","0.00","","Gasoline                                          ","0.00000",,"Petroleum","Other(See Case File)","Commercial","UST","False","Damage",,"1141",,"","",1686
91.206,"C",TK,5/20/1991,9/30/1991,True,"Agri Chem Dumping","Unknown","1 mi. W. & 4/10  S.",Clark,57225,Clark,44.87217,-97.755,,,,"","0.00","","Herbicide                                         ","0.00000",,"Agri Chem","Other(See Case File)","Other(See Case File)","Unknown(See Case File)","False","Dumping",,"null",,"","",2096
91.261,"C",KM,6/13/1991,7/17/1991,True,"Martin Beving Spraying Service - Complaint","Martin Beving","Clark Co. Airport",Clark,57225,Clark,44.896122,-97.71609,,,,"","0.00","","Pesticide                                         ","0.00000",,"Agri Chem","Other(See Case File)","Other(See Case File)","Containers","False","Handling",,"null",,"","234",2151
91.420,"C",DM,8/7/1991,10/29/1992,True,"Willow Lake School District - Bus Garage","Willow Lake School District","School Bus Barn, 1 mile S of town",Willow Lake,57278,Clark,44.6280022,-97.643364,113,57,2,"","0.00","","Petroleum                                         ","0.00000",,"Petroleum","Other(See Case File)","Public","UST","True","Overfills/Spillage",,"1623",,"","",2310
91.615,"C",BL,12/17/1991,2/2/1993,True,"Clark County Highway Shop","Clark County Highway Department","North Cloud Street",Clark,57225,Clark,44.8881226,-97.73091,,,,"","0.00","","gasoline                                          ","0.00000",,"Petroleum","Other(See Case File)","Public","UST","True","Spillage",,"1668",,"","",2505
92.042,"C",JG,2/6/1992,10/30/1996,True,"Clark Community Oil Company","Clark Community Oil Company","100 N. Cloud St. @ liquid fertilizer tanks",Clark,57225,Clark,44.8778152,-97.73178,,,,"","0.00","","Diesel, Fertilizer                               ","12000.00000",gallons,"Combined","Other(See Case File)","Commercial","AST","True","Tank Failure",,"2096",,"","259",2632
92.098,"C",KM,4/2/1992,4/28/1992,True,"Farmland Coop Transport Event","Farmland Industries","1/2 mi. N. & 1/2 mi. E., In Field.",Garden City,57236,Clark,44.9635048,-97.58793,,,9,"NW","0.00","","Dry Fertilizer                                    ","5.00000",,"Agri Chem","Other(See Case File)","Agricultural","Sprayer","False","Overturned",,"null",,"","",2688
92.102,"NFA",KM,4/7/1992,1/18/2007,True,"CERCLIS - Former Coal Gasification Plant","City of Clark","S. Cloud",Clark,57225,Clark,44.876545,-97.73188,,,,"","0.00","","Gas Plant Waste                                   ","0.00000",,"Other(See Case File)","CERCLIS","Other(See Case File)","Production Waste","False","Past Practices",,"2074",,"","253",2692
93.354,"C",TK,10/29/1993,11/1/1993,True,"Widespot Cafe - UST Removal","Charles Allen","Highway 212",Henry,57243,Clark,44.87624,-97.5372238,116N,56W,10,"NE","0.00","","Petroleum                                         ","0.00000",,"Petroleum","Other(See Case File)","Commercial","UST","True","Spillage",,"2581",,"","",3369
93.356,"NFA",DM,10/28/1993,1/6/2006,True,"Tack Shack Petroleum Vapors - LUST Trust","Arlo Saboe","NW @ Hwy 28 & Grant Ave",Willow Lake,57278,Clark,44.6311264,-97.6346054,,,,"","0.00","","Petroleum                                         ","0.00000",,"Petroleum","Lust Trust","Commercial","UST","True","Line Leak",,"2582",,"","242,258",3371
93.507,"C",TK,11/17/1993,6/28/1994,True,"Northern Natural Gas","Northern Natural Gas Co.","Meter Building (town border station #1)",Clark,57225,Clark,44.8767166,-97.75296,116N,58W,12,"","0.00","","Mercury                                           ","0.00000",,"Chemical","Other(See Case File)","Industrial","Equipment","False","Leakage",,"null",,"","",3522
94.092,"C",JA,3/16/1994,9/27/1994,True,"Farm and Ranch Supply - Tank Removal","Citizens Bank","518 Northwest 1st Ave / Hwy 212",Clark,57225,Clark,44.8777428,-97.7442856,,,,"","0.00","","Petroleum                                         ","0.00000",,"Petroleum","Other(See Case File)","Commercial","UST","True","Spillage",,"2475",,"","",3627
95.122,"C",KM,5/30/1995,12/20/2000,True,"Beving Aerial Spraying - Aviation Accident","Beving Aerial Spraying","7 E & .5 N of  Clark",Henry,57243,Clark,44.8896637,-97.57117,116,56,4,"NW","0.00","","Roundup/2,4-D                                     ","0.00000",,"Agri Chem","Other(See Case File)","Agricultural","Aircraft Tanks","False","Accident",,"null",,"","210",4073
95.147,"C",KM,6/12/1995,11/20/2003,True,"Agrichem Release","Clark County","Clark Airport",Clark,57225,Clark,44.8957825,-97.71502,,,,"","0.00","","Agri Chem                                         ","0.00000",,"Agri Chem","Other(See Case File)","Other(See Case File)","Containers","False","Handling",,"null",,"","203, 225,",4098
96.153,"C",JG,5/30/1996,8/30/1996,True,"KDLO Standby Tower - Tank Removal","Midco TV","Tower Site, 167 Street",Garden City,57236,Clark,44.9645348,-97.58087,117N,56W,5,"SE","0.00","","Fuel Oil                                          ","0.00000",,"Petroleum","Other(See Case File)","Agricultural","UST","True","Leakage",,"3031",,"","",4463
97.098,"NFA",KF,4/9/1997,12/6/2017,True,"Willow Lake Farmers Elevator","Willow Lake Farmers Elevator","Railroad Street",Willow Lake,57278,Clark,44.6240959,-97.6380539,113N,57W,2,"NE","0.00","","Fertilizer, Pesticide                            ","0.00000",,"Agri Chem","Other(See Case File)","Commercial","Bulk Chemical","False","Handling",,"null",,"","",4786
98.145,"C",KM,6/18/1998,10/30/2000,True,"Transport Event near Mayfield Colony","Mayfield Colony","1 m W & .5 m S of Hwy 25 (W of town)",Vienna,57271,Clark,44.6943855,-97.5733948,114N,56W,8,"","0.00","","liquid fertilizer                                 ","1000.00000",gallons,"Agri Chem","Other(See Case File)","Agricultural","Portable Tank","False","Damage",,"null",,"","",5253
99.083,"C",BM,3/31/1999,6/24/1999,True,"Transport Event","Clark Community Oil Company","2.5 miles N of Clark on 424 Avenue",Clark,57225,Clark,44.91353,-97.73832,117N,58W,25,"NE","0.00","","Fertilizer                                        ","0.00000",,"Agri Chem","Other(See Case File)","Other(See Case File)","Transport Truck","False","Transport Accident",,"null",,"","",5630
2001.405,"NFA",KM,6/28/2001,2/20/2003,True,"ATP - Marlin Ness Farm","Marlin Ness","182 Street",Naples,57271,Clark,44.7454147,-97.59524,115N,56W,30,"NE","0.00","","Petroleum                                         ","0.00000",,"Petroleum","ATP","Agricultural","UST","False","Corrosion",297,"4238",,"","217",6688
2001.406,"NFA",KM,6/28/2001,12/13/2002,True,"ATP - D'Hondt Property","Charles D'Hondt","Between Clark & RR tracks, near Mable St.",Vienna,57271,Clark,44.7031822,-97.49992,,,,"","0.00","","Petroleum                                         ","0.00000",,"Petroleum","ATP","Commercial","UST","True","Corrosion",156,"4076",,"","217",6689
2001.408,"NFA",KH,7/9/2001,9/24/2003,True,"ATP - Irene Lura Farm","Irene Lura","420th Avenue",Clark,57225,Clark,44.91229,-97.82153,117N,58W,29,"SE","0.00","","Petroleum                                         ","0.00000",,"Petroleum","ATP","Agricultural","UST","False","Corrosion",405,"4337",,"","224,",6691
2001.409,"C",KM,7/10/2001,2/25/2002,True,"ATP - Former Station - Kingsbury Property","John Kingsbury","NW at Bentley Avenue and Main Street",Bradley,57217,Clark,45.0907936,-97.64408,,,,"","0.00","","Gasoline                                          ","0.00000",,"Petroleum","ATP","Commercial","UST","True","Leakage",399,"4332",,"","207",6692
2001.542,"C",NS,11/20/2001,12/14/2001,True,"Clark Community Oil - Tank Replacements","Clark Community Oil","100 N. Cloud Street",Clark,57225,Clark,44.8782578,-97.73184,116N,57W,6,"SW","0.00","","Petroleum                                         ","0.00000",,"Petroleum","Other(See Case File)","Commercial","UST","True","Leakage",,"5977",,"","",6825
2001.811,"C",KM,11/5/2001,2/22/2002,True,"ATP - Old Milwaukee Depot","Lue Regnier","Between Milwaukee & Clark @ former rail route",Vienna,57271,Clark,44.7038422,-97.49626,,,,"","0.00","","Petroleum                                         ","0.00000",,"Petroleum","ATP","Commercial","UST","True","Spillage",1900,"5858",,"","207",7093
2001.812,"C",KM,11/5/2001,2/18/2002,True,"ATP - Siebrands Property","George Siebrands","Grant Avenue",Willow Lake,57278,Clark,44.6233177,-97.63459,,,,"","0.00","","diesel                                            ","0.00000",,"Petroleum","ATP","Residential","UST","True","Spillage",2126,"6066",,"","207",7094
2001.814,"C",KM,11/3/2001,2/18/2002,True,"ATP - Old Standard Station","Keith Harding","Main Street",Garden City,57236,Clark,44.9573174,-97.5823441,,,,"","0.00","","Petroleum                                         ","0.00000",,"Petroleum","ATP","Commercial","UST","True","Spillage",2101,"6052",,"","207",7096
2001.815,"C",KM,11/8/2001,2/18/2002,True,"ATP - Graves Farm","Tom Graves","166th Street",Garden City,57236,Clark,44.97907,-97.72696,118N,57W,31,"SE","0.00","","Petroleum                                         ","0.00000",,"Petroleum","ATP","Agricultural","UST","False","Spillage",2152,"6087",,"","207",7097
2001.816,"C",KM,11/8/2001,2/18/2002,True,"ATP- Hansen Farm","Betti Hansen","170th Street",Henry,57243,Clark,44.92054,-97.52274,117N,56W,23,"SE","0.00","","Petroleum                                         ","0.00000",,"Petroleum","ATP","Agricultural","UST","False","Spillage",2205,"6141",,"","207",7098
2001.826,"NFA",KM,11/7/2001,4/17/2003,True,"ATP - Hovde Farm","Mike Hovde","Hwy 25",Naples,57271,Clark,44.800457,-97.5527,115N,56W,4,"NE","0.00","","Petroleum                                         ","0.00000",,"Petroleum","ATP","Agricultural","UST","False","Corrosion",2104,"6056",,"","217",7108
2001.827,"NFA",KM,11/6/2001,4/8/2003,True,"ATP - Smith Farm","Gail Smith","179 Street",Naples,57271,Clark,44.7904625,-97.59421,115N,56W,6,"SE","0.00","","Petroleum                                         ","0.00000",,"Petroleum","ATP","Agricultural","UST","False","Corrosion",1883,"5837",,"","217",7109
2001.828,"NFA",KH,11/6/2001,9/30/2003,True,"ATP - Harrington Farm","Richard Harrington","157 Street",Bradley,57217,Clark,45.10767,-97.61113,119N,56W,19,"NW","0.00","","Petroleum                                         ","0.00000",,"Petroleum","ATP","Agricultural","UST","False","Corrosion",2064,"6010",,"","225,",7110
2001.829,"NFA",KH,11/8/2001,9/30/2003,True,"ATP - Kennealley Farm","J. V. Kennealley","415 Avenue",Raymond,57258,Clark,44.96765,-97.9209747,117,59W,3,"SW","0.00","","Petroleum                                         ","0.00000",,"Petroleum","ATP","Agricultural","UST","False","Corrosion",2052,"6000",,"","225,",7111
2001.830,"NFA",KM,11/6/2001,4/8/2003,True,"ATP - Gregory Kopriva, Jr., Farm","Gregory Kopriva, Jr.","169 Street",Raymond,57258,Clark,44.93529,-97.90626,117N,59W,22,"NE","0.00","","Petroleum                                         ","0.00000",,"Petroleum","ATP","Agricultural","UST","False","Corrosion",1747,"5706",,"","217",7112
2001.831,"NFA",KM,11/5/2001,11/18/2002,True,"ATP - Hofer Chevrolet","Curtis Froke","SE at 3rd & Monroe ",Willow Lake,57278,Clark,44.62723,-97.635704,,,,"","0.00","","gasoline                                          ","0.00000",,"Petroleum","ATP","Commercial","UST","True","Corrosion",2151,"6089",,"","219",7113
2002.026,"C",BM,3/28/2002,5/1/2002,True,"SD Wheat Growers Station - Tank Overfill","SD Wheat Growers","W. Highway 28",Willow Lake,57278,Clark,44.6306534,-97.6458359,,,,"","0.00","","Diesel                                            ","50.00000",gallons,"Petroleum","Other(See Case File)","Commercial","UST","True","Overfill",,"null",,"","203",7307
2002.323,"NFA",KM,1/16/2003,5/9/2003,True,"ATP - Hollis M. Hill Estate","Wilkinson Law Firm","421 Avenue",Willow Lake,57278,Clark,44.54548,-97.7947,113N,58W,34,"SW","0.00","","petroleum                                         ","0.00000",,"Petroleum","ATP","Agricultural","UST","False","Leakage",2575,"6511",,"","217",7604
2002.327,"NFA",KM,2/14/2003,5/9/2003,True,"ATP -  Crocker Lutheran Church","Crocker Lutheran Church","SE at 5th and Main Street",Crocker,57217,Clark,45.10574,-97.7847443,,,,"","0.00","","fuel oil                                          ","0.00000",,"Petroleum","ATP","Other(See Case File)","UST","False","Spillage",2678,"6622",,"","217",7608
2002.364,"NFA",KM,4/22/2003,8/15/2003,True,"ATP -  Gehrke Property","Walter Gehrke","425 Avenue",Willow Lake,57278,Clark,44.60057,-97.7131042,113N,57W,17,"NW","0.00","","gasoline                                          ","0.00000",,"Petroleum","ATP","Residential","UST","True","Leakage",2279,"6212",,"","227",7645
2002.366,"NFA",KM,4/21/2003,8/15/2003,True,"ATP - Terhark Property","Brad Terhark","429 Avenue",Willow Lake,57278,Clark,44.60967,-97.63495,,,,"","0.00","","petroleum                                         ","0.00000",,"Petroleum","ATP","Agricultural","UST","True","Leakage",2297,"6227",,"","227",7647
2003.020,"NFA",TF,2/20/2003,1/8/2009,True,"County Highway Shop - Assessment","Clark County Highway Dept.","North Cloud Street",Clark,57225,Clark,44.88745,-97.73077,116N,57W,6,"SW","0.00","","Diesel Fuel                                       ","0.00000",,"Petroleum","Other(See Case File)","Public","AST","True","Leakage",,"6693",,"","260",7667
2004.142,"C",KH,8/25/2004,10/13/2004,True,"Contaminated Soils - Dohman Property","O'Day Equipment","Vacant lots, NW corner of Clark - adjoins golf course",Clark,57225,Clark,44.88147,-97.744194,,,,"","0.00","","petroleum                                         ","0.00000",,"Petroleum","Other(See Case File)","Commercial","UST","False","Handling",,"6894",,"","235,239",8027
2004.179,"C",GH,11/16/2004,12/22/2006,True,"Contaminated Soils - Agri Chemicals","Clark Community Oil","Hwy 212  @ W end of fertilizer plant",Clark,57225,Clark,44.8786049,-97.72945,,,,"","0.00","","Agri Chem                                         ","0.00000",,"Agri Chem","Other(See Case File)","Agricultural","Bulk Chemical","False","Handling",,"null",03CT042501,"","248",8064
2005.104,"C",RL,6/2/2005,6/6/2005,True,"Fertilizer Spill - Orris Farm","James Orris","Hwy 212",Clark,57225,Clark,44.8777733,-97.83894,,,,"","0.00","","Liquid Fertilizer 28%                             ","30.00000",gal,"Agri Chem","Other(See Case File)","Agricultural","AST","False","Handling",,"null",05PA120203,"","239",8198
2005.167,"NFA",JPA,8/17/2005,9/14/2020,True,"Willow Lake Water Line Project","Unknown","South side of RR tracks at the end of Garfield",Willow Lake,57278,Clark,44.6249733,-97.63728,,,,"","0.00","","petroleum                                         ","0.00000",,"Petroleum","Lust Trust","Other(See Case File)","Unknown(See Case File)","True","Unknown",,"7010",,"","",10329
2005.191,"NFA",KH,10/4/2005,3/30/2006,True,"ATP - Kannegieter Property","Kerwin Kannegieter","427 Avenue",Willow Lake,57278,Clark,44.64583,-97.67636,114N,57W,28,"SE","0.00","","Diesel                                            ","0.00000",,"Petroleum","ATP","Agricultural","UST","False","Leakage",2920,"7002",,"","244",10356
2005.192,"NFA",KH,10/4/2005,1/10/2006,True,"ATP - Hofer Property","Melvin Hofer","195 Street, 13 miles N & 2.5 miles E of Iroquois",Willow Lake,57278,Clark,44.5600433,-97.80255,,,,"","0.00","","Petroleum                                         ","0.00000",,"Petroleum","ATP","Agricultural","UST","False","Leakage",2919,"7003",,"","244,246",10357
2006.111,"C",TF,7/31/2006,1/18/2007,True,"Highway Dept - Tank Overfill","Clark County","North Cloud Street",Clark,57225,Clark,44.88735,-97.7309647,116N,57W,6,"NW","0.00","","Diesel                                            ","100.00000",gal,"Petroleum","Other(See Case File)","Other(See Case File)","AST","True","Overfill",,"7113",,"","248,249",10554
2007.010,"NFA",BM,1/18/2007,12/12/2008,True,"Containment Water Dumping","Clark Community Oil","SE of containment @ Agronomy Plant",Clark,57225,Clark,44.8784943,-97.72786,116,57,,"","0.00","","Agri Chem                                         ","0.00000",,"Agri Chem","Other(See Case File)","Commercial","AST","False","Handling",,"null",08PA062512,"","260",10656
2007.192,"C",RL,12/11/2007,2/25/2009,True,"Gauge Leak - Wheat Growers","South Dakota Wheat Growers","111 Elevator Road",Willow Lake,57278,Clark,44.62415,-97.63811,113N,57W,2,"SE","0.00","","Liquid Fertilizer                                 ","7600.00000",gallons,"Agri Chem","Other(See Case File)","Commercial","AST","False","Leakage",,"null",,"","263,267",11041
2008.089,"C",BM,5/16/2008,10/24/2008,True,"Willow Lake Liquid Fertilizer Spill","Bob Schmidt","1 1/2 E. of Co. Rds 15&38 (3 W., 3 S., 1 1/2 E. of Willow Lake)",Willow Lake,57278,Clark,44.5873375,-97.6647339,,,,"","0.00","","Liquid Fertilizer                                 ","1500.00000",gallons,"Agri Chem","Other(See Case File)","Agricultural","Transport Trailer","False","Transport Accident",,"null",,"","259,274",11173
2008.139,"NFA",TK,7/22/2008,8/15/2008,True,"Assessment - Indian Springs Ranch","Indian Springs Ranch, LLC","17551 425th Avenue",Clark,57225,Clark,44.84064,-97.71616,116N,57W,19,"NE","0.00","","Petroleum                                         ","0.00000",,"Petroleum","Other(See Case File)","Agricultural","AST","True","Leakage",,"7302",,"","258",11225
2008.196,"NFA",TF,10/22/2008,7/29/2009,True,"ATP - Peterson Farm","Elwood Peterson","42171 SD Hwy 28",Willow Lake,57278,Clark,44.6303139,-97.78158,,,,"","0.00","","Gasoline                                          ","0.00000",,"Petroleum","ATP","Agricultural","UST","False","Overfills/Spillage",3085,"7324",,"","266",11291
2008.197,"NFA",TF,10/22/2008,12/22/2008,True,"ATP - Goodman Property","Lee Goodman","42166 SD Hwy 28",Willow Lake,57278,Clark,44.6318932,-97.78272,,,,"","0.00","","Gasoline                                          ","0.00000",,"Petroleum","ATP","Agricultural","UST","False","Leaks and Spills",3058,"7275",,"","260",11292
2009.092,"C",RL,7/14/2009,8/24/2009,True,"Leaking hose on crane at Keystone Site","Michel's Pipeline Construction","41345 180th Street",Raymond,57258,Clark,44.7769432,-97.9491653,115N,59W,8,"SE","0.00","","Hydraulic Oil                                     ","25.00000",gallons,"Oil","Other(See Case File)","Agricultural","Equipment","False","Leakage",,"null",,"","266",11454
2009.115,"C",BM,8/19/2009,11/12/2009,True,"Transportation Spill","Louren Veik - LVT Inc.","North side of Intersection, Hwy. 25 & Hwy 212",Henry,57243,Clark,44.8768234,-97.55228,,,,"","0.00","","Diesel                                            ","125.00000",gallons,"Petroleum","Other(See Case File)","Other(See Case File)","Truck Tank","False","Transport Accident",,"7432",,"","270",11481
2010.173,"NFA",JPA,8/23/2010,2/4/2014,True,"Assessment - Deslauries (also 2012.235)","Clark County Farmers Elevator","100 S. Cloud (SE corner Hwy 212 / Cloud)",Clark,57225,Clark,44.8772545,-97.73119,116,57,7,"NW","0.00","","Petroleum                                         ","0.00000",,"Petroleum","Other(See Case File)","Commercial","AST","True","Valve Leak",,"7534",,"","296",11764
2010.210,"NFA",ML,9/16/2010,9/16/2010,True,"CERCLIS - Former Grain Bin Site","USDA","172nd St, between Commercial & Cloud St.",Clark,57225,Clark,44.891346,-97.7323761,,,,"","0.00","","Agri Chem                                         ","0.00000",,"Agri Chem","CERCLIS","Other(See Case File)","Containers","False","Handling",,"null",,"","276",11808
2011.042,"C",JPA,3/24/2011,7/14/2011,True,"Diesel impacted basement water - LUST Trust","Unknown","Monroe Ave, 2nd house S of Hwy 28",Willow Lake,57278,Clark,44.63027,-97.63617,,,,"","0.00","","Diesel                                            ","0.00000",,"Petroleum","Lust Trust","Residential","Unknown(See Case File)","False","Unknown",,"null",,"","280",11944
2011.085,"NFA",RL,5/25/2011,12/6/2012,True,"SD Wheat Growers - Truck Tank Overfill","South Dakota Wheat Growers","SE at 429th Ave & 163rd Street",Garden City,57236,Clark,45.02177,-97.6349945,118N,57W,13,"SW","0.00","","Fertilizer 10-34-0                                ","700.00000",gal,"Agri Chem","Other(See Case File)","Agricultural","Portable Tank","False","Overfill",,"null",11T052506,"","288A",11995
2011.149,"C",BM,8/4/2011,1/27/2012,True,"Nozzle Spill - Anonymous Complaint","Clark Community Oil","N Kansas Street",Clark,57225,Clark,44.8786736,-97.72819,116,57,6,"","0.00","","Diesel                                            ","20.00000",gallons,"Petroleum","Other(See Case File)","Commercial","AST","True","Uncontrolled Nozzle",,"7641",,"","",12062
2011.205,"C",TF,12/7/2011,1/5/2012,True,"ATP - Michalski Property","Darin Michalski","18468 424th Avenue",Willow Lake,57278,Clark,44.70807,-97.73323,,,,"","0.00","","Gasoline                                          ","0.00000",,"Petroleum","ATP","Agricultural","UST","False","Leakage",3218,"7655",,"","281",12130
2012.099,"C",BM,5/28/2012,11/15/2012,True,"Overturned Agrichem Tote","Tom Wookey","Intersection of Highways 20 & 25",Bradley,57217,Clark,45.0937462,-97.53476,,,,"","0.00","","Keystone                                          ","50.00000",gallons,"Agri Chem","Other(See Case File)","Other(See Case File)","Tote","False","Overturned",,"null",,"","288",12359
2012.235,"NFA",JPA,11/27/2012,2/4/2014,True,"Bulk Facility - Line Leaks (also 2010.173)","Clark County Farmers Elevator","100 South Cloud Street (SE at Hwy 212 and Cloud)",Clark,57225,Clark,44.877224,-97.73129,,,,"","0.00","","Petroleum                                         ","0.00000",,"Petroleum","Other(See Case File)","Commercial","AST","True","Line Leak",,"7759",,"","296",12522
2013.049,"C",KM,4/11/2013,10/22/2013,True,"Tank Leak - Compressor Station #10","Northern Border Pipeline","42135 160th Street",Bradley,57217,Clark,45.067543,-97.797,,,,"","0.00","","Lubricating Oil                                   ","175.00000",gallons,"Oil","Other(See Case File)","Industrial","AST","False","Leakage",,"null",,"","295",12606
2013.116,"C",RL,6/24/2013,7/19/2013,True,"Transformer Oil Spill - Storm Event","NorthWestern Energy","18550 435th Avenue (S of tracks, W ditch)",Vienna,57271,Clark,44.6953163,-97.5123749,,,,"","0.00","","Transformer Oil Non-PCB                           ","300.00000",gallons,"Oil","Other(See Case File)","Other(See Case File)","Transformer","False","Storm Event",,"null",,"","294",12679
2014.048,"C",KN,3/27/2014,5/1/2014,True,"Fedex Vehicle Accident","FEDEX","Highway 20 & 25 Junction",Bradley,57217,Clark,45.0939369,-97.53495,,,,"","0.00","","Fuel                                              ","10.00000",Gallons,"Petroleum","Other(See Case File)","Other(See Case File)","Truck","False","Transport Accident",,"null",,"","297",12970
2014.231,"C",KN,10/27/2014,11/12/2014,True,"Hill Crest Colony - Diesel Spill","CHS Transportation","SW @ 168 Street and 428 Ave",Garden City,57236,Clark,44.9456978,-97.6674,,,,"","0.00","","Dyed Diesel                                       ","50.00000",Gallons,"Petroleum","Other(See Case File)","Other(See Case File)","AST","False","Overfill",,"null",,"","298",13171
2015.040,"C",KM ,2/26/2015,3/16/2015,True,"Peterson car in Dry Lake","Michael Peterson","Dry Lake, SW area",Clark,57225,Clark,44.9498367,-97.663826,,,,"null","null","null","Gasoline                                          ","null",,"Petroleum","Other(See Case File)","Other(See Case File)","Vehicle","False","Accident",,"null",,"null","300",13316
2015.053,"C",KM ,3/19/2015,4/15/2015,True,"Auto in slough","Joel Grode","Slough at 428 Avenue and 175 Street",Clark,57225,Clark,44.8478737,-97.65329,,,,"null","null","null"," petroleum                                        ","null",,"Other(See Case File)","Other(See Case File)","Other(See Case File)","Vehicle","False","Accident",,"null",,"null","300",13332
2015.253,"C",JPA,12/16/2015,1/20/2016,True,"Tank System Removal - Former Greenfields Short Stop","Clark Community Oil Company","801  1st  Avenue  E",Clark,57225,Clark,44.87694,-97.72327,,,,"null","null","null","Petroleum                                         ","null",,"Petroleum","Other(See Case File)","Commercial","UST","True","Line Leak",,"8164",,"null","301",13568
2016.070,"C",KN ,5/2/2016,6/7/2016,True,"Liquid Fertilizer Spill- Wheat Growers","Wheat Growers-Carpenter ","527 451th Ave",Carpenter,57322,Clark,44.6368675,-97.91707,,,,"null","null","null","Liquid Fertilizer 10-34-0                         ","200.00000",Gallons,"Agri Chem","Other(See Case File)","Commercial","Transport Tank","False","Tank Failure",,"null",,"null","null",13656
2016.071,"C",TK ,5/2/2016,7/26/2016,True,"Truck accident - Spaniers","Spanier's Custom Harvesting and Trucking","Hwy 20, 1/2 mile West of 416th Avenue",Crocker,57217,Clark,45.1091766,-97.914505,,,,"null","null","null","Potash                                            ","70000.00000",pounds,"Agri Chem","Other(See Case File)","Public","Transportation","False","Transport Accident",,"null",16LC050302,"null","null",13657
2018.194,"NFA",MSB,10/25/2018,11/4/2022,True,"Former Wegman Oil LUST","Robert Wegman - LUST","203 Ranney Ave",Raymond,57528,Clark,44.9113274,-97.93985,,,,"null","null","null","Petroleum                                         ","null",,"Petroleum","Lust Trust","Other(See Case File)","UST","True","Leakage",,"8414",,"null","null",14386
2018.233,"NFA",MSB,12/27/2019,11/4/2022,True,"Former Wegman Oil - UST","Clark Community Oil","Southwest of Ranney Avenue and Flower Street",Raymond,57528,Clark,44.9112129,-97.93944,,,,"null","null","null","Diesel                                            ","null",,"Petroleum","Other(See Case File)","Commercial","UST","True","Leaks and Spills",,"8484",,"null","null",14681
2018.234,"NFA",MSB,12/27/2019,11/4/2022,True,"Clark Community Oil - Raymond","Clark Community Oil ","203 Ranney Avenue",Raymond,57258,Clark,44.91123,-97.94027,,,,"null","null","null","Diesel, Gasoline                                  ","null",,"Petroleum","Other(See Case File)","Commercial","AST","True","Leaks and Spills",,"8485",,"null","null",14682
2019.028,"C",TK ,3/18/2019,4/9/2019,True,"Regulator Release - Clark Substation","Northwestern Energy","NW at North Idaho and 172 Street",Clark ,57225,Clark,44.89197,-97.73871,,,,"null","null","null","Transformer Oil Non-PCB                           ","41.00000",gallons,"Oil","Other(See Case File)","Industrial","Regulator","False","Equipment Failure",,"null",,"null","null",14458
2019.093,"NFA",GMS,6/12/2019,8/15/2019,True,"Wanzek Construction Crane in ditch","Wanzek Construction","Intersection of 419thAve and Highway 20",Crocker,57217,Clark,45.108,-97.8408661,,,,"null","null","null","Diesel, Hydraulic Fluid                           ","25.00000",gallons,"Petroleum","Other(See Case File)","Public","Crane","False","Transport Accident",,"null",,"null","null",14528
2019.108,"C",PDM,6/27/2019,7/11/2019,True,"Roundup Release - Clark","Dwight Warkenthien","NE corner of 171st Street & 428th Avenue",Clark,57225,Clark,44.90623,-97.65688,,,,"null","null","null","Roundup                                           ","25.00000",gallons,"Agri Chem","Other(See Case File)","Public","Tote","False","Displaced Load",,"null",19LP062804,"null","null",14544
2021.026,"O",BH,2/24/2021,,True,"Pickup through ice in Indian Springs Lake","TJ Kissner","Indian Springs Lake",Clark,57225,Clark,44.67744,-97.67488,,,,"null","null","null","Automotive fluids, Petroleum","null",,"Petroleum","Surface Water","Public","Truck","False","Immersed  ",,"null",,"null","null",14934
2021.061,"NFA",JPA,5/3/2021,6/2/2021,True,"AST Overfill - Clark Community Oil","Clark Community Oil","133 North Kansas Street",Clark,57225,Clark,44.8786621,-97.72788,,,,"null","null","null","Diesel                                            ","100.00000",gallons,"Petroleum","Other(See Case File)","Commercial","AST","True","Overfill",,"null",,"null","null",14969
2021.101,"C",GK,7/13/2021,7/19/2021,True,"28-0-0 Release - Carpenter","Agtegra Cooperative","531 415th Avenue",Carpenter,57322,Clark,44.6370049,-97.9172,,,,"null","null","null","Liquid Fertilizer 28%                             ","300.00000",gallons,"Agri Chem","Other(See Case File)","Public","Transport Tank","False","Tank Leak",,"null",21GK071302,"null","null",15014
2022.044,"C",GK,3/16/2022,4/4/2022,True,"Casey's Slough - Truck in Ice","Rodney Cotten","Casey's Slough",Clark,57225,Clark,44.8903236,-97.62879,,,,"null","null","null","Automotive Fluids                                 ","0.00000",gallons,"Petroleum","Surface Water","Public","Truck","False","Accident",,"null",,"null","null",15186
2022.049,"C",JAM,3/28/2022,4/1/2022,True,"Transportation Accident - Diesel Antifreeze","OBY Inc. ","Highway 20 and Highway 25",Wallace,57217,Clark,45.0948944,-97.53527,,,,"null","null","null","Antifreeze, Diesel","100.00000",gallons,"Petroleum","Other(See Case File)","Other(See Case File)","Saddle Tank","False","Transport Accident",,"null",,"null","null",15191
2023.137,"NFA",MJP,10/3/2023,4/19/2024,True,"Clark County Bean Field Semi Diesel","VC Transport LLC","Intersection of Hwy 25 and 155th Street",Wallace,57272,Clark,45.13576,-97.53569,,,,"null","null","null","Diesel                                            ","40.00000",gallons,"Petroleum","Other(See Case File)","Agricultural","Saddle Tank","False","Transport Accident",,"null",,"null","null",15532
2024.067,"C",JAM,5/13/2024,6/21/2024,True,"Hillside Colony Concrete Truck accident","Hillside Colony","County Road 12, 1.5 N of Pleasant Dutch Dairy",Vienna,57271,Clark,44.6671333,-97.5733,,,,"null","null","null","Diesel, Hydraulic Fluid                           ","180.00000",Gallons,"Petroleum","Other(See Case File)","Public","Truck","False","Transport Accident",,"null",,"null","null",15662
9999.211,"W",,,,True,"Withdrawn ATP - Burke Property","Donn J. Burke","137 Raymond Street",Carpenter,57324,Clark,44.63714,-97.91615,,,,"","0.00","","                                                  ","0.00000",,"Other(See Case File)","Withdrawn ATP","Commercial","Other(See Case File)","False","null",3075,"7308",,"","279",11981
9999.212,"W",,,,True,"Withdrawn ATP - Wertz Brothers","E. Weerts, Inc.","42270 196th Street",Bancroft,57353,Clark,44.54512,-97.76126,,,,"","0.00","","                                                  ","0.00000",,"Other(See Case File)","Withdrawn ATP","Commercial","Other(See Case File)","False","null",3077,"7307",,"","279",11982
9999.255,"W",,,,True,"Withdrawn ATP - Handke Property","Glenn Handke","16173  415A  Avenue",Turton,57477,Clark,45.0417,-97.91098,,,,"null","null","null","null","null",,"Other(See Case File)","Withdrawn ATP","Other(See Case File)","Other(See Case File)","False","null",3496,"8115",,"null","301",13580
92027.000,"C",RC,7/10/1992,7/10/1992,True,"Clark Community Oil","Clark Community Oil","W Hwy 28",Willow Lake,57278,Clark,44.6304932,-97.64588,,,,"","0.00","","                                                  ","0.00000",,"Other(See Case File)","Clean Site","Commercial","AST","True","No Release",,"2156",,"","",8390
92060.000,"C",BL,10/19/1992,11/9/1992,True,"Walt's Full Service","Walt Jacobson","101 West 1st",Clark,57225,Clark,44.8775558,-97.7351,,,,"","0.00","","                                                  ","0.00000",,"Other(See Case File)","Clean Site","Commercial","UST","True","No Release",,"null",,"","",8423
97019.000,"C",KH,7/8/1997,9/3/1997,True,"Bulk Site","Dean Lukkes","SE corner, Intersection Hwy 25 and Hwy 20",Bradley,57217,Clark,45.0935326,-97.53417,,,,"","0.00","","                                                  ","0.00000",,"Other(See Case File)","Clean Site","Commercial","AST","True","No Release",,"null",,"","",8647
98041.000,"C",CH,11/3/1998,12/9/1998,True,"Clark RCAG","Federal Aviation Administration  FAA","FAA Site",Clark,57225,Clark,44.8958359,-97.7161,,,,"","0.00","","                                                  ","0.00000",,"Other(See Case File)","Clean Site","Other(See Case File)","UST","True","No Release",,"null",,"","",8704
99017.000,"C",NS,5/14/1999,6/3/1999,True,"Clark Airport","Clark County","Clark Airport",Clark,57225,Clark,44.89593,-97.71536,,,,"","0.00","","                                                  ","0.00000",,"Other(See Case File)","Clean Site","Other(See Case File)","UST","True","No Release",,"3748",,"","",8750
2001117.000,"C",KM,7/31/2001,8/13/2001,True,"Clean ATP - Robert Troske Farm","Robert Troske","7 miles E, 1.5 miles N, .25 miles W",Turton,57434,Clark,45.0713425,-97.96699,,,,"","0.00","","                                                  ","0.00000",,"Other(See Case File)","ATP","Agricultural","UST","False","No Release",1643,"5593",,"","205",8981
2001181.000,"C",KM,6/27/2001,9/24/2001,True,"Clean ATP - Kerkvleit Farm","Greg Kerkvleit","Hwy 28, ~ 3 miles W of Bryant",Bryant,57221,Clark,44.5882034,-97.5337448,113,56,15,"","0.00","","                                                  ","0.00000",,"Other(See Case File)","ATP","Agricultural","UST","False","No Release",74,"4145",,"","204",9045
2001206.000,"C",KM,9/13/2001,9/19/2001,True,"Clean ATP - Sauder Property","Jerry Sauder","1.25 miles E of Hwy 25",Bryant,57221,Clark,44.6289368,-97.52292,113,56,2,"NW","0.00","","                                                  ","0.00000",,"Other(See Case File)","ATP","Agricultural","UST","False","No Release",693,"4622",,"","204",9070
2001290.000,"C",KM,4/18/2001,10/26/2001,True,"ATP - Roy's Garage (no tank found)","Ralph Hurlbert","NW Corner Ward Ave. and Yost St.",Raymond,57258,Clark,44.91025,-97.94071,,,,"","0.00","","                                                  ","0.00000",,"Other(See Case File)","ATP","Commercial","UST","False","No Tank Found",1300,"5218",,"","205",9154
2001291.000,"C",KM,4/5/2001,10/24/2001,True,"ATP - Maas Property (no tank found)","Floyd A. Maas","2nd Intersection, West Side",Crocker,57217,Clark,45.10474,-97.784935,,,,"","0.00","","                                                  ","0.00000",,"Other(See Case File)","ATP","Commercial","UST","False","No Tank Found",488,"5042",,"","204",9155
2001317.000,"C",KM,6/28/2001,10/24/2001,True,"Clean ATP - Fobey Farm","Delmar Fobey","189 Street",Willow Lake,57278,Clark,44.64547,-97.61494,,,,"","0.00","","                                                  ","0.00000",,"Other(See Case File)","ATP","Agricultural","UST","False","No Release",1146,"5111",,"","204",9181
2001318.000,"C",KM,6/28/2001,10/24/2001,True,"Clean ATP - Kannegieter Property","Margaret Kannegieter","2.5 miles E of Willow Lake, Hwy 28",Willow Lake,57278,Clark,44.6313057,-97.58119,,,,"","0.00","","                                                  ","0.00000",,"Other(See Case File)","ATP","Agricultural","UST","False","No Release",1098,"5070",,"","204",9182
2001319.000,"C",KM,6/29/2001,10/24/2001,True,"Clean ATP - Lamont Farm Property","Allen Lamont","420 Avenue",Willow Lake,57278,Clark,44.5663147,-97.81494,113,58,28,"","0.00","","                                                  ","0.00000",,"Other(See Case File)","ATP","Agricultural","UST","False","No Release",1367,"5300",,"","204",9183
2001320.000,"C",KM,7/6/2001,10/24/2001,True,"Clean ATP - Clark Public School","Jim Holdeck","220 North Clinton Street",Clark,57225,Clark,44.88016,-97.74304,,,,"","0.00","","                                                  ","0.00000",,"Other(See Case File)","ATP","Public","UST","False","No Release",1618,"5568",,"","205",9184
2001321.000,"C",KM,7/5/2001,10/24/2001,True,"Clean ATP - Former Clark Theatre","Les Solberg","Highway 212",Clark,57225,Clark,44.87813,-97.73418,,,,"","0.00","","                                                  ","0.00000",,"Other(See Case File)","ATP","Commercial","UST","False","No Release",1329,"5255",,"","205",9185
2001322.000,"C",KM,7/9/2001,10/24/2001,True,"Clean ATP - Gruenwald Property","W. J. Gruenwald","101 5th Avenue NE",Clark,57225,Clark,44.8820229,-97.73482,,,,"","0.00","","                                                  ","0.00000",,"Other(See Case File)","ATP","Residential","UST","False","No Release",680,"4614",,"","204",9186
2001323.000,"C",KM,7/9/2001,10/24/2001,True,"Clean ATP - Pratt Property","Farron Pratt","309 North Dakota Street",Clark,57225,Clark,44.8805847,-97.73627,,,,"","0.00","","                                                  ","0.00000",,"Other(See Case File)","ATP","Residential","UST","False","No Release",1426,"5359",,"","205",9187
2001324.000,"C",KM,7/11/2001,10/24/2001,True,"Clean ATP - Sprang Farm","Jacob Sprang","175 Street",Henry,57243,Clark,44.8469467,-97.56463,,,,"","0.00","","                                                  ","0.00000",,"Other(See Case File)","ATP","Agricultural","UST","False","No Release",1021,"5018",,"","204",9188
2001326.000,"C",KM,6/28/2001,10/24/2001,True,"Clean ATP - Steve's Service","Dallas J. Bochek","County Road 36 (Clark & Pleasant)",Vienna,57271,Clark,44.7031631,-97.50347,,,,"","0.00","","                                                  ","0.00000",,"Other(See Case File)","ATP","Commercial","UST","True","No Release",123,"4031",,"","204",9190
2001327.000,"C",KM,7/10/2001,10/22/2001,True,"Clean ATP - Raymer Farm","Christine Raymer","431 Avenue",Bradley,57217,Clark,45.0945625,-97.59616,,,,"","0.00","","                                                  ","0.00000",,"Other(See Case File)","ATP","Agricultural","UST","False","No Release",1158,"5118",,"","204",9191
2001801.000,"C",KM,12/12/2001,2/22/2002,True,"Clean ATP - Former Ray Green Property","Reva Reinhart","433 Street",Henry,57243,Clark,44.9149132,-97.55552,,,28,"","0.00","","                                                  ","0.00000",,"Other(See Case File)","ATP","Agricultural","UST","False","No Release",2063,"6009",,"","205",9665
2001802.000,"C",KM,12/12/2001,2/22/2002,True,"Clean ATP - City of Clark","City of Clark","Highway 212 and N. Dakota Street",Clark,57225,Clark,44.8776245,-97.73657,,,,"","0.00","","                                                  ","0.00000",,"Other(See Case File)","ATP","Public","UST","True","No Release",2160,"6078",,"","205,257",9666
2001803.000,"C",KM,12/12/2001,2/22/2002,True,"Clean ATP - Bee Warehouse","Walter Wilson","Smith, between 6th & 7th Avenue",Clark,57225,Clark,44.883564,-97.7354,,,,"","0.00","","                                                  ","0.00000",,"Other(See Case File)","ATP","Commercial","UST","True","No Release",2172,"6108",,"","205",9667
2001804.000,"C",KM,12/12/2001,2/22/2002,True,"Clean ATP - Edleman Farm","Myron Edleman","429 Avenue",Willow Lake,57278,Clark,44.6382065,-97.6328659,,,,"","0.00","","                                                  ","0.00000",,"Other(See Case File)","ATP","Agricultural","UST","False","No Release",2146,"6101",,"","205",9668
2001805.000,"C",KM,12/12/2001,2/22/2002,True,"Clean ATP - Bruns Property","Tracy Bruns","2  E & 2.25 S of Willow Lake, W side of road",Willow Lake,57278,Clark,44.5989075,-97.59399,113,56,18,"","0.00","","                                                  ","0.00000",,"Other(See Case File)","ATP","Agricultural","UST","False","No Release",2196,"6133",,"","205",9669
2001806.000,"C",KM,12/12/2001,2/22/2002,True,"Clean ATP - Peterson Property","Emagene Peterson","1 mile NW of Foxton State Shooting Area",Naples,57271,Clark,44.7748222,-97.58357,115,56,17,"","0.00","","                                                  ","0.00000",,"Other(See Case File)","ATP","Agricultural","UST","False","No Release",1781,"5743",,"","205",9670
2001807.000,"C",KM,12/12/2001,2/22/2002,True,"Clean ATP - Warren Johnson Farm","Tim Heidelbauer","180 Street",Naples,57271,Clark,44.7761765,-97.4943848,,,,"","0.00","","                                                  ","0.00000",,"Other(See Case File)","ATP","Agricultural","UST","False","No Release",1827,"5788",,"","205",9671
2001809.000,"C",KM,12/12/2001,2/22/2002,True,"Clean ATP - County Property","Clark County","Second Street",Garden City,57236,Clark,44.9581261,-97.5825,,,,"","0.00","","                                                  ","0.00000",,"Other(See Case File)","ATP","Public","UST","True","No Release",1954,"5906",,"","205",9673
2001810.000,"C",KM,12/12/2001,2/22/2002,True,"Clean ATP - Tarbox Property","Vernon Tarbox","Hwy 20, W of Bradley",Bradley,57217,Clark,45.09433,-97.6813049,,,,"","0.00","","                                                  ","0.00000",,"Other(See Case File)","ATP","Agricultural","UST","False","No Release",1789,"5748",,"","205",9674
2002297.000,"C",KM,4/22/2003,7/28/2003,True,"Clean ATP - M. H. Schmidt Farm","M. H. Schmidt","2 West .5 South",Willow Lake,57278,Clark,44.6231079,-97.6738739,113N,57W,3,"SW","0.00","","                                                  ","0.00000",,"Other(See Case File)","ATP","Agricultural","UST","False","No Release",2501,"6430",,"","220",10154
2002327.000,"C",KM,7/10/2001,11/4/2002,True,"ATP - Old Station (replaces 20011022)","Floyd A. Maas","2nd Intersection, West Side",Crocker,57217,Clark,45.1047249,-97.78485,,,,"","0.00","","                                                  ","0.00000",,"Other(See Case File)","ATP","Commercial","Other(See Case File)","False","No Release",1041,"5042",,"","220",10184
2004022.000,"C",KH,2/11/2004,2/24/2004,True,"Clean ATP - Nick Nelson Property","Nick Nelson","196 Street",Carpenter,57322,Clark,44.5459328,-97.8441238,113N,58W,31,"SE","0.00","","                                                  ","0.00000",,"Other(See Case File)","ATP","Agricultural","UST","False","No Release",2769,"6743",,"","225,",10234
2011008.000,"C",TF,10/24/2011,12/30/2011,True,"Clean ATP - Schmidt Property","John Schmidt","19019 423rd Avenue",Willow Lake,57278,Clark,44.62818,-97.75614,,,,"","0.00","","                                                  ","0.00000",,"Other(See Case File)","ATP","Agricultural","UST","False","No Release",3217,"7656",,"","281",12100
2012006.000,"C",TF,5/3/2012,5/3/2012,True,"Clean ATP - Clark County SD DOT","SD Department of Transportation (SD DOT)","1713 US Hwy 212",Clark,57225,Clark,44.8765678,-97.75986,,,,"","0.00","","                                                  ","0.00000",,"Other(See Case File)","ATP","Other(See Case File)","UST","True","No Release",3233,"7696",,"","286",12329
2013005.000,"C",RL ,7/17/1992,10/15/1992,True,"UST Removal (historical, see comments)","Kranz Trucking","200 SE 8th Avenue",Clark,57225,Clark,44.8698845,-97.73271,,,,"","0.00","","                                                  ","0.00000",,"Other(See Case File)","Clean Site","Other(See Case File)","UST","True","No Release",,"null",,"","",12555
2018014.000,"C",TF ,12/26/2018,12/27/2018,True,"Clean ATP - Nordhus Property","Margaret Nordhus","202 4th Avenue",Clark,57225,Clark,44.8814774,-97.73712,,,,"null","null","null","Diesel                                            ","null",,"Other(See Case File)","ATP","Residential","UST","False","No Release",3648,"8403",,"null","null",14426