id,status,r1,date_rep,date_close,image,site_name,resp_party,street,city,zip_code,county,latitude,longitude,township,range,section,secq1,acreage,instctrls,material,amount,units,spill_cat,site_type,proptype,sor_type,regulated,cause_type,atp_no,prcfnumber,ag_no,solidwaste,microroll,siteid
82.029,"C",KH,9/15/1982,9/22/1995,True,"Farmers Union - Petroleum Odor","Farmers Union","City Street, 1 - 2 blocks from city well",Hosmer,57448,Edmunds,45.5788155,-99.47565,,,,"","0.00","","Gasoline                                          ","1799.00000",gallons,"Petroleum","Other(See Case File)","Commercial","UST","True","Leakage",,"null",,"","",89
83.043,"C",KM,8/29/1983,2/2/1993,True,"Tranformer Release - Storm Event","Montana Dakota Utilities","5th St. & Depot St.",Bowdle,57428,Edmunds,45.4541,-99.65674,,,,"","0.00","","Transformer Oil                                   ","35.00000",gallons,"Oil","Other(See Case File)","Other(See Case File)","Transformer","False","Storm Event",,"null",,"","",147
84.073,"NFA",RL,8/20/1984,3/2/2006,True,"Petroleum Vapors - Mina","Mina Equity Elevator","Edgar Road & Main",Mina,57462,Edmunds,45.4394379,-98.75415,123N,66W,26,"","0.00","","Petroleum                                         ","0.00000",,"Petroleum","Other(See Case File)","Commercial","UST","True","Leakage",,"null",,"","244",244
85.077,"C",KM,9/17/1985,7/6/1993,True,"SD Wheat Growers - Complaint","SD Wheat Growers","111 N Mitchell Street",Roscoe,57471,Edmunds,45.4536934,-99.33981,,,,"","0.00","","Pesticide                                         ","0.00000",,"Agri Chem","Other(See Case File)","Commercial","Spray Tank","False","Handling",,"null",,"","266",345
86.711,"C",BM,9/15/1986,2/19/2003,True,"Farmers Elevator - Overfilled Truck","Farmers Elevator","Farmers Elevator",Ipswich,57451,Edmunds,45.443,-99.03224,,,,"","0.00","","Fertilizer                                        ","3000.00000",pounds,"Agri Chem","Other(See Case File)","Commercial","AST","False","Overfill",,"null",,"","268",463
87.007,"C",KM,1/30/1987,2/2/1993,True,"Farmers Elevator  - Complaint","Farmers Elevator","Farmers Elevator",Ipswich,57451,Edmunds,45.4427032,-99.03073,,,,"","0.00","","Agri Chem                                         ","0.00000",,"Agri Chem","Other(See Case File)","Commercial","Bulk Chemical","False","No Release",,"null",,"","234",472
87.124,"C",KM,11/17/1987,6/30/2000,True,"Ipswich Elevator Coop (Ken's Food)","Ipswich Elevator Coop","SE intersection of Hwy. 12 & 6th Street",Ipswich,57451,Edmunds,45.44765,-99.0317841,,,,"","0.00","","Gasoline                                          ","0.00000",,"Petroleum","Other(See Case File)","Commercial","UST","True","Leakage",,"null",,"","",589
88.053,"NFA",KH,4/27/1988,6/2/2005,True,"Ehnes Equipment - Tank Removal","Leroy Ehnes","NW at Seward and Mitchell",Roscoe,57471,Edmunds,45.45075,-99.3388062,123,,24,"SE","0.00","","Petroleum                                         ","0.00000",,"Petroleum","Combined(See Case File)","Commercial","UST","True","Leakage",,"166",,"","238,281,297",657
89.026,"C",TK,3/6/1989,10/9/1992,True,"BRB Contractor Complaint","BRB Contractor","WEB rural water system (multiple counties)",Roscoe,57471,Edmunds,45.4482231,-99.3516159,,,,"","0.00","","Waste Oil                                         ","0.00000",,"Oil","Other(See Case File)","Unknown(See Case File)","Equipment","False","Spillage",,"null",,"","237",916
89.186,"C",BL,8/3/1989,1/30/1992,True,"Ipswich School District  - Tank Removal","Ipswich School District","211 5th Street",Ipswich,57451,Edmunds,45.44576,-99.031395,,,,"","0.00","","Fuel Oil                                          ","0.00000",,"Petroleum","Other(See Case File)","Public","UST","False","Spillage",,"648",,"","",1074
89.191,"C",GH,8/7/1989,8/2/1990,True,"Samp Property - Former Mobil Station Site","Howard Samp","110 5th Ave.",Ipswich,57451,Edmunds,45.4480667,-99.02436,123N,68W,28,"","0.00","","Petroleum                                         ","0.00000",,"Petroleum","Other(See Case File)","Residential","UST","True","Leaks and Spills",,"0087",,"","",1079
89.227,"C",KD,9/6/1989,5/18/1990,True,"Burlington Northern Railroad  (BNSF) - Tank Removal","Burlington Northern Railroad  (BNSF)","S. of Water Tower",Roscoe,57471,Edmunds,45.44899,-99.33586,,,,"","0.00","","Diesel #2                                         ","0.00000",,"Petroleum","Other(See Case File)","Industrial","UST","True","Leakage",,"0583",,"","",1115
89.238,"C",KD,9/15/1989,1/24/1991,True,"Burlington Northern Railroad  (BNSF) - Tank Site Assessment","Burlington Northern Railroad  (BNSF)","Rail bed, E of Main",Ipswich,57451,Edmunds,45.4425468,-99.02654,,,,"","0.00","","Petroleum                                         ","0.00000",,"Petroleum","Other(See Case File)","Other(See Case File)","UST","True","Leakage",,"0565",,"","",1126
90.092,"C",BL,4/5/1990,12/6/1991,True,"U.S. West - Tank Removal","U.S. West","303 Mitchell Street",Roscoe,57471,Edmunds,45.4509468,-99.33909,,,,"","0.00","","Fuel Oil                                          ","0.00000",,"Petroleum","Other(See Case File)","Commercial","UST","True","Leakage",,"1350",,"","",1327
90.116,"I",BL,4/19/1990,12/14/1994,True,"Farmers Union Cenex Site","Farmers Union Oil Company","105 Merrill Avenue E  (Hwy 12)",Roscoe,57471,Edmunds,45.44871,-99.33777,,,,"","0.00","","Gasoline                                          ","0.00000",,"Petroleum","Other(See Case File)","Commercial","UST","True","Leaks and Spills",,"1028",,"","",1351
90.119,"C",BL,4/20/1990,12/15/1994,True,"Former City Hall Site - Tank Removal","City of Roscoe","202 Mitchell Street",Roscoe,57471,Edmunds,45.4503174,-99.33831,,,,"","0.00","","Fuel Oil                                          ","0.00000",,"Petroleum","Other(See Case File)","Public","UST","True","Spillage",,"0234",,"","",1354
90.209,"C",KM,6/4/1990,6/21/1991,True,"Rogers Property - Vandalism","Duane Rogers","5 miles S of Hwy 12 on 47 & 2 miles E",Bowdle,57428,Edmunds,45.3616524,-99.61631,122N,74W,14,"N","0.00","","Herbicide                                         ","64.00000",gallons,"Agri Chem","Other(See Case File)","Agricultural","Containers","False","Handling",,"null",,"","",1444
90.245,"C",TK,6/15/1990,4/29/1991,True,"Montana Dakota Utilities - Transformer","Montana Dakota Utilities","Alley between 4th & 5th Ave and 4th St",Bowdle,57428,Edmunds,45.4502335,-99.65595,,,,"","0.00","","Transformer oil                                   ","1.00000",gallon,"Oil","Other(See Case File)","Other(See Case File)","Transformer","False","Leakage",,"null",,"","",1480
90.324,"C",TK,8/2/1990,10/5/1992,True,"Great West Casualty Company","Crawford & Company","Highway 12",Bowdle,57428,Edmunds,45.4452133,-99.65116,,,,"","0.00","","Asphalt Rubber Modif                              ","4655.00000",pounds,"Oil","Other(See Case File)","Other(See Case File)","Transport Truck","False","Fire Event",,"null",,"","237",1559
90.442,"NFA",JL,9/14/1990,12/5/2000,True,"Roscoe  / Edmunds School Bus Garage - Tank Removal","Edmunds Central School District","SW @ Mitchell Street & Seward",Roscoe,57471,Edmunds,45.4502449,-99.3389,123N,71W,24,"SW","0.00","","Gasoline                                          ","0.00000",,"Petroleum","Other(See Case File)","Public","UST","True","Leakage",,"1126",,"","",1677
90.630,"NFA",JPA,12/13/1990,4/12/2012,True,"Gerold Beck Property","Gerold Beck","SW at Hwy 12/Merrill & Richmond Street",Roscoe,57471,Edmunds,45.4483833,-99.3403549,123N,71W,25,"NE","0.00","","Petroleum                                         ","0.00000",,"Petroleum","Aquifer","Commercial","UST","True","Leaks and Spills",,"1293",,"","284",1865
91.407,"NFA",JL,8/30/1991,11/6/2001,True,"Roscoe Auto Site","Ray Bieber","Highway 12",Roscoe,57471,Edmunds,45.4486656,-99.3369,123N,70W,19,"SW","0.00","","Petroleum                                         ","0.00000",,"Petroleum","Aquifer","Commercial","UST & AST","True","Leaks and Spills",,"1612",,"","212",2297
92.041,"C",BL,2/12/1992,7/29/1993,True,"Scherr Oil - No Release","Neil Scherr","101 Merrill Ave. (Hwy. 12)",Roscoe,57471,Edmunds,45.4482727,-99.33881,,,,"","0.00","","Petroleum                                         ","0.00000",,"Petroleum","Other(See Case File)","Commercial","UST","True","No Release",,"2042",,"","",2631
92.104,"C",RC,4/7/1992,10/15/1992,True,"U.S. West - Generator Tank","U.S. West","1st Street",Ipswich,57451,Edmunds,45.4461,-99.0271759,123N,68W,27,"NE","0.00","","Diesel                                            ","0.00000",,"Petroleum","Other(See Case File)","Commercial","UST","True","Leaks and Spills",,"null",,"","",2694
92.410,"NFA",JN,12/8/1992,12/5/2000,True,"Department of Transportation (SD DOT) - Tank System Replacement","SD  Department of Transportation (SD DOT)","DOT Shop E. Hwy. 12",Ipswich,57451,Edmunds,45.4487534,-99.02037,,,,"","0.00","","Petroleum                                         ","0.00000",,"Petroleum","Other(See Case File)","Public","UST","True","Leakage",,"2244",,"","",3000
94.013,"NFA",JN,2/2/1994,12/5/2000,True,"Department of Transportation (SD DOT) - Tank Failure","SD Department of Transportation  (SD DOT)","Maintenance Shop N. Side Highway 12",Ipswich,57451,Edmunds,45.4488754,-99.02036,123N,68W,22,"SW","0.00","","Gasoline                                          ","325.00000",gallons,"Petroleum","Other(See Case File)","Public","UST","True","Leakage",,"2620",,"","",3548
94.133,"C",TK,7/5/1994,10/7/1994,True,"Harrold Fowler Property - Tank Leak","Steve Gehring","367 S. Sunset Drive   (Mina Lake)",Mina,57462,Edmunds,45.4547539,-98.7356949,,,,"","0.00","","Gasoline                                          ","0.00000",,"Petroleum","Other(See Case File)","Residential","AST","False","Leakage",,"null",,"","",3668
95.216,"C",TK,8/15/1995,9/13/1996,True,"Forrette Spraying - Contaminated Soils","G.L. Forrette","Plane loading area @ Bowdle Airport",Bowdle,57428,Edmunds,45.4391747,-99.67357,,,,"","0.00","","Alachlor                                          ","0.00000",,"Petroleum","Other(See Case File)","Other(See Case File)","Containers","False","Handling",,"null",,"","",4167
96.083,"C",TK,4/10/1996,3/7/1997,True,"Petroleum into floor drain at Cenex","Cenex","City Sewer System",Hosmer,57448,Edmunds,45.5789,-99.47594,,,,"","0.00","","Petroleum                                         ","0.00000",,"Petroleum","Other(See Case File)","Commercial","Truck Tank","False","Leakage",,"null",,"","",4393
96.189,"C",KM,7/1/1996,7/10/1997,True,"Transportation Event","PJ's Express, Incorporated","Highway 12, Mile Marker 261",Ipswich,57451,Edmunds,45.448,-99.0704956,,,,"","0.00","","Diesel                                            ","50.00000",gallons,"Petroleum","Other(See Case File)","Other(See Case File)","Truck Tank","False","Transport Accident",,"null",,"","",4499
97.022,"C",LAS,1/28/1997,7/2/2001,True,"D & D Oil  - Assessment","D & D Oil - Dave/Duane Knecht","7078 4th Avenue South",Bowdle,57428,Edmunds,45.445652,-99.65544,123N,73W,28,"NE","0.00","","Diesel Fuel                                       ","0.00000",,"Petroleum","Other(See Case File)","Commercial","AST","True","Dispenser Leak",,"3145",,"","203",4710
97.065,"C",TK,3/18/1997,4/18/1997,True,"Complaint - Scherr Oil","Scherr Oil Company - Neil Scherr","101 Merril Ave. West",Roscoe,57471,Edmunds,45.44836,-99.33899,,,,"","0.00","","Fuel                                              ","8.00000",galllons,"Petroleum","Other(See Case File)","Commercial","AST","False","Unknown",,"null",,"","",4753
97.091,"C",DM,4/7/1997,10/15/2015,True,"LUST Trust - Former Steve's Amoco","Steve Heilman - Steve's Amoco","4th Ave. & 5th St.",Bowdle,57428,Edmunds,45.4486351,-99.65564,123N,73W,21,"SE","0.00","","Petroleum                                         ","0.00000",,"Petroleum","Lust Trust","Commercial","UST","True","Leakage",,"3338",,"","300",4779
98.137,"C",LAS,6/12/1998,8/2/2004,True,"County Highway  Shop - Surface Spills","Edmunds County","2nd Street, 200 Block",Ipswich,57451,Edmunds,45.4467125,-99.0252151,,,,"","0.00","","Petroleum                                         ","0.00000",,"Petroleum","Other(See Case File)","Public","AST","True","Spillage",,"3804",,"","234",5245
98.163,"C",LAS,6/30/1998,10/18/2001,True,"Ipswich Airport Agrichem Spill","Tri County Ag Service Inc.","Ipswich Airport",Ipswich,57451,Edmunds,45.4489746,-99.0119553,,,,"","0.00","","Assure                                            ","150.00000",,"Agri Chem","Other(See Case File)","Commercial","Aircraft Tanks","False","Accident",,"null",,"","203,239",5271
98.189,"C",TS,7/29/1998,7/9/1999,True,"Former Cenex - Tank Removals","Farmers Union Oil Company","NE Corner @ 4th Ave & 2nd St",Bowdle,57428,Edmunds,45.4522934,-99.655014,123N,73W,21,"","0.00","","petroleum                                         ","0.00000",,"Petroleum","Other(See Case File)","Commercial","UST","True","Overfills/Spillage",,"3500",,"","",5297
98.428,"C",DR,12/22/1998,8/26/2002,True,"Scherr Oil Company - Dispenser Spills","Scherr Oil Co.","101 Merrill Avenue West",Roscoe,57471,Edmunds,45.44838,-99.33907,,,,"","0.00","","Petroleum                                         ","0.00000",,"Petroleum","Other(See Case File)","Commercial","UST","True","Dispenser Leak",,"3665",,"","203",5536
99.166,"C",KM,5/21/1999,10/7/1999,True,"Dead grass in ditch","Unknown","Hwy 12, 6.5 miles West of Roscoe",Roscoe,57471,Edmunds,45.44814,-99.47636,,,,"","0.00","","unknown                                           ","0.00000",,"Agri Chem","Other(See Case File)","Other(See Case File)","Unknown(See Case File)","False","Unknown",,"null",,"","231",5713
2000.196,"NFA",ML,6/13/2000,10/22/2018,True,"South Dakota Wheat Growers Site","South Dakota Wheat Growers","111 W. Main Street",Roscoe,57471,Edmunds,45.4494934,-99.33888,,,,"","0.00","","fertilizer                                        ","0.00000",,"Agri Chem","Other(See Case File)","Commercial","Bulk Chemical","False","Handling",,"null",00N61415,"","",6094
2001.079,"C",LAS,5/2/2001,8/28/2003,True,"Highway 247 Urea spill","SD Wheat Growers","Hwy. 247",Hosmer,57448,Edmunds,45.5793266,-99.3384552,124N,71W,1,"SE","0.00","","Urea (46% N)                                      ","12.00000",tons,"Agri Chem","Other(See Case File)","Other(See Case File)","Transport Trailer","False","Transport Accident",,"null",01T050204,"","232",6364
2001.093,"C",BM,5/18/2001,3/29/2006,True,"Phosphorous Spill","Robert Pond","Hwy 45 - 9 miles S. of Ipswich",Ipswich,57451,Edmunds,45.317318,-99.03056,,,,"","0.00","","Phosphorous                                       ","5.00000",tons,"Agri Chem","Other(See Case File)","Other(See Case File)","Transport Trailer","False","Transport Accident",,"null",01T051808,"","243",6378
2001.147,"NFA",KM,6/24/2001,2/20/2003,True,"ATP - Former Gas Station / Auto Dealer Site","Rosalie, Andrew, & LaVern Meyers","22  4th  Street",Ipswich,57451,Edmunds,45.4436874,-99.02954,,,,"","0.00","","Petroleum                                         ","0.00000",,"Petroleum","ATP","Commercial","UST","True","Leakage",235,"4159",,"","217",6432
2001.148,"NFA",KM,6/24/2001,11/27/2002,True,"ATP - Monte Petersen Farm","Monte Petersen","14314 363rd Avenue",Ipswich,57451,Edmunds,45.31564,-98.9268646,,,,"","0.00","","Petroleum                                         ","0.00000",,"Petroleum","ATP","Agricultural","UST","False","Corrosion",777,"4719",,"","219",6433
2001.149,"NFA",KH,6/24/2001,7/14/2003,True,"Pizza Farm (Former JR's Sinclair) LUST Trust","Gerald Bendewald","SW at 4th / Hwy 45 & 5th / Hwy 12",Ipswich,57451,Edmunds,45.4477,-99.02953,,,,"","0.00","","Petroleum                                         ","0.00000",,"Petroleum","Lust Trust","Commercial","UST","True","Leakage",407,"4340",,"","219, 296",6434
2001.150,"C",KM,6/24/2001,6/28/2001,True,"ATP - Haberer's Dairy","Pat Frankfurth","4th & Main Street",Bowdle,57428,Edmunds,45.45285,-99.65604,,,,"","0.00","","Diesel Fuel                                       ","0.00000",,"Petroleum","ATP","Agricultural","UST","False","Spillage",1399,"5401",,"","207",6435
2001.151,"C",KM,6/24/2001,6/28/2001,True,"ATP - Edmunds Central School","Lew Paulson","105 First Avenue",Roscoe,57471,Edmunds,45.452713,-99.33793,,,,"","0.00","","Fuel Oil                                          ","0.00000",,"Petroleum","ATP","Public","UST","False","Leakage",36,"3927",,"","207",6436
2001.152,"C",KM,6/24/2001,6/28/2001,True,"ATP - Former Fiedler Food Stores Lot","Jack Clarke","West Highway 12 - South Side",Ipswich,57451,Edmunds,45.4476929,-99.03319,,,,"","0.00","","gasoline                                          ","0.00000",,"Petroleum","ATP","Commercial","UST","True","Corrosion",594,"4518",,"","207",6437
2001.457,"C",KM,9/10/2001,10/30/2001,True,"ATP - Bowdle Airport","Arlene Kaseman","325 Avenue",Bowdle,57428,Edmunds,45.4393654,-99.67402,,,,"","0.00","","Gasoline                                          ","0.00000",,"Petroleum","ATP","Commercial","UST","True","Spillage",1106,"5632",,"","207",6740
2002.304,"C",KM,9/17/2002,1/10/2003,True,"ATP - St. Paul's Lutheran Church","St. Paul's Lutheran Church","1st Ave & 5th St",Bowdle,57428,Edmunds,45.44882,-99.65033,,,,"","0.00","","Fuel Oil                                          ","0.00000",,"Petroleum","ATP","Other(See Case File)","UST","False","Spillage",2390,"6319",,"","217",7585
2002.305,"C",KM,9/17/2002,1/8/2003,True,"ATP - James Baer Property","James Baer","34190 145th Street",Onaka,57466,Edmunds,45.28908,-99.34029,,,,"","0.00","","Diesel                                            ","0.00000",,"Petroleum","ATP","Agricultural","UST","False","Spillage",2526,"6463",,"","217",7586
2002.328,"NFA",KM,2/3/2003,5/9/2003,True,"ATP - Senior Citizens Home","Senior Citizens Home","307 East Main Street",Hosmer,57448,Edmunds,45.5795975,-99.47138,,,,"","0.00","","heating fuel                                      ","0.00000",,"Petroleum","ATP","Other(See Case File)","UST","False","Spillage",2581,"6515",,"","217",7609
2004.036,"NFA",KH,2/13/2004,3/30/2004,True,"ATP - Former Ipswich Hospital","Hansen Housing","507 Bloemendaal Drive",Ipswich,57451,Edmunds,45.4487572,-99.03609,,,,"","0.00","","fuel oil                                          ","0.00000",,"Petroleum","ATP","Other(See Case File)","UST","False","Overfills/Spillage",2603,"6544",,"","229",7921
2004.045,"C",TB,2/25/2004,9/16/2004,True,"Anonymous complaint: pesticide disposal","North Central Elevator","Hwy 45 & RR",Ipswich,57451,Edmunds,45.44273,-99.02885,,,,"","0.00","","Pesticide                                         ","0.00000",,"Agri Chem","Other(See Case File)","Commercial","Sprayer","False","Washing/Rinsing",,"null",,"","231,233,236",7930
2005.099,"NFA",JPA,5/26/2005,9/29/2009,True,"Assessment - Former AST facility","Scherr Oil Company","NE Corner of Richmond Street & Morgan Avenue",Roscoe,57471,Edmunds,45.44971,-99.34003,,,,"","0.00","","Petroleum                                         ","0.00000",,"Petroleum","Other(See Case File)","Commercial","AST","True","Handling",,"6973",,"","267",8193
2005.168,"NFA",KH,8/17/2005,9/14/2005,True,"ATP - Ipswich School","Ipswich Public School","NW at 2nd Avenue & 5th Street",Ipswich,57451,Edmunds,45.4456978,-99.03098,,,28,"NE","0.00","","Fuel Oil                                          ","0.00000",,"Petroleum","ATP","Public","UST","False","Leakage",2921,"7006",,"","240",10330
2006.124,"C",BM,8/21/2006,11/30/2006,True,"Northern Borders Pipeline Station #9","ORMAT - Bob Sullivan","36997 128th Street",Wetonka,57462,Edmunds,45.5320625,-98.78688,,,,"","0.00","","Heat Transfer Fluid","250.00000",gallons,"Oil","Other(See Case File)","Industrial","Operating System","False","Equipment Failure",,"null",,"","248",10568
2007.054,"C",RL,5/9/2007,8/10/2007,True,"Glyphosate Release - Fire Event","Tim Geier","32662 128th Street",Bowdle,57428,Edmunds,45.5357361,-99.633934,,,,"","0.00","","Glyphosate                                        ","100.00000",gallons,"Agri Chem","Other(See Case File)","Agricultural","Containers","False","Fire Event",,"null",07T050912,"","254",10894
2007.178,"C",RL,11/6/2007,4/15/2008,True,"Line Leak - Ormat Recovery Facility","Ormat Technologies Inc.","12805 370th Avenue",Wetonka,57481,Edmunds,45.5320053,-98.7870941,,,,"","0.00","","Heat Transfer Fluid","50.00000",gallons,"Chemical","Other(See Case File)","Industrial","Operating System","False","Line Leak",,"null",,"","256",11027
2008.061,"C",RL,4/11/2008,5/14/2008,True,"Fuel Oil Impacted Soils @ former Thomas Property","Norbert Thomas","2007 4th Avenue",Bowdle,57428,Edmunds,45.4517021,-99.65495,123N,73W,21,"SE","0.00","","Fuel Oil                                          ","0.00000",,"Petroleum","Other(See Case File)","Residential","AST","False","Spillage",,"7263",,"","256",11143
2008.140,"C",RL,7/22/2008,11/5/2008,True,"SD Wheat Growers- Leaking Transport Tank","SD Wheat Growers","201 N. Richmond",Roscoe,57471,Edmunds,45.4495,-99.341835,123N,71W,24,"","0.00","","anhydrous ammonia                                 ","1000.00000",gallons,"Agri Chem","Other(See Case File)","Commercial","Nurse Tank","False","Valve Leak",,"null",08T072225,"","260",11226
2008.202,"NFA",TF,10/24/2008,12/22/2008,True,"ATP - Ipswich Public School","Ipswich Public 22-6","211 5th Street",Ipswich,57451,Edmunds,45.446167,-99.0315857,,,,"","0.00","","Fuel Oil                                          ","0.00000",,"Petroleum","ATP","Public","UST","False","Leakage",3052,"7267",,"","260",11297
2008.218,"C",RL,11/17/2008,12/8/2008,True,"AP Xpress - Nozzle Spill","Edmunds Central School District","105 E. Merril Avenue",Roscoe,57471,Edmunds,45.4487076,-99.33772,,,,"","0.00","","Diesel                                            ","20.00000",gallons,"Petroleum","Other(See Case File)","Commercial","UST","True","Unattended Nozzle",,"7344",,"","260",11319
2009.174,"C",RL,11/10/2009,11/19/2009,True,"Petroleum Odor - Storm Sewer near Ken's Food","Unknown","US 12 & 6th Avenue (SE Corner)",Ipswich,57451,Edmunds,45.4478149,-99.03203,,,,"","0.00","","Petroleum                                         ","0.00000",,"Petroleum","Other(See Case File)","Commercial","UST","False","Leakage",,"7462",,"","270",11549
2010.159,"C",RL,8/2/2010,8/24/2010,True,"Damaged Tank @ North Central Farmer's Elevator","Dependable Sanitation","SD Hwy 45 & Alma Avenue",Ipswich,57451,Edmunds,45.4429855,-99.02904,,,,"","0.00","","Waste Oil                                         ","100.00000",gallons,"Oil","Other(See Case File)","Industrial","AST","False","Damage",,"null",,"","276",11749
2011.086,"C",BM,5/25/2011,6/27/2012,True,"Overturned Transport Tank","Prescription Agronomics, LLC","1 mi. South and 1 1/2 mi. West of Ipswich",Ipswich,57541,Edmunds,45.4335556,-99.06131,,,,"","0.00","","Liquid Fertilizer 28%                             ","1200.00000",gallons,"Agri Chem","Other(See Case File)","Other(See Case File)","Transport Trailer","False","Transport Accident",,"null",11DB052608,"","287",11996
2011.186,"C",TK,10/26/2011,1/25/2012,True,"MDU Transformer Spill at Mobile Home","Montana Dakota Utilities","Euclid Avenue",Ipswich,57451,Edmunds,45.45128,-99.03209,,,,"","0.00","","Mineral Oil                                       ","10.00000",Gallons,"Oil","Other(See Case File)","Residential","Transformer","False","Damage",,"null",,"","",12106
2011.213,"NFA",BM,12/12/2011,1/24/2012,True,"Transportation Accident","Evelyn Layton","Hwy 12 & 370th Ave",Mina,57462,Edmunds,45.4468575,-98.7843,,,,"","0.00","","Diesel                                            ","85.00000",gallons,"Petroleum","Other(See Case File)","Other(See Case File)","Truck Tank","False","Transport Accident",,"null",,"","",12138
2012.119,"C",TK,6/15/2012,7/13/2012,True,"Agri Chem Spill - Aircraft Accident","Tri County Ag Service","Airport Runway, 13324 359th Avenue",Ipswich,57451,Edmunds,45.45479,-99.01015,,,,"","0.00","","Fertilizer & Insecticide                          ","302.00000",gallons,"Agri Chem","Other(See Case File)","Other(See Case File)","Aircraft Tanks","False","Accident",,"null",12DB061819,"","288",12380
2012.121,"C",TK,6/19/2012,11/2/2012,True,"Grassland Colony - Transport Accident","Grassland Colony","8 miles N of Highway 12",Wetonka,57481,Edmunds,45.55999,-98.7840042,,,,"","0.00","","Glyphosate                                        ","270.00000",gal,"Agri Chem","Other(See Case File)","Other(See Case File)","Tote","False","Displaced Load",,"null",12DB061920,"","288",12382
2012.132,"NFA",TF,7/2/2012,7/5/2012,True,"ATP - Haberer's Implement","DeWayne Weiszhaar","7087 South 4th Avenue",Bowdle,57428,Edmunds,45.4462929,-99.6545,,,,"","0.00","","petroleum                                         ","0.00000",,"Petroleum","ATP","Commercial","UST","True","Leakage",3238,"7698",,"","286",12394
2013.171,"C",RL,7/29/2013,8/13/2013,True,"Petroleum Contamination - Ipswich School","Ipswich School District","SE at 3rd Avenue and 5th Street",Ipswich,57451,Edmunds,45.4462242,-99.03051,,,,"","0.00","","Petroleum                                         ","0.00000",,"Oil","Other(See Case File)","Other(See Case File)","Historical","False","Unknown",,"null",,"","294",12741
2013.215,"C",TF,10/1/2013,1/16/2014,True,"ATP - Bowdle School","Bowdle School District","3083 2nd Avenue",Bowdle,57428,Edmunds,45.45067,-99.65149,,,,"","0.00","","Fuel Oil                                          ","0.00000",,"Petroleum","ATP","Other(See Case File)","UST","False","Leakage",3317,"7818",,"","295",12789
2013.216,"C",TF,10/1/2013,1/15/2014,True,"ATP - Kurle Property","Alvin Kurle","4076 5th Avenue",Bowdle,57428,Edmunds,45.44972,-99.65697,,,,"","0.00","","Fuel Oil                                          ","0.00000",,"Petroleum","ATP","Residential","UST","False","Leakage",3316,"7816",,"","295",12790
2013.217,"NFA",TF,10/1/2013,1/17/2014,True,"ATP - Former Hosmer School","Dale Roesch","202 5th Street West",Hosmer,57448,Edmunds,45.5774231,-99.4772,,,,"","0.00","","Fuel Oil                                          ","0.00000",,"Petroleum","ATP","Other(See Case File)","UST","False","Leakage",3304,"7800",,"","295",12791
2013.249,"C",TF,10/8/2013,12/12/2013,True,"ATP - Ipswich School","Ipswich School District","211 5th Street",Ipswich,57451,Edmunds,45.4460831,-99.0309,,,,"","0.00","","Fuel Oil                                          ","0.00000",,"Petroleum","ATP","Other(See Case File)","UST","False","Leakage",3342,"7856",,"","295",12834
2014.165,"C",TK,7/30/2014,8/7/2014,True,"Glacial Lakes Caustic Spill","Glacial lakes Energy","13435 370th Avenue",Mina,57451,Edmunds,45.44361,-98.7874146,,,,"","0.00","","NaOH & H2O                                        ","300.00000",gal,"Other(See Case File)","Other(See Case File)","Industrial","Operating System","False","Equipment Failure",,"null",,"","297",13099
2014.232,"C",TK,10/29/2014,11/13/2014,True,"SDWG fuel spill in field","South Dakota Wheat Growers","14550 368th Ave",Mina,57451,Edmunds,45.2809677,-98.8258057,121N,66W,19,"","0.00","","Diesel Fuel                                       ","60.00000",gal,"Petroleum","Other(See Case File)","Agricultural","Truck Tank","False","Damage",,"8033",,"","298",13172
2015.132,"NFA",GMS,7/10/2015,8/11/2015,True,"Former AST Facility - North Central Farmers","North Central Farmers Elevator","SW at Hwy 45 and railroad tracks",Ipswich,57451,Edmunds,45.4421768,-99.03137,,,,"null","null","null","Petroleum                                         ","null",,"Petroleum","Other(See Case File)","Commercial","AST","True","Overfill",,"8117",,"null","301",13420
2015.140,"C",KN ,7/16/2015,9/15/2015,True,"Section Three Spill - Pembrook Colony","Pembrook Colony","Hwy 12 and Hwy 45 ",Ipswich,57451,Edmunds,45.4477844,-99.03315,,,,"null","null","null","Section Three Herbicide ","null",,"Agri Chem","Other(See Case File)","Other(See Case File)","Transport Tank","False","Equipment Failure",,"null",,"null","301",13429
2015.212,"C",KN ,10/22/2015,11/30/2015,True,"Transportation Accident - Semi vs Semi","Malsam Farms","12988 342nd Ave",Roscoe,57471,Edmunds,45.5066376,-99.33814,,,,"null","null","null","Diesel                                            ","40.00000",gallons,"Combined(See Case File)","Other(See Case File)","Agricultural","Truck","False","Transport Accident",,"null",,"null","301",13515
2015.222,"NFA",TF ,10/28/2015,2/15/2017,True,"ATP - Arcuri Property","Bob Arcuri","6075  4th  Street",Bowdle,57428,Edmunds,45.4498062,-99.65943,,,,"null","null","null","Fuel Oil                                          ","null",,"Petroleum","ATP","Residential","UST","False","Leakage",3515,"8152",,"null","null",13531
2015.223,"C",TF ,10/28/2015,12/28/2015,True,"ATP - Oster Property","Lauren Oster","6075 South 5th Street",Bowdle,57428,Edmunds,45.4483337,-99.65917,,,,"null","null","null","Fuel Oil                                          ","null",,"Petroleum","ATP","Residential","UST","False","Leakage",3507,"8134",,"null","301",13533
2015.236,"C",RL ,11/6/2015,11/20/2015,True,"Diesel Spill at Glacial Lakes Energy facility","North Central Farmers Elevator","13435  370th  Avenue",Mina,57451,Edmunds,45.4459648,-98.7883453,,,,"null","null","null","Diesel                                            ","60.00000",gallons,"Petroleum","Other(See Case File)","Industrial","Truck Tank","False","Damage",,"8169",,"null","301",13550
2016.107,"C",TF ,6/9/2016,1/11/2017,True,"ATP - Ipswich Maintenance Shop","SD Department of Transportation","E Hwy 12 ",Ipswich,57451,Edmunds,45.44891,-99.0202,,,,"null","null","null","Petroleum                                         ","null",,"Petroleum","ATP","Other(See Case File)","UST","True","Line Leak",3517,"8153",,"null","null",13693
2016.138,"NFA",MSB,7/22/2016,8/6/2021,True,"Dowtherm Spill - Heat Recovery Plant #CS9","Ormat Nevada Inc","12805  370th  Avenue",Wetonka,57481,Edmunds,45.53208,-98.78733,,,,"null","null","null","Heat Transfer Fluid","105.00000",gallons,"Oil","Other(See Case File)","Industrial","Portable Tank","False","Equipment Failure",,"null",,"null","null",13730
2016.161,"NFA",KM ,8/15/2016,6/29/2017,True,"Ipswich Sewer Project","Unknown","Alma Ave, east of 3rd Street, near alley",Ipswich,57451,Edmunds,45.44331,-99.02575,,,,"null","null","null","Petroleum                                         ","null",,"Petroleum","Other(See Case File)","Other(See Case File)","Unknown(See Case File)","False","Unknown",,"null",,"null","null",13758
2016.205,"NFA",MSB,11/15/2016,8/6/2021,True,"Dowtherm Spill at CS9 Heat Recovery Plant","Ormat Nevada Inc","12805  370th  Avenue",Wetonka,57481,Edmunds,45.53208,-98.78721,,,,"null","null","null","Heat Transfer Fluid","2000.00000",gallons,"Oil","Other(See Case File)","Industrial","Operating System","False","Leakage",,"null",,"null","null",13806
2017.095,"NFA",RL ,6/17/2017,7/7/2017,True,"Durango Spill - Plainview Colony","Plainview Colony","125 Street near 359 Avenue",Leola,57456,Edmunds,45.5782242,-99.01347,,,,"null","null","null","Durango Herbicide                                 ","20.00000",gallons,"Agri Chem","Other(See Case File)","Other(See Case File)","Spray Cone","False","Operator Error",,"null",17TU061702,"null","null",14019
2018.050,"C",RL ,4/9/2018,4/20/2018,True,"Locken Oil at Agtegra Farm Store","Locken Oil Company","120  5th  Avenue  (Hwy 12)",Ipswich,57451,Edmunds,45.4486771,-99.0233459,,,,"null","null","null","Diesel                                            ","57.00000",gallons,"Petroleum","Other(See Case File)","Commercial","AST","True","Disconnected Hose ",,"null",,"null","null",14228
2018.068,"C",KN ,5/7/2018,7/9/2018,True,"Diesel Spill","Agtegra","140th Street & 366th Ave",Mina,57451,Edmunds,45.3676872,-98.85814,,,,"null","null","null","Diesel","70.00000",Gallons,"Petroleum","Other(See Case File)","Agricultural","Equipment","False","Broken Pipe ",,"null",,"null","null",14247
2019.056,"NFA",PDM,4/24/2019,5/21/2019,True,"Diesel Release - Agtegra Cooperative Farm Store","Agtegra Cooperative Farm Store","20 Fifth Avenue",Ipswich,57451,Edmunds,45.4483871,-99.0228653,,,,"null","null","null","Diesel                                            ","20.00000",gallons,"Petroleum","Other(See Case File)","Commercial","AST","True","Leakage",,"8441",,"null","null",14487
2019.077,"NFA",KAM,5/20/2019,7/16/2019,True,"Fertilizer Spill","Darrell Davis","357th Ave btwn 125th & 126th St.",Ipswich,57451,Edmunds,45.5694962,-99.04884,,,,"null","null","null","liquid fertilizer                                 ","1000.00000",gallons,"Agri Chem","Other(See Case File)","Agricultural","Transportation","False","Transport Accident",,"null",19MM052003,"null","null",14510
2019.176,"C",PDM,8/27/2019,10/2/2019,True,"Anonymous Dumping Report - Tolstoy","unknown","14411 327th Avenue",Tolstoy,57475,Edmunds,45.30237,-99.62812,,,,"null","null","null","Diesel, Gasoline                                  ","null",,"Petroleum","Other(See Case File)","Agricultural","No Release","False","No Release",,"null",,"null","null",14620
2019.193,"C",TK ,10/24/2019,10/29/2019,True,"Concerned Citizen - Chemical Exposure","Schurr Farms","307 4th Avenue NE",Roscoe,57471,Edmunds,45.45552,-99.33459,,,,"null","null","null","Agri Chem                                         ","null",,"Agri Chem","Other(See Case File)","Residential","Unknown(See Case File)","False","Unknown",,"null",,"null","null",14639
2019.196,"NFA",JAM,10/28/2019,11/1/2019,True,"Agtegra Bulk Facility - Bowdle","Agtegra Coop","3044 Railroad Street",Bowdle,57428,Edmunds,45.45404,-99.64976,123N,73W,12,"SE","null","null","Diesel                                            ","null",,"Petroleum","Other(See Case File)","Industrial","AST","True","Leaks and Spills",,"null",,"null","null",14643
2020.015,"C",BH,2/29/2020,8/18/2020,True,"Ethanol Loadout Spill","Aberdeen Energy","13435 370th Ave",Mina,57451,Edmunds,45.4427643,-98.78916,123N,66W,29,"NE","null","null","Ethanol                                           ","100.00000",Gallons,"Chemical","Other(See Case File)","Industrial","Railcar","False","Pump Leak",,"null",,"null","null",14703
2020.045,"C",JAM,5/15/2020,6/24/2020,True,"Dicamba in Drain Field - Malsam Farms","Malsam Farms","12988 342 Avenue",Roscoe,57471,Edmunds,45.5076065,-99.33774,,,,"null","null","null","Dicamba","125.00000",gallons,"Agri Chem","Other(See Case File)","Agricultural","Bulk Storage","False","Handling",,"null",20MM051502,"null","null",14736
2020.113,"C",JAM,8/11/2020,11/10/2020,True,"2 Vehicle Collision - Bowdle","Medical Waste Transport Inc","500 feet East Highway 12 and 328th Avenue",Bowdle,57248,Edmunds,45.4448624,-99.603775,,,,"null","null","null","Diesel                                            ","100.00000",gallons,"Petroleum","Other(See Case File)","Public","Saddle Tank","False","Transport Accident",,"null",,"null","null",14810
2021.010,"C",JAM,1/20/2021,1/28/2021,True,"Diesel Release - Truck Overfill","Agtegra Cooperative","20 5th Avenue",Ipswich,57451,Edmunds,45.4483261,-99.02285,,,,"null","null","null","Diesel","90.00000",gallons,"Petroleum","Other(See Case File)","Commercial","Truck Tank","False","Overfill",,"null",,"null","null",14916
2021.097,"C",GK,7/7/2021,2/28/2022,True,"Ethanol Release","Glacial Lakes Energy","13435 370th Street",Mina,57451,Edmunds,44.6173363,-103.85865,,,,"null","null","null","Denatured ethanol                                 ","394.00000",Gallons,"Other(See Case File)","Other(See Case File)","Industrial","Transport Tank","False","Open Valve",,"null",,"null","null",15008
2021.112,"C",GK,8/2/2021,8/18/2021,True,"Roscoe Agtegra - Used Oil","Agtegra Cooperative","13345 341st Ave",Roscoe,57471,Edmunds,45.4556732,-99.35748,,,,"null","null","null","Used Oil                                          ","50.00000",gallons,"Oil","Other(See Case File)","Commercial","Tank","False","Tank Failure",,"null",,"null","null",15026
2021.139,"NFA",MSB,8/23/2021,9/8/2021,True,"Phase 2 Buffalo Station","Shirley and Dominick Luond","5 US Highway 12",Ipswich,57451,Edmunds,45.4472847,-99.0207062,,,,"null","null","null","Petroleum (Benzene)         ","null",,"Petroleum","Other(See Case File)","Commercial","UST","True","Unknown",,"null",,"null","null",15058
2021.145,"C",GK,9/8/2021,8/4/2022,True,"Sun Terminal - Liquid Fertilizer Release","Agtegra Cooperative","36061 US HWY 12",Ipswich,57451,Edmunds,45.4440842,-98.97363,,,,"null","null","null","Ammonium Thiosulfate                              ","4000.00000",gallons,"Agri Chem","Other(See Case File)","Commercial","AST","False","Valve Leak",,"null",21MM090812,"null","null",15064
2021.195,"NFA",JAM,11/24/2021,7/26/2022,True,"Liquid Fertilizer Rollover - Ipswich","Beidler Trucking","Highway 45",Cresbard,57435,Edmunds,45.24893,-99.0305557,,,,"null","null","null","Liquid Fertilizer 28%                             ","1000.00000",gallons,"Agri Chem","Other(See Case File)","Other(See Case File)","Transport Tank","False","Transport Accident",,"null",22JM112403,"null","null",15119
2021.197,"C",BH,12/1/2021,2/28/2022,True,"Ethanol Release","Glacial Lakes Energy","13435 370th Ave",Mina,57451,Edmunds,45.443325,-98.7893143,,,,"null","null","null","Ethanol                                           ","3000.00000",Gallons,"Other(See Case File)","Other(See Case File)","Industrial","Transport Trailer","False","Equipment Failure",,"null",,"null","null",15122
2021.209,"C",BH,12/27/2021,8/8/2022,True,"Glacial Lakes Energy- Corn Oil Release","Glacial lakes Energy ","13435 370th Ave ",Mina,57451,Edmunds,45.44354,-98.7869644,,,,"null","null","null","Corn Oil","25.00000",Gallons,"Other","Other(See Case File)","Industrial","Operating System","False","Equipment Failure",,"null",,"null","null",15136
2022.033,"C",GK,2/24/2022,4/25/2022,True,"Glacial Lakes Corn Oil","Glacial Lakes Energy","13435 370th Ave",Mina,57451,Edmunds,45.4412231,-98.78849,,,,"null","null","null","Corn Oil","480.00000",gallons,"Oil","Other(See Case File)","Industrial","AST","False","Equipment Failure",,"null",,"null","null",15175
2022.046,"NFA",GK,3/21/2022,7/27/2022,True,"TFI - Head-on Collision Diesel","TFI International","34240 US-12 (APPX)",Roscoe,57471,Edmunds,45.4498634,-99.3237,,,,"null","null","null","Diesel                                            ","50.00000",gallons,"Petroleum","Other(See Case File)","Public","Saddle Tank","False","Transport Accident",,"null",,"null","null",15188
2022.064,"C",GK,4/25/2022,5/23/2022,True,"Glacial Lakes Corn Oil","Glacial Lakes Energy","13435 370th Ave",Mina,57451,Edmunds,45.44359,-98.78646,,,,"null","null","null","Corn Oil","300.00000",gallons,"Oil","Other(See Case File)","Industrial","Tank","False","Open Valve",,"null",,"null","null",15208
2022.077,"C",GK,5/12/2022,5/26/2022,True,"Corn oil Spill in Containment","Glacial Lakes Energy","13435 370th Avenue",Mina,57451,Edmunds,45.44331,-98.78932,,,,"null","null","null","Corn oil","1174.00000",lbs,"Oil","Other(See Case File)","Industrial","Railcar","False","Equipment Failure",,"null",,"null","null",15222
2022.155,"O",JAM,9/7/2022,,True,"Semi Collision Edmunds County","Dupper Feedlot Services","Highway 12, mile marker 236",Bowdle,57428,Edmunds,45.4462166,-99.58439,,,,"null","null","null","Diesel                                            ","100.00000",gallons,"Petroleum","Other(See Case File)","Other(See Case File)","Saddle Tank","False","Transport Accident",,"null",,"null","null",15309
2022.214,"O",MSB,4/27/2022,,True,"LUST Trust - City of Roscoe","City of Roscoe","Centerline of Merrill Avenue",Roscoe,57471,Edmunds,45.44854,-99.3370056,123N,70W,19,"SW","null","null","Petroleum                                         ","null",,"Petroleum","Lust Trust","Public","Unknown(See Case File)","False","Unknown",,"null",,"null","null",15376
2023.013,"C",GK,2/14/2023,3/8/2023,True,"Mina GLE Alcohol","Glacial Lakes Energy - Mina","13435 370th Ave",Mina,57451,Edmunds,45.4430542,-98.7872543,123N,66W,28,"null","null","null","Alcohol                                           ","800.00000",gallons,"Other(See Case File)","Other(See Case File)","Other(See Case File)","Pump","False","Equipment Failure",,"null",,"null","null",15399
2023.082,"C",GK,6/30/2023,7/31/2023,True,"Mina GLE Ethanol Containment","Glacial Lakes Energy","13435 370th Ave",Mina,57451,Edmunds,45.4414749,-98.78886,123N,66W,28,"null","null","null","ethanol","5170.00000",gallons,"Other(See Case File)","Other(See Case File)","Commercial","Railcar","False","Overfill",,"null",,"null","null",15472
2023.154,"O",MJP,10/24/2023,,True,"Agtegra Bowdle Containment Discharge","Agtegra","32450 US-12",Bowdle,57428,Edmunds,45.45071,-99.68685,,,,"null","null","null","Fertilizer 10-34-0                                ","1000.00000",gallons,"Agri Chem","Other(See Case File)","Commercial","Containment Structure ","False","Discharge",,"null",,"null","null",15552
2024.046,"C",JAM,3/20/2024,4/26/2024,True,"OREG1 CS-9 (ORMAT) - Pentane Release","Ormat","12805 370th Avenue",Wetonka,57481,Edmunds,45.53197,-98.787056,,,,"null","null","null","Pentane","1000.00000",pounds,"Other(See Case File)","Other(See Case File)","Agricultural","Equipment","False","Equipment Failure",,"null",,"null","null",15641
7777.010,"T",,,,False,"Former Landfill Site - Bowdle","City of Bowdle","32755 134th Street (approximate)",Bowdle,57428,Edmunds,45.4492226,-99.61471,123N,73W,23,"SE","0.65","","                                                  ","0.00000",,"Other(See Case File)","Former Landfill","Other(See Case File)","Wastes","False","Past Practices",,"null",,"SW233","",12279
7777.025,"T",,,,False,"Former Landfill Site - Loyalton","Town of Loyalton","34580 145 Street (approximate)",Loyalton,57471,Edmunds,45.2913132,-99.283,121N,70W,16,"SE","0.34","","                                                  ","0.00000",,"Other(See Case File)","Former Landfill","Other(See Case File)","Wastes","False","Past Practices",,"null",,"SW443","",12294
7777.028,"T",,,,False,"Former Landfill Site - Roscoe","City of Roscoe","13525 343 Avenue (approximate)",Roscoe,57471,Edmunds,45.4306068,-99.3184,123N,70W,32,"NW","1.39","","                                                  ","0.00000",,"Other(See Case File)","Former Landfill","Other(See Case File)","Wastes","False","Past Practices",,"null",,"SW517","",12297
9999.095,"W",,,,True,"Withdrawn ATP - NW Bell Telephone","Ipswich State Bank","305 1st Avenue",Ipswich,57451,Edmunds,45.44456,-99.02714,,,,"","0.00","","                                                  ","0.00000",,"Other(See Case File)","Withdrawn ATP","Commercial","Other(See Case File)","False","null",1398,"5388",,"","249",10753
9999.247,"W",,,,True,"Withdrawn ATP - United Senior Housing","United Senior Housing Inc.","217 1st Avenue",Ipswich,57451,Edmunds,45.4440651,-99.02604,,,,"null","null","null","null","null",,"Other(See Case File)","Withdrawn ATP","Residential","UST","False","null",3381,"7912",,"null","300",13321
90004.000,"C",DP,2/20/1991,2/20/1991,True,"D & D Oil Company","D & D Oil Company","Hwy 12 and 4th Ave.",Bowdle,57428,Edmunds,45.44538,-99.65516,,,,"","0.00","","                                                  ","0.00000",,"Other(See Case File)","Clean Site","Commercial","UST","True","No Release",,"546",,"","",8239
91032.000,"C",TK,1/30/1991,3/6/1991,True,"Bowdle Tolstoy Cenex","Bowdle Tolstoy Cenex","NE at 4th Ave and 2nd Street",Bowdle,57428,Edmunds,45.4522476,-99.6550446,,,,"","0.00","","                                                  ","0.00000",,"Other(See Case File)","Clean Site","Commercial","UST","True","No Release",,"506",,"","",8320
92040.000,"C",RC,12/14/1992,12/23/1992,True,"U.S. West Bowdle Central Office","U.S. West Communications","5th Ave. and Main Street",Bowdle,57428,Edmunds,45.4531631,-99.65654,,,,"","0.00","","                                                  ","0.00000",,"Other(See Case File)","Clean Site","Commercial","UST","False","No Release",,"null",,"","",8403
95031.000,"C",KH,11/14/1995,12/6/1995,True,"Game, Fish, & Parks (SD GF&P)","SD Game Fish and Parks  (SD GF&P)","Mina Lake Recreation Area",Mina,57462,Edmunds,45.4445076,-98.74106,,,,"","0.00","","                                                  ","0.00000",,"Other(See Case File)","Clean Site","Public","UST","True","No Release",,"2949",,"","",8591
95040.000,"C",RC,12/14/1995,1/5/1996,True,"Ipswich Radio Tower","US West","Ipswich Radio Tower",Ipswich,57451,Edmunds,45.53468,-99.02814,,,,"","0.00","","                                                  ","0.00000",,"Other(See Case File)","Clean Site","Other(See Case File)","UST","True","No Release",,"null",,"","",8600
96020.000,"C",KH,10/7/1996,10/21/1996,True,"D & D Oil Company","D & D Oil Company","Highway 12 & 4th Ave, SW corner",Bowdle,57428,Edmunds,45.44499,-99.65541,,,,"","0.00","","                                                  ","0.00000",,"Other(See Case File)","Clean Site","Commercial","UST","True","No Release",,"null",,"","",8623
2001027.000,"C",KM,6/30/2000,7/5/2001,True,"Clean ATP - Old Dehnert International Harvester","City of Ipswich","121 4th Avenue",Ipswich,57451,Edmunds,45.4446,-99.02947,,,,"","0.00","","                                                  ","0.00000",,"Other(See Case File)","ATP","Commercial","UST","True","No Release",201,"4128",,"","204",8891
2001028.000,"C",KM,3/29/2001,6/28/2001,True,"Clean ATP - Leo Hartman Property","Leo Hartman","1011 South 7th Avenue",Bowdle,57428,Edmunds,45.4528732,-99.65914,,,,"","0.00","","                                                  ","0.00000",,"Other(See Case File)","ATP","Residential","UST","False","No Release",805,"4747",,"","204",8892
2001029.000,"C",KM,4/9/2001,7/5/2001,True,"Clean ATP - John Eisenbeisz Property","John Eisenbeisz","33920 127th Street",Hosmer,57448,Edmunds,45.5505142,-99.39709,,,,"","0.00","","                                                  ","0.00000",,"Other(See Case File)","ATP","Agricultural","UST","False","No Release",874,"4960",,"","204",8893
2001030.000,"C",KM,8/30/2000,7/5/2001,True,"Clean ATP - Dennis Schock Property","Dennis Schock","2075 First Avenue",Bowdle,57428,Edmunds,45.4518661,-99.6506042,,,,"","0.00","","                                                  ","0.00000",,"Other(See Case File)","ATP","Residential","UST","True","No Release",353,"4275",,"","204",8894
2001031.000,"C",KM,4/3/2001,7/5/2001,True,"Clean ATP - Herrboldt and Company, Inc.","Arnold Herrboldt","202 Main Street",Hosmer,57448,Edmunds,45.5783424,-99.47299,,,,"","0.00","","                                                  ","0.00000",,"Other(See Case File)","ATP","Commercial","UST","True","No Release",905,"4904",,"","204",8895
2001032.000,"C",KM,6/21/2000,6/28/2001,True,"ATP - Former Ford Garage (no tank found)","Kenneth Bachman","NE Corner Main and Alma",Ipswich,57451,Edmunds,45.4434738,-99.02756,,,,"","0.00","","                                                  ","0.00000",,"Other(See Case File)","ATP","Commercial","UST","False","No Tank Found",254,"4198",,"","204",8896
2001033.000,"C",KM,4/5/2001,6/28/2001,True,"Clean ATP - Turner Drug","Douglas Turner","3033 Main Street",Bowdle,57428,Edmunds,45.4526939,-99.65437,,,,"","0.00","","                                                  ","0.00000",,"Other(See Case File)","ATP","Commercial","UST","False","No Release",469,"4916",,"","204",8897
2001034.000,"C",KM,4/3/2001,6/28/2001,True,"Clean ATP - Darrell Davis Farm","Darrell Davis","12434 357th Avenue",Ipswich,57451,Edmunds,45.5879326,-99.04838,,,,"","0.00","","                                                  ","0.00000",,"Other(See Case File)","ATP","Agricultural","UST","False","No Release",875,"4961",,"","204",8898
2001035.000,"C",KM,3/9/2001,6/28/2001,True,"Clean ATP - Bowdle City Library","City of Bowdle","8001 West 5th Street",Bowdle,57428,Edmunds,45.45314,-99.65338,,,,"","0.00","","                                                  ","0.00000",,"Other(See Case File)","ATP","Public","UST","True","No Release",521,"4461",,"","204",8899
2001108.000,"C",KM,5/29/2001,8/10/2001,True,"Clean ATP - Bieber Farm","Jim Bieber","Approximately 5 miles NE of Tolstoy",Tolstoy,57466,Edmunds,45.2763252,-99.54334,,,,"","0.00","","                                                  ","0.00000",,"Other(See Case File)","ATP","Agricultural","UST","False","No Release",1528,"5472",,"","205",8972
2001355.000,"C",KM,9/10/2001,10/30/2001,True,"Clean ATP - J. Priebe Property","Dennis Moore","607 North Broadway  (3rd & Broadway)",Roscoe,57471,Edmunds,45.454113,-99.3361359,,,,"","0.00","","                                                  ","0.00000",,"Other(See Case File)","ATP","Residential","UST","False","No Release",1640,"5590",,"","205",9219
2001356.000,"C",KM,9/10/2001,10/30/2001,True,"Clean ATP - Roscoe Senior Housing","Lorraine Reidt","309 Broadway Street  (Addison & Broadway)",Roscoe,57471,Edmunds,45.4513931,-99.33615,,,,"","0.00","","                                                  ","0.00000",,"Other(See Case File)","ATP","Residential","UST","False","No Release",1639,"5589",,"","205",9220
2001357.000,"C",KM,9/10/2001,10/30/2001,True,"Clean ATP - Binfet Property","Clemence Binfet","Rural Edmunds County   (307 Ave)",Onaka,57466,Edmunds,45.3145523,-99.44306,121,71,7,"NE","0.00","","                                                  ","0.00000",,"Other(See Case File)","ATP","Agricultural","UST","False","No Release",1454,"5394",,"","204",9221
2001358.000,"C",KM,9/10/2001,10/30/2001,True,"Clean ATP - Mertz Property","Lenora Mertz","4010 6th Street",Bowdle,57428,Edmunds,45.4497337,-99.65825,,,,"","0.00","","                                                  ","0.00000",,"Other(See Case File)","ATP","Residential","UST","False","No Release",1529,"5473",,"","205",9222
2001361.000,"C",KM,9/10/2001,10/30/2001,True,"ATP - Schaible Property (no tank found)","Joanne Schaible","5048 5th Street",Bowdle,57428,Edmunds,45.44868,-99.65791,,,,"","0.00","","                                                  ","0.00000",,"Other(See Case File)","ATP","Residential","UST","False","No Tank Found",1693,"5647",,"","205",9225
2002239.000,"C",KM,2/3/2003,6/11/2003,True,"Clean ATP - Heinz Farm","Larry Heinz","34077 147th Street",Loyalton,57466,Edmunds,45.25876,-99.36355,,,,"","0.00","","                                                  ","0.00000",,"Other(See Case File)","ATP","Agricultural","UST","False","No Release",2527,"6464",,"","220",10096
2012018.000,"C",TF,10/11/2012,11/29/2012,True,"Clean ATP - Person Property","Herman Person","3rd Avenue & 3rd Street",Bowdle,57428,Edmunds,45.45111,-99.65361,,,,"","0.00","","                                                  ","0.00000",,"Other(See Case File)","ATP","Other(See Case File)","UST","False","No Release",3269,"7745",,"","289",12476
2012019.000,"C",TF,10/11/2012,12/31/2012,True,"Clean ATP - Redeemer Lutheran Church","Redeemer Lutheran Church","8074 West 5th Street",Bowdle,57428,Edmunds,45.44885,-99.66219,,,,"","0.00","","                                                  ","0.00000",,"Other(See Case File)","ATP","Other(See Case File)","UST","False","No Release",3266,"7737",,"","289",12477
2015027.000,"C",TF ,10/28/2015,12/28/2015,True,"Clean ATP - Oster Property","Lauren Oster","5047  South 5th Street",Bowdle,57428,Edmunds,45.4484444,-99.65778,,,,"null","null","null","null","null",,"Other(See Case File)","ATP","Other(See Case File)","UST","False","No Release",3506,"8133",,"null","302",13532