id,status,r1,date_rep,date_close,image,site_name,resp_party,street,city,zip_code,county,latitude,longitude,township,range,section,secq1,acreage,instctrls,material,amount,units,spill_cat,site_type,proptype,sor_type,regulated,cause_type,atp_no,prcfnumber,ag_no,solidwaste,microroll,siteid
88.003,"C",BL,1/15/1988,10/5/1991,True,"Elwood Baird School","White Lake School District","East Division Street",White Lake,57383,Aurora,43.7306023,-98.7075653,103N,66W,11,"SW","0.00","","Diesel                                            ","0.00000",,"Petroleum","Other(See Case File)","Public","UST","False","Corrosion",,"null",,"","",609
88.100,"C",KM,7/3/1988,11/18/1991,True,"Coffee Cup Truck Stop - Nozzle Spill","Harms Oil","South Exit, I-90 & 281",Plankinton,57368,Aurora,43.6920853,-98.4445648,,,,"","0.00","","Gasoline                                          ","128.00000",gallons,"Petroleum","Other(See Case File)","Commercial","UST","True","Uncontrolled Nozzle",,"null",,"","",704
88.248,"C",GH,12/5/1988,2/14/1992,True,"Farmers Coop Oil  (Cenex) - Line Leaks","Farmers Coop Oil Company","Main Street",White Lake,57383,Aurora,43.7261543,-98.71417,,,,"","0.00","","Gasoline                                          ","0.00000",,"Petroleum","Other(See Case File)","Commercial","UST","True","Line Leak",,"0008",,"","",848
89.320,"C",LB,12/6/1989,6/30/2000,True,"McKee Trucking for United Agra - Transport Event","McKee Trucking","I-90: MM 299 East Bound",White Lake,57383,Aurora,43.7086334,-98.66999,,,,"","0.00","","Pesticide 2,4-D                                   ","0.00000",,"Agri Chem","Other(See Case File)","Other(See Case File)","Transport Truck","False","Overturned",,"null",,"","",1208
90.057,"C",LB,3/7/1990,6/26/1990,True,"Tri-Line Freight Systems - Cargo Leak","Tri-Line Freight Systems","4 mi. S. of Stickney",Stickney,57375,Aurora,43.52733,-98.43829,,,,"","0.00","","Spent Catalyst                                    ","0.00000",,"Chemical","Other(See Case File)","Other(See Case File)","Containers","False","Leakage",,"null",,"","",1292
90.208,"C",KM,6/4/1990,8/27/1990,True,"Transport Event","Pierre Farmers Elevator","13 mi. N. of White Lake",White Lake,57383,Aurora,43.9212646,-98.67447,105,65,6,"SE","0.00","","Diesel                                            ","100.00000",gallons,"Petroleum","Other(See Case File)","Other(See Case File)","Truck Tank","False","Transport Accident",,"null",,"","",1443
90.259,"C",KM,6/25/1990,6/30/2000,True,"Complaint - Diesel Spill","Unknown","I-90  Exit 296",White Lake,57383,Aurora,43.716156,-98.7165451,,,,"","0.00","","Diesel                                            ","0.00000",,"Petroleum","Other(See Case File)","Other(See Case File)","Transport Truck","False","Open Valve",,"null",,"","",1494
90.394,"NFA",NS,8/29/1990,10/2/2001,True,"Former Brink's Service - Tank System Replacement","Lawrence Brink","NE at Main & Davenport",Plankinton,57368,Aurora,43.71058,-98.48528,103N,64W,22,"NE","0.00","","Diesel, Gasoline                                  ","0.00000",,"Petroleum","Other(See Case File)","Commercial","UST","True","Leaks and Spills",,"1096",,"","225, 228",1629
90.409,"C",KM,10/4/1990,6/21/1991,True,"Dog Poisoning","Joyce Hanson","Main, 3 Blocks W of Bank",Plankinton,57368,Aurora,43.711113,-98.49154,,,,"","0.00","","Strychnine                                        ","0.00000",,"Chemical","Other(See Case File)","Residential","Containers","False","Handling",,"null",,"","",1644
90.486,"C",BL,10/5/1990,3/14/1994,True,"AJ's One Stop - System Upgrade","John Harless","501 South Main  (SE @ Main & Davenport)",Plankinton,57368,Aurora,43.71014,-98.48531,103,64,23,"NW","0.00","","Gasoline                                          ","0.00000",,"Petroleum","Other(See Case File)","Commercial","UST","True","Leaks and Spills",,"1166",,"","272",1721
90.605,"C",TK,11/28/1990,12/12/1990,True,"Colony - Tractor Spill","Cedar Grove Colony","10 mi  S. of White Lake",White Lake,57383,Aurora,43.5422935,-98.78213,101,66,19,"NE","0.00","","Diesel                                            ","20.00000",gallons,"Petroleum","Other(See Case File)","Other(See Case File)","Equipment","False","Overturned",,"null",,"","",1840
90.631,"C",TK,12/13/1990,1/2/1991,True,"Coop Elevator - Dumping Complaint","Coop Elevator","W of Elevator",Stickney,57375,Aurora,43.58876,-98.4409561,,,,"","0.00","","Unknown Substance                                 ","0.00000",,"Other(See Case File)","Other(See Case File)","Commercial","Unknown(See Case File)","False","No Release",,"null",,"","",1866
90.654,"C",TB,11/19/1990,6/13/1994,True,"Plankinton State Training School - Tank Replacement","SD Office of  State Engineer","NW @ Delavan and 387 Avenue",Plankinton,57368,Aurora,43.72518,-98.4666,103N,64W,14,"NE","0.00","","Gasoline                                          ","0.00000",,"Petroleum","Other(See Case File)","Public","UST","True","Spillage",,"1307",,"","",1889
91.148,"C",BL,4/18/1991,1/25/1992,True,"Aurora County Highway Dept. Shop","Aurora County Highway Dept.","409 N. Lawler (corner of Fitch & Lawler, near courthouse)",Plankinton,57368,Aurora,43.7178154,-98.48681,103N,64W,15,"SE","0.00","","Gasoline                                          ","0.00000",,"Petroleum","Other(See Case File)","Public","UST","True","Leakage",,"1449",,"","",2038
91.288,"C",KM,7/2/1991,8/2/1991,True,"State Training School","State Training School","Circle Drive",Plankinton,57368,Aurora,43.7244453,-98.46697,103N,64,14,"NE","0.00","","Fuel Oil                                          ","10.00000",gallons,"Petroleum","Other(See Case File)","Public","AST","False","Venting",,"null",,"","",2178
91.352,"I",NS,8/12/1991,5/13/1997,True,"Roadside 66 - Al's Cafe - Line Leaks","Dennis McDonald","NW @ Hwy 258 & I-90 MM308",Plankinton,57368,Aurora,43.70736,-98.48669,103N,64W,22,"SE","0.00","","Gasoline                                          ","500.00000",gallons,"Petroleum","Other(See Case File)","Commercial","UST","True","Line Leak",,"1571",,"","",2242
92.146,"C",GH,5/7/1992,10/5/1992,True,"Farmers Coop Oil - Spreader Spill","White Lake Farmers Coop. Oil","Old Hwy 16, 2 1/2 W. of White Lake",White Lake,57383,Aurora,43.73074,-98.75448,,,,"","0.00","","dry Fertilizer                                    ","10000.00000",,"Agri Chem","Other(See Case File)","Other(See Case File)","Spreader","False","Equipment Failure",,"null",,"","",2736
92.166,"C",RC,5/14/1992,10/12/1992,True,"Platte Oil Co. Transport Event","Dwayne Nydam","Hwy 281,  4 S of Town",Stickney,57375,Aurora,43.52691,-98.4382248,,,,"","0.00","","Petroleum                                         ","5000.00000",gallons,"Petroleum","Other(See Case File)","Other(See Case File)","Transport Truck","False","Transport Accident",,"2122",,"","",2756
92.175,"C",TK,5/21/1992,7/7/1992,True,"Farmers Coop Oil Company Transport Event","Farmers Coop Oil Company","Old Hwy 16, 1/2 Mile W. of White Lake",White Lake,57383,Aurora,43.7235451,-98.7058258,103N,66,14,"NW","0.00","","Diesel                                            ","70.00000",gallons,"Petroleum","Other(See Case File)","Other(See Case File)","Transport Trailer","False","Disconnected Hose ",,"null",,"","",2765
93.497,"NFA",NS,12/21/1993,10/2/2001,True,"Gales - Former B & M Service ","Marvin & Margaret Gales","NE at South Main & Highway 16/4th Street",White Lake,57383,Aurora,43.7242966,-98.71376,,,,"","0.00","","Gasoline                                          ","0.00000",,"Petroleum","Other(See Case File)","Commercial","UST","True","Corrosion",,"2251",,"","225,",3512
94.080,"C",TK,4/20/1994,5/16/1994,True,"Stern Oil Company Transport Event","Gillis Stern","3/4 Blk. W. of Main",White Lake,57383,Aurora,43.72584,-98.71436,,,,"","0.00","","Diesel                                            ","5.00000",gallons,"Petroleum","Other(See Case File)","Other(See Case File)","Transport Trailer","False","Equipment Failure",,"null",,"","",3615
96.182,"C",TK,6/20/1996,9/17/1996,True,"Transport Event","Charles Geppert","Fish Lake Near Fish Lake Country Club",Plankinton,57368,Aurora,43.7194672,-98.39324,,,,"","0.00","","Waste oil                                         ","15.00000",gallons,"Oil","Surface Water","Other(See Case File)","Portable Tank","False","Damage",,"null",,"","",4492
96.285,"I",SB,10/7/1996,11/23/1999,True,"Aurora Coop Oil - Tank Removals","Aurora Coop Oil Company","Highway 281 & 4th Street",Stickney,57375,Aurora,43.58584,-98.44193,,,,"","0.00","","Petroleum                                         ","0.00000",,"Petroleum","Other(See Case File)","Commercial","UST","True","Leakage",,"3109",,"","",4595
97.154,"C",KM,5/16/1997,9/15/1997,True,"Transport Event","Wallace Mohnen","2 South, 2 West, 1 South - Gravel Road",White Lake,57383,Aurora,43.6864967,-98.75445,103,66,33,"NW","0.00","","Liquid Fertilizer                                 ","1000.00000",gallons,"Agri Chem","Other(See Case File)","Other(See Case File)","Portable Tank","False","Tank Failure",,"null",,"","",4842
97.393,"C",MP,11/21/1997,1/30/1998,True,"Transport Event","Swinson Trucking","I-90, MM 301",White Lake,57383,Aurora,43.70871,-98.62991,,,,"","0.00","","diesel fuel                                       ","25.00000",gallons,"Petroleum","Other(See Case File)","Other(See Case File)","Truck Tank","False","Transport Accident",,"null",,"","237",5081
98.211,"C",KM,8/17/1998,12/9/1998,True,"Aurora County Highway  - Asphalt Release","Aurora County",""Jail Pond"",Plankinton,57368,Aurora,43.7166748,-98.48598,103N,64W,15,"","0.00","","Road Asphalt                                      ","2500.00000",,"Oil","Other(See Case File)","Public","AST","False","Open Valve",,"null",,"","",5319
99.121,"C",BM,4/20/1999,10/5/2000,True,"Glissendorf Fertilizer Spill","Ronald Glissendorf","37025 252nd Street / Old Hwy 16",White Lake,57383,Aurora,43.7303963,-98.78969,103N,66W,18,"","0.00","","liquid fertilizer                                 ","40.00000",gallons,"Agri Chem","Other(See Case File)","Agricultural","Nurse Tank","False","Equipment Failure",,"null",,"","230",5668
2001.033,"C",KM,2/9/2001,2/23/2001,True,"Jim Palmer Trucking - Accident","Jim Palmer Trucking","I-90  MM302",White Lake,57383,Aurora,43.70867,-98.60961,,,,"","0.00","","diesel fuel                                       ","70.00000",gallons,"Petroleum","Other(See Case File)","Other(See Case File)","Truck Tank","False","Damage",,"null",,"","231",6318
2001.073,"NFA",JF,4/27/2001,12/27/2005,True,"Storla Cenex","Cenex","24312 393rd Avenue",Storla,57368,Aurora,43.86268,-98.3521347,105,63,35,"NE","0.00","","Liquid Nitrogen                                   ","10000.00000",gallons,"Agri Chem","Other(See Case File)","Commercial","AST","False","Leakage",,"null",01N042707,"","252",6358
2001.112,"NFA",KH,6/4/2001,6/18/2003,True,"ATP - Former Agland Coop","Carol Hatle","415 Main Street",Stickney,57375,Aurora,43.5892944,-98.4365845,,,,"","0.00","","petroleum                                         ","0.00000",,"Petroleum","ATP","Commercial","UST","True","Corrosion",659,"4595",,"","219",6397
2001.113,"NFA",TF,6/4/2001,4/15/2020,True,"ATP - Horner Property","Steve Horner","39090 253rd Street",Plankinton,57368,Aurora,43.71676,-98.38592,,,,"","0.00","","fuel oil                                          ","0.00000",,"Petroleum","ATP","Residential","UST","False","Leakage",360,"4290",,"","",6398
2001.114,"NFA",KH,6/4/2001,12/30/2003,True,"ATP - City of Plankinton","City of Plankinton","108 West 3rd Street  (NE at 3rd & Lawler)",Plankinton,57368,Aurora,43.7162781,-98.48637,,,,"","0.00","","petroleum                                         ","0.00000",,"Petroleum","ATP","Public","UST","True","Corrosion",240,"4166",,"","224,",6399
2001.115,"NFA",TF,6/4/2001,2/17/2010,True,"ATP - St. John's Catholic Church","Anthony Erpenbachl","NW @ 3rd and Union Street",Plankinton,57368,Aurora,43.716362,-98.48078,,,,"","0.00","","fuel oil                                          ","0.00000",,"Petroleum","ATP","Other(See Case File)","UST","False","Overfills/Spillage",248,"4175",,"","273",6400
2001.116,"NFA",KM,6/4/2001,12/3/2002,True,"ATP - Titze Farm","Kenneth & Charlene Titze","38536 263rd Street",Stickney,57375,Aurora,43.57005,-98.4885559,101N,64W,10,"NE","0.00","","petroleum                                         ","0.00000",,"Petroleum","ATP","Agricultural","UST","False","Overfills/Spillage",246,"4173",,"","219",6401
2001.117,"NFA",KM,6/4/2001,2/5/2003,True,"ATP - Matzner Farm","Louis Matzner","26365 386th Avenue",Stickney,57375,Aurora,43.5621529,-98.4814453,101N,64W,10,"SE","0.00","","petroleum                                         ","0.00000",,"Petroleum","ATP","Agricultural","UST","False","Spillage",245,"4172",,"","217",6402
2001.118,"NFA",KM,6/4/2001,4/17/2003,True,"ATP - T & B Carwash","Troy Becker","SE at Main and SE Railroad Street",White Lake,57383,Aurora,43.7276039,-98.71371,,,,"","0.00","","petroleum                                         ","0.00000",,"Petroleum","ATP","Commercial","UST","True","Corrosion",213,"4142",,"","217",6403
2001.119,"NFA",KM,6/4/2001,3/6/2003,True,"ATP - A. C. Hoefert Farm","Robert Hoefert","24765 391st  Avenue",Plankinton,57368,Aurora,43.79425,-98.38659,104N,63W,21,"SE","0.00","","petroleum                                         ","0.00000",,"Petroleum","ATP","Agricultural","UST","False","Corrosion",834,"4775",,"","217",6404
2001.120,"NFA",KM,6/4/2001,2/20/2003,True,"ATP - Stickney Public School","Robert Krietlow","NE at 4th and Main Street",Stickney,57375,Aurora,43.5894279,-98.43507,,,,"","0.00","","fuel oil                                          ","0.00000",,"Petroleum","ATP","Public","UST","False","Leakage",244,"4171",,"","217",6405
2001.121,"NFA",KH,6/4/2001,5/22/2003,True,"ATP - Former Guindon Service","Sally Erdahl","311 West 3rd Street (SE at 3rd & Union)",Plankinton,57368,Aurora,43.7157974,-98.48016,,,,"","0.00","","fuel oil                                          ","0.00000",,"Petroleum","ATP","Commercial","UST","False","Corrosion",820,"5536",,"","217,294",6406
2001.122,"NFA",KH,6/4/2001,5/30/2003,True,"ATP - Former Howard's Service","Howard Weischedel","201 East 3rd Street",Plankinton,57368,Aurora,43.71573,-98.48353,,,,"","0.00","","fuel oil                                          ","0.00000",,"Petroleum","ATP","Commercial","UST","True","Corrosion",243,"4170",,"","217",6407
2001.123,"C",KM,6/4/2001,2/25/2002,True,"ATP - Plankinton Public Schools","Larry Wynia","1st, between Campbell & Walnut",Plankinton,57368,Aurora,43.7145538,-98.47981,,,,"","0.00","","fuel oil                                          ","0.00000",,"Petroleum","ATP","Public","UST","False","Spillage",862,"4872",,"","207",6408
2001.124,"C",KM,6/4/2001,6/8/2001,True,"ATP - Myron Donker Farm","Myron Donker","26043 377th Avenue",White Lake,57383,Aurora,43.6070671,-98.65549,,,,"","0.00","","petroleum                                         ","0.00000",,"Petroleum","ATP","Agricultural","UST","False","Spillage",861,"4871",,"","207",6409
2001.125,"NFA",KM,6/4/2001,3/6/2003,True,"ATP - Glenn Evans Farm","Glenn Evans","24530 375th Avenue",White Lake,57383,Aurora,43.8270836,-98.6936951,104N,66W,12,"NW","0.00","","Gasoline                                          ","0.00000",,"Petroleum","ATP","Agricultural","UST","False","Corrosion",857,"4791",,"","217",6410
2001.800,"C",KM,1/17/2002,2/18/2002,True,"ATP - Former Spaan's Trucking/ Senior Citizens Cen","Irene Nydam","216 Main Street",Stickney,57375,Aurora,43.58934,-98.43977,,,,"","0.00","","Petroleum                                         ","0.00000",,"Petroleum","ATP","Commercial","UST","True","Spillage",1287,"5266",,"","207",7082
2001.805,"NFA",KH,1/17/2002,2/24/2003,True,"ATP - Aurora-Brule Nursing Home","Aurora-Brule Nursing Home","408 South Johnston Street (NE @ 4th/Hwy 16 & Johnston)",White Lake,57383,Aurora,43.72416,-98.71011,,,,"","0.00","","fuel oil                                          ","0.00000",,"Petroleum","ATP","Residential","UST","False","Leaks and Spills",1188,"5095",,"","217",7087
2002.013,"C",BM,2/7/2002,2/21/2002,True,"Leaking Truck Tank","Tom Jezek","I-90 MM 316 in the ditch",Mount Vernon,57363,Aurora,43.695797,-98.33439,,,,"","0.00","","Diesel Fuel                                       ","30.00000",gallons,"Petroleum","Other(See Case File)","Other(See Case File)","Truck Tank","False","Leakage",,"null",,"","203",7294
2002.077,"C",KM,6/3/2002,7/19/2002,True,"Truck accident - Phosphate Spill","Harvest States Coop","1/2 mile South on Highway 281",Stickney,57375,Aurora,43.5781364,-98.44105,101N,63W,,"","0.00","","diammonium phosphate                              ","15000.00000",pounds,"Agri Chem","Other(See Case File)","Other(See Case File)","Transport Trailer","False","Transport Accident",,"null",02N060311,"","198",7358
2003.089,"C",BM,6/12/2003,6/13/2003,True,"Spray Tank Failure","Myron Donker","Donker pasture",Stickney,57375,Aurora,43.5958328,-98.65868,102N,65W,31,"NE","0.00","","Grazon (2.5%)                                     ","200.00000",gallons,"Agri Chem","Other(See Case File)","Agricultural","Spray Tank","False","Tank Failure",,"null",,"","231",7736
2004.032,"NFA",KH,2/9/2004,8/17/2004,True,"Gauge Leak - Former State Training School","State of South Dakota Department of Corrections","1400 East 10th Street",Plankinton,57368,Aurora,43.7258644,-98.46511,103N,64W,14,"NE","0.00","","Diesel                                            ","0.00000",,"Petroleum","Other(See Case File)","Public","AST","True","Equipment Failure",,"6817",,"","233",7917
2004.054,"C",RL,2/15/2004,10/8/2004,True,"Transportation Accident","Mergenthaler Transfer and Storage","I-90, W of  MM 302 - Westbound",White Lake,57383,Aurora,43.70887,-98.60993,,,,"","0.00","","Diesel Fuel                                       ","150.00000",gal,"Petroleum","Other(See Case File)","Other(See Case File)","Truck Tank","False","Transport Accident",,"null",,"","235",7939
2004.125,"NFA",KH,7/19/2004,2/11/2005,True,"LUST Trust - Boehmer Estate (also 2005.037)","Marvin Boehmer Estate","SW of Exit 296, I-90",White Lake,57383,Aurora,43.7162781,-98.7161942,103N,66W,22,"NE","0.00","","Petroleum                                         ","0.00000",,"Petroleum","Lust Trust","Residential","UST","False","Leakage",,"6883",,"","236,294",8010
2004.128,"NFA",NS,5/11/2004,6/1/2005,True,"AST Removals - Weich Oil","Don Weich Oil Company","300 Block of W. Commerce Street",Plankinton,57368,Aurora,43.7132263,-98.48916,,,,"","0.00","","Diesel, Gasoline                                  ","0.00000",,"Petroleum","Other(See Case File)","Commercial","AST","True","Dispenser Leak",,"6887",,"","239",8013
2005.037,"NFA",KH,2/2/2005,2/11/2005,True,"ATP - Boehmer Estate Property (also 2004.125)","Kenneth Spinar","1-90 Exit 296 Southwest",White Lake,57383,Aurora,43.7163,-98.7165756,,,,"","0.00","","Petroleum                                         ","0.00000",,"Petroleum","ATP","Commercial","UST","True","Leakage",2816,"6785",,"","236",8131
2005.091,"NFA",KH,5/17/2005,6/1/2005,True,"ATP - Don Weich Oil Company","Don Weich Oil Company","W. Commerce Street",Plankinton,57368,Aurora,43.71328,-98.48939,,,,"","0.00","","Petroleum                                         ","0.00000",,"Petroleum","ATP","Commercial","UST","True","Leakage",2903,"6959",,"","239",8185
2006.074,"C",RL,5/21/2006,8/1/2007,True,"Agri Chem Spill - Schabot Farm","Rod Schabot","24609 384th Avenue",Plankinton,57368,Aurora,43.8176651,-98.52917,104N,64W,17,"NE","0.00","","Agri Chem                                         ","130.00000",gal,"Agri Chem","Other(See Case File)","Agricultural","Portable Tank","False","Tank Failure",,"null",06NO52018,"","254",10514
2006.087,"C",BM,6/13/2006,11/30/2006,True,"Agri Chem Spill","Brian Waldner","26350 372nd Avenue",Aurora Center,57383,Aurora,43.5637054,-98.75382,,,,"","0.00","","Roundup                                           ","1000.00000",gal,"Agri Chem","Other(See Case File)","Other(See Case File)","Transport Tank","False","Transport Accident",,"null",06N061323,"","248",10529
2007.121,"C",RL,8/15/2007,2/8/2008,True,"Drum Leak - Coffee Cup","Philip Services Corp","Coffee Cup @ I-90, Exit 310",Plankinton,57368,Aurora,43.6915436,-98.44488,,,,"","0.00","","Flammable Haz Waste                               ","5.00000",gallons,"Chemical","Other(See Case File)","Commercial","Drums","False","Leakage",,"null",,"","255",10968
2007.168,"NFA",RL,10/26/2007,11/28/2007,True,"Open Valve Spill @ Bosworth Property","Farmers Cooperative Oil","37944 252nd Street",Plankinton,57368,Aurora,43.73272,-98.5950546,,,,"","0.00","","Diesel                                            ","500.00000",gallons,"Petroleum","Other(See Case File)","Agricultural","AST","False","Open Valve",,"7245",,"","255",11017
2008.163,"NFA",JPA,8/19/2008,9/25/2009,True,"Assessment - Former Farmers  Bulk Plant","Farmers Coop","East Highway 16 (E of town)",White Lake,57383,Aurora,43.7235451,-98.70575,,,,"","0.00","","Petroleum                                         ","0.00000",,"Petroleum","Other(See Case File)","Commercial","AST","True","Leakage",,"7296",,"","268",11255
2008.170,"C",RL,8/29/2008,6/11/2009,True,"Transport Accident","Kelsey Service Agency","Hwy 281 & 241st Street",Plankinton,57312,Aurora,43.893322,-98.45141,105N,63W,19,"NW","0.00","","Glyphosate                                        ","750.00000",gallons,"Agri Chem","Other(See Case File)","Agricultural","Tote","False","Displaced Load",,"null",08S082925,"","265,276",11262
2009.148,"NFA",MH,10/15/2009,10/4/2017,True,"South Dakota Wheat Growers - Stickney","South Dakota Wheat Growers","Hwy 281 & South 4th Ave / 262 St",Stickney,57375,Aurora,43.5861931,-98.4419,102N,64W,,"","0.00","","fertilizer/pesticides                             ","0.00000",,"Agri Chem","Other(See Case File)","Commercial","Bulk Chemical","False","Handling",,"null",09TG062905,"","",11520
2009.150,"NFA",GMS,10/15/2009,12/19/2016,True,"Farmers COOP  - Fertilizer Contamination","Farmers Alliance - Pat Fastnacht","4th Street & South Main",White Lake,57383,Aurora,43.7235832,-98.71535,66,103,15,"NE","0.00","","nitrate                                           ","0.00000",,"Agri Chem","Other(See Case File)","Commercial","Bulk Chemical","False","Handling",,"null",09T051103,"","",11522
2009.155,"C",TK,10/23/2009,12/10/2009,True,"Truck Tank Leak at Farmers Alliance","IOP Trucking","2nd & Main",White Lake,57383,Aurora,43.7260437,-98.7142258,,,,"","0.00","","Diesel                                            ","50.00000",gal,"Petroleum","Other(See Case File)","Commercial","Truck Tank","False","Leakage",,"7454",,"","271",11528
2010.269,"NFA",TF,12/7/2010,1/10/2011,True,"ATP - Kristensen Farm","Nels Kristensen Estate","25424 374th Avenue",White Lake,57383,Aurora,43.6986923,-98.712944,,,,"","0.00","","Gasoline                                          ","0.00000",,"Petroleum","ATP","Agricultural","UST","False","Corrosion",3179,"7549",,"","279",11886
2010.274,"NFA",RL,8/16/2010,12/21/2010,True,"Container Disposal Site - A1 Spraying","A-1 Spraying, Inc. - Kristie Ogle","26169 Park Road",Stickney,57375,Aurora,43.58905,-98.44717,,,,"","0.00","","Pesticide                                         ","0.00000",,"Agri Chem","Other(See Case File)","Other(See Case File)","Containers","False","Handling",,"null",10N081729,"","279",11892
2011.072,"C",SB,5/12/2011,8/5/2011,True,"Petroleum Impacted Soils @ Dispenser","Farmer's Alliance","NW at 2nd Street & South Main",White Lake,57383,Aurora,43.726,-98.71417,103,66,,"","0.00","","Petroleum                                         ","0.00000",,"Petroleum","Other(See Case File)","Commercial","UST","True","Leaks and Spills",,"7599",,"","280",11974
2011.183,"NFA",JPA,10/24/2011,11/21/2012,True,"Tank Failure - Aurora Plains Academy","SD Department of Corrections","NW of intersection @ Delavan & 387 Avenue",Plankinton,57368,Aurora,43.72579,-98.46516,,,,"","0.00","","Fuel Oil                                          ","500.00000",gallons,"Petroleum","Other(See Case File)","Other(See Case File)","AST","False","Tank Failure",,"7667",,"","288A",12099
2012.079,"NFA",BM,5/4/2012,5/10/2012,True,"Transport Spill","H & S Enterprises","MM 308 on ramp to I-90 East",Plankinton,57368,Aurora,43.7029839,-98.4814758,,,,"","0.00","","Diesel Fuel                                       ","30.00000",gallons,"Petroleum","Other(See Case File)","Other(See Case File)","Truck Tank","False","Transport Accident",,"null",,"","286",12336
2013.113,"C",KN,6/21/2013,5/13/2014,True,"Agrichem Spill - Farmers Alliance","Farmers Alliance / CHS","370th Avenue (N of I-90 & S of 251st Street)",White Lake,57383,Aurora,43.74035,-98.7951355,,,,"","0.00","","Agri Chem                                         ","300.00000",gallons,"Agri Chem","Other(See Case File)","Other(See Case File)","Sprayer","False","Leakage",,"null",,"","296",12676
2013.144,"C",ML,7/5/2013,7/10/2013,True,"Controlled Fire Training Area - SDARNG (also see 2013.133)","South Dakota Army National Guard","378th Avenue",White Lake,57383,Aurora,43.8058968,-98.6245346,,,,"","0.00","","Metals-below stds                                 ","0.00000",,"Other(See Case File)","Federal","Other(See Case File)","Historical","False","Past Practices",,"null",,"","294",12707
2013.157,"NFA",JPA,7/16/2013,10/16/2015,True,"Loadout at Bulk Site - M&L Repair","Lowell De Vries","26191 US Hwy 281",Stickney,57375,Aurora,43.5857048,-98.44195,,,,"","0.00","","Petroleum                                         ","0.00000",,"Petroleum","Other(See Case File)","Commercial","AST","True","Spillage",,"7845",,"","301",12724
2013.291,"NFA",RF,12/19/2013,6/6/2016,True,"Former AST Site - Farmers Alliance","Farmers Alliance / CHS Inc.","24342 393rd Avenue",Storla,57359,Aurora,43.8621445,-98.35114,,,,"","0.00","","Petroleum                                         ","0.00000",,"Petroleum","Other(See Case File)","Other(See Case File)","AST","True","Leakage",,"7904",,"","",12899
2013.292,"C",RL,12/19/2013,3/5/2014,True,"Tank Removal Area - Farmers Alliance","Farmers Alliance / CHS Inc.","SW at E Hwy 16 / 4th St and 90P",White Lake,57383,Aurora,43.7237473,-98.71502,,,,"","0.00","","Diesel                                            ","0.00000",,"Petroleum","Other(See Case File)","Commercial","AST","True","Spillage",,"null",,"","296",12900
2014.209,"C",KN,9/29/2014,7/16/2015,True,"Liquid Fertilizer Spill at Farmers Alliance","Farmers Alliance","207 S Main",White Lake,57383,Aurora,43.7236633,-98.7149353,,,,"","0.00","","Liquid Fertilizer                                 ","0.00000",,"Agri Chem","Other(See Case File)","Commercial","AST","False","Open Valve",,"null",,"","300",13144
2015.054,"NFA",JPA,3/23/2015,2/10/2016,True,"Leaking AST - Coffee Cup Fuel Stop","Harms Oil","25471 US Hwy 281",Plankinton,57368,Aurora,43.6926765,-98.44475,,,,"null","null","null","Diesel #2                                         ","null",,"Petroleum","Other(See Case File)","Commercial","AST","True","Leakage",,"8067",,"null","302",13333
2015.128,"C",RL ,7/7/2015,8/5/2015,True,"Truck leak at Farmers Alliance site","CHS Inc. / Farmers Alliance","405 South Main",White Lake,57383,Aurora,43.7231064,-98.7156448,,,,"null","null","null","Diesel                                            ","100.00000",gallons,"Petroleum","Other(See Case File)","Commercial","Truck Tank","False","Equipment Failure",,"null",,"null","301",13416
2015.129,"NFA",NS ,7/6/2015,1/7/2016,True,"Tank System Removal - Overweg Auto & Glass","Keith Overweg","408 South Main Street",Plankinton,57368,Aurora,43.7105064,-98.48523,,,,"null","null","null","Petroleum                                         ","null",,"Petroleum","Other(See Case File)","Commercial","UST","True","Line Leak",,"8095",,"null","301",13417
2015.208,"C",RL ,10/21/2015,11/2/2015,True,"Transformer Oil Leak - Aurora Plains Academy","SD Department of Corrections","1400 East 10th Street  (near physical plant)",Plankinton,57368,Aurora,43.7256165,-98.46494,,,,"null","null","null","Transformer Oil                                   ","5.00000",gallons,"Other(See Case File)","Other(See Case File)","Other(See Case File)","Transformer","False","Leakage",,"null",,"null","301",13511
2016.004,"C",RL ,1/8/2016,8/10/2016,True,"Transport Event - Crane Freight","Crane Cartage LLC","I-90 median, MM 312.5",Plankinton,57368,Aurora,43.69496,-98.40343,,,,"null","null","null","Diesel                                            ","75.00000",gallons,"Petroleum","Other(See Case File)","Other(See Case File)","Truck Tank","False","Transport Accident",,"null",,"null","null",13587
2016.193,"C",RL ,10/20/2016,8/1/2017,True,"Fertilizer Tank Leak - Farmers Alliance Site","CHS Farmers Alliance","409 South Main Street",White Lake,57383,Aurora,43.72366,-98.71494,,,,"null","null","null","Liquid Fertilizer 28%                             ","2000.00000",gallons,"Agri Chem","Other(See Case File)","Commercial","AST","False","Leakage",,"null",,"null","null",13794
2017.018,"C",KN ,2/6/2017,8/9/2017,True,"Valdez Trucking Accident","M&M Valdez Trucking","I-90 Near Exit 310",Plankinton,57368,Aurora,43.6947327,-98.44988,,,,"null","null","null","Diesel                                            ","90.00000",Gallons,"Petroleum","Other(See Case File)","Public","Transport Truck","False","Transport Accident",,"null",,"null","null",13925
2017.109,"C",RL ,7/6/2017,8/16/2017,True,"Agrichem Spill - CHS/Farmers Alliance","CHS / Farmers Alliance","Intersection at 268 Street and 378 Avenue",Aurora Center,57375,Aurora,43.4990921,-98.62868,,,,"null","null","null","Liberty Herbicide","200.00000",gallons,"Agri Chem","Other(See Case File)","Other(See Case File)","Tote","False","Displaced Load",,"null",,"null","null",14036
2019.139,"NFA",MSB,7/22/2019,9/10/2019,True,"UST Removal - AJ's Service","Zack Scott Construction","501 South Main Street",Plankinton,57368,Aurora,43.71009,-98.48525,,,,"null","null","null","Petroleum                                         ","null",,"Petroleum","Other(See Case File)","Commercial","UST","True","Overfill",,"8423",,"null","null",14577
2020.007,"NFA",JAM,1/28/2020,6/22/2020,True,"Diesel Release - Nationwide Cargo","Nationwide Cargo","Interstate 90, mile marker 310",Plankinton,57368,Aurora,43.6948051,-98.44419,,,,"null","null","null","Diesel                                            ","250.00000",gallons,"Petroleum","Other(See Case File)","Public","Saddle Tank","False","Transport Accident",,"null",,"null","null",14690
2020.051,"C",BH,5/20/2020,11/12/2020,True,"CHS Sitka Spill","CHS Farmers Alliance White River","407 South main White Lake SD 57383",White River,57383,Aurora,43.7259521,-98.71361,,,,"null","null","null","Petroleum Distillate                              ","80.00000",Gallons,"Oil","Other(See Case File)","Agricultural","Truck Tank","False","Valve Leak",,"null",,"null","null",14742
2020.171,"NFA",MSB,12/7/2020,8/10/2021,True,"UST Removal - Coffee Cup Plankinton","Harms Oil Company","25471 US Highway 281",Plankinton,57368,Aurora,43.6921234,-98.44451,,,,"null","null","null","Petroleum","null",,"Petroleum","Other(See Case File)","Commercial","UST","True","Leaks and Spills",,"8543",,"null","null",14893
2021.020,"NFA",JAM,2/4/2021,7/20/2021,True,"Diesel Release - Spee-dee Delivery","Spee-dee Delivery","I-90, near mile marker 297",White Lake,57383,Aurora,43.7156754,-98.69417,,,,"null","null","null","Diesel                                            ","50.00000",gallons,"Petroleum","Other(See Case File)","Other(See Case File)","Saddle Tank","False","Transport Accident",,"null",,"null","null",14927
2021.054,"NFA",JAM,4/26/2021,8/11/2021,True,"Dry Fertilizer in Field - Blown Tire","Lynn Anderson","393rd Avenue and 241st Street",Storla,57359,Aurora,43.89413,-98.35162,,,,"null","null","null","Dry Fertilizer                                    ","10800.00000",pounds,"Agri Chem","Other(See Case File)","Agricultural","Spreader","False","Equipment Failure",,"null",21SP042605,"null","null",14962
2021.060,"NFA",JAM,5/3/2021,10/5/2021,True,"Fertilizer spill at CHS","CHS Farmers Alliance","409 South Main",White Lake,57383,Aurora,43.7231865,-98.71578,,,,"null","null","null","Ammonium Thiosulfate                              ","220.00000",gallons,"Agri Chem","Other(See Case File)","Commercial","Transport Tank","False","Equipment Failure",,"null",21SP050306,"null","null",14968
2021.074,"C",GK,5/27/2021,6/29/2021,True,"Northwestern Energy - White Lake Tranformer Oil (Storm Caused)","Northwestern Energy","505 Maple Street",White Lake,57383,Aurora,43.731842,-98.7095642,,,,"null","null","null","Transformer Oil Non-PCB                           ","35.00000",gallons,"Oil","Other(See Case File)","Public","Transformer","False","Storm Event",,"null",,"null","null",14983
2021.093,"NFA",GK,6/28/2021,7/6/2021,True,"Burning Gas Truck - I90","A-OX Welsing Supply Inc.","I90 Eastbound - MRM 304",Plankinton,57368,Aurora,43.7083931,-98.56992,,,,"null","null","null","Burning Gas             ","121.00000",Canisters,"Other(See Case File)","Other(See Case File)","Other(See Case File)","Containers","False","Fire Event",,"null",,"null","null",15004
2021.116,"C",KF ,8/3/2021,8/16/2021,True,"ATP - Plankinton DOT","South Dakota Department of Transportation","205 West Davenport Street",Plankinton,57368,Aurora,43.7096558,-98.4879761,,,,"null","null","null","Diesel, Gasoline                                  ","null",,"Petroleum","ATP","Other(See Case File)","UST","True","Leaks and Spills",3722,"8555",,"null","null",15032
2021.117,"NFA",MSB,8/3/2021,10/11/2022,True,"ATP - White Lake School","White Lake School ","502 Divsion Street",White Lake,57383,Aurora,43.7307434,-98.707756,,,,"null","null","null","Diesel","null",,"Petroleum","ATP","Public","UST","False","Leaks and Spills",3720,"8553",,"null","null",15033
2021.172,"C",NS ,10/28/2021,12/16/2021,True,"Brownfields - Aurora Community Health Center","Aurora County ","106 South Main Street",Plankinton,57368,Aurora,43.71396,-98.4849854,,,,"null","null","null","Unknown","null",,"Other(See Case File)","Brownfields","Public","Unknown(See Case File)","False","Unknown",,"null",,"null","null",15093
2022.018,"NFA",MSB,2/1/2022,6/29/2023,True,"Coffee Cup #4","Coffee Cup and Fuel ","25471 US Highway 281",Plankinton,57368,Aurora,43.69267,-98.44474,,,,"null","null","null","Diesel #1                                         ","100.00000",Gal,"Petroleum","Other(See Case File)","Commercial","AST","True","Equipment Failure",,"8606",,"null","null",15158
2022.083,"O",JAM,5/19/2022,,True,"Leak on road - White Lake to Kimball","Agtegra Cooperative","Main Street",White Lake,57383,Aurora,43.7304726,-98.71396,,,,"null","null","null","Atrazine                                          ","null",,"Agri Chem","Other(See Case File)","Public","Trailer","False","Valve Leak",,"null",22JB051901,"null","null",15228
2022.206,"NFA",JAM,12/13/2022,10/20/2023,True,"Semi Rollover - Glyphosate","Always Insured Logistics","Highway 281, near 244th Street",Plankinton,57368,Aurora,43.8436165,-98.44816,,,,"null","null","null","Glyphosate                                        ","1025.00000",gallons,"Agri Chem","Other(See Case File)","Public","Cargo","False","Transport Accident",,"null",23JM121303,"null","null",15366
2023.038,"C",BLM,4/19/2023,7/7/2023,True,"M & L Repair Fire","M & L Repair","26191 US Highway 281",Stickney,57375,Aurora,43.5865173,-98.44189,,,,"null","null","null","oil","null",,"Petroleum","Other(See Case File)","Commercial","Combined(See Case File)","True","Fire Event",,"null",,"null","null",15424
2024.013,"C",JAM,1/11/2024,4/16/2024,True,"Truck accident - I90","Enterprise Truck Rental","I-90 Mile Marker 314 (at Hwy 47 overpass)",Plankinton,57368,Aurora,43.6953125,-98.3656,,,,"null","null","null","Diesel, Motor Oil","50.00000",gal,"Petroleum","Other(See Case File)","Public","Saddle Tank","False","Transport Accident",,"null",,"null","null",15605
2024.060,"O",JPA,4/24/2024,,True,"Coffee Cup AST Release","Harms Oil Company","25471 US HWY 281",Plankinton,57368,Aurora,43.6925735,-98.4448547,,,,"null","null","null","Petroleum                                         ","null",,"Petroleum","Other(See Case File)","Commercial","AST","True","Unknown",,"8717",,"null","null",15655
7777.003,"T",,,,False,"Former Landfill Site - Plankinton","Aurora County","37980 253rd Street (approximate)",Plankinton,57375,Aurora,43.7169151,-98.59798,103N,65N,15,"SE","4.20","","                                                  ","0.00000",,"Other(See Case File)","Former Landfill","Other(See Case File)","Wastes","False","Past Practices",,"null",,"SW136","",12272
7777.013,"T",,,,False,"Former Landfill Site - Stickney","City of Stickney","38680 261st Street (approximate)",Stickney,57375,Aurora,43.6002655,-98.46509,102N,64W,26,"SE","0.36","","                                                  ","0.00000",,"Other(See Case File)","Former Landfill","Other(See Case File)","Wastes","False","Past Practices",,"null",,"SW284","",12282
7777.014,"T",,,,False,"Former Landfill Site - White Lake","City of White Lake","25180 372nd Avenue  (approximate)",White Lake,57383,Aurora,43.7334251,-98.7559,103N,66W,8,"","6.70","","                                                  ","0.00000",,"Other(See Case File)","Former Landfill","Other(See Case File)","Wastes","False","Past Practices",,"null",,"SW285","",12283
7777.031,"T",,,,False,"Former Landfill Site - Plankinton","City of Plankinton","West end of Madison Street",Plankinton,57368,Aurora,43.7090874,-98.49187,103N,64W,22,"NE","1.00","","                                                  ","0.00000",,"Other(See Case File)","Former Landfill","Other(See Case File)","Wastes","False","Past Practices",,"null",,"SW698","",12300
9999.001,"W",,,,True,"Withdrawn ATP - Plankinton Lodge #61","Plankinton Lodge #61","3rd & Sanborn",Plankinton,57368,Aurora,43.7157822,-98.4839859,,,,"","0.00","","                                                  ","0.00000",,"Other(See Case File)","Withdrawn ATP","Other(See Case File)","Other(See Case File)","False","null",1,"4169",,"","249",10648
9999.015,"W",,,,True,"Withdrawn ATP - Kuyper Property","Don Kuyper","201 N Kimball",Plankinton,57368,Aurora,43.7158,-98.48809,,,,"","0.00","","                                                  ","0.00000",,"Other(See Case File)","Withdrawn ATP","Residential","Other(See Case File)","False","null",238,"4164",,"","249",10670
9999.016,"W",,,,True,"Withdrawn ATP - Plankinton School","Plankinton School District","101 North Campbell",Plankinton,57368,Aurora,43.7145042,-98.47983,,,,"","0.00","","                                                  ","0.00000",,"Other(See Case File)","Withdrawn ATP","Public","Other(See Case File)","False","null",241,"4167",,"","249",10671
9999.033,"W",,,,True,"Withdrawn ATP - Brink Property","Lawrence Brink","SW Corner of 1st St & Sanborn",Plankinton,57368,Aurora,43.7141876,-98.48407,,,,"","0.00","","                                                  ","0.00000",,"Other(See Case File)","Withdrawn ATP","Commercial","Other(See Case File)","False","null",239,"4165",,"","249",10688
9999.152,"W",,,,True,"Withdrawn ATP - Kollman Property","Ronald Kollman","500 West First Street",Plankinton,57368,Aurora,43.7152443,-98.49097,,,,"","0.00","","                                                  ","0.00000",,"Other(See Case File)","Withdrawn ATP","Residential","Other(See Case File)","False","null",2379,"6308",,"","249",10812
9999.226,"W",,,,True,"Withdrawn ATP - McGillvery Oil Site","Overweg Auto Glass & Fuel LLC","407 South Main",Plankinton,57368,Aurora,43.7105675,-98.48515,,,,"","0.00","","                                                  ","0.00000",,"Other(See Case File)","Withdrawn ATP","Commercial","UST","False","null",3285,"7880",,"","",12589
92087.000,"C",NS ,8/20/1992,9/1/1992,True,"1992 Tank Removals - Recorded June 2017","David Glissendorf","25181  373rd  Avenue",White Lake,57385,Aurora,43.73225,-98.73513,,,,"null","null","null","null","null",,"Other(See Case File)","Other(See Case File)","Other(See Case File)","UST","False","No Release",,"null",,"null","null",14029
96008.000,"C",RC,6/14/1996,6/24/1996,True,"Midco Tower # 14","Midco TV of South Dakota","10 miles North and 2 miles West",White Lake,57383,Aurora,43.89148,-98.7669449,,,,"","0.00","","                                                  ","0.00000",,"Other(See Case File)","Clean Site","Other(See Case File)","UST","True","No Release",,"3029",,"","",8611
2001020.000,"C",KM,6/4/2001,6/5/2001,True,"Clean ATP - Peterson Property","Perry Peterson","Main Street",White Lake,57383,Aurora,43.7307625,-98.71427,,,,"","0.00","","                                                  ","0.00000",,"Other(See Case File)","ATP","Other(See Case File)","UST","True","No Release",85,"4187",,"","204",8884
2001021.000,"C",KM,6/4/2001,6/8/2001,True,"Clean ATP - Centennial Carpet Corporation","Stuart Cazer","Main Street  & 3rd",Plankinton,57368,Aurora,43.7160873,-98.4854355,,,,"","0.00","","                                                  ","0.00000",,"Other(See Case File)","ATP","Commercial","UST","True","No Release",242,"4168",,"","204",8885
2001022.000,"C",KM,6/4/2001,6/5/2001,True,"Clean ATP - DeBoer Property","Dwight DeBoer","38780 261st Street",Stickney,57375,Aurora,43.5995064,-98.45534,,,,"","0.00","","                                                  ","0.00000",,"Other(See Case File)","ATP","Agricultural","UST","False","No Release",247,"4174",,"","204",8886
2001023.000,"C",KM,6/4/2001,6/5/2001,True,"Clean ATP - Trinity Lutheran Church","Trinity Lutheran Church","304 South Johnston Street",White Lake,57383,Aurora,43.72543,-98.71069,,,,"","0.00","","                                                  ","0.00000",,"Other(See Case File)","ATP","Other(See Case File)","UST","False","No Release",835,"4776",,"","204",8887
2001775.000,"C",KM,1/17/2002,2/22/2002,True,"Clean ATP - Stickney Elevator","Roger Anderson","107 South 1st Street",Stickney,57375,Aurora,43.5886078,-98.44076,,,,"","0.00","","                                                  ","0.00000",,"Other(See Case File)","ATP","Commercial","UST","True","No Release",1424,"5356",,"","204",9639
2001776.000,"C",KM,1/17/2002,2/22/2002,True,"Clean ATP - Former Cenex","Carol Hatle","South 2nd Street",Stickney,57375,Aurora,43.5883827,-98.43853,,,,"","0.00","","                                                  ","0.00000",,"Other(See Case File)","ATP","Commercial","UST","True","No Release",1430,"5364",,"","204",9640
2001777.000,"C",KM,1/17/2002,2/22/2002,True,"Clean ATP - Former Sprick's Mercantile/ Farmer's State","Robert & Jeanine Rogers","215 Main Street",Stickney,57375,Aurora,43.58875,-98.43885,,,,"","0.00","","                                                  ","0.00000",,"Other(See Case File)","ATP","Commercial","UST","False","No Release",1453,"5393",,"","204",9641
2011014.000,"C",TF,11/3/2011,12/29/2011,True,"Clean ATP - Aurora Plains Academy","SD Department of Corrections","Delavan & 387 Avenue",Plankinton,57368,Aurora,43.72523,-98.46634,,,,"","0.00","","                                                  ","0.00000",,"Other(See Case File)","ATP","Other(See Case File)","UST","True","No Release",3208,"7626",,"","281",12114