id,status,r1,date_rep,date_close,image,site_name,resp_party,street,city,zip_code,county,latitude,longitude,township,range,section,secq1,acreage,instctrls,material,amount,units,spill_cat,site_type,proptype,sor_type,regulated,cause_type,atp_no,prcfnumber,ag_no,solidwaste,microroll,siteid
83.041,"C",KM,8/26/1983,1/25/1993,True,"Western Area Power Administration WAPA","Western Area Power Administration  WAPA","Martin Substation, Hisle Road",Martin,57551,Bennett,43.2274055,-101.705421,,,,"","0.00","","Transformer Oil                                   ","24.00000",gallons,"Oil","Federal","Other(See Case File)","Transformer","False","Equipment Failure",,"null",,"","",145
85.011,"C",LB,2/12/1985,6/30/2000,True,"U.S. DOE/WAPA - Capacitor Failure","Western Area Power Administration  WAPA","Martin Substation, Hisle Road",Martin,57551,Bennett,43.2276,-101.705696,38N,37W,33,"","0.00","","Capacitor Oil                                     ","2.00000",gallons,"Oil","Federal","Industrial","Transformer","False","Equipment Failure",,"null",,"","",279
88.090,"C",KM,6/21/1988,1/21/1993,True,"Bennett County - Atmospheric Release","Unknown","Rural Bennett County",Tuthill,57574,Bennett,43.0746536,-101.257591,,,,"","0.00","","Anhydrous Ammonia                                 ","500.00000",gallons,"Agri Chem","Other(See Case File)","Other(See Case File)","Nurse Tank","False","Overturned",,"null",,"","234",694
88.183,"C",KM,9/28/1988,6/9/1993,True,"Bennett County Coop - Spill Site (see 91.170)","Bennett County Coop","Bulk Storage Facility",Martin,57551,Bennett,43.1434441,-101.731453,,,,"","0.00","","Fertilizer                                        ","0.00000",,"Agri Chem","Other(See Case File)","Commercial","AST","False","Valve Leak",,"null",,"","",785
90.210,"C",KM,6/4/1990,10/3/1990,True,"L-N Aviation Accident - Surface Water","Paul Nelson","S. of Martin",Martin,57551,Bennett,43.11863,-101.724991,36,37,6,"SW","500.00","","Pesticide - Gasoline                              ","70.00000",gallons,"Combined","Surface Water","Other(See Case File)","Aircraft Tanks","False","Leakage",,"null",,"","",1445
90.572,"C",TK,11/13/1990,10/21/1992,True,"K & D Repair - Spill from removed tanks","Kenneth Spears","231 Avenue",Tuthill,57574,Bennett,43.1569366,-101.4946,,,,"","0.00","","Petroleum                                         ","40.00000",gallons,"Petroleum","Other(See Case File)","Commercial","UST","True","Spillage",,"1241",,"","",1807
91.170,"C",TK,4/27/1991,7/29/1992,True,"Bennett County Coop","Bennett County Coop","Highway 73, 2 mi. S.",Martin,57551,Bennett,43.1434,-101.731552,,,,"","0.00","","Nitrogen Fertilizer                               ","500.00000",gallons,"Agri Chem","Other(See Case File)","Commercial","AST","False","Leakage",,"null",,"","",2060
91.264,"C",JA,6/18/1991,12/15/1992,True,"Central Elementary","Bennett County School","Approx 29175  205th  Street",Swett,57551,Bennett,43.17707,-101.989761,37N,39,18,"SW","0.00","","Petroleum                                         ","0.00000",,"Petroleum","Other(See Case File)","Public","UST","True","Corrosion",,"1517",,"","237",2154
91.265,"C",KB,6/18/1991,12/15/1992,True,"Bennett County Elementary School","Bennett County Schools","Pugh Street",Martin,57551,Bennett,43.1742477,-101.740135,37N,37,18,"SE","0.00","","Gasoline                                          ","0.00000",,"Petroleum","Other(See Case File)","Public","UST","True","Corrosion",,"1518",,"","",2155
93.324,"C",TK,10/13/1993,2/28/1994,True,"Bennett County Co-op AST Overfill","Bennet County Co-op","Highway 18 And 73",Martin,57551,Bennett,43.1726,-101.730835,,,,"","0.00","","Diesel                                            ","300.00000",gallons,"Petroleum","Other(See Case File)","Commercial","AST","True","Overfill",,"2570",,"","",3339
93.487,"C",KH,12/2/1993,12/2/1993,True,"Rous UST Removal","Bly Rous",".5 E & 3 N",Batesland,57716,Bennett,43.1714325,-102.089813,,,,"","0.00","","Gasoline                                          ","0.00000",,"Petroleum","Other(See Case File)","Residential","UST","False","Leakage",,"2335",,"","237",3502
94.239,"C",RC,8/15/1994,6/4/1996,True,"LaCreek National Wildlife Refuge - Line Leak","LaCreek National Wildlife Refuge","LaCreek National Wildlife Refuge",Tuthill,57574,Bennett,43.1002579,-101.566536,36N,36W,16,"NW","0.00","","Petroleum                                         ","0.00000",,"Petroleum","Federal","Other(See Case File)","UST","True","Line Leak",,"2583",,"","",3774
95.073,"C",TK,4/13/1995,4/17/1995,True,"Lacreek Maintenance Shop - Tank Removal","Lacreek National Wildlife Refuge","Maintenance Shop Area",Tuthill,57574,Bennett,43.1001434,-101.566376,,,,"","0.00","","Fuel Oil                                          ","0.00000",,"Petroleum","Federal","Other(See Case File)","UST","False","Spillage",,"null",,"","",4024
95.180,"C",TK,7/12/1995,11/30/1995,True,"LaCreek Wildlife Refuge Transport Event","LaCreek National Wildlife Refuge","LaCreek Wildlife Refuge",Tuthill,57574,Bennett,43.1005,-101.6417,36N,37W,14,"NE","0.00","","2,4-D                                             ","180.00000",gallons,"Agri Chem","Federal","Other(See Case File)","Spray Tank","False","Tank Failure",,"null",,"","",4131
98.093,"C",KM,5/4/1998,5/15/1998,True,"Reefer Trailer - Tank Leak","Soulek Tansportation Services Inc","3 mi N of Highways 18 and 73 Junction",Tuthill,57574,Bennett,43.2697449,-101.513924,,,,"","0.00","","diesel fuel                                       ","27.00000",gallons,"Petroleum","Other(See Case File)","Other(See Case File)","Equipment","False","Leakage",,"null",,"","231",5201
98.213,"C",KH,8/20/1998,4/7/1999,True,"Buckles Property - Tank System Removal","Jim Buckles","NW at 218 Avenue and 296 Street",Martin,57551,Bennett,43.1217232,-101.74839,36N,38W,2,"SE","0.00","","Gasoline                                          ","0.00000",,"Petroleum","Other(See Case File)","Residential","UST","True","Overfills/Spillage",,"3450",,"","",5321
98.376,"C",BM,12/11/1998,12/30/1998,True,"Liberty Oil - Nozzle Spill","Liberty Oil","5th & Highway 18",Martin,57551,Bennett,43.1724052,-101.738754,,,,"","0.00","","Diesel                                            ","15.00000",,"Petroleum","Other(See Case File)","Commercial","AST","True","Unattended Nozzle",,"null",,"","",5484
2000.382,"C",KM,12/28/2000,1/3/2001,True,"ATP - Former American Legion Auditorium","Bennett County School District","402 2nd Avenue",Martin,57551,Bennett,43.17477,-101.732353,,,,"","0.00","","fuel oil                                          ","0.00000",,"Petroleum","ATP","Commercial","UST","False","Spillage",135,"4056",,"","208",6280
2001.131,"NFA",JF,6/12/2001,2/4/2003,True,"Treflan spill west of Martin","Farmers COOP Elevator","295 Street",Batesland,57716,Bennett,43.12915,-102.004471,36N,40W,3,"NE","0.00","","Treflan                                           ","0.00000",,"Agri Chem","Other(See Case File)","Other(See Case File)","Spray Tank","False","Valve Leak",,"null",,"","237,252",6416
2001.613,"C",KM,9/12/2001,12/18/2001,True,"ATP - Disney & Huber Property","Karen Disney & Sandy Huber","284 St",Patricia,57551,Bennett,43.2856178,-101.420013,38N,35W,11,"NE","0.00","","Petroleum                                         ","0.00000",,"Petroleum","ATP","Agricultural","UST","False","Spillage",967,"4926",,"","207",6896
2001.614,"C",KM,8/29/2001,12/18/2001,True,"ATP - Coon Property","Rodney & Cindy Coon","Southeast at 4th & Pugh",Martin,57551,Bennett,43.17411,-101.736366,,,,"","0.00","","fuel oil                                          ","0.00000",,"Petroleum","ATP","Residential","UST","False","Spillage",985,"4932",,"","207",6897
2001.627,"NFA",KM,8/31/2001,3/17/2003,True,"ATP - Slattery Brothers","Paul Slattery","225 Avenue",Tuthill,57574,Bennett,43.1232262,-101.611832,36N,36W,6,"W","0.00","","Petroleum                                         ","0.00000",,"Petroleum","ATP","Agricultural","UST","False","Leaks and Spills",1131,"4903",,"","217",6910
2001.628,"NFA",KH,9/10/2001,5/21/2003,True,"ATP - Former Husky Station","Hot Springs Refining Company","1st Avenue & School Street",Martin,57551,Bennett,43.173645,-101.732056,,,,"","0.00","","Petroleum                                         ","0.00000",,"Petroleum","ATP","Commercial","UST","True","Corrosion",1073,"4864",,"","217",6911
2002.107,"C",TF,7/18/2002,12/12/2003,True,"KJ Pit Stop - Pump Spills","William Kennedy former owner or B&H Quick Stop","Highway 18 & C Avenue",Martin,57551,Bennett,43.171772,-101.729057,37N,37W,20,"NW","0.00","","petroleum                                         ","0.00000",,"Petroleum","Other(See Case File)","Commercial","UST","True","Spillage",,"6603",,"","224,",7388
2002.181,"C",KM,8/14/2002,10/18/2002,True,"ATP - Nelson Farm","Tom Nelson","284 Street",Patricia,57574,Bennett,43.28667,-101.491486,38,35,8,"NE","0.00","","Petroleum                                         ","0.00000",,"Petroleum","ATP","Agricultural","UST","False","Spillage",2423,"6351",,"","219",7462
2003.104,"C",BM,6/27/2003,9/8/2003,True,"Co-op  2,4-D spill","Midwest CO-OP","Chuck Tutsch property",Tuthill,57574,Bennett,43.1630478,-101.495354,37N,35W,19,"N","0.00","","2,4-D                                             ","20.00000",gallons,"Agri Chem","Other(See Case File)","Agricultural","Sprayer","False","Equipment Failure",,"null",,"","231",7751
2004.148,"C",RL,8/11/2004,10/20/2004,True,"Tar Disposal - Johnson Property","Unknown","5m S on Hwy 73",Martin,57551,Bennett,43.08332,-101.715347,,,,"","0.00","","Tar                                               ","20.00000",gal,"Oil","Other(See Case File)","Agricultural","Materials","False","Handling",,"null",,"","235",8033
2005.018,"NFA",KH,1/25/2005,1/31/2005,True,"ATP - Martin Elementary School","Mike Stroup","201 5th Street",Martin,57551,Bennett,43.1734924,-101.739372,,,,"","0.00","","fuel oil                                          ","0.00000",,"Petroleum","ATP","Public","UST","False","Leakage",2848,"6861",,"","236",8112
2005.204,"C",BM,10/27/2005,1/25/2006,True,"Regulator Oil Leak - WAPA","Western Area Power Administration WAPA","Martin Substation, Hisle Road",Martin,57551,Bennett,43.2275925,-101.705772,,,,"","0.00","","Insulating Oil                                    ","0.00000",,"Oil","Federal","Industrial","Regulator","False","Equipment Failure",,"null",,"","242",10371
2007.161,"NFA",TF,10/23/2007,10/24/2007,True,"ATP - Spangler Property","Doris Spangler","Rural Bennett, ESE of Batesland",Batesland,57716,Bennett,43.1076736,-102.061951,,,,"","0.00","","Gasoline                                          ","0.00000",,"Petroleum","ATP","Agricultural","UST","False","Corrosion",2988,"7146",,"","255",11009
2007.191,"NFA",TF,12/10/2007,7/31/2008,True,"ATP - County Highway Shop","Bennett County","Avenue E",Martin,57551,Bennett,43.1708069,-101.725464,37N,37W,20,"NE","0.00","","Petroleum                                         ","0.00000",,"Petroleum","ATP","Public","UST","True","Leakage",3046,"7232",,"","258",11040
2009.073,"C",RL,6/22/2009,10/8/2009,True,"Surface Spill - County Shop Property","City of Martin","Near storage tanks at county shop site.",Martin,57551,Bennett,43.170208,-101.725052,,,,"","0.00","","Road Tar                                          ","0.00000",,"Oil","Other(See Case File)","Public","AST","True","Leaks and Spills",,"null",,"","268",11430
2012.103,"NFA",JPA,5/31/2012,8/28/2012,True,"Fresh Start #15 - Assessment","Fresh Start","101 Hwy 18 & 73",Martin,57551,Bennett,43.17252,-101.7321,,,,"","0.00","","gasoline                                          ","0.00000",,"Petroleum","Other(See Case File)","Commercial","UST","True","Leakage",,"7715",,"","287",12363
2012.172,"NFA",KM,8/10/2012,11/7/2013,True,"Transport Tanker Spill - MG Oil","MG Oil dba Heartland Transportation","Hwy 18, MM 176",Harrington,57551,Bennett,43.21364,-101.228951,,,,"","0.00","","Gasoline                                          ","1500.00000",gallons,"Petroleum","Aquifer","Other(See Case File)","Transport Trailer","False","Transport Accident",,"7739",,"","295",12442
2014.021,"C",KN,1/31/2014,2/11/2014,True,"Fresh Start - Nozzle Spill","Bennett County Sheriffs Office","Hwy 18 & 73 (Bennett Ave)",Martin,57551,Bennett,43.1724167,-101.732117,,,,"","0.00","","Gasoline                                          ","20.00000",Gallons,"Petroleum","Other(See Case File)","Commercial","UST","True","Unattended Nozzle",,"null",,"","296",12943
2014.133,"C",TF,6/25/2014,3/5/2015,True,"ATP - SD DOT Shop","SD Department of Transportation  (SD DOT)","1115 East Bennett Avenue",Martin,57551,Bennett,43.17127,-101.7128,,,,"","0.00","","Diesel                                            ","0.00000",,"Petroleum","ATP","Other(See Case File)","UST","True","Line Leak",3257,"7727",,"","299",13062
2016.179,"C",KN ,10/2/2016,10/25/2016,True,"Fresh Start - Martin","M.G. Oil Co. DBA Hearltand Transportation","102 West Bennet Ave",Martin,57551,Bennett,43.17244,-101.73214,,,,"null","null","null","Gasoline","50.00000",Gallons,"Petroleum","Other(See Case File)","Commercial","UST","True","Overfill",,"8254",,"null","null",13780
2017.019,"NFA",ZB ,2/6/2017,6/28/2017,True,"KJ Pit Stop","KJ Pit Stop","203 E Bennet ",Martin,57551,Bennett,43.1718521,-101.729004,,,,"null","null","null","Gasoline","350.00000",Gallons,"Petroleum","Other(See Case File)","Commercial","UST","True","Unsecured Valve",,"8280",,"null","null",13926
2018.019,"C",RL ,1/31/2018,5/10/2018,True,"Diesel Spill - Overfilled Transport Truck","Fresh Start Convenience Store","202 Bennett Avenue",Martin,57551,Bennett,43.17284,-101.730827,,,,"null","null","null","Diesel                                            ","100.00000",gallons,"Petroleum","Other(See Case File)","Commercial","AST","True","Overfill",,"8356",,"null","null",14195
2018.033,"C",TF ,2/7/2018,5/24/2018,True,"ATP - Martin City Shop","City of Martin","301 Pugh Street",Martin,57557,Bennett,43.1741943,-101.737137,,,,"null","null","null","Diesel                                            ","null",,"Petroleum","ATP","Public","UST","True","Spillage",3420,"7964",,"null","null",14211
2018.094,"C",RL ,6/2/2018,9/25/2018,True,"Mango Flavored Syrup Spill - Transport Accident","KS Buttar Trucking","Hwy 18  MM175",Harrington,57572,Bennett,43.2108,-101.248543,,,,"null","null","null","Mango Flavored Syrup","26000.00000",lbs,"Other(See Case File)","Other(See Case File)","Other(See Case File)","Cargo","False","Transport Accident",,"null",,"null","null",14274
2018.208,"C",RL ,11/9/2018,1/7/2019,True,"Unattended Nozzle Spill - Yesway #1180","Unknown","102 West Bennett Avenue",Martin,57551,Bennett,43.17241,-101.732056,,,,"null","null","null","Gasoline                                          ","5.00000",gallons,"Petroleum","Other(See Case File)","Commercial","UST","True","Unattended Nozzle",,"null",,"null","null",14401
2019.182,"C",JAM,10/4/2019,1/21/2020,True,"Diesel Release - Transport Accident - Tuthill","LC Trucking LLC","Mile Marker 175 on U.S. HWY 18",Tuthill,57551,Bennett,43.2109642,-101.248451,,,,"null","null","null","Diesel, Motor Oil","50.00000",gallons,"Petroleum","Other(See Case File)","Other(See Case File)","Saddle Tank","False","Transport Accident",,"null",,"null","null",14626
2020.003,"NFA",JAM,1/18/2020,11/2/2020,True,"Diesel Release - Kepler Trucking","Kepler Trucking LLC","SD Highway 18, near 203rd Avenue",Batesland,57716,Bennett,43.1416435,-102.038223,,,,"null","null","null","Diesel                                            ","null",,"Petroleum","Other(See Case File)","Public","Saddle Tank","False","Transport Accident",,"",,"null","null",14685
2020.177,"C",MSB,12/22/2020,5/11/2021,True,"UST Overfill - MG Oil Martin","MG Oil","102 East Bennett Avenue",Martin,57551,Bennett,43.1723022,-101.7321,,,,"null","null","null","Diesel","60.00000",gallons,"Petroleum","Other(See Case File)","Commercial","UST","True","Overfill",,"null",,"null","null",14899
2021.068,"NFA",MSB,5/5/2021,4/7/2022,True,"AST Removal - Martin Yesway #1181","BW Gas & Convenience Holdings ","202 Bennett Avenue",Martin,57551,Bennett,43.1729126,-101.730827,,,,"null","null","null","Petroleum","null",,"Petroleum","Other(See Case File)","Commercial","AST","True","Leaks and Spills",,"8574",,"null","null",14977
2021.075,"C",GK,6/2/2021,10/22/2021,True,"Dry Fertilizer Urea - Agtegra","Agtegra Cooperative","20630 294th Street",Martin,57551,Bennett,43.14364,-101.961143,,,,"null","null","null","Dry Urea Fertilizer                               ","700.00000",lbs,"Agri Chem","Other(See Case File)","Agricultural","Trailer","False","Transport Accident",,"null",21JK060202,"null","null",14984
2021.099,"C",JAM,7/12/2021,10/1/2021,True,"Diesel in Corn Field - Transportation Accident","Unknown","SD Highway 18, mile marker 136",Batesland,57716,Bennett,43.1678848,-101.96804,,,,"null","null","null","Diesel","50.00000",gallons,"Petroleum","Other(See Case File)","Agricultural","Saddle Tank","False","Transport Accident",,"null",,"null","null",15011
2022.026,"O",NS ,2/9/2022,,True,"Brownfields - Bennett County Hospital","Bennett County Hospital and Nursing Home","102 Major Allen Street",Martin,57551,Bennett,43.16954,-101.73114,,,,"null","null","null","Unknown                                           ","null",,"Other(See Case File)","Brownfields","Public","Construction Materials","False","Historical",,"null",,"null","null",15168
7777.001,"T",,,,False,"Former Landfill Site - Martin","City of Martin","29325 220th Avenue (approximate)",Martin,57551,Bennett,43.1536026,-101.714409,37N,37W,29,"NE","0.58","","                                                  ","0.00000",,"Other(See Case File)","Former Landfill","Other(See Case File)","Wastes","False","Past Practices",,"null",,"SW71","",12270
9999.068,"W",,,,True,"Withdrawn ATP - Johnson Property","Wayne Johnson","Rural Bennett County",Tuthill,57574,Bennett,43.286087,-101.257576,38N,33W,7,"NE","0.00","","                                                  ","0.00000",,"Other(See Case File)","Withdrawn ATP","Residential","Other(See Case File)","False","null",1113,"4991",,"","249",10724
9999.069,"W",,,,True,"Withdrawn ATP - Rayhill Property","Gary Rayhill","204 Swallow Street",Martin,57551,Bennett,43.17759,-101.734268,,,,"","0.00","","                                                  ","0.00000",,"Other(See Case File)","Withdrawn ATP","Residential","Other(See Case File)","False","null",1122,"4911",,"","249",10725
92036.000,"C",RC,10/26/1992,11/9/1992,True,"SD DOT - Maintenance Shop","SD Department of Transportation (SD DOT)","Off Hwy. 18",Martin,57551,Bennett,43.17135,-101.713188,,,,"","0.00","","                                                  ","0.00000",,"Other(See Case File)","Clean Site","Public","UST","True","No Release",,"2127",,"","",8399
94045.000,"C",RC,12/2/1994,12/8/1994,True,"Mueller Feed","Fred Mueller","E Hwy 18",Martin,57551,Bennett,43.172657,-101.7154,,,,"","0.00","","                                                  ","0.00000",,"Other(See Case File)","Clean Site","Commercial","UST","True","No Release",,"2208",,"","",8548
2001352.000,"C",KM,8/30/2001,10/31/2001,True,"Clean ATP - Haynes Property","Lucille Haynes","Hwy 18",Tuthill,57574,Bennett,43.2144241,-101.449532,37N,35W,3,"NW","0.00","","                                                  ","0.00000",,"Other(See Case File)","ATP","Agricultural","UST","False","No Release",1123,"4912",,"","204",9216
2001529.000,"C",KM,12/4/2001,12/18/2001,True,"Clean ATP - Phipps Property","John Phipps","1.25 miles N of Tuthill",Tuthill,57574,Bennett,43.17593,-101.492859,37,35,17,"SW","0.00","","                                                  ","0.00000",,"Other(See Case File)","ATP","Agricultural","UST","True","No Release",978,"4928",,"","204",9393
2001530.000,"C",KM,12/4/2001,12/18/2001,True,"Clean ATP - K & D Repair","Kenneth Spears","Tuthill Road (293 St & 231 Ave)",Tuthill,57574,Bennett,43.15682,-101.494644,,,,"","0.00","","                                                  ","0.00000",,"Other(See Case File)","ATP","Commercial","UST","True","No Release",983,"4930",,"","204",9394
2001531.000,"C",KM,12/4/2001,12/18/2001,True,"Clean ATP - Bettelyoun Property","Harlan Bettelyoun","Tuthill Road (231 Ave)",Tuthill,57574,Bennett,43.1576958,-101.49456,37,35,19,"SE","0.00","","                                                  ","0.00000",,"Other(See Case File)","ATP","Other(See Case File)","UST","True","No Release",989,"4935",,"","204",9395
2001532.000,"C",KM,12/4/2001,12/18/2001,True,"Clean ATP - Haisch Property","Carroll Haisch","Tuthill Road (231 Ave & 293 St)",Tuthill,57574,Bennett,43.1574,-101.494728,37N,35W,19,"SE","0.00","","                                                  ","0.00000",,"Other(See Case File)","ATP","Other(See Case File)","UST","True","No Release",974,"4927",,"","204",9396
2001533.000,"C",KM,12/4/2001,12/18/2001,True,"Clean ATP - Former Patricia Store","Ray Mansfield","NW Corner of Hwy 73 & 284th St",Patricia,57551,Bennett,43.2877426,-101.514389,38,36,1,"SE","0.00","","                                                  ","0.00000",,"Other(See Case File)","ATP","Commercial","UST","True","No Release",984,"4931",,"","204",9397
2001534.000,"C",KM,12/4/2001,12/18/2001,True,"ATP - Post Office (no tank found)","Charlotte Wellingford","Tuthill Intersection (231 Ave & 293 St)",Tuthill,57574,Bennett,43.15737,-101.494507,37,35,19,"SE","0.00","","                                                  ","0.00000",,"Other(See Case File)","ATP","Other(See Case File)","UST","False","No Tank Found",715,"4661",,"","204",9398
2001535.000,"C",KM,12/4/2001,12/18/2001,True,"Clean ATP - Fanning Property","Neil Fanning","237 Avenue  (South of Vetal)",Vetal,57551,Bennett,43.1881752,-101.376495,37N,34,7,"","0.00","","                                                  ","0.00000",,"Other(See Case File)","ATP","Agricultural","UST","False","No Release",1577,"5522",,"","205",9399
2001536.000,"C",KM,12/4/2001,12/18/2001,True,"Clean ATP - Hunt Property","Don Hunt","Highway 18 at 237 Avenue",Vetal,57551,Bennett,43.21523,-101.375786,,,,"","0.00","","                                                  ","0.00000",,"Other(See Case File)","ATP","Commercial","UST","True","No Release",981,"4929",,"","204",9400
2001537.000,"C",KM,12/4/2001,12/18/2001,True,"Clean ATP - Former Standard","Bob Claussen","100 Main Street",Martin,57551,Bennett,43.17529,-101.732285,,,,"","0.00","","                                                  ","0.00000",,"Other(See Case File)","ATP","Commercial","UST","False","No Release",1333,"5253",,"","205",9401
2001538.000,"C",KM,12/4/2001,12/18/2001,True,"Clean ATP - Slattery Property","Paul Slattery","1st Avenue and Pugh Street",Martin,57551,Bennett,43.1744232,-101.731445,,,,"","0.00","","                                                  ","0.00000",,"Other(See Case File)","ATP","Residential","UST","False","No Release",1125,"4914",,"","204",9402
2001539.000,"C",KM,12/4/2001,12/18/2001,True,"Clean ATP - City of Martin","City of Martin","301 Pugh Street",Martin,57551,Bennett,43.1742554,-101.737068,,,,"","0.00","","                                                  ","0.00000",,"Other(See Case File)","ATP","Public","UST","True","No Release",1124,"4913",,"","204",9403
2001540.000,"C",KM,12/1/2001,12/18/2001,True,"Clean ATP - Larson Property","Scott Larson","604 Main Street",Martin,57551,Bennett,43.1754379,-101.740761,,,,"","0.00","","                                                  ","0.00000",,"Other(See Case File)","ATP","Residential","UST","False","No Release",990,"4936",,"","204",9404
2001541.000,"C",KM,12/4/2001,12/18/2001,True,"Clean ATP - Heath Property","Anna Mary Heath","208 Avenue D",Martin,57551,Bennett,43.1701622,-101.727371,,,,"","0.00","","                                                  ","0.00000",,"Other(See Case File)","ATP","Residential","UST","False","No Release",987,"4934",,"","204",9405
2001542.000,"C",KM,12/4/2001,12/18/2001,True,"ATP - Finch's Service (no tank found)","Don Moore","SW Corner of 4th & Main Streets",Martin,57551,Bennett,43.1748123,-101.737091,,,,"","0.00","","                                                  ","0.00000",,"Other(See Case File)","ATP","Commercial","UST","False","No Tank Found",986,"4933",,"","204",9406
2002104.000,"C",KM,8/14/2002,10/18/2002,True,"Clean ATP - Martin Airport","Martin Airport","Martin Airport",Martin,57551,Bennett,43.1689072,-101.717316,,,,"","0.00","","                                                  ","0.00000",,"Other(See Case File)","ATP","Other(See Case File)","UST","True","No Release",2158,"6088",,"","220",9967