id,status,r1,date_rep,date_close,image,site_name,resp_party,street,city,zip_code,county,latitude,longitude,township,range,section,secq1,acreage,instctrls,material,amount,units,spill_cat,site_type,proptype,sor_type,regulated,cause_type,atp_no,prcfnumber,ag_no,solidwaste,microroll,siteid
83.023,"C",TF,6/10/1983,1/24/2002,True,"City Sewer - LUST Trust (see 91.041)","Dennis Severson","City Sewer System",Platte,57369,Charles Mix,43.38515,-98.84186,99N,68W,,"","0.00","","Gasoline, unleaded                                ","0.00000",,"Petroleum","Lust Trust","Other(See Case File)","UST","False","Leakage",,"null",,"","",128
83.025,"C",DM,6/30/1983,1/5/2005,True,"Mobil - LUST Trust (see file # 91.041)","Dennis Severson","6th & Vermont",Platte,57369,Charles Mix,43.3852539,-98.84339,,,,"","0.00","","Petroleum                                         ","0.00000",,"Petroleum","Lust Trust","Commercial","UST","True","Leakage",,"null",,"","235",130
83.051,"C",TF,11/1/1983,1/24/2002,True,"Severson Oil  (see 91.041)","Severson Oil","6th & Main",Platte,57369,Charles Mix,43.38506,-98.84447,,,,"","0.00","","Gasoline                                          ","0.00000",,"Petroleum","Lust Trust","Commercial","UST","True","Leakage",,"null",,"","",155
84.083,"C",JA,10/17/1984,1/19/1994,True,"Wagner Building Supply - Hose Failure","Dan Dugan Transport","39379 SD Hwy 46",Wagner,57380,Charles Mix,43.08091,-98.31175,,,,"","0.00","","Gasoline                                          ","50.00000",gallons,"Petroleum","Other(See Case File)","Commercial","UST","True","Disconnected Hose ",,"null",,"","266",254
84.095,"C",JA,10/17/1984,2/21/1993,True,"Dan Dugan Transport - Hose Failure","Dan Dugan Transport","UNKNOWN",Wagner,57380,Charles Mix,43.082428,-98.27628,,,,"","0.00","","Gasoline                                          ","150.00000",gallons,"Petroleum","Other(See Case File)","Unknown(See Case File)","Transport Truck","False","Disconnected Hose ",,"null",,"","235",266
85.051,"C",BL,6/17/1985,6/30/2000,True,"Petroleum Vapors (see 90.288)","Weisser Oil","Wagner Sewer System",Wagner,57380,Charles Mix,43.0816422,-98.29404,,,,"","0.00","","Diesel                                            ","0.00000",,"Petroleum","Other(See Case File)","Public","UST","True","Corrosion",,"null",,"","",319
86.028,"C",JA,5/13/1986,1/19/1994,True,"Transport Event","Mike Huzuke","6 mi. W. & 5 mi. S. (CR 385)",Lake Andes,57356,Charles Mix,43.116478,-98.6651154,96N,66W,20,"SE","0.00","","Fertilizer                                        ","1200.00000",gallons,"Agri Chem","Other(See Case File)","Agricultural","Transport Truck","False","Overturned",,"null",,"","267",393
87.005,"C",TA,1/23/1987,9/25/2002,True,"Petroleum in sewer system - LUST Investigation","Wagner","City Sewer System",Wagner,57380,Charles Mix,43.0816269,-98.2881241,,,,"","0.00","","Gasoline                                          ","0.00000",,"Petroleum","Lust Trust","Public","UST","True","Leakage",,"null",,"","235",470
88.074,"C",BL,6/2/1988,9/21/1995,True,"Northwestern Bell  - UST Removals","Northwestern Bell","108 1st Street SE",Wagner,57380,Charles Mix,43.0811272,-98.2927246,,,,"","0.00","","Diesel                                            ","25.00000",gallons,"Petroleum","Other(See Case File)","Commercial","UST","False","Spillage",,"null",,"","235",678
88.086,"NFA",JPA,6/17/1988,6/27/2011,True,"Former Norm's Service (The Station Project) - Tank Removals","Norm Nedved","305 West Highway 46/50",Wagner,57380,Charles Mix,43.0814857,-98.29719,,,,"","0.00","","Petroleum                                         ","0.00000",,"Petroleum","Lust Trust","Commercial","UST","True","Leakage",,"267",,"","278",690
88.143,"I",JG,8/11/1988,12/16/1996,True,"Former Station Site - UST Removals","Farmers Coop","Hwy. 46 and Main St.",Wagner,57380,Charles Mix,43.0815544,-98.29381,,,,"","0.00","","Gasoline                                          ","0.00000",,"Petroleum","Other(See Case File)","Commercial","UST","True","Leakage",,"0039",,"","",747
88.276,"C",KM,7/1/1988,5/7/1992,True,"Northwestern Bell Maintenance Shop","Northwestern Bell","108 1st Street SE",Wagner,57380,Charles Mix,43.0811234,-98.29257,,,,"","0.00","","Fuel Oil                                          ","0.00000",,"Petroleum","Other(See Case File)","Commercial","UST","False","Spillage",,"null",,"","234",875
89.016,"NFA",DM,2/9/1989,12/21/2000,True,"Casey's General Store - Petroleum Impacted Site","Casey's General Stores, Inc.","NE at Main (Hwy 45) and Seventh Street ( Hwy 44)",Platte,57369,Charles Mix,43.3843346,-98.84445,,,,"","0.00","","Gasoline                                          ","0.00000",,"Petroleum","Other(See Case File)","Commercial","UST","True","Leaks and Spills",,"22",,"","209, 225,",906
89.081,"C",DM,5/8/1989,12/30/1991,True,"Phillips 66 Highway Service - Leaking Tank","Robert Slaba","Highway 50 & 3rd Ave",Lake Andes,57356,Charles Mix,43.15356,-98.54143,96N,65W,9,"NW","0.00","","Gasoline                                          ","0.00000",,"Petroleum","Other(See Case File)","Commercial","UST","True","Leakage",,"0036",,"","",970
89.126,"C",SH,5/17/1989,8/28/1991,True,"SD DOT Maintenance Shop - UST Removals","SD Department of Transportation  (SD DOT)","Maintenance Shop",Wagner,57380,Charles Mix,43.0763626,-98.29328,95N,63W,4,"","0.00","","Petroleum                                         ","0.00000",,"Petroleum","Other(See Case File)","Public","UST","True","Leakage",,"0568",,"","",1015
90.059,"C",TK,3/9/1990,4/12/1993,True,"Corps of Engineers - Transformer Failure","U.S. Army Corps of Engineers","Switchyard",Pickstown,57367,Charles Mix,43.0626526,-98.5547943,,,,"","0.00","","Transformer Oil PCB                               ","410.00000",gallons,"Chemical","Federal","Other(See Case File)","Transformer","False","Equipment Failure",,"null",,"","",1294
90.288,"NFA",KH,7/12/1990,2/19/2002,True,"Weisser Oil Station - Tank Removals","Harvey Weisser","130 East Highway 50   ",Wagner,57380,Charles Mix,43.0819244,-98.2902451,,,,"","0.00","","Petroleum                                         ","0.00000",,"Petroleum","Lust Trust","Commercial","UST & AST","True","Corrosion",,"219",,"","",1523
90.289,"C",BL,7/12/1990,2/8/1996,True,"Bouza & Schroder Construction","Bouza & Schroder Construction","121 E. Highway 50",Wagner,57380,Charles Mix,43.0815239,-98.29171,,,,"","0.00","","Petroleum                                         ","0.00000",,"Petroleum","Other(See Case File)","Commercial","UST","True","Corrosion",,"0220",,"","",1524
90.483,"C",BL,10/5/1990,11/6/1990,True,"Kocer Implement - Tank Removal","Romaine Kocer","East Highway  50/46",Wagner,57380,Charles Mix,43.0815659,-98.27438,,,,"","0.00","","Gasoline                                          ","0.00000",,"Petroleum","Other(See Case File)","Commercial","UST","True","Corrosion",,"1171",,"","",1718
90.532,"NFA",JPA,10/23/1990,6/6/2011,True,"Former Norm's Service LUST Trust / ARRA","Norm Nedved","NW at Main & 4th Street SW",Wagner,57380,Charles Mix,43.0778465,-98.2939,,,,"","0.00","","Gasoline                                          ","0.00000",,"Petroleum","Lust Trust","Commercial","UST","True","Leakage",,"1205",,"","278",1767
90.533,"C",BL,10/23/1990,1/30/1996,True,"Weisser Classic Car Wash LUST Trust","Harvey Weisser - Weisser Oil","Highway 50 & Main",Wagner,57380,Charles Mix,43.0818443,-98.2932739,96N,63W,33,"SE","0.00","","Gasoline                                          ","0.00000",,"Petroleum","Lust Trust","Commercial","UST","True","Leakage",,"1206",,"","247",1768
90.554,"C",DM,10/29/1990,12/30/1994,True,"Lake Andes PumperNiks - Tank Replacements","Ron Nikodym","Highway 50 & 3rd Ave",Lake Andes,57356,Charles Mix,43.1541977,-98.54194,,,,"","0.00","","Gasoline                                          ","0.00000",,"Petroleum","Other(See Case File)","Commercial","UST","True","Leaks and Spills",,"1223",,"","",1789
90.555,"NFA",TB,10/30/1990,2/21/2001,True,"Farmers Elevator Gas Station","Farmers Elevator","NE at 1st & Main",Lake Andes,57356,Charles Mix,43.1564827,-98.54425,96N,65,4,"SW","0.00","","Petroleum                                         ","0.00000",,"Petroleum","Other(See Case File)","Commercial","UST","True","Leakage",,"1224",,"","",1790
90.561,"C",KM,11/7/1990,6/30/2000,True,"Lake Andes Farmers Coop - Discharge Complaint","Lake Andes Farmers Coop","Coop Facility",Lake Andes,57356,Charles Mix,43.156517,-98.54355,,,,"","0.00","","Gasoline                                          ","0.00000",,"Petroleum","Other(See Case File)","Other(See Case File)","AST","False","No Release",,"1234",,"","",1796
91.005,"NFA",KH,1/7/1991,11/12/2002,True,"Farmers Union Oil Co. - Tank System Replacement","Farmers Union Oil Co.","108 South Main",Dante,57329,Charles Mix,43.03788,-98.184494,,,,"","0.00","","Gasoline                                          ","0.00000",,"Petroleum","Other(See Case File)","Commercial","UST","True","Leakage",,"1309",,"","209",1895
91.040,"NFA",DM,10/30/1990,12/19/2000,True,"Beck's or Rod's Standard - LUST Trust","Marcus King","701 South Main  (Main & 7th)",Platte,57369,Charles Mix,43.3839836,-98.8442841,,,,"","0.00","","Petroleum                                         ","0.00000",,"Petroleum","Lust Trust","Commercial","UST","True","Leakage",,"1340",,"","",1930
91.041,"NFA",TF,10/30/1990,12/29/2009,True,"Severson Service - LUST Trust","Dennis Severson","601 Main Avenue  (SE @ Main & 6th)",Platte,57369,Charles Mix,43.3850632,-98.84434,,,,"","0.00","","Petroleum                                         ","0.00000",,"Petroleum","Lust Trust","Commercial","UST","True","Leakage",,"1341",,"","270, 276",1931
91.046,"C",DM,2/1/1991,3/30/1993,True,"Lake Andes Oil & Gas - Tank Removals","Robert Slaba","Highway 18 & 3rd Ave",Lake Andes,57356,Charles Mix,43.1527748,-98.54213,,,,"","0.00","","Petroleum                                         ","0.00000",,"Petroleum","Other(See Case File)","Commercial","UST","True","null",,"1376",,"","",1936
91.140,"C",DP,4/12/1991,12/15/1992,True,"Eagle Cafe (former station site)","Leola Dumdei","3rd Ave & Highway 50",Lake Andes,57356,Charles Mix,43.1537437,-98.54202,,,,"","0.00","","Petroleum                                         ","0.00000",,"Petroleum","Other(See Case File)","Commercial","UST","True","Spillage",,"1444",,"","",2030
91.179,"C",BL,5/8/1991,5/17/1991,True,"Farmers Coop Association","Farmers Coop Association","110 Railroad St.",Wagner,57380,Charles Mix,43.0795364,-98.29753,,,,"","0.00","","Diesel                                            ","0.00000",,"Petroleum","Other(See Case File)","Commercial","AST","True","Spillage",,"1474",,"","",2069
91.537,"C",TK,11/20/1991,8/7/2007,True,"Petroleum Contamination (see 91.584)","Unknown","2nd & Main",Platte,57369,Charles Mix,43.38913,-98.84459,,,,"","0.00","","Petroleum                                         ","0.00000",,"Petroleum","Other(See Case File)","Commercial","AST","True","Leakage",,"1847",,"","253",2427
91.584,"NFA",DM,12/16/1991,2/18/2004,True,"Platte Oil Company","Dwayne Nydam","120 N. Main",Platte,57369,Charles Mix,43.389698,-98.84524,,,,"","0.00","","Petroleum                                         ","0.00000",,"Petroleum","Other(See Case File)","Commercial","AST","True","Leakage",,"1885",,"","231",2474
91.591,"NFA",JF,12/18/1991,11/7/2000,True,"Kredit Ford Sales - Tank Removals","Ken Kredit","W. Highway 44 (SW at Wyoming Ave & Hwy 44)",Platte,57369,Charles Mix,43.38376,-98.85059,,,,"","0.00","","Petroleum                                         ","0.00000",,"Petroleum","Other(See Case File)","Commercial","UST","True","Leakage",,"1910",,"","",2481
91.686,"NFA",NS,12/30/1991,6/26/2008,True,"JD Fashion Screen Art","Dennis DeHaan","421 North Main  (NE @ Main & 5th)",Platte,57369,Charles Mix,43.38636,-98.84449,,,,"","0.00","","Petroleum                                         ","0.00000",,"Petroleum","Other(See Case File)","Commercial","UST","True","Leakage",,"1986",,"","257,266",2576
92.044,"C",KD,2/12/1992,9/13/1993,True,"Charles Mix County Hwy Shop","Charles Mix County","651 2nd Street SE",Wagner,57380,Charles Mix,43.079277,-98.2822647,95N,63,3,"NW","0.00","","Diesel                                            ","0.00000",,"Petroleum","Other(See Case File)","Public","UST","True","Corrosion",,"2043",,"","",2634
92.074,"C",KM,3/12/1992,12/8/2000,True,"CERCLIS - COE Fort Randall Dam facility","US Army Corps of Engineers","Hwy 46, 1 mile West of Pickstown",Pickstown,57367,Charles Mix,43.06504,-98.55375,,,,"","0.00","","Solvents & paint                                  ","0.00000",,"Chemical","CERCLIS","Other(See Case File)","Containers","False","Past Practices",,"null",,"","237",2664
92.087,"C",KM,3/26/1992,10/19/1994,True,"Herb Hoffman Transport Event","Herb Hoffman","5N, 3W, 1 3/4 N",Platte,57369,Charles Mix,43.48092,-98.90449,100,68,17,"","0.00","","Fertilizer 10-34-0                                ","950.00000",,"Agri Chem","Other(See Case File)","Other(See Case File)","Portable Tank","False","Tank Failure",,"null",,"","",2677
92.117,"NFA",KH,4/17/1992,11/7/2000,True,"Casey's General Store","Casey's General Stores, Inc. - Glenn Norgart","606 E. Highway 50",Wagner,57380,Charles Mix,43.0818,-98.28585,96N,63W,34,"SW","0.00","","Petroleum                                         ","0.00000",,"Petroleum","Other(See Case File)","Commercial","UST","True","Leakage",,"2093",,"","201",2707
92.200,"C",KM,6/5/1992,9/16/1996,True,"Corps of Engineers Ft. Randall","US Army Corps of Engineers","Ft. Randall Dam - Switchyard",Pickstown,57367,Charles Mix,43.0633163,-98.554924,95,65W,8,"NW","0.00","","Mineral Oil                                       ","200.00000",gallons,"Oil","Federal","Other(See Case File)","Transformer","False","Leakage",,"null",,"","",2790
92.245,"I",JG,7/14/1992,3/7/1997,True,"Pirner Bulk Plant","Al Pirner","407 E Street SE",Wagner,57380,Charles Mix,43.076683,-98.29081,,,,"","0.00","","Petroleum                                         ","0.00000",,"Petroleum","Other(See Case File)","Commercial","AST","True","Leaks and Spills",,"2223",,"","",2835
92.345,"C",TK,10/1/1992,10/2/1992,True," Release into Creek - Complaint","Unknown","3 mi. N. of Platte  (Platte Creek)",Platte,57369,Charles Mix,43.4308548,-98.8446045,,,,"","0.00","","Agri Chem                                         ","0.00000",,"Agri Chem","Surface Water","Other(See Case File)","Unknown(See Case File)","False","No Release",,"null",,"","",2935
92.367,"C",BL,10/19/1992,4/10/1995,True,"City of Wagner - Airport","City of Wagner","Municipal Airport",Wagner,57380,Charles Mix,43.06582,-98.29403,95N,63W,9,"NW","0.00","","Aviation Fuel                                     ","0.00000",,"Petroleum","Other(See Case File)","Other(See Case File)","UST","True","Leaks and Spills",,"2298",,"","",2957
92.408,"C",KM,12/2/1992,12/8/1992,True,"Dehaan  Sprayer Spill","Lyle Dehaan","W of 376 Ave & 296 St intersection",Lake Andes,57356,Charles Mix,43.0975342,-98.66547,,,,"","0.00","","7-21-7 Fertilizer                                 ","0.00000",,"Agri Chem","Other(See Case File)","Other(See Case File)","Sprayer","False","Overturned",,"null",,"","",2998
92.412,"C",MV,11/18/1992,6/28/1994,True,"WAPA - Western Area Power Administration","Western Area Power Administration WAPA","4 S. & 1 E. of Town",Armour,57313,Charles Mix,43.2568932,-98.32669,  98,63W,5,"SW","0.00","","Agri Chem                                         ","0.00000",,"Agri Chem","Federal","Industrial","Sprayer","False","Handling",,"null",,"","237",3002
93.092,"I",KH,4/26/1993,6/23/1998,True,"Platte Coop","Platte Coop - Contact: Gene Gukeisen","NW Part of Platte",Platte,57369,Charles Mix,43.3912048,-98.84533,,,,"","0.00","","Petroleum                                         ","0.00000",,"Petroleum","Other(See Case File)","Commercial","UST","True","Leakage",,"2419",,"","",3107
93.130,"C",KM,5/25/1993,6/28/1993,True,"Fuel Oil Spill - Stinemark Farm","Corsica Lumber and Supply","12 E. & 4 S of Geddes",Lake Andes,57356,Charles Mix,43.19882,-98.4510345,,,,"","0.00","","Fuel Oil                                          ","100.00000",gallons,"Petroleum","Other(See Case File)","Agricultural","AST","False","Valve Leak",,"null",,"","",3145
93.334,"C",MK,10/13/1993,6/12/1998,True,"Wagner Bowling Alley","Perry VanRoekel","107 N Main Street",Wagner,57380,Charles Mix,43.0821838,-98.2936859,,,,"","0.00","","Petroleum Vapors                                  ","0.00000",,"Petroleum","Other(See Case File)","Commercial","Off Site Source","False","Leakage",,"2575",,"","",3349
93.335,"C",KH,10/14/1993,8/5/1995,True,"Community 1st State Bank - UST Removal","Community First State Bank","401 North Main",Platte,57369,Charles Mix,43.3869133,-98.84403,,,,"","0.00","","Fuel oil                                          ","0.00000",,"Petroleum","Other(See Case File)","Commercial","UST","False","Corrosion",,"2572",,"","",3350
94.028,"C",TK,2/23/1994,1/28/1995,True,"Bruce Wynia  - Irrigation Pump System","Lloyd Bakken","Platte Creek @ Missouri River",Platte,57369,Charles Mix,43.3176422,-99.00545,,,,"","0.00","","Oil                                               ","0.00000",,"Oil","Other(See Case File)","Agricultural","Equipment","False","Overfills/Spillage",,"2635",,"","",3563
94.054,"C",BL,3/23/1994,4/7/1994,True,"Crossroads Farmers Coop - Surface Spills","Farmers Cooperative Association","West Highway 46",Wagner,57380,Charles Mix,43.0820961,-98.30689,96N,63,33,"SW","0.00","","Gasoline                                          ","0.00000",,"Petroleum","Other(See Case File)","Commercial","UST","True","Overfill",,"2634",,"","",3589
94.140,"C",TK,5/24/1994,10/7/1994,True,"Erickson Transport Event","Bruce Erickson","10 W, 2 N, 1 3/4  W of Platte",Platte,57369,Charles Mix,43.4138832,-99.08141,99N,70W,1,"SW","0.00","","Liquid Fertilizer                                 ","1300.00000",,"Agri Chem","Other(See Case File)","Other(See Case File)","Portable Tank","False","Unsecured",,"null",,"","",3675
94.181,"C",KM,6/21/1994,1/25/1995,True,"Irrigation System - Line Leak","Platte Colony","3-4 miles N of Platte-Winner Bridge",Academy,57369,Charles Mix,43.4441032,-99.16622,,,30,"SE","0.00","","Diesel                                            ","40.00000",gallons,"Petroleum","Other(See Case File)","Agricultural","AST","False","Line Leak",,"null",,"","",3716
94.230,"C",TK,8/4/1994,4/11/1995,True,"Ft. Randall Dam Rail - Equipment Leak","U.S. Corps of Engineers","N of Hwy behind RR Warehouse @ proposed switchyard",Pickstown,57367,Charles Mix,43.0718422,-98.5342941,95N,65W,4,"SE","0.00","","Oil                                               ","0.00000",,"Oil","Federal","Other(See Case File)","Equipment","True","Leakage",,"2730",,"","",3765
94.314,"C",TA,4/29/1994,2/28/2002,True,"DOD/FUD Pickstown AFS Z-134 #b08sd0556","U.S. Army Corps of Engineers - Missouri River Division","Pickstown Air Force Station Z-134",Pickstown,57367,Charles Mix,43.08297,-98.4756,,,,"","0.00","","Diesel, Oil","0.00000",,"Combined","Federal","Other(See Case File)","Equipment","False","Operation ",,"null",,"","237",3849
95.023,"C",TK,1/30/1995,3/3/1995,True,"Spaltholz Fuel Dumping","W. John Spaltholz","10-12 mi S. of Platte, at stopsign)",Geddes,57342,Charles Mix,43.24033,-98.84471,,,,"","0.00","","Gasoline                                          ","1.00000",quart,"Petroleum","Other(See Case File)","Other(See Case File)","Containers","False","Handling",,"null",,"","",3974
95.042,"C",RC,3/1/1995,5/2/1995,True,"Pudwill UST Removal","Cheryl Pudwill & Nyla Wilson","108 N Main",Wagner,57380,Charles Mix,43.0821457,-98.2932053,,,,"","0.00","","Diesel Fuel                                       ","0.00000",,"Petroleum","Other(See Case File)","Commercial","UST","True","Spillage",,"2835",,"","",3993
95.070,"C",TK,4/19/1995,6/22/1996,True,"Former Chevrolet Garage - Tank System Removal","Vernell Qualm","100 Block Of Main",Platte,57369,Charles Mix,43.3898621,-98.84437,,,,"","0.00","","Petroleum                                         ","0.00000",,"Petroleum","Other(See Case File)","Commercial","UST","True","Spillage",,"2858",,"","",4021
95.299,"NFA",JF,10/30/1995,3/18/2003,True,"Geddes Co-op Former Bulk Site","Geddes Co-op","4th & Railway",Geddes,57342,Charles Mix,43.2537575,-98.6929,,,,"","0.00","","Fuel Oil                                          ","20.00000",gallons,"Petroleum","Other(See Case File)","Commercial","AST","True","Leaks and Spills",,"2969",,"","235",4250
96.032,"C",LAS,2/16/1996,6/13/2002,True,"Albert Kocer  - Anonymous Complaint","Albert Kocer","8 mi S, 1/4 mi W",Wagner,57380,Charles Mix,42.9672737,-98.29933,,,,"","0.00","","Corrosion Inhibitor                               ","0.00000",,"Chemical","Other(See Case File)","Agricultural","Containment Structure ","False","Handling",,"null",,"","203",4342
96.054,"C",KM,3/15/1996,12/5/2000,True,"Farmers Coop - Fertilizer Spill","Farmers Coop Association","East edge of town (North of Highway 46)",Wagner,57380,Charles Mix,43.08324,-98.27788,,,,"","0.00","","Liquid Fertilizer 28%                             ","200.00000",gallons,"Agri Chem","Other(See Case File)","Commercial","AST","False","Leakage",,"null",,"","210",4364
96.073,"C",TK,4/11/1996,8/27/1996,True,"Tanker Truck - Fire Event","Vanderpol Construction","North of Dante",Dante,57329,Charles Mix,43.0499725,-98.18712,95N,61W,16,"SW","0.00","","Diesel Fuel                                       ","7500.00000",pounds,"Petroleum","Other(See Case File)","Other(See Case File)","Transport Truck","False","Fire Event",,"3022",,"","232",4383
96.131,"C",KM,5/14/1996,8/27/1996,True,"North Main Street Spill","Wagner Farmers Coop","4 blocks of North Main (far north end)",Wagner,57380,Charles Mix,43.0855751,-98.29353,,,,"","0.00","","Liquid Fertilizer                                 ","1300.00000",gallons,"Agri Chem","Other(See Case File)","Other(See Case File)","Transport Tank","False","Spillage",,"null",,"","",4441
96.151,"C",KH,5/30/1996,7/26/1996,True,"Snake Creek (SD GF&P) - Tank Removals","SD Game, Fish, and Parks  (SD GF&P)","18 mi W of Platte on Highway 44",Platte,57369,Charles Mix,43.3950157,-99.1172,,,,"","0.00","","Gasoline                                          ","0.00000",,"Petroleum","Other(See Case File)","Public","UST","True","Line Leak",,"3014",,"","",4461
96.261,"C",RC,9/9/1996,12/2/1996,True,"SD DOT Shop - Tank Removals, Line Leak","SD Department of Transportation (SD DOT)","DOT Shop, Hwy 45, N edge of town",Platte,57369,Charles Mix,43.3935738,-98.84435,,,,"","0.00","","Petroleum                                         ","0.00000",,"Petroleum","Other(See Case File)","Other(See Case File)","UST","True","Line Leak",,"3064",,"","",4571
97.199,"C",DR,6/12/1997,6/28/2005,True,"Taylor Property - Basement Spill","Marla Taylor","209 Vermont Avenue",Platte,57369,Charles Mix,43.3889,-98.84314,,,,"","0.00","","Heating Oil                                       ","150.00000",gallons,"Petroleum","Other(See Case File)","Residential","AST","False","Overturned",,"3235",,"","239",4887
97.242,"C",KM,7/16/1997,2/24/1998,True,"Wagner School Bus Barn - Tank Removal","Wagner Public School District","N Side of Hwy 46, E of National Guard Armory",Wagner,57380,Charles Mix,43.0830154,-98.2843552,,,,"","0.00","","gasoline                                          ","0.00000",,"Petroleum","Other(See Case File)","Public","UST","True","Leaks and Spills",,"3219",,"","",4930
97.247,"NFA",GK,7/25/1997,2/13/2023,True,"Mini-bulkTransport Event","Turnis Farm Service - Herman Turnis","Highway 50 at Academy",Academy,57369,Charles Mix,43.4565125,-99.08018,100N,70W,24,"SW","0.00","","atrazine 4L                                       ","250.00000",,"Agri Chem","Other(See Case File)","Agricultural","Tote","False","Unsecured",,"null",,"","",4935
97.362,"NFA",KH,8/25/1997,11/20/2006,True,"K's Quik Stop - LUST Trust","Dick Kafka","100 West Highway 50",Wagner,57380,Charles Mix,43.0819321,-98.29377,,,,"","0.00","","Diesel, Gasoline                                  ","0.00000",,"Petroleum","Lust Trust","Commercial","UST","True","Leakage",,"3264",,"","247",5050
98.095,"C",BM,5/4/1998,10/16/1998,True,"Transport Event","Clarence Fiegen","2 mi East of Academy on Highway 50",Academy,57369,Charles Mix,43.45532,-99.04354,,,,"","0.00","","liquid fertilizer                                 ","1482.00000",gallons,"Agri Chem","Other(See Case File)","Other(See Case File)","Transport Trailer","False","Transport Accident",,"null",,"","",5203
98.205,"C",SB,8/12/1998,10/9/1998,True,"Platte Creek Recreation Area - Line Leak","SD Game Fish and Parks  (SD GF&P)","Hwy 1804, SW of Platte",Platte,57369,Charles Mix,43.29735,-99.0013657,98N,69W,,"","0.00","","gasoline                                          ","0.00000",,"Petroleum","Other(See Case File)","Public","UST","True","Line Leak",,"3361",,"","235",5313
98.225,"C",TA,8/21/1998,7/21/2000,True,"Good Samaritan Center - Tank Removal / Abandonment","Good Samaritan Society","515 W. Hwy 46",Wagner,57380,Charles Mix,43.0808144,-98.30169,95N,63W,4,"NW","0.00","","Fuel Oil                                          ","0.00000",,"Petroleum","Other(See Case File)","Other(See Case File)","UST","False","Leakage",,"3436",,"","212",5333
98.345,"NFA",MH,11/10/1998,2/12/2020,True,"Marty Tribal Store - Federal Id # R400044/45","Bureau of Indian Affairs","Marty Indian School   (Bldg 90000K)",Marty,57361,Charles Mix,42.99113,-98.42522,,,,"","0.00","","Gasoline                                          ","0.00000",,"Petroleum","Federal","Other(See Case File)","UST","True","Leakage",,"3710",,"","",5453
99.055,"C",CH,3/2/1999,12/1/2000,True,"County Shop - Tank Removal","Charles Mix County","126 South 3rd Street",Lake Andes,57356,Charles Mix,43.1549149,-98.5407,96N,65W,9,"","0.00","","diesel fuel                                       ","0.00000",,"Petroleum","Other(See Case File)","Public","UST","True","Leakage",,"3343",,"","",5602
99.092,"C",JL,3/23/1999,2/14/2008,True,"CERCLIS - Marty Indian School Shop","Yankton Sioux Tribe","Shop Road",Marty,57361,Charles Mix,42.9915543,-98.42798,,,,"","0.00","","Petroleum                                         ","0.00000",,"Petroleum","CERCLIS","Other(See Case File)","Combined(See Case File)","True","Handling",,"3650",,"","257",5639
99.153,"C",TF,4/26/1999,4/8/2003,True,"Former Anderson Marine - Tank Removal","Anderson Marine","North Side of Highway 18",Pickstown,57367,Charles Mix,43.0698662,-98.53631,,,,"","0.00","","petroleum                                         ","0.00000",,"Petroleum","Other(See Case File)","Commercial","UST","True","Leaks and Spills",,"3723",,"","223,",5700
99.193,"NFA",DM ,6/22/1999,6/6/2017,True,"Street Contamination - LUST Trust","City of Wagner","Main Avenue at 4th Street",Wagner,57380,Charles Mix,43.07776,-98.29353,95N,63W,4,"NE","0.00","","petroleum                                         ","0.00000",,"Petroleum","Lust Trust","Commercial","UST","True","Leakage",,"3805",,"","248",5740
99.198,"C",AY,6/25/1999,2/23/2007,True,"Former Mobil Bulk Site - LUST Trust","Unknown","Main at N Railway ",Wagner,57380,Charles Mix,43.0788536,-98.29357,,,,"","0.00","","petroleum                                         ","0.00000",,"Petroleum","Lust Trust","Commercial","AST","True","Leakage",,"3807",,"","252",5745
99.234,"C",NS,7/20/1999,2/24/2000,True,"Geddes School - Tank Leak","Geddes School District","Geddes School",Geddes,57342,Charles Mix,43.25198,-98.6988449,97N,66W,6,"NW","0.00","","heating oil                                       ","0.00000",,"Petroleum","Other(See Case File)","Public","UST","False","Leakage",,"3780",,"","",5781
99.328,"C",TF,12/3/1999,5/26/2000,True,"Pickstown Dam - Transfer Hose Spill","Gerstner Oil Company","Fuel Loading Area",Pickstown,57367,Charles Mix,43.05635,-98.5571747,65W,95N,,"8","0.00","","petroleum                                         ","0.00000",,"Petroleum","Federal","Other(See Case File)","UST","True","Disconnected Hose ",,"3878",,"","",5875
2000.368,"NFA",KM,12/14/2000,8/23/2002,True,"ATP - Old Fire Hall","Town of Pickstown","124 Lewis Street",Pickstown,57367,Charles Mix,43.0687981,-98.53234,,,,"","0.00","","fuel oil                                          ","0.00000",,"Petroleum","ATP","Other(See Case File)","UST","False","Corrosion",103,"4012",,"","208",6266
2000.369,"NFA",KM,12/14/2000,12/3/2002,True,"ATP -  Dr. Stekly's Office - No Tank Found","John Stekly","121 Main Street",Platte,57369,Charles Mix,43.38934,-98.84448,,,,"","0.00","","petroleum                                         ","0.00000",,"Petroleum","ATP","Commercial","UST","False","No Tank Found",185,"4096",,"","219",6267
2000.370,"NFA",KM,12/14/2000,3/17/2003,True,"ATP - Former Pat Overcamp Trucking","Thomas Bischke","North Main Street",Platte,57369,Charles Mix,43.3932762,-98.84414,,,,"","0.00","","gasoline                                          ","0.00000",,"Petroleum","ATP","Commercial","UST","True","Spillage",109,"4017",,"","217",6268
2000.371,"C",KM,12/14/2000,12/21/2000,True,"ATP - Payer Farm","Dennis Payer","39619  306th  Street",Dante,57329,Charles Mix,42.94913,-98.264946,,,,"","0.00","","gasoline                                          ","0.00000",,"Petroleum","ATP","Agricultural","UST","True","Corrosion",189,"4092",,"","208",6269
2001.003,"C",KM,1/2/2001,1/8/2002,True,"Hoffman Rental Property - Overturned Tank","Elizabeth Hoffman","201 West Avenue NW   (S Park & West)",Wagner,57380,Charles Mix,43.08288,-98.29527,96N,63W,33,"SE","0.00","","Fuel Oil                                          ","275.00000",gallons,"Petroleum","Other(See Case File)","Residential","AST","False","Overturned",,"4402",,"","",6288
2001.072,"C",BM,4/27/2001,5/7/2001,True,"Randall Hills Country Club irrigation pump site","Randall Hills Country Club","Retaining Pond near Visitors Center",Pickstown,57367,Charles Mix,43.0717354,-98.54345,95N,65,4,"SE","0.00","","Petroleum                                         ","0.00000",,"Petroleum","Other(See Case File)","Other(See Case File)","Drums","False","Handling",,"null",,"","231",6357
2001.083,"C",KM,5/8/2001,12/27/2001,True,"Hartley Property - Leaking Autos","Bill Hartley","North Main at B Street",Wagner,57380,Charles Mix,43.0867729,-98.29434,,,,"","0.00","","Automotive Fluids                                 ","0.00000",,"Oil","Other(See Case File)","Other(See Case File)","Salvage Inventory","False","Handling",,"null",,"","231",6368
2001.276,"NFA",KM,8/29/2001,2/28/2003,True,"ATP - Platte Armory/Elementary School","Platte Community School District","SE at 4th Street & Iowa Avenue",Platte,57369,Charles Mix,43.3866158,-98.83692,,,,"","0.00","","fuel oil                                          ","0.00000",,"Petroleum","ATP","Other(See Case File)","UST","False","Corrosion",536,"4462",,"","217",6560
2001.277,"C",KM,8/29/2001,2/25/2002,True,"ATP - Former Geddes Community School Bldg Site","Geddes School","400 4th Street",Geddes,57342,Charles Mix,43.252,-98.6987839,,,,"","0.00","","fuel oil                                          ","0.00000",,"Petroleum","ATP","Public","UST","False","Corrosion",1536,"5481",,"","207",6561
2001.278,"NFA",KM,8/29/2001,2/28/2003,True,"ATP - Platte High School","Platte Community School District","SE at 4th Street & Ohio Avenue",Platte,57369,Charles Mix,43.3869934,-98.83979,,,,"","0.00","","fuel oil                                          ","0.00000",,"Petroleum","ATP","Public","UST","False","Corrosion",536,"4462",,"","217",6562
2001.344,"C",BM,10/4/2001,11/15/2001,True,"Van Dusseldorp  Transport Event","Vern Van Dusseldorp","Highways 50 & 52, 2 miles East of Academy",Academy,57369,Charles Mix,43.4551773,-99.04371,,,,"","0.00","","Phosphate fertilizer & gasoline                   ","2.00000",tons,"Combined","Other(See Case File)","Other(See Case File)","Transport Trailer","False","Transport Accident",,"null",,"","203",6628
2001.513,"NFA",KH,7/23/2001,6/18/2003,True,"ATP - Brown Farm (Frank E. Kaberna Estate)","Karen Brown","39749 SD Highway 46",Wagner,57380,Charles Mix,43.0793381,-98.23758,95N,63W,1,"NE","0.00","","Petroleum                                         ","0.00000",,"Petroleum","ATP","Agricultural","UST","False","Leaks and Spills",1774,"5733",,"","219",6796
2001.514,"NFA",KH,7/17/2001,5/21/2003,True,"ATP -Topps Manufacturing","Brian Balster","109 South Main Street",Platte,57369,Charles Mix,43.39,-98.84457,,,,"","0.00","","Petroleum                                         ","0.00000",,"Petroleum","ATP","Industrial","UST","True","Leakage",1684,"5642",,"","217",6797
2001.515,"NFA",KH,7/17/2001,6/18/2003,True,"ATP / LUST Trust - Former Duf's Standard","Ronald Dufek","Third & Main Street",Geddes,57342,Charles Mix,43.2536163,-98.69498,,,,"","0.00","","Petroleum                                         ","0.00000",,"Petroleum","ATP","Commercial","UST","True","Leaks and Spills",1154,"5098",,"","219,295",6798
2001.516,"NFA",KH,7/18/2001,12/16/2005,True,"ATP - Former Vilas's Service","Linda Bambas","NW at Third & Elm",Ravinia,57356,Charles Mix,43.13665,-98.42709,,,,"","0.00","","Petroleum                                         ","0.00000",,"Petroleum","ATP","Commercial","UST","True","Corrosion",437,"4371",,"","241,248",6799
2001.517,"NFA",KM,7/20/2001,1/17/2003,True,"ATP - Payer Trucking","Esther Payer","30 West Avenue SW",Wagner,57380,Charles Mix,43.0813179,-98.29449,,,,"","0.00","","Petroleum                                         ","0.00000",,"Petroleum","ATP","Commercial","UST","True","Leakage",1564,"5510",,"","217",6800
2001.518,"C",KM,7/23/2001,11/4/2002,True,"ATP - Former Mark's Machinery Site (see also 2002325.)","Mark Hunhoff","745 East Highway 46",Wagner,57380,Charles Mix,43.0810623,-98.27782,,,,"","0.00","","Petroleum                                         ","0.00000",,"Petroleum","ATP","Commercial","UST","True","Spillage",1623,"5573",,"","237",6801
2001.519,"NFA",KM,7/23/2001,3/6/2003,True,"ATP - Wagner Building / Pirner Farm Service","Farmers Coop","East Street, S of rail",Wagner,57380,Charles Mix,43.07723,-98.29237,,,,"","0.00","","Petroleum                                         ","0.00000",,"Petroleum","ATP","Commercial","UST","True","Corrosion",702,"4638",,"","217",6802
2001.538,"C",KM,7/19/2001,12/3/2001,True,"ATP - Wagner School (Community Rec. Center)","Al Pirner","NE at 2nd Street & Sheridan Ave",Wagner,57380,Charles Mix,43.0802078,-98.28889,,,,"","0.00","","fuel oil                                          ","0.00000",,"Petroleum","ATP","Public","UST","False","Spillage",1338,"5272",,"","207",6821
2001.770,"C",KM,11/12/2001,1/28/2002,True,"ATP - Nachtigal Farms Inc","Don Nachtigal","356 Avenue",Academy,57369,Charles Mix,43.47896,-99.06195,100N,69W,18,"SW","0.00","","Petroleum                                         ","0.00000",,"Petroleum","ATP","Agricultural","UST","False","Spillage",1841,"5797",,"","207",7052
2001.771,"C",KM,12/12/2001,1/28/2002,True,"ATP - Schubert Farms Inc","Don Nachtigal","358 Avenue",Academy,57369,Charles Mix,43.4308319,-99.02353,100N,69W,32,"SE","0.00","","Petroleum                                         ","0.00000",,"Petroleum","ATP","Agricultural","UST","False","Spillage",1857,"5800",,"","207",7053
2001.773,"C",KM,12/12/2001,2/25/2002,True,"ATP - Johnson's Store","Don Nachtigal","SD Highway 50",Academy,57369,Charles Mix,43.4566078,-99.07765,100N,70W,24,"SW","0.00","","Petroleum                                         ","0.00000",,"Petroleum","ATP","Commercial","UST","True","Leakage",1843,"5799",,"","207",7055
2001.774,"NFA",KM,12/12/2001,12/16/2002,True,"ATP - Melrose Service","James Simmermon","Highway 18/281  & 388 Ave (Elm)",Ravinia,57356,Charles Mix,43.1398621,-98.4274445,,,,"","0.00","","Petroleum                                         ","0.00000",,"Petroleum","ATP","Commercial","UST","True","Corrosion",2020,"5963",,"","217",7056
2002.223,"NFA",KH,7/23/2002,5/12/2003,True,"ATP - Former Platte Christian School site","Jerome W. Bentz, MD","South at 10th & Vermont",Platte,57369,Charles Mix,43.3809242,-98.8434448,,,,"","0.00","","fuel oil                                          ","0.00000",,"Petroleum","ATP","Other(See Case File)","UST","False","Corrosion",2425,"6367",,"","217",7504
2002.249,"NFA",TF,11/4/2002,10/26/2006,True,"Valley Pump & Casino - Line Leak - LUST Trust","Fort Randall Telephone","800 East Highway 46",Wagner,57380,Charles Mix,43.08231,-98.27642,,,,"","0.00","","Diesel Fuel                                       ","5.00000",gallons,"Petroleum","Lust Trust","Commercial","AST","True","Line Leak",,"6658",,"","247",7530
2002.297,"C",TF,11/8/2002,12/12/2003,True,"Wagner Barber Shop - Basement Spill","James Dresden","115 South Main Avenue",Wagner,57380,Charles Mix,43.0806274,-98.29374,,,,"","0.00","","fuel oil                                          ","200.00000",gal,"Petroleum","Other(See Case File)","Commercial","AST","False","Spillage",,"null",,"","224,",7578
2003.193,"NFA",KH,11/19/2003,1/16/2004,True,"ATP - Andes Elementary School","Andes Central School District","1011 High Street",Lake Andes,57356,Charles Mix,43.1575127,-98.53052,,,,"","0.00","","fuel oil                                          ","0.00000",,"Petroleum","ATP","Public","UST","False","Overfills/Spillage",2737,"6698",,"","225,",7840
2003.199,"C",KM,11/29/2003,12/4/2003,True,"Farmers CO-OP Fuel Oil Spill","Farmers CO-OP Association","1 1/2 miles N. of Wagner on County Rd.",Wagner,57380,Charles Mix,43.1034546,-98.2681656,96N,63W,27,"","0.00","","Fuel Oil #2                                       ","20.00000",gallons,"Petroleum","Other(See Case File)","Other(See Case File)","Transport Truck","False","Transport Accident",,"null",,"","224,",7846
2005.056,"C",RL,3/21/2005,4/18/2005,True,"Fertilizer Spill - Geddes Area","David Scott","8/10 mile W of Geddes on 285th Street",Geddes,57342,Charles Mix,43.25523,-98.7219849,97N,66W,1,"NW","0.00","","Liquid Fertilizer 28%                             ","200.00000",Gal,"Agri Chem","Other(See Case File)","Agricultural","Sprayer","False","Overturned",,"null",05N032106,"","238,239",8150
2005.105,"C",RL,6/2/2005,8/29/2005,True,"Transportation Accident","William Henry, Inc.","Intersection of Hwy 46 & 392nd Avenue",Wagner,57380,Charles Mix,43.0821037,-98.34819,,,,"","0.00","","Diesel                                            ","100.00000",Gal,"Petroleum","Other(See Case File)","Unknown(See Case File)","Truck Tank","False","Transport Accident",,"6982",,"","239",8199
2005.126,"C",BM,6/27/2005,10/17/2005,True,"Transport Tank - Diesel Spill","Tim Couchman - Couchman Trucking","Ft. Randall Dam, W edge of hwy and dam",Pickstown,57367,Charles Mix,43.069397,-98.54478,,,,"","0.00","","diesel                                            ","55.00000",gallons,"Petroleum","Other(See Case File)","Other(See Case File)","Truck Tank","False","Equipment Failure",,"6996",,"","239,240",10286
2006.157,"NFA",MSB,10/10/2006,7/30/2019,True,"ATP - Lake Andes Health Care","Lake Andes Health Care","740 E. Lake",Lake Andes,57356,Charles Mix,43.15431,-98.53593,,,,"","0.00","","Fuel Oil                                          ","0.00000",,"Petroleum","ATP","Other(See Case File)","UST","False","Leakage",2978,"7130",,"","",10605
2007.211,"C",JL ,7/2/2007,11/9/2007,True,"CERCLA - Fort Randall FOST - Lake Francis Case","U.S. Army Corps of Engineers","Lake Francis Case, Fort Randall Dam to Big Bend Dam",Pickstown,57637,Charles Mix,43.4330025,-99.16076,,,,"null","null","null","Asbestos, Petroleum                   ","null",,"Combined(See Case File)","CERCLIS","Public","Combined(See Case File)","False","Historical",,"null",,"null","null",14814
2008.013,"C",TK,2/5/2008,2/29/2008,True,"Turbine Oil Leak - Fort Randall Powerhouse","US Army Corps of Engineers","Fort Randall Dam - Tail Race Area",Pickstown,57367,Charles Mix,43.0652733,-98.5534,,,,"","0.00","","Turbine Oil                                       ","5.00000",gallons,"Oil","Surface Water","Industrial","Equipment","False","Equipment Failure",,"null",,"","256",11094
2008.040,"NFA",KM,3/10/2008,7/11/2008,True,"Complaint - LUST Trust","City of Pickstown","Hwy 18 & 281 @ Lewis Ave",Pickstown,57367,Charles Mix,43.07155,-98.53428,,,,"","0.00","","Diesel                                            ","0.00000",,"Petroleum","Lust Trust","Public","Unknown(See Case File)","False","Unknown",,"7262",,"","257, 296",11121
2008.125,"NFA",RL,7/3/2008,9/5/2008,True,"Transport Tank Failure - Agrichem Spill","Jim Bultje",".25 miles W of junction 287th St & 385th Ave",Lake Andes,57356,Charles Mix,43.2276344,-98.49123,97N,65W,,"","0.00","","Roundup Mixture                                   ","300.00000",gallons,"Agri Chem","Other(See Case File)","Agricultural","Portable Tank","False","Tank Failure",,"null",08N070320,"","259,266",11211
2008.222,"C",JPA,11/20/2008,11/25/2008,True,"Assessment - 44 Road Stop","Amy Rilling","21 West 7th Street",Platte,57369,Charles Mix,43.3844566,-98.8458939,,,,"","0.00","","gasoline                                          ","0.00000",,"Petroleum","Other(See Case File)","Commercial","UST","True","Spillage",,"7331",,"","260",11323
2009.040,"C",RL,5/5/2009,7/30/2009,True,"Transport Event","KV Transfer Inc.","NW corner of SD Hwy 44 & 360th Ave",Platte,57369,Charles Mix,43.3849335,-98.9846039,,,,"","0.00","","Diesel                                            ","0.00000",,"Petroleum","Other(See Case File)","Agricultural","Truck Tank","False","Transport Accident",,"7394",,"","266",11395
2009.113,"NFA",TF,8/14/2009,8/21/2009,True,"ATP - National Guard Armory","Wagner School District","610 East Hwy 46 / 50",Wagner,57380,Charles Mix,43.0823746,-98.2848358,,,,"","0.00","","fuel oil                                          ","0.00000",,"Petroleum","ATP","Other(See Case File)","UST","False","Leakage",3116,"7404",,"","266",11479
2010.017,"C",KM,2/10/2010,10/13/2011,True,"Brownfields - Wagner Livestock Auction Property","Wagner Economic Development / Dale Meyer","733 East Hwy 50/46",Wagner,57380,Charles Mix,43.0811539,-98.2773056,,,,"","4.24","","Unknown                                           ","0.00000",,"Other(See Case File)","Brownfields","Commercial","Combined(See Case File)","False","Past Practices",,"null",,"","281",11602
2010.031,"C",TK,3/22/2010,5/4/2010,True,"Transformer Leaks - Northwestern Energy Yard","Northwestern Energy","SW Substation @ 4th & Hickory",Wagner,57380,Charles Mix,43.0780678,-98.2979,95N,63W,4,"","0.00","","Transformer Oil PCB                               ","11.00000",gal,"Oil","Other(See Case File)","Industrial","Transformer","False","Leakage",,"null",,"","274",11616
2010.097,"NFA",RL,6/12/2010,6/14/2010,True,"Floated Tank  (see also 99.092)","Yankton Sioux Tribe","Tribal Bldg located near Mosquito Creek",Marty,57361,Charles Mix,42.9915123,-98.42781,,,,"","0.00","","Fuel Oil                                          ","0.00000",,"Petroleum","Other(See Case File)","Other(See Case File)","UST","False","Overturned",,"null",,"","276",11684
2010.100,"NFA",ML,6/15/2010,6/15/2010,True,"CERCLIS - Greenwood Dump","Yankton Sioux Tribe","Greenwood Dump",Greenwood,57380,Charles Mix,42.9212761,-98.3717,94N,64W,35,"NE","0.00","","Landfill Waste                                    ","0.00000",,"Other(See Case File)","CERCLIS","Other(See Case File)","Wastes","False","Past Practices",,"null",,"","276",11687
2010.108,"NFA",ML,6/16/2010,6/16/2010,True,"CERCLIS - Lake Andes Landfill","City of Lake Andes","Landfill @ 293rd St & 384th Ave",Lake Andes,57356,Charles Mix,43.13983,-98.50765,96N,65W,15,"NE","0.00","","Landfill Waste                                    ","0.00000",,"Other(See Case File)","CERCLIS","Public","Wastes","False","Handling",,"null",,"","276",11695
2010.118,"NFA",ML,6/17/2010,6/17/2010,True,"CERCLIS - Marty Dump","Unknown","Rural Marty",Marty,57380,Charles Mix,42.9875679,-98.4533157,94N,64W,6,"","0.00","","Landfill Waste                                    ","0.00000",,"Other(See Case File)","CERCLIS","Other(See Case File)","Wastes","False","Handling",,"null",,"","276",11705
2010.194,"NFA",ML,9/13/2010,9/13/2010,True,"CERCLIS - Wagner Dump","Yankton Sioux Tribe","396th Avenue",Wagner,57380,Charles Mix,43.0895462,-98.2721252,96,63,34,"NE","0.00","","Landfill Waste                                    ","0.00000",,"Other(See Case File)","CERCLIS","Other(See Case File)","Wastes","False","Handling",,"null",,"","276",11792
2010.203,"NFA",ML,9/15/2010,9/15/2010,True,"CERCLIS - Former YST Landfill","Yankton Sioux Tribe","~2 miles S & 2 miles W",Ravinia,57356,Charles Mix,43.0986252,-98.4642,,,,"","0.00","","                                                  ","0.00000",,"Other(See Case File)","CERCLIS","Other(See Case File)","Wastes","False","Handling",,"null",,"","276",11801
2011.036,"C",TK,3/18/2011,6/29/2011,True,"Fort Randall Dam - Switchyard Transformer Leak","USACEC","S of Hwy 281/18, W side of dam",Pickstown,57367,Charles Mix,43.0626221,-98.55499,95,66,8,"","0.00","","Transformer Oil Non-PCB                           ","100.00000",Gal,"Oil","Federal","Industrial","Transformer","False","Leakage",,"null",,"","280",11938
2011.122,"NFA",KM,7/5/2011,11/16/2011,True,"Petroleum Contaminated Soils - Marty Indian School","Bureau of Indian Affairs (BIA)","303 Street & 388 Avenue, West of Boys Dorm",Marty,57361,Charles Mix,42.9920578,-98.4262161,,,,"","0.00","","Petroleum                                         ","0.00000",,"Petroleum","Federal","Other(See Case File)","UST","True","Leakage",,"null",,"","281",12035
2011.184,"NFA",TF,10/24/2011,1/25/2012,True,"ATP - Former Norm's","Jane Paul","221 South Main",Wagner,57380,Charles Mix,43.0790138,-98.29385,,,,"","0.00","","Waste & Fuel Oil                                  ","0.00000",,"Oil","ATP","Commercial","UST","True","Corrosion",3213,"7642",,"","",12104
2012.246,"C",TK,12/14/2012,9/8/2014,True,"Farm Tank Spill - Cap Release","Country Pride","Farm at NW corner of the intersection of 273rd St & 369th Ave",Platte,57369,Charles Mix,43.43078,-98.80698,100N,67W,31,"SE","0.00","","Diesel Fuel                                       ","250.00000",gallons,"Petroleum","Other(See Case File)","Agricultural","AST","False","Overfill",,"null",,"","298",12538
2013.175,"C",RL,8/1/2013,8/21/2013,True,"Road Sealant Runoff - Storm Event","Bituminous Paving Inc.","Prairie Dog Bay - Boat Ramp Area",Pickstown,57367,Charles Mix,43.0812263,-98.55679,,,,"","0.00","","Emulsified Asphalt                                ","0.00000",,"Oil","Other(See Case File)","Other(See Case File)","Applied Material","False","Runoff",,"null",,"","294",12745
2014.007,"NFA",KN,1/13/2014,4/4/2014,True,"Van Der Werff Implement","Dennis Van Der Werff","West Hwy 44",Platte,57369,Charles Mix,43.3833542,-98.8538,,,,"","0.00","","Petroleum                                         ","0.00000",,"Petroleum","Other(See Case File)","Commercial","AST","False","Leakage",,"null",,"","296",12929
2014.061,"C",RL,4/15/2014,6/10/2015,True,"Complaint - Hartley Salvage","Bill Hartley","North end of Main Ave at B Street",Wagner,57380,Charles Mix,43.0874176,-98.29445,,,,"","0.00","","Automotive Fluids                                 ","0.00000",,"Oil","Other(See Case File)","Commercial","Salvage Inventory","False","Handling",,"null",,"","299",12983
2014.266,"C",TK ,11/21/2014,12/12/2014,True,"Report of a sediment release - Fort Randall Spillway","Red Wilk Construction","399 Powerhouse Rd - Fort Randall Dam Spillway",Pickstown,57367,Charles Mix,43.0650558,-98.546814,,,,"null","null","null","Sediment","null",,"Other","Federal","Other(See Case File)","Other(See Case File)","False","Damage",,"null",,"null","298",13223
2016.008,"NFA",NS ,1/14/2016,8/15/2016,True,"Boiler Line Failure - Lake Andes School","Andes Central School District 11-1","School Street",Lake Andes,57356,Charles Mix,43.1603165,-98.53944,,,,"null","null","null","Fuel Oil                                          ","null",,"Petroleum","Other(See Case File)","Other(See Case File)","UST","False","Line Leak",,"8181",,"null","null",13591
2016.099,"C",NS ,6/1/2016,6/9/2017,True,"Fort Randall Bait and Tackle - Suspected Tank Leak","Fort Randall Bait and Tackle","112 US Hwy 18",Pickstown,57367,Charles Mix,43.0691643,-98.53743,,,,"null","null","null","Gasoline","null",,"Petroleum","Other(See Case File)","Commercial","UST","True","Leakage",,"8217",,"null","null",13685
2016.117,"NFA",RL ,6/18/2016,1/5/2017,True,"Agri Chem Spill - Platte","Kevin Nelson","West 10th Street and Pennsylvania Ave",Platte,57369,Charles Mix,43.381176,-98.84617,,,,"null","null","null","RoundUp                                          ","130.00000",gallons,"Agri Chem","Other(See Case File)","Other(See Case File)","Tote","False","Displaced Load",,"null",16SP062013,"null","null",13704
2016.147,"C",RL ,7/28/2016,8/12/2016,True,"Transformer Oil Spill - Storm Event","NorthWestern Energy","6th & Ohio",Platte,57369,Charles Mix,43.3851738,-98.8407059,,,,"null","null","null","Transformer Oil                                   ","null",,"Oil","Other(See Case File)","Other(See Case File)","Transformer","False","Storm Event",,"null",,"null","null",13741
2016.164,"C",KM ,8/23/2016,12/6/2016,True,"Brownfields Assessment  - Commercial Building","Charles Mix County","NW at Main and Second Street",Wagner,57380,Charles Mix,43.08005,-98.29381,,,,"null","null","null","Asbestos                                          ","null",,"Other(See Case File)","Brownfields","Commercial","Construction Materials","False","Past Practices",,"null",,"null","null",13761
2017.067,"NFA",RL ,5/17/2017,9/20/2018,True,"Overturned Truck - Agrichem Spill","Greenwood Colony","395th Avenue, near 305 Street",Wagner,57330,Charles Mix,42.9694,-98.28954,,,,"null","null","null","Agri Chem                                         ","70.00000",gallons,"Agri Chem","Other(See Case File)","Other(See Case File)","Tote","False","Transport Accident",,"null",17SP051704,"null","null",13988
2017.104,"NFA",KN ,6/28/2017,8/7/2017,True,"Used Canola Oil Spill","Dakota Food and Fuel","201 W 7th Street",Platte,57369,Charles Mix,43.38443,-98.84154,,,,"null","null","null","Used Cooking Oil                                  ","50.00000",Gallons,"Oil","Other(See Case File)","Commercial","Dumpster","False","Accident",,"null",,"null","null",14031
2017.196,"T",,,,True,"EPA Brownfields - Yankton Sioux Tribe 'Old' Admin Building","Yankton Sioux Tribe","NE at 303rd Street & 388th Avenue",Marty,57361,Charles Mix,42.9941368,-98.42663,,,,"null","null","null","Asbestos                                          ","null",,"Other(See Case File)","Brownfields","Other(See Case File)","Construction Materials","False","Fire Event",,"null",,"null","null",14139
2018.023,"C",RL ,2/15/2018,6/7/2018,True,"Switch yard oil spill - Fort Randall Dam","Interstate Electrical Contractors","South of Hwy 281 / 18, West side of dam",Pickstown,57367,Charles Mix,43.0631256,-98.55488,,,,"null","null","null","Mineral Oil                                       ","20.00000",gallons,"Oil","Other(See Case File)","Industrial","Equipment","False","Operator Error",,"null",,"null","null",14200
2018.119,"NFA",RL ,6/26/2018,9/19/2018,True,"Overturned Transport - Agrichem Spill","Steven Erickson","Hwy 50, S of MM265, west side of hwy",Academy,57369,Charles Mix,43.47843,-99.08311,,,,"null","null","null","Glyphosate                                        ","375.00000",gallons,"Agri Chem","Other(See Case File)","Other(See Case File)","Tote","False","Damage",,"null",18SP062717,"null","null",14302
2018.181,"NFA",MSB,10/12/2018,10/11/2022,True,"ATP - YST Old Administration Building (fire destroyed)","Yankton Sioux Tribe","100 Main Street",Marty,57361,Charles Mix,42.9941978,-98.42692,,,,"null","null","null","Diesel                                            ","null",,"Petroleum","ATP","Other(See Case File)","UST","False","Corrosion",3637,"8382",,"null","null",14373
2018.183,"C",MSB,10/15/2018,6/6/2019,True,"Fuel Oil Tank Investigation - Former Marty Store Site","Yankton Sioux Tribe","9000  388th  Avenue",Marty,57361,Charles Mix,42.9912758,-98.42574,,,,"null","null","null","Diesel                                            ","null",,"Petroleum","Withdrawn ATP","Other(See Case File)","UST","False","No Tank Found",3607,"8338",,"null","null",14375
2018.199,"O",TK ,10/30/2018,,,"Used Engine Oil Spill - Crusher Operation","Mike Burke","28886  385th  Avenue",Lake Andes,57356,Charles Mix,43.2028,-98.48422,,,,"null","null","null","Used Engine Oil                                   ","100.00000",gallons,"Oil","Other(See Case File)","Agricultural","AST","True","Handling",,"null",,"null","null",14391
2019.128,"C",MSB,7/24/2019,1/22/2020,True,"UST Gasoline Release - Abby's","Richard Fuchs","115 U.S. HWY 18",Pickstown,57367,Charles Mix,43.07005,-98.53486,,,,"null","null","null","Gasoline                                          ","1.00000",gallon,"Petroleum","Other(See Case File)","Commercial","UST","True","Line Leak",,"null",,"null","null",14566
2019.131,"NFA",PDM,7/26/2019,9/9/2019,True,"Diesel Release - Long View Farms, LLP","Parkston-Kaylor Grain & Feed","29844 388th Avenue",Lake Andes,57356,Charles Mix,43.06178,-98.42617,,,,"null","null","null","Diesel                                            ","500.00000",gallons,"Petroleum","Other(See Case File)","Agricultural","AST","False","Damage",,"8462",,"null","null",14569
2019.195,"NFA",JAM,10/25/2019,6/29/2020,True,"Bulk Petroleum Plant - Wagner","CHS Inc.","800 East Highway 46",Wagner,57380,Charles Mix,43.0825157,-98.27639,96N,63W,34,"SE","null","null","Diesel, Gasoline                                  ","null",,"Petroleum","Other(See Case File)","Commercial","AST","True","Leaks and Spills",,"8473",,"null","null",14642
2020.035,"C",MSB,4/24/2020,6/11/2020,True,"UST Removal - Wagner Food N Fuel","Gerrit Juffer","810 West Highway 46",Wagner,57380,Charles Mix,43.08225,-98.30676,,,,"null","null","null","Diesel, Gasoline                                  ","null",,"Petroleum","Other(See Case File)","Commercial","UST","True","Leaks and Spills",,"8494",,"null","null",14725
2020.144,"C",KF ,10/5/2020,11/3/2020,True,"ATP - Platte-Geddes High School","Platte-Geddes School District #11-5","400 South Illinois Avenue",Platte,57369,Charles Mix,43.3870125,-98.83978,,,,"null","null","null","Fuel Oil                 ","null",,"Petroleum","ATP","Public","UST","False","Leaks and Spills",3682,"8493",,"null","null",14850
2021.199,"O",JAM,12/6/2021,,True,"Fertilizer contamination/Pesticide Container burn site","Fousek Grain LLC","NW corner of the 298th St. & 394th Ave. intersection",Wagner,57380,Charles Mix,43.0671158,-98.30916,,,,"null","null","null","Fertilizer, Pesticide                            ","null",,"Agri Chem","Other(See Case File)","Agricultural","Containers/Burn Pit ","False","Handling",,"null",,"null","null",15124
2021.200,"O",JAM,12/6/2021,,True,"Pesticide container burn site","Fousek Grain","on 299th St, approx 1/3 mile east of 394th avenue",Wagner,57380,Charles Mix,43.05021,-98.28068,,,,"null","null","null","Pesticide Containers                              ","null",,"Agri Chem","Other(See Case File)","Agricultural","Containers/Burn Pit ","False","Past Practices",,"null",,"null","null",15126
2022.092,"C",GK,6/2/2022,7/25/2022,True,"CHS Wagner Acetochlor","CHS Farmers Alliance","394th Ave and 303rd Street",wagner,57380,Charles Mix,42.9943733,-98.30743,,,,"null","null","null","Acetochlor","200.00000",gallons,"Agri Chem","Other(See Case File)","Public","Tote","False","Operator Error",,"null",,"null","null",15238
2022.142,"NFA",BLM,8/5/2022,6/30/2023,True,"ATP - Fort Randall Dam USACE","United States Army Corps of Engineers Omaha District","113 Randall Creek Road",Pickstown,57367,Charles Mix,43.0564,-98.55727,,,,"null","null","null","Diesel","null",,"Petroleum","ATP","Other(See Case File)","UST","True","Leaks and Spills",3761,"8615",,"null","null",15293
2023.006,"C",JAM,1/30/2023,11/8/2023,True,"Contaminated Boring - Platte Avera","Avera Platte Health Center","601 7th Street",Platte,57369,Charles Mix,43.384552,-98.83593,,,,"null","null","null","Waste oil                                         ","null",,"Petroleum","Other(See Case File)","Other(See Case File)","Unknown(See Case File)","False","Historical",,"null",,"null","null",15392
2023.023,"C",NS ,3/13/2023,4/12/2023,True,"Brownfields - Parkview Apartments","Parkview Villa Inc. ","105 Front Avenue SE",Wagner,57380,Charles Mix,43.08053,-98.28857,,,,"null","null","null","Asbestos                                          ","null",,"Other(See Case File)","Brownfields","Residential","Construction Materials","False","Past Practices",,"null",,"null","null",15409
2023.093,"O",MJP,7/21/2023,,True,"Marty Liberty Fisher Farms","Fischer Farms","305th Street and 390th Ave",Wagner,57380,Charles Mix,42.9648933,-98.3837,94N,64W,15,"null","null","null","Liberty Herbicide","1050.00000",gallons,"Agri Chem","Other(See Case File)","Agricultural","Sprayer","False","Transport Accident",,"null",23GK072104,"null","null",15484
2023.142,"O",MJP,10/5/2023,,True,"CHS Spill into Containment","CHS","800 E Hwy 46",Wagner,57380,Charles Mix,43.0824165,-98.2778549,,,,"null","null","null","Liquid Fertilizer 28%                             ","1000.00000",gallons,"Agri Chem","Other(See Case File)","Commercial","Line","False","Equipment Failure",,"null",,"null","null",15539
7777.036,"O",JAM,6/28/2022,,True,"Former Dumping Site","property owned by Yankton Sioux Tribe","390th Avenue",Marty,57380,Charles Mix,43.0062637,-98.3887939,,,,"null","null","null","Landfill Waste                                    ","null",,"Combined(See Case File)","Former Landfill","Public","Solid Waste","False","Dumping",,"null",,"null","null",15258
8888.008,"T",,,,True,"Clandestine Drug Lab Seizure","Unknown","270 5th Avenue",Lake Andes,57356,Charles Mix,43.1595345,-98.53871,,,,"","0.00","","unknown                                           ","0.00000",,"Other(See Case File)","Clandestine Drug Lab","Unknown(See Case File)","Drug Making Material","False","null",,"null",,"SDR000202093","",12197
9999.224,"W",,,,True,"Withdrawn ATP - SD DOT Maintenance Shop","SD Department of Transportation (SD DOT)","201 Main Avenue North",Platte,57369,Charles Mix,43.39367,-98.84396,,,,"","0.00","","                                                  ","0.00000",,"Other(See Case File)","Withdrawn ATP","Other(See Case File)","Other(See Case File)","False","null",3268,"null",,"","288",12495
91069.000,"C",KM,12/16/1991,12/16/1991,True,"US West Facility","US West","3 miles east of town on Hwy 46",Pickstown,57367,Charles Mix,43.0831871,-98.47751,,,,"","0.00","","                                                  ","0.00000",,"Other(See Case File)","Clean Site","Other(See Case File)","UST","False","No Release",,"null",,"","",8356
94037.000,"C",KH,9/14/1994,10/4/1994,True,"Lake Andes National Wildlife Refuge Complex","US Department of Interior","Complex  Shop 2 miles N & .5 W of Ravina",Ravinia,57357,Charles Mix,43.16883,-98.4358444,,,,"","0.00","","                                                  ","0.00000",,"Other(See Case File)","Clean Site","Other(See Case File)","UST","True","No Release",,"null",,"","",8540
98046.000,"C",CH,11/16/1998,1/28/2000,True,"Snake Creek Recreation Area Park Shop","South Dakota Game Fish and Parks  SD GF&P","14 miles west of Platte on Highway 44",Platte,57369,Charles Mix,43.3936157,-99.1189651,,,,"","0.00","","                                                  ","0.00000",,"Other(See Case File)","Clean Site","Public","UST","True","No Release",,"3538",,"","",8709
99011.000,"C",CH,2/5/1999,3/15/1999,True,"Wagner Hospital Site","Wagner Hospital - Don Harrington","intersection of 3rd and Walnut Street",Wagner,57380,Charles Mix,43.0783844,-98.3026657,,,,"","0.00","","                                                  ","0.00000",,"Other(See Case File)","Clean Site","Other(See Case File)","UST","False","No Release",,"null",,"","",8744
99016.000,"C",CH,3/24/1999,4/21/1999,True,"TNT Enterprises","TNT Enterprises, Inc.","29693 396th Avenue",Wagner,57380,Charles Mix,43.0828476,-98.26878,,,,"","0.00","","                                                  ","0.00000",,"Other(See Case File)","Clean Site","Commercial","UST","True","No Release",,"null",,"","",8749
2000062.000,"C",KM,12/14/2000,12/28/2000,True,"Clean ATP - Clayto Rados farm","Clayton Rados","39939 300th Street",Dante,57329,Charles Mix,43.03583,-98.2033539,,,,"","0.00","","                                                  ","0.00000",,"Other(See Case File)","ATP","Agricultural","UST","False","No Release",169,"4089",,"","204",8853
2000063.000,"C",KM,12/14/2000,12/28/2000,True,"Clean ATP - Peter Ludens farm","James Luden","36993 284th Street",Geddes,57342,Charles Mix,43.2689247,-98.7867355,,,,"","0.00","","                                                  ","0.00000",,"Other(See Case File)","ATP","Agricultural","UST","False","No Release",147,"4060",,"","204",8854
2000064.000,"C",KM,12/14/2000,12/28/2000,True,"Clean ATP - former Bills Repair","Gary Beeson","Main St. & Warren Ave.",Dante,57329,Charles Mix,43.039402,-98.18435,,,,"","0.00","","                                                  ","0.00000",,"Other(See Case File)","ATP","Commercial","UST","True","No Release",75,"4061",,"","204",8855
2000065.000,"C",KM,12/14/2000,12/28/2000,True,"Clean ATP - Stekly rental house","John Stekly","200 Ohio Avenue  (Ohio & 2nd)",Platte,57369,Charles Mix,43.3890266,-98.8410645,,,,"","0.00","","                                                  ","0.00000",,"Other(See Case File)","ATP","Residential","UST","True","No Release",131,"4043",,"","204",8856
2000066.000,"C",KM,12/14/2000,12/28/2000,True,"Clean ATP - Kotab farm","David & Ericka Kotab","29912 399th Avenue",Dante,57329,Charles Mix,43.0505447,-98.20422,,,,"","0.00","","                                                  ","0.00000",,"Other(See Case File)","ATP","Agricultural","UST","False","No Release",157,"4077",,"","204",8857
2001437.000,"C",KM,7/23/2001,12/3/2001,True,"Clean ATP - Payer Trucking (rural)","Sharon Haar","East of Highway 46 & 396th Avenue",Wagner,57380,Charles Mix,43.08212,-98.2608261,,,,"","0.00","","                                                  ","0.00000",,"Other(See Case File)","ATP","Commercial","UST","True","No Release",1020,"5017",,"","204",9301
2001438.000,"C",KM,7/20/2001,12/3/2001,True,"Clean ATP - Tolliver Property","Carol Tolliver","209 North Main",Wagner,57380,Charles Mix,43.08328,-98.29404,,,,"","0.00","","                                                  ","0.00000",,"Other(See Case File)","ATP","Residential","UST","True","No Release",753,"4692",,"","204",9302
2001439.000,"C",KM,7/20/2001,12/3/2001,True,"Clean ATP - DeHaan Property","Donald DeHaan","107 West Avenue NW",Wagner,57380,Charles Mix,43.0822678,-98.29538,,,,"","0.00","","                                                  ","0.00000",,"Other(See Case File)","ATP","Residential","UST","False","No Release",1336,"5270",,"","205",9303
2001440.000,"C",KM,7/19/2001,12/3/2001,True,"Clean ATP - Bambas Farm","Linda Bambas","100 Elm Street",Ravinia,57356,Charles Mix,43.13314,-98.42673,,,,"","0.00","","                                                  ","0.00000",,"Other(See Case File)","ATP","Agricultural","UST","False","No Release",1832,"5813",,"","205",9304
2001441.000,"C",KM,7/18/2001,12/3/2001,True,"Clean ATP - Blaha Property","Carol M. Blaha","242 North 4th Avenue",Lake Andes,57356,Charles Mix,43.1588478,-98.53977,,,,"","0.00","","                                                  ","0.00000",,"Other(See Case File)","ATP","Residential","UST","False","No Release",1337,"5271",,"","205",9305
2001442.000,"C",KM,7/17/2001,12/3/2001,True,"Clean ATP - Hoeksema Farm","Donald & James Hoeksema","36367 281st Street",Platte,57369,Charles Mix,43.3104248,-98.91537,,,,"","0.00","","                                                  ","0.00000",,"Other(See Case File)","ATP","Agricultural","UST","False","No Release",1563,"5527",,"","205",9306
2001443.000,"C",KM,7/17/2001,12/3/2001,True,"Clean ATP - Ringling Farm","Donna Ringling","27755 367th Avenue",Platte,57369,Charles Mix,43.3613434,-98.84505,,,,"","0.00","","                                                  ","0.00000",,"Other(See Case File)","ATP","Agricultural","UST","False","No Release",1335,"5269",,"","205",9307
2001444.000,"C",KM,7/17/2001,12/3/2001,True,"Clean ATP - Vanden Bos Farm","Kevin Vanden Bos","36854 277th Street",Platte,57369,Charles Mix,43.3722878,-98.8148041,,,,"","0.00","","                                                  ","0.00000",,"Other(See Case File)","ATP","Agricultural","UST","False","No Release",1030,"5029",,"","204",9308
2001735.000,"C",KM,12/12/2001,1/28/2002,True,"Clean ATP - City of Lake Andes","Lake Andes","731 Highway 281/18",Lake Andes,57356,Charles Mix,43.1513443,-98.54283,,,,"","0.00","","                                                  ","0.00000",,"Other(See Case File)","ATP","Public","UST","True","no Release",1983,"5923",,"","206",9599
2001736.000,"C",KM,12/12/2001,1/28/2002,True,"Clean ATP - Hysell Property","Goldie Hysell","125 North 4th Street",Lake Andes,57356,Charles Mix,43.15783,-98.54058,,,,"","0.00","","                                                  ","0.00000",,"Other(See Case File)","ATP","Residential","UST","False","No Release",1984,"5924",,"","206",9600
2001737.000,"C",KM,12/12/2001,1/28/2002,True,"Clean ATP - Johannsen Property","Tim Johannsen","29825 397th Avenue",Wagner,57380,Charles Mix,43.06275,-98.24675,95N,63W,11,"NE","0.00","","                                                  ","0.00000",,"Other(See Case File)","ATP","Agricultural","UST","False","No Release",2107,"6044",,"","206",9601
2001738.000,"C",KM,12/12/2001,1/28/2002,True,"Clean ATP - Abdouch Motor Sales","Dean Abdouch","106 Grant Avenue SE",Wagner,57380,Charles Mix,43.08036,-98.29019,,,,"","0.00","","                                                  ","0.00000",,"Other(See Case File)","ATP","Commercial","UST","True","No Release",1847,"5810",,"","206",9602
2002122.000,"C",KM,9/4/2002,10/18/2002,True,"Clean ATP - Old Hospital","Mark Freier","Lewis and Abdnor Street",Pickstown,57367,Charles Mix,43.0651855,-98.53136,,,,"","0.00","","                                                  ","0.00000",,"Other(See Case File)","ATP","Other(See Case File)","UST","False","No Release",2640,"6586",,"","220",9985
2002325.000,"C",KM,7/23/2001,11/4/2002,True,"ATP - Mark's Machinery (replaces 20011020 - see 2001.518)","Mark Hunhoff","745 East Highway 46",Wagner,57380,Charles Mix,43.08114,-98.27771,,,,"","0.00","","                                                  ","0.00000",,"Other(See Case File)","ATP","Commercial","UST","True","No Release",1623,"5573",,"","220",10182
2010022.000,"C",TF,12/6/2010,12/7/2010,True,"Clean ATP - Platte Creek Irrigation","Lloyd Bakken","27941 SD Hwy 1804",Platte,57369,Charles Mix,43.31893,-98.99934,,,,"","0.00","","                                                  ","0.00000",,"Other(See Case File)","ATP","Commercial","UST","False","No Release",3181,"7553",,"","279",11876
2012016.000,"C",BM,8/31/2012,9/7/2012,True,"Ferrell Gas Facility - Propane Tank Removal","Skinner Brothers","2nd Streeet SW & High Ave SW",Wagner,57380,Charles Mix,43.07951,-98.2970047,,,,"","0.00","","Tank Condenste                                    ","0.00000",,"Other(See Case File)","Clean Site","Commercial","AST","False","No Release",,"null",,"","288",12455
2012028.000,"C",JPA,12/26/2012,12/26/2012,True,"Tank Removals - SD DOT Shop","SD Office of State Engineer","Hwy 45 / N Main Street",Platte,57369,Charles Mix,43.39386,-98.8437653,,,,"","0.00","","                                                  ","0.00000",,"Other(See Case File)","Clean Site","Other(See Case File)","UST","True","No Release",,"null",,"","289",12542
2016015.000,"C",TF ,9/15/2016,9/16/2016,True,"Clean ATP - Wagner Theater Inc.","James Daum","NE at 3rd and Main",Wagner,57380,Charles Mix,43.0790024,-98.29283,,,,"null","null","null","null","null",,"Other(See Case File)","ATP","Commercial","UST","False","No Release",3539,"8212",,"null","null",13772
2017018.000,"C",TF ,8/11/2017,8/14/2017,True,"Clean ATP - Charles Mix County Courthouse","Charles Mix County","400 East Main",Lake Andes,57356,Charles Mix,43.15558,-98.53962,,,,"null","null","null","null","null",,"Other(See Case File)","ATP","Public","UST","False","No Release",3595,"8309",,"null","null",14087