id,status,r1,date_rep,date_close,image,site_name,resp_party,street,city,zip_code,county,latitude,longitude,township,range,section,secq1,acreage,instctrls,material,amount,units,spill_cat,site_type,proptype,sor_type,regulated,cause_type,atp_no,prcfnumber,ag_no,solidwaste,microroll,siteid
85.084,"C",KM,11/7/1985,2/4/1993,True,"Petroleum Vapors Complaint","Unknown","Main Street",Alexandria,57311,Hanson,43.6535759,-97.78286,,,,"","0.00","","Petroleum                                         ","0.00000",,"Petroleum","Other(See Case File)","Commercial","Unknown(See Case File)","False","Unknown",,"null",,"","266",352
88.009,"C",MV,1/30/1988,12/13/1993,True,"B & B Transport - Overturned Fuel Transport","Petroleum Carriers","~.5 mile W of Highway 38/25 intersection",Farmer,57311,Hanson,43.7021675,-97.67562,103N,57W,28,"NE","0.00","","Petroleum                                         ","8000.00000",gallons,"Petroleum","Other(See Case File)","Other(See Case File)","Transport Truck","False","Overturned",,"null",,"","234",615
88.139,"NFA",DM,8/12/1988,3/24/2005,True,"Bulk Facility - Fitting Failure","RK Oil","NW at Hwy 262 and Main",Emery,57332,Hanson,43.6025925,-97.6248245,,,,"","0.00","","Diesel                                            ","250.00000",gallons,"Petroleum","Other(See Case File)","Commercial","AST","True","Disconnected Hose ",,"null",,"","238",743
89.188,"C",KM,8/3/1989,10/7/1999,True,"Atrazine Spill","Farmers Union Coop Association","Residential property across SD Hwy. 262",Alexandria,57311,Hanson,43.65371,-97.78586,,,,"","0.00","","Pesticide Atrazine                                ","3.00000",gallons,"Agri Chem","Other(See Case File)","Residential","Transport Tank","False","Spillage",,"null",,"","225,",1076
91.076,"C",TK,3/4/1991,6/11/1991,True,"Cenex Land O' Lakes - Transport Event","Cenex","I-90 Exit 344",Alexandria,57311,Hanson,43.6646156,-97.78425,,,,"","0.00","","Trifluralin                                       ","2.00000",quarts,"Agri Chem","Other(See Case File)","Other(See Case File)","Transport Truck","False","Transport Accident",,"null",,"","",1966
91.577,"C",GH,12/13/1991,5/24/1993,True,"Cenex - Tank Replacements","Cenex","Highway 262 & Main",Alexandria,57311,Hanson,43.65271,-97.78322,102N,58,10,"SW","0.00","","Petroleum                                         ","0.00000",,"Petroleum","Other(See Case File)","Commercial","UST","True","Leaks and Spills",,"1894",,"","",2467
92.066,"C",TK,3/9/1992,7/20/1992,True,"Wall Lake Transfer Transport Event","Wall Lake Transfer","I-90,  .4 m E of MM346",Alexandria,57311,Hanson,43.6654854,-97.7388,,,,"","0.00","","Diesel                                            ","0.00000",,"Petroleum","Other(See Case File)","Other(See Case File)","Truck Tank","False","Transport Accident",,"null",,"","",2656
92.339,"C",KM,9/30/1992,12/27/1994,True,"Mitchell Area Votech Storage Bldg Fire","Mitchell Area Votech School","NW corner of 247 St & 415 Ave",Fulton,57340,Hanson,43.81249,-97.88716,,,,"","0.00","","Transformer Oil PCB                               ","0.00000",,"Chemical","Other(See Case File)","Other(See Case File)","Transformer","False","Fire Event",,"null",,"","",2929
92.374,"C",KM,11/2/1992,4/5/1993,True,"Shannard Inc. Fire Event","Shannard Inc","N. Riverside Rd.",Riverside,57301,Hanson,43.7228355,-97.9467,,,,"","0.00","","Dry Fertilizer                                    ","200.00000",pounds,"Agri Chem","Other(See Case File)","Industrial","Bulk Chemical","False","Fire Event",,"null",,"","",2964
93.121,"C",TK,5/19/1993,11/4/1993,True,"Department of Transportation (SD DOT)","SD Department of Transportation  (SD DOT)","Hwy 25, Field Approach @ MM 63.25",Spencer,57374,Hanson,43.7234879,-97.6669159,,,,"","0.00","","Asphalt                                           ","0.00000",,"Oil","Other(See Case File)","Other(See Case File)","Transport Truck","False","Fire Event",,"null",,"","231",3136
93.136,"C",TK,5/27/1993,12/2/1997,True,"Ethan Farmers Coop Association - Agrichem Spill","Ethan Farmers Coop Association","3 1/2 S. of Town",Alexandria,57311,Hanson,43.6168251,-97.78739,102N,58W,21,"SE","0.00","","Agri Chem                                         ","0.00000",,"Agri Chem","Other(See Case File)","Agricultural","Sprayer","False","Overturned",,"null",,"","",3151
93.499,"C",TK,12/21/1993,8/11/1995,True,"Dale Porter  Transport Event","Dale Porter","I-90 .2 E of MM337",Riverside,57301,Hanson,43.69521,-97.9135,,,,"","0.00","","Diesel                                            ","30.00000",gallons,"Petroleum","Other(See Case File)","Other(See Case File)","Truck Tank","False","Transport Accident",,"null",,"","",3514
94.139,"C",TK,5/23/1994,12/23/1994,True,"Big Green Fertilizer  - Roadway Event","Big Green Incorporated","253 Street",Mitchell,57301,Hanson,43.71737,-97.94804,,,,"SW","0.00","","Prowl                                             ","31.25000",,"Agri Chem","Other(See Case File)","Commercial","Sprayer","False","Open Valve",,"null",,"","",3674
94.147,"C",TK,5/30/1994,10/28/1994,True,"Iburg  Transport Event","Paul Iburg","Hwy 38",Mitchell,57301,Hanson,43.7028236,-97.93136,103N,59,20,"SE","0.00","","Fertilizer                                        ","200.00000",,"Agri Chem","Other(See Case File)","Other(See Case File)","Portable Tank","False","Unsecured",,"null",,"","",3682
95.031,"C",TK,2/5/1995,3/14/1997,True,"Mobil Transport Services Transport Event","Mobile Transport Services Inc.","I-90 MM 351 W Bound",Spencer,57374,Hanson,43.6655579,-97.64627,,,,"","0.00","","Diesel Fuel                                       ","0.00000",,"Petroleum","Other(See Case File)","Other(See Case File)","Truck Tank","False","Transport Accident",,"null",,"","",3982
96.060,"NFA",SH,3/22/1996,11/25/2008,True,"Westown Texaco  - Tank Replacements","Westown Texaco","Hwy 262, approximately .25 m S of I-90",Alexandria,57311,Hanson,43.6608849,-97.787384,102N,58W,4,"SE","0.00","","Diesel                                            ","0.00000",,"Petroleum","Other(See Case File)","Commercial","UST","True","Leakage",,"2998",,"","260,268",4370
96.074,"C",TK,4/11/1996,2/28/1997,True,"Farmers Union -  Fertilizer Spill","Farmers Union Coop Association","Hwy 38",Fulton,57340,Hanson,43.7020035,-97.77807,103N,58W,27,"NW","0.00","","Dry Fertilizer                                    ","10000.00000",pounds,"Agri Chem","Other(See Case File)","Agricultural","Transport Truck","False","Overturned",,"null",,"","",4384
96.320,"C",KM,11/15/1996,9/25/1997,True,"Wingens Garage Transport Event","Dennis Wingen","Highway 25 & 244 Street",Epiphany,57321,Hanson,43.84924,-97.66881,,,,"","0.00","","Diesel, Gasoline                                  ","375.00000",gallons,"Petroleum","Other(See Case File)","Other(See Case File)","Truck Tank","False","Transport Accident",,"null",,"","",4630
96.326,"C",TK,11/18/1996,2/12/1997,True,"Rockport Colony","Rockport Hutterian Brethren - Rockport Colony","2 mi W,  4 mi S of Town",Alexandria,57311,Hanson,43.5836678,-97.84119,101N,58W,6,"","0.00","","Propane                                           ","8600.00000",gallons,"Chemical","Other(See Case File)","Other(See Case File)","AST","False","Disconnected Hose ",,"null",,"","",4636
97.216,"NFA",MH,6/25/1997,7/25/2008,True,"Rosedale Colony -Tank Failure","Rosedale Colony","SW at 260 Street and 416 Avenue",Alexandria,57311,Hanson,43.61533,-97.88846,102N,59W,27,"NE","0.00","","Nitrogen Fertilizer                               ","450.00000",,"Agri Chem","Other(See Case File)","Agricultural","Portable Tank","False","Tank Failure",,"null",,"","258",4904
97.231,"NFA",MH,7/3/1997,6/27/2008,True,"New Elm Springs Colony Transport Event","New Elm Springs Colony","266th Street",Ethan,57334,Hanson,43.5286064,-97.75842,101N,58W,26,"NW","0.00","","fertilizer / humic acid                           ","1000.00000",gallons,"Agri Chem","Surface Water","Other(See Case File)","Portable Tank","False","Transport Accident",,"null",,"","258",4919
98.146,"C",KM,6/16/1998,2/4/2000,True,"Liquid Fertilizer Spill - Fish Kill","Oak Lane Colony","26730 423rd Ave.",Alexandria,57311,Hanson,43.51016,-97.7416153,,,,"","0.00","","liquid fertilizer                                 ","2160.00000",gallons,"Agri Chem","Surface Water","Agricultural","AST","False","Valve Leak",,"null",,"","",5254
98.439,"C",JL,12/31/1998,2/1/1999,True,"Kaneb  Mitchell Terminal - AST Relocation","Kaneb Pipeline Company","Hwy 38, 4 1/2 mi E of Mitchell",Riverside,57301,Hanson,43.7039757,-97.92645,103N,59W,21,"SW","0.00","","petroleum                                         ","0.00000",,"Petroleum","Other(See Case File)","Industrial","AST","True","Leaks and Spills",,"3695",,"","",5547
99.012,"C",BM,1/18/1999,3/24/1999,True,"Walt Frese Truck Accident","Walt Frese","I-90, 1180' E of MM341",Alexandria,57311,Hanson,43.6755638,-97.84093,103N,58W,31,"SW","0.00","","diesel fuel                                       ","50.00000",gallons,"Petroleum","Other(See Case File)","Other(See Case File)","Truck Tank","False","Transport Accident",,"null",,"","",5559
99.216,"C",RL,7/14/1999,4/14/2004,True,"Kaneb Pipe Line  Spill - Mitchell Terminal","Kaneb Pipe Line Company","41408 SD Highway 38",Riverside,57301,Hanson,43.7035675,-97.92577,103N,59W,SW,"SW","0.00","","Petroleum                                         ","120.00000",gallons,"Petroleum","Other(See Case File)","Industrial","AST","True","Operator Error",,"null",,"","231",5763
99.242,"NFA",JPA,8/23/1999,6/21/2011,True,"El's Service - LUST Trust","Elroy Huber","NW at Hwy 262 and 3rd Street",Emery,57332,Hanson,43.6017456,-97.62239,102N,57W,25,"SW","0.00","","Petroleum                                         ","0.00000",,"Petroleum","Lust Trust","Commercial","UST","True","Leakage",,"3797",,"","280,294",5789
99.287,"O",MSB,10/13/1999,,True,"RK Oil Company - LUST Trust","RK Oil Company","230 SD Highway 262",Emery,57332,Hanson,43.6025467,-97.6246948,102N,57W,25,"SW","0.00","","petroleum                                         ","0.00000",,"Petroleum","Lust Trust","Commercial","UST","True","Leakage",,"3849",,"","",5834
99.314,"NFA",KM,11/12/1999,8/13/2003,True,"Former AST Bulk Site - Tank Closure","Jon Smith","Highway 262 & Main Street",Alexandria,57311,Hanson,43.6524963,-97.78364,102N,58W,10,"NW","0.00","","petroleum                                         ","0.00000",,"Petroleum","Other(See Case File)","Commercial","AST","True","Dispenser Leak",,"3867",,"","224, 228",5861
99.338,"C",JL,12/23/1999,12/26/2001,True,"Mitchell Kaneb Facility - Fitting Failure","Kaneb Pipe Line Company","41408 SD Highway 38",Riverside,57301,Hanson,43.7033577,-97.92606,103N,59W,21,"SW","0.00","","Fuel Oil #2                                       ","1500.00000",,"Petroleum","Other(See Case File)","Industrial","Pipeline","False","Line Leak",,"null",,"","",5885
2000.033,"C",KM,3/2/2000,8/24/2000,True,"Steinmetz Property - Overturned Tank","Richard Steinmetz","25179 SD Highway 25",Farmer,57374,Hanson,43.7336121,-97.66771,103,57,9,"SE","0.00","","Fuel Oil                                          ","200.00000",gallons,"Petroleum","Source Water","Residential","AST","False","Overturned",,"3906",,"","",5931
2000.080,"C",LAS,5/1/2000,7/2/2003,True,"Highway 262 fertilizer spill","Cargill Inc.","Highway 262 on West edge of Town",Emery,57332,Hanson,43.6030769,-97.6274,100N,57W,,"","0.00","","dry fertilizer                                    ","1000.00000",pounds,"Agri Chem","Other(See Case File)","Agricultural","Spreader","False","Equipment Activation",,"null",,"","219",5978
2000.215,"C",KM,7/2/2000,8/17/2000,True,"Tire Fire","Unknown ","3 mi N,  NW corner of Hwy 38 intersection",Fulton,57340,Hanson,43.7026749,-97.78787,,,,"","0.00","","rubber compounds                                  ","0.00000",,"Other(See Case File)","Other(See Case File)","Agricultural","Materials","False","Fire Event",,"null",,"","231",6113
2000.254,"NFA",KH,8/7/2000,6/3/2003,True,"ATP -  First Baptist Church","First Baptist Church","630 1st Avenue",Emery,57332,Hanson,43.6026421,-97.6192245,,,,"","0.00","","heating fuel                                      ","0.00000",,"Petroleum","ATP","Other(See Case File)","UST","False","Leakage",57,"3990",,"","217",6152
2001.037,"C",KM,2/19/2001,2/23/2001,True,"Tanker spill at the Total Stop grocery store","Harms Oil Company","Highway 263",Emery,57332,Hanson,43.6018753,-97.6229248,,,,"","0.00","","gasoline                                          ","250.00000",gallons,"Petroleum","Other(See Case File)","Commercial","UST","True","Overfill",,"4161",,"","231",6322
2001.045,"C",BM,3/2/2001,10/26/2001,True,"Damaged Tanker - Harms Oil Company","Harms Oil Company","I-90 Exit 344, 3/4 mile north on County Road 5",Alexandria,57311,Hanson,43.676712,-97.78675,,,,"","0.00","","gasoline                                          ","400.00000",gallons,"Petroleum","Other(See Case File)","Other(See Case File)","Transport Trailer","False","Damage",,"null",,"","203",6330
2001.210,"NFA",KM,7/23/2001,12/3/2002,True,"ATP - John & Linda Heinz Farm","John & Linda Heinz","26178 423rd Avenue",Alexandria,57311,Hanson,43.58988,-97.7464752,,,,"","0.00","","gasoline                                          ","0.00000",,"Petroleum","ATP","Agricultural","UST","False","Corrosion",102,"3974",,"","219",6494
2001.549,"C",KM,9/11/2001,2/25/2002,True,"ATP - Burn's Truck Lines","Hanson School District 30-1","NE at Highway 262 and Juniper Street",Alexandria,57311,Hanson,43.652977,-97.783905,,,,"","0.00","","gasoline                                          ","0.00000",,"Petroleum","ATP","Commercial","UST","True","Leakage",1690,"5640",,"","207",6832
2001.557,"C",KM,9/11/2001,2/25/2002,True,"ATP - Former Al's Standard Site","Denny Boggs","NW at Hwy 262 & Juniper Street",Alexandria,57311,Hanson,43.65319,-97.78439,,,,"","0.00","","Petroleum                                         ","0.00000",,"Petroleum","ATP","Commercial","UST","True","Leakage",1691,"5641",,"","207",6840
2002.061,"C",BM,5/14/2002,5/30/2002,True,"Transport Event","Hunt Transportation, Inc.","I -90 Exit 337",Riverside,57311,Hanson,43.69529,-97.91746,,,,"","0.00","","Diesel                                            ","150.00000",gallons,"Petroleum","Other(See Case File)","Other(See Case File)","Truck Tank","False","Transport Accident",,"null",,"","203",7342
2003.002,"C",BM,1/7/2003,2/11/2003,True,"Transport Event","James Jorgenson","Intersection of 247th St. & Hwy. 25",Farmer,57311,Hanson,43.8040466,-97.6686554,,,,"","0.00","","diesel                                            ","40.00000",gallons,"Petroleum","Other(See Case File)","Other(See Case File)","Truck Tank","False","Transport Accident",,"null",,"","231",7649
2003.137,"NFA",JF,8/22/2003,5/22/2008,True,"Farmers CO-OP - SDDA Inspection","Alexandria Farmers CO-OP","Hwy 262 & Railroad",Alexandria,57311,Hanson,43.6513824,-97.78071,102N,58W,,"","0.00","","Fertilizer, Pesticide                            ","0.00000",,"Agri Chem","Other(See Case File)","Commercial","Bulk Chemical","False","Handling",,"null",,"","257",7784
2004.160,"C",RL,9/24/2004,10/13/2004,True,"Westown Texaco - Tank Overfill","Howes Oil Company","1150 Spruce Street / Hwy 262",Alexandria,57311,Hanson,43.6608162,-97.7874,,,,"","0.00","","Gasoline                                          ","35.00000",gal,"Petroleum","Other(See Case File)","Commercial","UST","True","Overfill",,"null",,"","235",8045
2004.173,"C",LAS,10/29/2004,3/25/2005,True,"Transportation Accident - Diesel Spill","Farmers Union Elevator","7 miles South of Alexandria on CR05/421st",Alexandria,57311,Hanson,43.55807,-97.7866745,,,,"","0.00","","Diesel                                            ","60.00000",gal,"Petroleum","Other(See Case File)","Other(See Case File)","Truck Tank","False","Transport Accident",,"null",,"","238",8058
2006.051,"C",BM,4/27/2006,5/1/2006,True,"Transport Event","Sunteck Transportation","MM 335 I-90 East",Mitchell,57301,Hanson,43.6944923,-97.95606,,,,"","0.00","","Diesel                                            ","20.00000",gallons,"Petroleum","Other(See Case File)","Other(See Case File)","Truck Tank","False","Transport Accident",,"null",,"","244",10489
2006.086,"C",BM,6/8/2006,6/21/2007,True,"Agri Chem Spill - Hanson County","Domestic  Feed and Seed","263rd St & 424th Avenue",Alexandria,57311,Hanson,43.57247,-97.72701,106,52,18,"S","0.00","","Prowl                                             ","0.00000",,"Agri Chem","Other(See Case File)","Other(See Case File)","Tote","False","Handling",,"null",06JW060805,"","252",10528
2006.178,"C",RL,11/29/2006,12/27/2006,True,"Production Waste Spill","Midwest Biodiesel Producers","25750 421st Street",Alexandria,57311,Hanson,43.64818,-97.78714,,,,"","0.00","","Soy Wax                                           ","0.00000",,"Other(See Case File)","Other(See Case File)","Other(See Case File)","Transport Trailer","False","Valve Leak",,"null",07N120101,"","249",10630
2008.042,"C",BM,3/14/2008,5/12/2008,True,"Spee Dee Delivery  - Transport Event","Spee Dee Delivery, Inc.","East Bound I-90 bridge at James River (near MM 335)",Mitchell,57301,Hanson,43.6934433,-97.9659042,103N,60W,25,"SE","0.00","","diesel                                            ","50.00000",gallons,"Petroleum","Other(See Case File)","Other(See Case File)","Truck Tank","False","Transport Accident",,"null",,"","256",11123
2008.233,"NFA",SB,12/13/2008,10/16/2009,True,"Total Stop - Tank Overfill","Harms Oil Company","320 SD Hwy 262",Emery,57311,Hanson,43.601944,-97.6229248,,,,"","0.00","","Diesel                                            ","55.00000",gallons,"Petroleum","Other(See Case File)","Commercial","UST","True","Overfill",,"7354",,"","271",11340
2009.009,"NFA",MH,1/30/2009,9/28/2012,True,"Schnabel Fertilizer Spill - Leaking Tank","Roland Schnabel","42836 268th Street",Emery,57332,Hanson,43.505146,-97.63812,,,35,"SW","0.00","","Liquid Fertilizer                                 ","500.00000",gallons,"Agri Chem","Other(See Case File)","Other(See Case File)","AST","False","Leakage",,"null",09N020206,"","287",11364
2009.068,"NFA",JPA,6/18/2009,2/18/2010,True,"Emery Utility Project - LUST Trust","Unknown","4th Street (100' N of Hwy 262)",Emery,57332,Hanson,43.60149,-97.62133,,,,"","0.00","","Gasoline                                          ","0.00000",,"Petroleum","Lust Trust","Other(See Case File)","Off Site Source","False","Leakage",,"7411",,"","294",11425
2010.034,"C",RL,3/26/2010,4/30/2010,True,"Sprinkler System Failure","Hanson County Oil Producers LLC","251 SD Hwy 262",Alexandria,57311,Hanson,43.65237,-97.7837448,,,,"","0.00","","Glycerin                                          ","0.00000",,"Other(See Case File)","Other(See Case File)","Industrial","Operating System","False","Damage",,"null",,"","274",11619
2010.120,"C",RL,6/22/2010,12/16/2010,True,"Overturned Sprayer - Agrichem Spill","Lynn Schultz",".25 mile W of 428th Ave & 268th St intersection",Emery,57332,Hanson,43.4999847,-97.65175,,,,"","0.00","","Glyphosate                                        ","1025.00000",gallons,"Agri Chem","Other(See Case File)","Agricultural","Sprayer","False","Overturned",,"null",10N062217,"","278",11707
2010.152,"C",RL,7/25/2010,8/12/2010,True,"Transformer Spill - Storm Event","Xcel Energy","321 6th Street",Alexandria,57311,Hanson,43.6554527,-97.78388,,,,"","0.00","","Transformer Oil                                   ","20.00000",gallons,"Oil","Other(See Case File)","Residential","Transformer","False","Storm Event",,"null",,"","276",11742
2011.082,"NFA",RL,5/18/2011,1/5/2012,True,"McManus  - Overturned Trailer","Scott McManus","252nd Street, ~ 500' E of Main",Fulton,57340,Hanson,43.7313766,-97.82128,,,,"","0.00","","Liquid Fertilizer 10-34-0                         ","50.00000",gallons,"Agri Chem","Other(See Case File)","Other(See Case File)","Transport Trailer","False","Transport Accident",,"null",11T052506,"","281",11991
2012.001,"NFA",RL,1/1/2012,1/3/2012,True,"Fire Event - (self combusting organics)","Hanson County Oil Producers","251 Hwy 262 @ RR siding.",Alexandria,57311,Hanson,43.6529236,-97.7855759,,,,"","0.00","","Organic Material                                  ","0.00000",,"Other(See Case File)","Other(See Case File)","Industrial","Materials","False","Fire Event",,"null",,"","",12141
2012.053,"NFA",RL,4/10/2012,4/30/2012,True,"Overturned Transport","Central Farmer's Cooperative","Hwy 262 near intersection of 426 Avenue",Emery,57332,Hanson,43.6209755,-97.6841049,,,,"","0.00","","Diesel                                            ","50.00000",gallons,"Petroleum","Other(See Case File)","Other(See Case File)","Truck Tank","False","Transport Accident",,"null",,"","286",12307
2013.081,"C",RL,5/13/2013,8/21/2013,True,"Transport Tank Failure","Corey Eich","Hwy 25, .5 mile S of county line",Epiphany,57321,Hanson,43.8402138,-97.66872,,,,"","0.00","","Liquid Fertilizer 10-34-0                         ","300.00000",gallons,"Agri Chem","Other(See Case File)","Other(See Case File)","Transport Tank","False","Equipment Failure",,"null",13N051308,"","294",12642
2014.198,"NFA",KN,9/22/2014,11/14/2014,True,"I-90 Diesel Spill","Tryon Trucking","I-90 MM 352",Spencer,57374,Hanson,43.6654625,-97.62473,,,,"","0.00","","Diesel                                            ","135.00000",Gallon,"Petroleum","Other(See Case File)","Other(See Case File)","Truck Tank","False","Transport Accident",,"8015",,"","298",13133
2015.013,"C",KN ,1/19/2015,4/28/2015,True,"Fatality Accident","Freie Trucking","Interstate 90 MM 346",Alexandria,57311,Hanson,43.66544,-97.74895,,,,"null","null","null","Diesel                                  ","200.00000",Gallons,"Petroleum","Other(See Case File)","Public","Vehicle","False","Transport Accident",,"null",,"null","300",13288
2015.073,"C",RL ,4/28/2015,6/24/2015,True,"Fertilizer spill upon roadway surfaces","Scott McManus","417 Avenue and 252nd Street",Fulton,57340,Hanson,43.746067,-97.86922,,,,"null","null","null","Liquid Fertilizer 10-34-0                         ","null",,"Agri Chem","Other(See Case File)","Other(See Case File)","Transport Tank","False","Equipment Failure",,"null",15SP042802,"null","300",13353
2015.136,"C",RL ,7/15/2015,9/22/2015,True,"Fatality Transport  Accident ","ProBuild","41625 247th Street (north ditch)",Fulton,57340,Hanson,43.80443,-97.8818741,,,,"null","null","null","Diesel                                            ","null",,"Petroleum","Other(See Case File)","Other(See Case File)","Truck Tank","False","Transport Accident",,"null",,"null","301",13424
2016.060,"NFA",RL ,4/15/2016,6/20/2016,True,"Dry Fertilizer Spill - Hanson County","CHS Farmers Alliance","Beginning at intersection, 416 Avenue and 255 Street",Alexandria,57311,Hanson,43.6881256,-97.88717,,,,"null","null","null","Urea AMS Triproduct","400.00000",lbs,"Agri Chem","Other(See Case File)","Other(See Case File)","Spreader","False","Equipment Failure",,"null",16SP041507,"null","null",13645
2016.081,"C",RL ,5/16/2016,5/1/2017,True,"PowerMax Spill - Alexandria Warehouse","CHS / Farmers Alliance","301 Main Street",Alexandria,57311,Hanson,43.65309,-97.78513,,,,"null","null","null","RoundUp PowerMax","100.00000",gallons,"Agri Chem","Other(See Case File)","Commercial","Tote","False","Handling",,"null",,"null","null",13667
2017.009,"C",KN ,1/20/2017,8/7/2017,True,"Diesel Spill - Ruan Transport","Ruan Transport","I-90 W, near exit 335",Riverside,57340,Hanson,43.6950874,-97.94135,,,,"null","null","null","Diesel","50.00000",Gallons,"Petroleum","Other(See Case File)","Public","Truck Tank","False","Tank Leak",,"null",,"null","null",13904
2017.015,"C",RL ,2/1/2017,6/15/2017,True,"Used Oil Spill - Tom's Auto Clinic","Tom Steilen","921 Main Street and along 9th Street",Alexandria,57311,Hanson,43.658596,-97.78323,,,,"null","null","null","Used Motor Oil                                    ","140.00000",gallons,"Oil","Other(See Case File)","Commercial","AST","False","Open Valve",,"null",,"null","null",13922
2017.132,"C",TK ,7/25/2017,8/25/2017,True,"C2C saddle tank Spill","C2C Incorporated","East Bound I-90 offramp at Alexandria",Alexandria,57311,Hanson,43.6633568,-97.7871857,,,,"null","null","null","Diesel                                            ","25.00000",gallons,"Petroleum","Other(See Case File)","Other(See Case File)","Truck Tank","False","Equipment Failure",,"null",,"null","null",14069
2017.192,"C",RL ,10/20/2017,11/30/2017,True,"Damaged saddle tank - Cargill Facility","AO Express Inc.","511 SD Hwy 262",Emery,57332,Hanson,43.6012878,-97.62212,,,,"null","null","null","Diesel                                            ","50.00000",gallons,"Petroleum","Other(See Case File)","Commercial","Truck Tank","False","Damage",,"null",,"null","null",14135
2018.012,"NFA",RL ,1/22/2018,6/21/2018,True,"Transport Event - Diesel Spill","Pointdirect Transport Inc.","I-90 between MM338 & 339, near overpass",Alexandria,57311,Hanson,43.695034,-97.88761,,,,"null","null","null","Diesel                                            ","50.00000",gallons,"Petroleum","Other(See Case File)","Other(See Case File)","Truck Tank","False","Damage",,"null",,"null","null",14187
2018.131,"C",KN ,7/15/2018,7/18/2018,True,"Fatality Accident - Rock Creek","Unknown","413th Ave/Rock Creek",Mitchell,57301,Hanson,43.7303,-97.94862,,,,"null","null","null","Gasoline                                          ","null",,"Petroleum","Surface Water","Public","Vehicle","False","Accident",,"null",,"null","null",14316
2018.143,"NFA",KN ,7/30/2018,8/2/2018,True,"Concrete Powder Mix","Jim WIlliams III","Hwy 262 near I90 on ramp",Alexandria,57311,Hanson,43.66289,-97.7868042,,,,"null","null","null","Concrete Powder","480.00000",lbs,"Other(See Case File)","Other(See Case File)","Public","Truck","False","Handling",,"null",,"null","null",14328
2018.180,"C",RL ,10/11/2018,1/3/2019,True,"Diesel Spill - Damaged Saddle Tank","Harms Oil Company","Hwy 38 near MM305 & Harms Ethanol Bulk Facility",Riverside,57301,Hanson,43.7034645,-97.92839,,,,"null","null","null","Diesel                                            ","50.00000",gallons,"Petroleum","Other(See Case File)","Other(See Case File)","Transport Tank","False","Damage",,"null",,"null","null",14372
2018.202,"NFA",TK ,10/31/2018,11/7/2018,True,"Manure Transport Accident at Pierre Creek","Weber Farm & Feedlot","About 42350  255th  Street, at bridge",Alexandria,57311,Hanson,43.6879425,-97.73824,,,,"null","null","null","Liquid Manure                                     ","510.00000",gallons,"Other(See Case File)","Surface Water","Other(See Case File)","Transport Trailer","False","Transport Accident",,"null",,"null","null",14394
2019.095,"C",MSB,6/17/2019,1/16/2020,True,"Diesel Release - Alexandria","Tyler McGregor","421st Avenue, one mile north of 247th street",Alexandria,57311,Hanson,43.81563,-97.7885742,104N,58W,16,"NE","null","null","Diesel                                            ","10.00000",gallons,"Petroleum","Other(See Case File)","Public","Truck Tank","False","Transport Accident",,"null",,"null","null",14530
2019.137,"NFA",KAM,8/2/2019,3/11/2020,True,"Ranek Burn Pit","Aurora Cooperative Elevator - Ranek Ag","25258 413th Ave",Mitchell,57301,Hanson,43.7232475,-97.94689,,,,"null","null","null","Various Ag Chems ","null",,"Agri Chem","Other(See Case File)","Commercial","Containers/Burn Pit ","False","Handling",,"null",,"null","null",14575
2021.001,"O",MJP,1/6/2021,,True,"Central Farmers Trailer Tank Release","Central Farmers Coop","1/4 Mile North of Intersection 248 and 427",Alexandria,57311,Hanson,43.7919426,-97.66864,,,,"null","null","null","Liquid Fertilizer 28%                             ","1000.00000",Gallons,"Agri Chem","Other(See Case File)","Agricultural","Portable Tank","False","Transport Accident",,"null",21SP010602,"null","null",14904
2021.043,"C",GK,3/31/2021,5/26/2021,True,"Semi Accident- Parkston Kaylor Grain","Parkston Kaylor Grain & Feed","I-90 Near MM 338",Alexandria,57366,hanson,43.6949768,-97.89792,,,,"null","null","null","Diesel                                            ","150.00000",gallons,"Petroleum","Other(See Case File)","Other(See Case File)","Saddle Tank","False","Transport Accident",,"null",,"null","null",14951
2022.167,"O",BH,10/11/2022,,True,"1-90 Exit 353 Truck Accident","Ruan Logistics Corp.","4677 Feet West of I90 Entrance Ramp 353 Near Emery",Spencer ,57374,Hanson,43.6666451,-97.61034,,,,"null","null","null","Diesel                                            ","150.00000",Gallons,"Petroleum","Other(See Case File)","Agricultural","Saddle Tank","False","Accident",,"null",,"null","null",15322
2023.156,"C",MJP,10/24/2023,4/15/2024,True,"Engenia Herbicide (Dicamba) rinsate dumping","Premium Ag Services","215 Industrial Road",Emery,57332,Hanson,43.59983,-97.6153259,,,,"null","null","null","Dicamba","null",,"Agri Chem","Other(See Case File)","Commercial","Tote","False","Dumping",,"null",,"null","null",15554
9999.004,"W",,,,True,"Withdrawn ATP - Huber Paint & Body","Don Huber","201 SD Hwy 262",Alexandria,57311,Hanson,43.65172,-97.78094,,,,"","0.00","","                                                  ","0.00000",,"Other(See Case File)","Withdrawn ATP","Commercial","Other(See Case File)","False","null",55,"3985",,"","249",10659
9999.008,"W",,,,True,"Withdrawn ATP - Bleeker Implement","Emery Senior Citizens Center","163 N 3rd Street",Emery,57332,Hanson,43.6028557,-97.62266,,,,"","0.00","","                                                  ","0.00000",,"Other(See Case File)","Withdrawn ATP","Commercial","Other(See Case File)","False","null",87,"3994",,"","249",10663
9999.018,"W",,,,True,"Withdrawn ATP - Beck's Corner","Chester McManus","Railroad",Fulton,57340,Hanson,43.70297,-97.80667,,,21,"SE","0.00","","                                                  ","0.00000",,"Other(See Case File)","Withdrawn ATP","Commercial","Other(See Case File)","False","null",258,"4005",,"","249",10673
9999.021,"W",,,,True,"Withdrawn ATP - Swyter Oil","Eldon Olthoff","261st St & 429th Ave",Emery,57332,Hanson,43.60044,-97.62665,102N,57,35,"NE","0.00","","                                                  ","0.00000",,"Other(See Case File)","Withdrawn ATP","Commercial","Other(See Case File)","False","null",324,"4255",,"","249",10676
93052.000,"C",KH,8/5/1993,8/5/1993,True,"Swyter Oil Company","Merlin Swyter","130 3rd Street",Emery,57332,Hanson,43.60166,-97.62213,,,,"","0.00","","                                                  ","0.00000",,"Other(See Case File)","Clean Site","Commercial","AST","True","No Release",,"null",,"","",8498
96007.000,"C",RC,6/14/1996,6/24/1996,True,"Midco TV Tower #12","Midco TV of South Dakota","1/2 mile North of town",Farmer,57311,Hanson,43.73159,-97.6860046,,,,"","0.00","","                                                  ","0.00000",,"Other(See Case File)","Clean Site","Other(See Case File)","UST","True","No Release",,"3026",,"","",8610
99026.000,"C",CH,6/9/1999,6/9/1999,True,"El's Service","Elroy Huber","262 & 3rd",Emery,57332,Hanson,43.60176,-97.622345,102N,57W,25,"SW","0.00","","                                                  ","0.00000",,"Other(See Case File)","Clean Site","Commercial","UST","True","No Release",,"null",,"","",8759
2000007.000,"C",CH,2/7/2000,2/18/2000,True,"James Schladweiler Farm Site","James Schladweiler","Schladweiler Farm Site",Mitchell,57301,Hanson,43.7345238,-97.9093857,,,,"","0.00","","                                                  ","0.00000",,"Other(See Case File)","Clean Site","Agricultural","UST","True","No Release",,"null",,"","",8798
2000040.000,"C",KM,8/18/2000,10/5/2000,True,"ATP - Former Buehner Electric","City of Emery","Highway 262 and 5th Street",Emery,57332,Hanson,43.6011772,-97.61997,,,,"","0.00","","                                                  ","0.00000",,"Other(See Case File)","ATP","Commercial","UST","True","No Release",94,"3993",,"","204",8831
2000041.000,"C",KM,8/18/2000,10/2/2000,True,"ATP - Lynn Schultz Property","Lynn Schultz","42631 266th Street",Emery,57332,Hanson,43.52745,-97.6804657,,,,"","0.00","","                                                  ","0.00000",,"Other(See Case File)","ATP","Agricultural","UST","False","No Release",54,"3986",,"","229",8832
2001095.000,"C",KM,7/23/2001,8/2/2001,True,"Clean ATP - Dennis Theland Property","Bryan Schrank","42807 255th Street",Spencer,57374,Hanson,43.6880951,-97.64437,,,,"","0.00","","                                                  ","0.00000",,"Other(See Case File)","ATP","Agricultural","UST","False","No Release",89,"4026",,"","204",8959
2001096.000,"C",KM,7/23/2001,8/2/2001,True,"Clean ATP - Hall Farm","Courtney Hall","41714 252nd Street",Fulton,57340,Hanson,43.7322655,-97.86632,,,,"","0.00","","                                                  ","0.00000",,"Other(See Case File)","ATP","Agricultural","UST","False","No Release",598,"4522",,"","204",8960
2001097.000,"C",KM,7/23/2001,8/2/2001,True,"Clean ATP - Town of Farmer","Town of Farmer","W 30' Lot 13 Block 1",Farmer,57311,Hanson,43.72713,-97.68811,,,,"","0.00","","                                                  ","0.00000",,"Other(See Case File)","ATP","Agricultural","UST","False","No Release",62,"3979",,"","204",8961
2001098.000,"C",KM,7/23/2001,8/2/2001,True,"Clean ATP - Johnson Property","Russ Johnson","25163 417th Avenue",Fulton,57340,Hanson,43.7372665,-97.86978,,,,"","0.00","","                                                  ","0.00000",,"Other(See Case File)","ATP","Agricultural","UST","False","No Release",72,"3995",,"","204",8962
2001099.000,"C",KM,7/23/2001,8/2/2001,True,"Clean ATP - Krumm Property","Yvonne Krumm","25242 Joe Street",Farmer,57311,Hanson,43.72503,-97.68785,,,,"","0.00","","                                                  ","0.00000",,"Other(See Case File)","ATP","Commercial","UST","True","No Release",31,"3942",,"","204",8963
2001100.000,"C",KM,7/23/2001,8/2/2001,True,"Clean ATP - Schoenrock Property","Gary Schoenrock","41986 250th Avenue",Fulton,57340,Hanson,43.7610245,-97.8123245,,,,"","0.00","","                                                  ","0.00000",,"Other(See Case File)","ATP","Other(See Case File)","UST","False","No Release",589,"4523",,"","204",8964
2001101.000,"C",KM,7/23/2001,8/2/2001,True,"Clean ATP - Schuldt Property","Jeff Schuldt","26470 423rd Ave",Alexandria,57311,Hanson,43.548008,-97.7458,,,,"","0.00","","                                                  ","0.00000",,"Other(See Case File)","ATP","Agricultural","UST","False","No Release",8,"3951",,"","204",8965
2001102.000,"C",KM,7/23/2001,8/2/2001,True,"Clean ATP - Patzlaff Property","Gale Patzlaff","25074 423rd Avenue",Fulton,57340,Hanson,43.75016,-97.7473145,,,,"","0.00","","                                                  ","0.00000",,"Other(See Case File)","ATP","Agricultural","UST","False","No Release",671,"4605",,"","204",8966