id,status,r1,date_rep,date_close,image,site_name,resp_party,street,city,zip_code,county,latitude,longitude,township,range,section,secq1,acreage,instctrls,material,amount,units,spill_cat,site_type,proptype,sor_type,regulated,cause_type,atp_no,prcfnumber,ag_no,solidwaste,microroll,siteid
82.034,"C",LB,10/16/1982,2/16/1993,True,"Pesticide related bird kill","Unknown","5 mi NW of Town - 158 Street",Gettysburg,57442,Potter,45.1021233,-100.173042,,,,"","0.00","","Phorate - Thimet                                  ","0.00000",,"Agri Chem","Other(See Case File)","Other(See Case File)","Containers","False","Handling",,"null",,"","",94
83.011,"C",KM,3/11/1983,8/9/1994,True,"Cenex - Release from Overflow Vent","CENEX",".5 mile E on Hwy. 212",Gettysburg,57442,Potter,45.02392,-99.9280853,,,,"","0.00","","Gasoline                                          ","200.00000",gallons,"Petroleum","Other(See Case File)","Commercial","AST","True","Venting",,"null",,"","",116
83.026,"C",JA,6/5/1983,2/16/1993,True,"Thimet Release - Wetland (82.034)","Unknown","5 mi. NW of Town - 158 Street",Gettysburg,57442,Potter,45.1021233,-100.173042,,,,"","0.00","","Insecticide                                       ","0.00000",,"Agri Chem","Other(See Case File)","Other(See Case File)","Containers","False","Handling",,"null",,"","",131
85.057,"C",KM,7/3/1985,6/30/2000,True,"Church Parsonage - Line Leak","Church of God","Church Parsonage",Lebanon,57455,Potter,45.0698853,-99.7714157,118N,74W,4,"","0.00","","Diesel                                            ","100.00000",gallons,"Petroleum","Other(See Case File)","Residential","AST","False","Line Leak",,"null",,"","266,289",325
86.091,"C",BL,9/13/1986,6/30/2000,True,"Chase Sinclair Release","Gary Chase","106 Garfield",Gettysburg,57442,Potter,45.01338,-99.9568558,,,,"","0.00","","Diesel                                            ","0.00000",,"Petroleum","Other(See Case File)","Commercial","AST","False","Leakage",,"null",,"","",456
89.101,"C",KM,5/23/1989,4/29/1992,True,"Brett's Flying Service - Aerial Accident","Brett's Flying Service","20 mi. NW of Onida",Agar,57520,Potter,44.93798,-100.232216,117,78,22,"NE","0.00","","Pesticide                                         ","160.00000",gallons,"Agri Chem","Other(See Case File)","Agricultural","Aircraft Tanks","False","Accident",,"null",,"","",990
89.206,"NFA",JF,8/22/1989,5/7/2003,True,"Potter County Highway Shop - Tank Removals","Potter County","600 N. East St.",Gettysburg,57442,Potter,45.01652,-99.9547653,,,,"","0.00","","Petroleum                                         ","0.00000",,"Petroleum","Other(See Case File)","Public","UST","True","Leaks and Spills",,"273",,"","230",1094
89.290,"C",BL,11/7/1989,11/21/1990,True,"U.S. West - Tank Removal","U.S. West","102 East Blaine",Gettysburg,57442,Potter,45.01273,-99.95604,,,,"","0.00","","Fuel Oil                                          ","0.00000",,"Petroleum","Other(See Case File)","Commercial","UST","True","Leakage",,"0183",,"","",1178
90.255,"I",JF,6/21/1990,6/16/2000,True,"Trading Standard Station - Tank Removals","Kirk Hansen","N East St. & Highway 212",Gettysburg,57442,Potter,45.01378,-99.95454,,,,"","0.00","","Gasoline                                          ","0.00000",,"Petroleum","Other(See Case File)","Commercial","UST","True","Line Leak",,"1043",,"","",1490
90.526,"C",NS,10/22/1990,12/17/2002,True,"Gettysburg Post Office - Tank Removal","U.S. Postal Service","Blaine Ave & Exene St",Gettysburg,57442,Potter,45.01228,-99.95622,118N,76W,25,"NW","0.00","","Fuel Oil                                          ","0.00000",,"Petroleum","Federal","Public","UST","False","Corrosion",,"1202",,"","235,237",1761
90.585,"NFA",BW,11/19/1990,10/16/2009,True,"Jack's Auto Service - Tank System Replacement","Jack Feldmeier","SW at 3rd & Main",Hoven,57450,Potter,45.24201,-99.77749,,,,"","0.00","","Petroleum                                         ","0.00000",,"Petroleum","Other(See Case File)","Commercial","UST","True","Leakage",,"1255",,"","267",1820
91.240,"I",GH,6/4/1991,3/21/1995,True,"Sportsmans One Stop","Larry Wald","700 East Highway 12",Gettysburg,57442,Potter,45.0139961,-99.9475555,,,,"","0.00","","Petroleum                                         ","0.00000",,"Petroleum","Other(See Case File)","Commercial","UST","True","Leakage",,"1501",,"","",2130
91.276,"I",BL,6/21/1991,12/7/1995,True,"Chase Ford","Gary Chase","Highway 212 & N Main",Gettysburg,57442,Potter,45.0133324,-99.95663,,,,"","0.00","","Petroleum                                         ","0.00000",,"Petroleum","Other(See Case File)","Commercial","UST","True","Leakage",,"1524",,"","",2166
91.307,"NFA",SH,7/15/1991,8/2/2012,True,"Former CC Bar Feed & Grain Site","CC Bar Feed - Harvest States","513 East Custer Street",Gettysburg,57442,Potter,45.0148659,-99.94856,,,,"","0.00","","Nitrates                                          ","0.00000",,"Agri Chem","Other(See Case File)","Commercial","Bulk Chemical","False","Handling",,"null",,"","286,288A",2197
91.571,"C",JG,12/13/1991,12/13/1996,True,"Schmidt Oil & Gas Company","Larry Schmidt","103 N. Exene",Gettysburg,57442,Potter,45.0151253,-99.9554138,,,,"","0.00","","Petroleum                                         ","0.00000",,"Petroleum","Other(See Case File)","Commercial","AST","True","Leaks and Spills",,"1889",,"","",2461
91.607,"I",MV,12/17/1991,5/12/1997,True,"Potter County Implement","Dan Cronin","West Highway 212",Gettysburg,57442,Potter,45.0122681,-99.9670639,118N,76,26,"NE","0.00","","Petroleum                                         ","0.00000",,"Petroleum","Other(See Case File)","Commercial","UST","True","Leakage",,"1902",,"","",2497
91.630,"NFA",DM,12/20/1991,1/16/2002,True,"White's Highway Service","Tom White","Jct 212 & Hwy 83",Gettysburg,57442,Potter,45.0140228,-100.061966,,,,"","0.00","","Petroleum","0.00000",,"Petroleum","Other(See Case File)","Commercial","UST","True","Leakage",,"1945",,"","200",2520
92.049,"C",KM,2/24/1992,3/25/1992,True,"Jerry Mertzes Radio & TV - Vandalism","Jerry Mertzes (Property Owner)","213 Main Street",Hoven,57450,Potter,45.243042,-99.77717,,,,"","0.00","","Fuel Oil                                          ","150.00000",gallons,"Petroleum","Other(See Case File)","Commercial","AST","False","Open Valve",,"2048",,"","",2639
92.109,"C",TK,4/16/1992,10/5/1993,True,"Heating Oil  Release  - Vandalism","Agnes Mcgee","210 North Main",Gettysburg,57442,Potter,45.0128326,-99.9573441,,,,"","0.00","","Fuel Oil #2                                       ","230.00000",gallons,"Petroleum","Other(See Case File)","Residential","AST","False","Open Valve",,"2088",,"","",2699
92.158,"NFA",SH,5/12/1992,6/16/2008,True,"Former Potter County Grain","Potter County Grain - Harvest States","East Street and Railway",Gettysburg,57442,Potter,45.01566,-99.95326,,,,"","0.00","","Nitrate                                           ","0.00000",,"Agri Chem","Other(See Case File)","Commercial","Bulk Chemical","False","Handling",,"2233",,"","257",2748
92.197,"NFA",BW,6/3/1992,10/5/2010,True,"Cedarberg / Hoven Industries Site","Hoven Industries","SE at 7th Ave & Hwy 47 / Main",Hoven,57450,Potter,45.237606,-99.77687,120,74,4,"SW","0.00","","Petroleum                                         ","0.00000",,"Petroleum","Other(See Case File)","Commercial","UST","True","Leakage",,"2119",,"","276",2787
92.255,"C",KM,7/24/1992,2/23/1993,True,"Potter County Coop (also 92.158)","Potter County Coop","Gettysburg Concrete Plant",Gettysburg,57442,Potter,45.01569,-99.95361,,,,"","0.00","","Petroleum                                         ","0.00000",,"Petroleum","Other(See Case File)","Commercial","AST","True","Leaks and Spills",,"null",,"","234",2845
92.296,"I",JG,8/24/1992,5/12/1997,True,"Dept of Trans (SD DOT) - Shop Tank Removals","SD Department of Transportation  (SD DOT)","Hwy 212, West of town",Gettysburg,57442,Potter,45.01301,-99.97098,,,,"","0.00","","Petroleum                                         ","0.00000",,"Petroleum","Other(See Case File)","Public","UST","True","Leakage",,"1680",,"","",2886
93.156,"C",BL,6/10/1993,7/7/1993,True,"D & J Cafe","Don Siebrasse","Hwy 212 & 321 Ave",Lebanon,57455,Potter,45.0566559,-99.7347,,,,"","0.00","","Diesel                                            ","0.00000",,"Petroleum","Other(See Case File)","Commercial","UST","True","Corrosion",,"2431",,"","",3171
93.157,"NFA",KH,6/10/1993,11/16/1998,True,"Hoven Cooperatives","Hoven Cooperatives - Francis Karst","NE at 2nd & Main (Hwy 47)",Hoven,57450,Potter,45.24341,-99.7769241,120N,74W,4,"NW","0.00","","Diesel                                            ","0.00000",,"Petroleum","Other(See Case File)","Commercial","UST","True","Leakage",,"2445",,"","",3172
94.103,"C",BL,5/3/1994,1/23/1995,True,"SD DOT Maintenance Shop - Tank Removal","SD Department of Transportation (SD DOT)","Highway 212",Gettysburg,57442,Potter,45.013237,-99.9712,,,,"","0.00","","Fuel Oil                                          ","0.00000",,"Petroleum","Other(See Case File)","Other(See Case File)","UST","False","Corrosion",,"2653",,"","",3638
94.150,"C",MV,5/19/1994,2/11/1997,True,"Harvest States Cooperatives - Tank Removals","Harvest States Cooperatives","513 East Custer",Gettysburg,57442,Potter,45.0148,-99.94917,,,,"","0.00","","Petroleum                                         ","0.00000",,"Petroleum","Other(See Case File)","Commercial","UST","True","Leakage",,"1681",,"","",3685
94.199,"C",TK,6/17/1994,4/24/1995,True,"Airport Release - Agrichem Runoff","Fischer Spraying Inc.","Airport",Gettysburg,57442,Potter,44.9901924,-99.95746,,,,"","0.00","","Pesticide                                         ","0.00000",,"Agri Chem","Other(See Case File)","Other(See Case File)","Unknown(See Case File)","False","Unknown",,"null",,"","",3734
94.287,"C",BW,4/29/1994,8/29/2008,True,"DOD/FUD Gettysburg Communication Facility Annex #b08sd0552","U.S. Army Corps of Engineers","Gettysburg Communication Facility",Gettysburg,57442,Potter,45.05031,-99.95279,,,,"","0.00","","No known contamination                            ","0.00000",,"Other(See Case File)","Federal","Other(See Case File)","Equipment","False","No Release",,"null",,"","259",3822
94.288,"C",BW,4/29/1994,12/16/2008,True,"DOD/FUD Gettysburg Family Housing Annex #b0sd0550","U.S. Army Corps of Engineers- Missouri Division","Gettysburg Family Housing",Gettysburg,57442,Potter,45.0464249,-99.95417,,,,"","0.00","","Diesel, Oil","0.00000",,"Petroleum","Federal","Other(See Case File)","Equipment","False","Past Practices",,"null",,"","260",3823
94.289,"C",JL,4/29/1994,6/27/2008,True,"DOD/FUD Gettysburg Waste Annex #b08sd0551","U.S. Army Corps of Engineers - Missouri River Division","Waste Annex #b08sd0551",Gettysburg,57442,Potter,45.0478439,-99.95961,,,,"","0.00","","sewage                                            ","0.00000",,"Combined","Federal","Other(See Case File)","Containment Pond","False","Handling",,"null",,"","271",3824
94.329,"C",JL,4/29/1994,12/18/2008,True,"DOD/FUD Gettysburg Air Force Station Z-99 #b08sd0357","U.S. Army Corps of Engineers -  Missouri River Division","2 mi N Gettysburg",Gettysburg,57442,Potter,45.0486374,-99.95747,118N,76W,12,"NW","0.00","","Possible fuel contamination  & .30 cal rds        ","0.00000",,"Combined","Federal","Other(See Case File)","Equipment","False","Operation  ",,"null",,"","271",3864
95.234,"C",TK,8/25/1995,4/3/1996,True,"Vandalism - Parked Sprayer","Allen Beyers - Property Owner","1 South & 3 West   (149 St & 316 Ave)",Hoven,57450,Potter,45.2307434,-99.83798,120,75,11,"NE","0.00","","Fallowmaster                                      ","100.00000",gallons,"Agri Chem","Other(See Case File)","Agricultural","Sprayer","False","Open Valve",,"null",,"","232",4185
95.303,"NFA",JF,10/31/1995,11/9/2002,True,"Gettysburg right-of-way Tank Removal","City of Gettysburg","117 East Commercial - N. Side of Street - Front of Mini Mall",Gettysburg,57442,Potter,45.01154,-99.9547653,,,,"","0.00","","Fuel Oil                                          ","0.00000",,"Petroleum","Other(See Case File)","Public","UST","False","Corrosion",,"2961",,"","235",4254
96.019,"C",KM,2/5/1996,10/6/1997,True,"Potter County Co-op  AST Spill","Potter County Co-op","501 North East Street",Gettysburg,57442,Potter,45.01547,-99.95444,118N,76,24,"SW","0.00","","Liquid Fertilizer                                 ","200.00000",gallons,"Agri Chem","Other(See Case File)","Commercial","AST","False","Tank Failure",,"null",,"","",4329
97.337,"C",GH,10/8/1997,4/8/1998,True,"West Whitlock Bay Bait and Resort - Pump Spills","Dan Cronin","West Whitlock Bay",Gettysburg,57442,Potter,45.0481033,-100.267204,,,,"","0.00","","gasoline                                          ","0.00000",,"Petroleum","Other(See Case File)","Commercial","UST","True","Dispenser Leak",,"3270",,"","",5025
98.106,"NFA",GH,5/11/1998,10/1/2003,True,"South Whitlock Resort - Tank Removals","South Whitlock Resort","Hwy 212, N at 295 Avenue",Gettysburg,57442,Potter,45.0077477,-100.24575,118N,78W,28,"","0.00","","gasoline                                          ","0.00000",,"Petroleum","Other(See Case File)","Commercial","UST","True","Overfills/Spillage",,"3364",,"","223,",5214
98.190,"C",KM,7/28/1998,9/2/1998,True,"Gettysburg Swimming Pool","City of Gettysburg","300 West King Avenue",Gettysburg,57442,Potter,45.00729,-99.9588242,118N,76W,,"","0.00","","chlorine gas                                      ","20.00000",,"Chemical","Other(See Case File)","Public","Containers","False","Handling",,"null",,"","231",5298
98.260,"C",TA,9/18/1998,5/25/2000,True,"West Whitlock Rec Area - Tank Removals","SD Game Fish and Parks","West Whitlock Recreation Area",Gettysburg,57442,Potter,45.0481033,-100.267204,118N,78W,8,"","0.00","","Petroleum                                         ","0.00000",,"Petroleum","Other(See Case File)","Public","UST & AST","True","Leakage",,"3396",,"","212",5368
98.293,"NFA",GH,10/12/1998,8/14/2002,True,"Former Bob's Resort Station - Tank System Removal","Bob's Resort - Bobby Smith","Old Highway 212 at Missouri River",Gettysburg,57442,Potter,45.00746,-100.289932,118N,50W,30,"NE","0.00","","petroleum                                         ","0.00000",,"Petroleum","Other(See Case File)","Commercial","UST","True","Leakage",,"3560",,"","199",5401
99.114,"C",BM,4/16/1999,6/24/1999,True,"Doer Property","Potter County Highway","N of Potter County highway shop",Gettysburg,57442,Potter,45.01766,-99.95519,,,,"","0.00","","oil waste                                         ","0.00000",,"Oil","Other(See Case File)","Other(See Case File)","Equipment","False","Handling",,"null",,"","",5661
99.225,"NFA",KG,7/30/1999,6/25/2008,True,"Former Hoven High School Site - Tank Removal","Hoven School District","335 Main Street",Hoven,57450,Potter,45.2418633,-99.77787,,,,"","0.00","","Fuel Oil                                          ","0.00000",,"Petroleum","Other(See Case File)","Public","UST","False","Leaks and Spills",,"3823",,"","258",5772
2001.244,"C",KM,6/4/2001,8/14/2001,True,"ATP - Breen Farm","Patrick Breen","326 Avenue",Seneca,57473,Potter,45.0459023,-99.63679,118,73,9,"SE","0.00","","petroleum                                         ","0.00000",,"Petroleum","ATP","Agricultural","UST","False","Spillage",1580,"5530",,"","219",6528
2001.322,"NFA",TF,6/13/2001,1/8/2007,True,"ATP - Monica Pruys","Monica Pruys","219 2nd Ave E (NW at 2nd & Bubik)",Hoven,57450,Potter,45.24338,-99.780365,,,,"","0.00","","Gasoline, Fuel Oil","0.00000",,"Petroleum","ATP","Residential","UST","True","Corrosion",988,"4822",,"","248",6606
2001.323,"C",KM,6/18/2001,9/25/2001,True,"ATP- Schaefbauer Property","B. Schaefbauer, Cahill & Associates","110 N. East Street ",Gettysburg,57442,Potter,45.01221,-99.95458,,,,"","0.00","","Fuel Oil                                          ","0.00000",,"Petroleum","ATP","Commercial","UST","False","Spillage",982,"4823",,"","207",6607
2001.324,"C",KM,6/13/2001,9/25/2001,True,"ATP - Geist  Repair","Rowland Geist","NW at Hwy 20 and Main Street",Tolstoy,57475,Potter,45.20224,-99.6147156,120N,73W,15,"SE","0.00","","Gasoline                                          ","0.00000",,"Petroleum","ATP","Commercial","UST","True","Spillage",1625,"5595",,"","207",6608
2001.325,"C",KM,6/14/2001,9/25/2001,True,"ATP - Simon Property","Richard Simon","160th Street, east of Hwy 47",Lebanon,57455,Potter,45.0717163,-99.77303,,,,"","0.00","","Gasoline                                          ","0.00000",,"Petroleum","ATP","Commercial","UST","True","Corrosion",193,"4118",,"","207",6609
2001.326,"C",KM,7/30/2001,9/25/2001,True,"ATP - Lorraine Flad Property","Lorraine Flad","215 N. East Street",Gettysburg,57442,Potter,45.0131836,-99.95408,,,,"","0.00","","Fuel Oil                                          ","0.00000",,"Petroleum","ATP","Residential","UST","False","Spillage",1707,"5663",,"","207",6610
2001.327,"C",KM,7/30/2001,9/25/2001,True,"ATP - Dean Quiett Property","Dean Quiett","SE at Garfield (Hwy 212) and East Street",Gettysburg,57442,Potter,45.0134277,-99.95407,,,,"","0.00","","Gasoline                                          ","0.00000",,"Petroleum","ATP","Residential","UST","False","Corrosion",1697,"5652",,"","207",6611
2001.328,"C",KM,7/30/2001,9/25/2001,True,"ATP - Bobby Clark Property","Bobby Clark","SW at 169 St and 300 Ave",Gettysburg,57442,Potter,44.94048,-100.16642,117N,77W,19,"NE","0.00","","Petroleum                                         ","0.00000",,"Petroleum","ATP","Residential","UST","False","Spillage",1722,"5680",,"","207",6612
2001.979,"C",KM,11/19/2001,4/16/2002,True,"ATP - Albert Nagel Farm","Richard Abler","31517 155th Street",Lebanon,57455,Potter,45.1436958,-99.8538742,119,75,11,"NW","0.00","","Petroleum                                         ","0.00000",,"Petroleum","ATP","Agricultural","UST","False","Spillage",1955,"5921",,"","208",7261
2001.980,"C",KM,11/8/2001,4/16/2002,True,"ATP - Schaefer Property","Don L. Schaefer","149 Street",Hoven,57450,Potter,45.2306862,-99.87099,120N,75W,10,"NW","0.00","","Petroleum                                         ","0.00000",,"Petroleum","ATP","Agricultural","UST","False","Leakage",2228,"6175",,"","208",7262
2002.310,"NFA",KM,9/24/2002,1/17/2003,True,"ATP - Griese Farm","William A. Griese","31346 156th Street",Gettysburg,57442,Potter,45.1309929,-99.88756,,,,"","0.00","","Petroleum                                         ","0.00000",,"Petroleum","ATP","Agricultural","UST","False","Leakage",2376,"6305",,"","217",7591
2002.312,"NFA",KH,9/23/2002,5/8/2003,True,"ATP - Sage Motel","Donn Quiett","804 East Highway 212",Gettysburg,57442,Potter,45.01471,-99.94446,,,,"","0.00","","Fuel Oil                                          ","0.00000",,"Petroleum","ATP","Commercial","UST","False","Leakage",2516,"6446",,"","217",7593
2003.023,"C",BM,3/7/2003,4/1/2003,True,"Transportation Spill","Standage Trucking - Mark Standage","Hwy 83, S of MM184",Gettysburg,57442,Potter,45.1400566,-100.062225,119N,77W,12,"NE","0.00","","Diesel Fuel                                       ","80.00000",gallons,"Petroleum","Other(See Case File)","Other(See Case File)","Truck Tank","False","Transport Accident",,"null",,"","224,",7670
2003.048,"C",KM,4/21/2003,11/24/2003,True,"Hoven Equity Exchange - Fertilizer Spill","Hoven Equity Exchange","101 N. Main Street",Hoven,57450,Potter,45.24493,-99.77688,121,74,33,"SE","0.00","","dry fertilizer                                    ","0.00000",,"Agri Chem","Other(See Case File)","Commercial","Handling","False","null",,"null",,"","224,",7695
2003.184,"C",LAS,11/12/2003,1/7/2004,True,"CHS Nutrition - Sight Glass Failure","CHS Nutrition","Molasses Storage Area",Gettysburg,57442,Potter,45.01555,-99.95625,,,,"","0.00","","molasses                                          ","32000.00000",gallons,"Other","Other(See Case File)","Industrial","AST","False","Equipment Failure",,"null",,"","232",7831
2004.052,"C",RL,4/7/2004,7/23/2004,True,"Transportation Accident - Portable Tank","Mike Brown","166 St & 321 Ave",Lebanon,57455,Potter,44.984,-99.736,117,74,3,"","0.00","","Diesel                                            ","50.00000",gal,"Petroleum","Other(See Case File)","Other(See Case File)","Portable Tank","False","Transport Accident",,"null",,"","232",7937
2007.098,"NFA",TF,7/11/2007,1/7/2008,True,"ATP - Luce Funeral Home","Luce Funeral Home","502 E Commercial",Gettysburg,57442,Potter,45.01127,-99.9492645,,,,"","0.00","","Gasoline                                          ","0.00000",,"Petroleum","ATP","Commercial","UST","True","Spillage",2987,"7147",,"","255",10943
2007.169,"NFA",TF,10/29/2007,12/21/2009,True,"Assessment - Nagel Property","Alfred Nagel","NW Corner at Hwy 212 & 83 intersection",Gettysburg,57442,Potter,45.0143433,-100.063782,118N,77W,24,"SE","0.00","","waste oil                                         ","0.00000",,"Petroleum","Other(See Case File)","Commercial","UST","True","Leakage",,"7242",,"","271",11018
2008.047,"C",RL,3/20/2008,4/18/2008,True,"Fertilizer Spill - Transport Accident","Karst Trucking","32646 Hwy 20",Tolstoy,57475,Potter,45.20183,-99.61684,,,,"","0.00","","Dry Fertilizer                                    ","12.00000",ton,"Agri Chem","Other(See Case File)","Other(See Case File)","Transport Trailer","False","Transport Accident",,"null",08T032008,"","256,263",11128
2008.207,"NFA",TF,11/5/2008,12/29/2008,True,"ATP - Memorial Hospital","Gettysburg Memorial Hospital","606 East Garfield",Gettysburg,57442,Potter,45.0127525,-99.94774,,,,"","0.00","","fuel oil                                          ","0.00000",,"Petroleum","ATP","Other(See Case File)","UST","False","Overfills/Spillage",3074,"7306",,"","260",11306
2008.208,"NFA",TF,11/5/2008,12/28/2009,True,"ATP - Gettysburg School","Gettysburg School District","100 East King Ave",Gettysburg,57442,Potter,45.00779,-99.95363,,,,"","0.00","","fuel oil                                          ","0.00000",,"Petroleum","ATP","Public","UST","False","Leakage",3087,"7330",,"","271",11307
2009.044,"C",RL,5/11/2009,6/15/2009,True,"Oil Spill - Pipe Leak","Anderson Western Inc.","153 Street - Temporary Hot Mix Plant",Hoven,57450,Potter,45.1692924,-99.7655258,120N,74W,33,"NE","0.00","","Oil                                               ","100.00000",gallons,"Oil","Other(See Case File)","Agricultural","Operating System","False","Line Leak",,"null",,"","265",11399
2010.010,"NFA",BM,1/26/2010,10/4/2010,True,"Methodist Church - Damaged Fuel Line","Ron Fischer - Fischer Oil","101 E. Garfield",Gettysburg,57442,Potter,45.013958,-99.95538,118,76,24,"SW","0.00","","Fuel Oil                                          ","50.00000",gallons,"Petroleum","Other(See Case File)","Other(See Case File)","AST","False","Damage",,"7477",,"","276",11593
2011.181,"NFA",RL,10/19/2011,7/3/2012,True,"Rinsate Impacted Gravel","Colby Kaup","Hwy 20, S edge of town",Hoven,57450,Potter,45.2359123,-99.77495,,,,"","0.00","","Prowl                                             ","0.00000",,"Agri Chem","Other(See Case File)","Commercial","Washout","False","Handling",,"null",,"","286",12097
2012.118,"NFA",RL,6/18/2012,8/1/2012,True,"Tank Overfill - Northern Plains Coop","Northern Plains Coop / CHS Inc.","Bulk Facility, East Highway 212",Gettysburg,57442,Potter,45.02398,-99.92758,,,,"","0.00","","Diesel                                            ","344.00000",gallons,"Petroleum","Other(See Case File)","Commercial","AST","True","Overfill",,"7716",,"","288",12379
2013.084,"C",TK,5/14/2013,10/4/2013,True,"Liquid Fertilizer Spill - Transport Tank","Zweber Grain and Livestock","31850 151st Street",Hoven,57450,Potter,45.20235,-99.7874756,,,,"","0.00","","Liquid Fertilizer 10-34-0                         ","450.00000",gallons,"Agri Chem","Other(See Case File)","Other(See Case File)","Transport Tank","False","Equipment Failure",,"null",13DB051408,"","295",12645
2013.169,"NFA",RL,7/25/2013,11/26/2013,True,"Anonymous Complaint - AG Sales and Salvage","AG Sales and Salvage","610 North Nebraska Street",Gettysburg,57442,Potter,45.01745,-99.9402,,,,"","0.00","","Used Oil                                          ","0.00000",,"Oil","Other(See Case File)","Commercial","Drums","False","Handling",,"null",,"","295",12739
2014.137,"NFA",MH,6/30/2014,12/4/2014,True,"Storage Tank Release - Northern Plains","Northern Plains Coop / CHS Inc.","507 North Potter Street",Gettysburg,57442,Potter,45.0160027,-99.9526749,,,,"","0.00","","Liquid Fertilizer                                 ","5000.00000",gallons,"Agri Chem","Other(See Case File)","Commercial","AST","False","Line Leak",,"null",14BT063009,"","298",13068
2014.150,"C",JPA,7/10/2014,1/26/2015,True,"Former Tank Removal Area - Gettysburg School","Gettysburg School District","100 East King Avenue",Gettysburg,57442,Potter,45.0075531,-99.95459,,,,"","0.00","","Petroleum                                         ","0.00000",,"Petroleum","Other(See Case File)","Public","UST","False","Leakage",,"7994",,"","298",13084
2014.196,"C",KN,9/19/2014,11/12/2014,True,"Phosphate MESZ- Northern Plains Coop","Don Hinckley","Started at NPC went through town",Gettysburg,57442,Potter,45.0158653,-99.95126,,,,"","0.00","","Phosphate MESZ                                    ","13.00000",Tons,"Agri Chem","Other(See Case File)","Other(See Case File)","Transport Trailer","False","Operator Error",,"null",14DS091901,"","298",13131
2014.242,"NFA",KN,11/10/2014,2/13/2015,True,"Tank Overfill at Potter County Street Department","CHS Transportation Inc.","600 North East Street",Gettysburg,57442,Potter,45.01676,-99.95568,,,,"null","null","null","Heating Fuel                                      ","7.00000",gallons,"Petroleum","Other(See Case File)","Other(See Case File)","AST","False","Overfill",,"null",,"null","298",13182
2016.012,"C",KN ,1/21/2016,1/28/2016,True,"Molasses Spill","CHS Nutrition","513 E Custer Ave",Gettysburg,57442,Potter,45.01494,-99.94889,,,,"null","null","null","Molasses                                          ","100.00000",Gallons,"Other","Other(See Case File)","Industrial","AST","False","Overfill",,"null",,"null","302",13595
2016.125,"C",TF ,6/29/2016,12/5/2016,True,"ATP - Hoven Street Project (at B&M Body & Repair)","SD Department of Transportation","412 Main Street (right-of-way)",Hoven,57450,Potter,45.24115,-99.77703,,,,"null","null","null","Petroleum                                         ","null",,"Petroleum","ATP","Other(See Case File)","UST","True","Spillage",3543,"8213",,"null","null",13712
2016.139,"NFA",JPA,7/25/2016,8/30/2017,True,"Tank System Removal - Former J&B Quick Stop","Justin Cronin","410 West Garfield / Hwy 212",Gettysburg,57442,Potter,45.0132751,-99.96098,,,,"null","null","null","Petroleum                                         ","null",,"Petroleum","Other(See Case File)","Commercial","UST","True","Leakage",,"8205",,"null","null",13731
2016.188,"C",RL ,10/12/2016,10/14/2016,True,"Tank Removal from Right-of-Way","Unknown","NW at Main and First",Hoven,57450,Potter,45.24436,-99.77726,,,,"null","null","null","Diesel                                            ","null",,"Petroleum","Other(See Case File)","Other(See Case File)","UST","False","Spillage",,"null",,"null","null",13789
2017.099,"C",TK ,6/20/2017,7/26/2017,True,"Ammonia release at AMPI","Associated Milk Producers Inc.","127 Commercial Avenue",Hoven,57450,Potter,45.2454948,-99.7787552,,,,"null","null","null","Anhydrous Ammonia                                 ","150.00000",pounds,"Chemical","Other(See Case File)","Industrial","Equipment","False","Operator Error",,"null",,"null","null",14023
2018.076,"NFA",RL ,5/16/2018,5/23/2018,True,"Anhydrous ammonia leak  from CHS Nurse Tank","Brad Simon","SE at Hwys 212 & 47 N",Lebanon,57455,Potter,45.05679,-99.7767944,,,,"null","null","null","Anhydrous Ammonia                                 ","10.00000",lbs,"Agri Chem","Other(See Case File)","Agricultural","Nurse Tank","False","Valve Leak",,"null",18JF051602,"null","null",14255
2018.100,"C",GMS,6/8/2018,8/14/2018,True,"Liquid Feed Spill - CHS","CHS Northern Plains","503 North Potter",Gettysburg,57442,Potter,45.01563,-99.95286,,,,"null","null","null","Smartlick Liquid Feed","1600.00000",gallons,"Other(See Case File)","Other(See Case File)","Commercial","Tote","False","Failure",,"null",,"null","null",14281
2019.145,"C",NS ,8/12/2019,9/16/2019,True,"Brownfields Project - Community Care Clinic","Community Care Clinic","608 East Garfield Avenue",Gettysburg,57442,Potter,45.0129967,-99.9467239,,,,"null","null","null","Asbestos                                          ","null",,"Other(See Case File)","Brownfields","Other(See Case File)","Structure","False","Unknown",,"null",,"null","null",14583
2019.146,"C",NS ,8/9/2019,10/2/2019,True,"Brownfields Project - Avera Gettysburg Hospital","Avera Gettysburg Hospital","606 East Garfield Avenue",Gettysburg,57442,Potter,45.0132256,-99.94752,,,,"null","null","null","Asbestos                                          ","null",,"Other(See Case File)","Brownfields","Other(See Case File)","Structure","False","Unknown",,"null",,"null","null",14584
2019.169,"C",PDM,9/12/2019,10/10/2019,True,"Ag-Chem Release - Gettsyburg","Bryan Haberer","intersection of South East Street & 5th Avenue",Gettysburg,57442,Potter,45.00564,-99.9548,,,,"null","null","null","Agri Chem                                         ","null",,"Agri Chem","Other(See Case File)","Residential","Tote","False","Washing/Rinsing",,"null",19LP091714,"null","null",14613
2021.146,"O",BH,8/13/2021,,True,"Associated Milk Producers Anhydrous Ammonia","Associated Milk Producers Incorporated","127 Commercial Ave. W",Hoven,57450,Potter,45.2455673,-99.7783,,,,"null","null","null","Anhydrous Ammonia                                 ","100.00000",Pounds,"Other(See Case File)","Other(See Case File)","Industrial","Pump","False","Storm Event",,"null",,"null","null",15065
2021.174,"NFA",GK,10/26/2021,2/28/2022,True,"Potter County Highway - Diesel Soil","Potter County ","600 N East Street",Gettysburg,57442,Potter,45.0167656,-99.95566,,,,"null","null","null","Diesel                                            ","null",gallons,"Petroleum","Other(See Case File)","Public","AST","True","Leaks and Spills",,"8592",,"null","null",15095
2022.204,"O",JPA,12/12/2022,,True,"ATP - Gettysburg DOT","SD Department of Transportation","30951 US Highway 212",Gettysburg,57442,Potter,45.0130463,-99.97075,,,,"null","null","null","Diesel, Gasoline                                  ","null",,"Petroleum","ATP","Other(See Case File)","UST","True","Leaks and Spills",3760,"8614",,"null","null",15364
2023.096,"O",JPA,7/26/2023,,True,"UST Removal - Bob's Resort","Bobs Resort Properties LLC","29336 US Hwy 212",Gettysburg,57442,Potter,45.0007629,-100.2803,118N,79W,29,"SW","null","null","Gasoline                                          ","null",,"Petroleum","Other(See Case File)","Commercial","UST","True","Historical",,"null",,"null","null",15487
2023.135,"NFA",JPA,10/2/2023,3/21/2024,True,"Gas N Goodies","Shirlee Drew","106 E Garfield Ave",Gettysburg,57442,Potter,45.01317,-99.95546,,,,"null","null","null","Gasoline                                          ","null",,"Petroleum","Other(See Case File)","Commercial","UST","True","Leaks and Spills",,"8689",,"null","null",15529
91005.000,"C",GH,8/9/1991,8/9/1991,True,"UST Removal","Frank VonWald","NW corner N East Street and Highway 212",Gettysburg,57442,Potter,45.0137253,-99.95445,,,,"","0.00","","                                                  ","0.00000",,"Other(See Case File)","Clean Site","Commercial","UST","True","No Release",,"null",,"","",8293
91006.000,"C",GH,8/16/1991,8/16/1991,True,"Sportsman's 1 Stop","Gas N Goodies","East Highway 212",Gettysburg,57442,Potter,45.01441,-99.94668,,,,"","0.00","","                                                  ","0.00000",,"Other(See Case File)","Clean Site","Commercial","UST","True","No Release",,"null",,"","",8294
93053.000,"C",KH,8/13/1993,8/26/1993,True,"UST Removal","Al Weber","UST Removal Site",Hoven,57450,Potter,45.24128,-99.77712,,,,"","0.00","","                                                  ","0.00000",,"Other(See Case File)","Clean Site","Unknown(See Case File)","UST","True","No Release",,"null",,"","",8499
95038.000,"C",RC,12/14/1995,1/5/1996,True,"Gettysburg Radio Tower","US West","2 miles North of town",Gettysburg,57442,Potter,45.0509148,-99.9585,,,,"","0.00","","                                                  ","0.00000",,"Other(See Case File)","Clean Site","Other(See Case File)","UST","True","No Release",,"null",,"","",8598
2000006.000,"C",CH,1/21/2000,5/26/2000,True,"Hoven Equity Exchange","Hoven Equity Exchange","East Commercial",Hoven,57450,Potter,45.24507,-99.77644,,,,"","0.00","","                                                  ","0.00000",,"Other(See Case File)","Clean Site","Commercial","UST","True","No Release",,"null",,"","",8797
2001207.000,"C",KM,6/20/2001,9/25/2001,True,"Clean ATP - John Litzen","John Litzen","Hwy 20",Tolstoy,57475,Potter,45.2017,-99.67452,120,73,20,"NW","0.00","","                                                  ","0.00000",,"Other(See Case File)","ATP","Agricultural","UST","False","No Release",1645,"5604",,"","205",9071
2001209.000,"C",KM,6/13/2001,9/25/2001,True,"Clean ATP - Hageman Property","Jerome Hageman","Marsh St. and Commercial Ave.",Hoven,57450,Potter,45.24499,-99.77843,,,,"","0.00","","                                                  ","0.00000",,"Other(See Case File)","ATP","Commercial","UST","True","No Release",1495,"5412",,"","205",9073
2001210.000,"C",KM,6/18/2001,9/25/2001,True,"Clean ATP - Goebel Property","Larry Goebel","32150 170 Street",Lebanon,57455,Potter,44.92515,-99.7261047,117,74,26,"NW","0.00","","                                                  ","0.00000",,"Other(See Case File)","ATP","Residential","UST","False","No Release",1611,"5562",,"","205",9074
2001211.000,"C",KM,6/20/2001,9/25/2001,True,"Clean ATP - Vern Schmidt Property #1","Vern Schmidt","SW at 323 Ave & 152 St",Tolstoy,57475,Potter,45.1865158,-99.6958542,120,74,25,"","0.00","","                                                  ","0.00000",,"Other(See Case File)","ATP","Agricultural","UST","False","No Release",1628,"5597",,"","205",9075
2001212.000,"C",KM,6/20/2001,9/25/2001,True,"Clean ATP - Vern Schmidt Property #2","Vern Schmidt","149 Street",Tolstoy,57475,Potter,45.2325,-99.67536,120,73,5,"SW","0.00","","                                                  ","0.00000",,"Other(See Case File)","ATP","Agricultural","UST","False","No Release",1629,"5598",,"","205",9076
2001213.000,"C",KM,6/15/2001,9/25/2001,True,"Clean ATP - Norine Pearson","Norine Pearson","305 South Harrison",Gettysburg,57442,Potter,45.0087624,-99.94793,,,,"","0.00","","                                                  ","0.00000",,"Other(See Case File)","ATP","Residential","UST","True","No Release",1534,"5479",,"","205",9077
2001214.000,"C",KM,6/14/2001,9/25/2001,True,"Clean ATP- Don Schneider Property","Donavan Schneider","320th Avenue",Lebanon,57455,Potter,45.0670776,-99.7557,,,,"","0.00","","                                                  ","0.00000",,"Other(See Case File)","ATP","Agricultural","UST","False","No Release",1535,"5480",,"","205",9078
2001215.000,"C",KM,6/13/2001,9/25/2001,True,"Clean ATP - Harlin Hettich Property","Harlin Hettich","5th Ave and Crawford St.",Tolstoy,57475,Potter,45.2064323,-99.61612,,,,"","0.00","","                                                  ","0.00000",,"Other(See Case File)","ATP","Residential","UST","True","No Release",1027,"5025",,"","204",9079
2001216.000,"C",KM,6/13/2001,9/25/2001,True,"Clean ATP - Jim Schmidt Property","Jim Schmidt","130 West 4th Avenue",Tolstoy,57475,Potter,45.2074051,-99.61499,,,,"","0.00","","                                                  ","0.00000",,"Other(See Case File)","ATP","Unknown(See Case File)","UST","True","No Release",735,"4673",,"","204",9080
2001217.000,"C",KM,6/13/2001,9/25/2001,True,"Clean ATP - Stotz Property","Randall Stotz","Rural Tolstoy",Tolstoy,57475,Potter,45.24185,-99.57831,120,73,1,"","0.00","","                                                  ","0.00000",,"Other(See Case File)","ATP","Agricultural","UST","False","No Release",782,"4724",,"","204",9081
2001218.000,"C",KM,6/13/2001,9/25/2001,True,"Clean ATP - Phillips 66 - Chris Dutt Property","Chris Dutt","307 Main Street",Tolstoy,57475,Potter,45.2077179,-99.6145554,,,,"","0.00","","                                                  ","0.00000",,"Other(See Case File)","ATP","Commercial","UST","True","No Release",658,"4594",,"","204",9082
2001219.000,"C",KM,6/13/2001,9/26/2001,True,"Clean ATP - Tolstoy United Methodist Church","Tolstoy United Methodist Church","Crawford & 5th Avenue",Tolstoy,57475,Potter,45.20645,-99.61529,,,,"","0.00","","                                                  ","0.00000",,"Other(See Case File)","ATP","Other(See Case File)","UST","False","No Release",656,"4592",,"","204",9083
2001220.000,"C",KM,6/15/2001,9/25/2001,True,"Clean ATP - Nagel Motors","Alfred Nagel","Main Street & Logan Avenue",Gettysburg,57442,Potter,45.0104752,-99.95736,,,,"","0.00","","                                                  ","0.00000",,"Other(See Case File)","ATP","Commercial","UST","True","No Release",751,"4690",,"","204",9084
2001221.000,"C",KM,6/14/2001,9/25/2001,True,"Clean ATP - Kennepohl Property","Sharon Kennepohl","280 East 2nd Street",Lebanon,57455,Potter,45.06984,-99.7670746,,,,"","0.00","","                                                  ","0.00000",,"Other(See Case File)","ATP","Residential","UST","True","No Release",478,"4423",,"","204",9085
2001222.000,"C",KM,6/15/2001,9/25/2001,True,"Clean ATP - Nold Property","Marla Nold","Mannston Street",Gettysburg,57442,Potter,45.0071449,-99.96039,,,,"","0.00","","                                                  ","0.00000",,"Other(See Case File)","ATP","Residential","UST","True","No Release",455,"4393",,"","204",9086
2001223.000,"C",KM,6/13/2001,9/25/2001,True,"Clean ATP - Former John Dutt Property","Ernest Ahlers","East 4th Avenue",Tolstoy,57475,Potter,45.20737,-99.61339,,,,"","0.00","","                                                  ","0.00000",,"Other(See Case File)","ATP","Residential","UST","True","No Release",425,"4356",,"","204",9087
2001224.000,"C",KM,6/15/2001,9/26/2001,True,"Clean ATP - Potter County Courthouse","Potter County","201 South Exene Street",Gettysburg,57442,Potter,45.00967,-99.95488,,,,"","0.00","","                                                  ","0.00000",,"Other(See Case File)","ATP","Public","UST","False","No Release",410,"4345",,"","204",9088
2001225.000,"C",KM,6/13/2001,9/26/2001,True,"Clean ATP - Tolstoy School","Hoven School District 53-2","102 West",Tolstoy,57475,Potter,45.20587,-99.6151,,,,"","0.00","","                                                  ","0.00000",,"Other(See Case File)","ATP","Public","UST","False","No Release",409,"4342",,"","204",9089
2001226.000,"C",KM,6/13/2001,9/26/2001,True,"Clean ATP - Saint Anthony's School","Hoven School District 53-2","515 Main Street",Hoven,57450,Potter,45.2396278,-99.7781,,,,"","0.00","","                                                  ","0.00000",,"Other(See Case File)","ATP","Public","UST","False","No Release",408,"4341",,"","204",9090
2001227.000,"C",KM,6/14/2001,9/25/2001,True,"Clean ATP - Kerry Larson Farms, Inc","Kerry Larson","160 Street",Gettysburg,57442,Potter,45.0721931,-99.93292,,,,"","0.00","","                                                  ","0.00000",,"Other(See Case File)","ATP","Agricultural","UST","False","No Release",383,"4315",,"","204",9091
2001228.000,"C",KM,7/30/2001,9/25/2001,True,"Clean ATP - George Hall Property","George Hall","Hwy 83",Gettysburg,57442,Potter,44.9782677,-100.082161,117N,77W,1,"NW","0.00","","                                                  ","0.00000",,"Other(See Case File)","ATP","Agricultural","UST","False","No Release",1687,"5651",,"","205",9092
2001229.000,"C",KM,7/30/2001,9/25/2001,True,"Clean ATP - Breen Property","Patrick Breen","326 Avenue",Seneca,57473,Potter,45.04589,-99.63683,,,,"","0.00","","                                                  ","0.00000",,"Other(See Case File)","ATP","Residential","UST","True","No Release",1685,"5659",,"","205",9093
2001230.000,"C",KM,7/30/2001,9/25/2001,True,"Clean ATP - Kenneth Titze Property","Kenneth Titze","Main Street",Lebanon,57455,Potter,45.0697174,-99.76978,,,,"","0.00","","                                                  ","0.00000",,"Other(See Case File)","ATP","Commercial","UST","True","No Release",1676,"5629",,"","205",9094
2001231.000,"C",KM,6/20/2001,9/26/2001,True,"Clean ATP - Community First National Bank","Community First National Bank","104 North Exene Street",Gettysburg,57442,Potter,45.01203,-99.95622,,,,"","0.00","","                                                  ","0.00000",,"Other(See Case File)","ATP","Commercial","UST","False","No Release",1646,"5609",,"","205",9095
2001232.000,"C",KM,7/30/2001,9/25/2001,True,"Clean ATP - John Penrod Property","John Penrod","South edge of waterfowl production area",Tolstoy,57475,Potter,45.15042,-99.66511,,,,"","0.00","","                                                  ","0.00000",,"Other(See Case File)","ATP","Agricultural","UST","False","No Release",1714,"5670",,"","205",9096
2001233.000,"C",KM,7/30/2001,9/25/2001,True,"Clean ATP - Dale Nauman Property","Dale Nauman","205 East Commercial Avenue",Gettysburg,57442,Potter,45.01192,-99.95361,,,,"","0.00","","                                                  ","0.00000",,"Other(See Case File)","ATP","Residential","UST","True","No Release",1805,"5765",,"","205",9097
2002150.000,"C",KM,7/30/2001,11/27/2002,True,"Clean ATP - M. Kay Schmidt Property","M. Kay Schmidt","411 West Commercial Avenue",Gettysburg,57442,Potter,45.0119629,-99.96148,,,,"","0.00","","                                                  ","0.00000",,"Other(See Case File)","ATP","Residential","UST","True","No Release",1686,"5643",,"","220",10013
2002151.000,"C",KM,9/23/2002,2/10/2003,True,"Clean ATP - Lake & Lake Ranch","Boyd Lake","30050 Hurley Place",Gettysburg,57442,Potter,45.08886,-100.161224,119,77,29,"SW","0.00","","                                                  ","0.00000",,"Other(See Case File)","ATP","Agricultural","UST","False","No Release",2394,"6325",,"","220",10014
2005016.000,"C",KH,1/27/2005,1/31/2005,True,"Clean ATP - American Legion","American Legion Post 159","110 Main Street",Hoven,57450,Potter,45.2438774,-99.77679,,,,"","0.00","","                                                  ","0.00000",,"Other(See Case File)","ATP","Other(See Case File)","UST","False","No Release",2872,"6899",,"","236",10266
2013036.000,"C",TF,11/22/2013,1/9/2014,True,"Clean ATP - Bricoe Property","James Briscoe","17052 Hwy 83",Agar,57520,Potter,44.91899,-100.0813,,,,"","0.00","","                                                  ","0.00000",,"Other(See Case File)","ATP","Agricultural","UST","False","No Release",3359,"7877",,"","296",12863
2017021.000,"C",TF ,11/14/2017,12/18/2017,True,"Clean ATP - Geist Farm","Rowland Geist","About 32860 SD Hwy 20",Tolstoy,57475,Potter,45.2021,-99.58109,,,,"null","null","null","null","null",,"Other(See Case File)","ATP","Other(See Case File)","UST","False","No Release",3600,"8324",,"null","null",14146
2019008.000,"C",JPA,8/1/2019,2/7/2020,True,"ATP - Simon Property","Charles Simon","SD-20 and County Road 954",Hoven,57450,Potter,45.23198,-99.7758255,,,,"null","null","null","","null",,"Petroleum","ATP","Residential","No Release","False","No Release",3672,"8456",,"null","null",14593