id,status,r1,date_rep,date_close,image,site_name,resp_party,street,city,zip_code,county,latitude,longitude,township,range,section,secq1,acreage,instctrls,material,amount,units,spill_cat,site_type,proptype,sor_type,regulated,cause_type,atp_no,prcfnumber,ag_no,solidwaste,microroll,siteid
73.001,"C",TK,4/12/1973,8/11/1996,True,"T & R Electric  (see 86.083)","T & R Electric","Hwy 34",Colman,57017,Moody,43.98128,-96.82233,,,,"","0.00","","Dielectric Oil                     ","0.00000",,"Oil","Other(See Case File)","Industrial","Transformer","False","Handling",,"null",,"","232",2
79.004,"C",JA,5/24/1979,10/7/1993,True,"Transport Event","Unknown","I-29 MM 106",Lone Tree,57028,Moody,43.9235077,-96.75858,,,,"","0.00","","Fuel                                              ","0.00000",,"Petroleum","Other(See Case File)","Other(See Case File)","Transport Truck","False","Transport Accident",,"null",,"","",39
83.009,"C",SH,3/9/1983,4/11/1994,True,"Farmers Union Oil Bulk Site (also 2005.013)","Farmers Union Oil","South at Henry Street & West Park Avenue",Flandreau,57028,Moody,44.04635,-96.5983047,,,,"","0.00","","Gasoline                                          ","1100.00000",gallons,"Petroleum","Other(See Case File)","Commercial","AST","True","Leakage",,"1428",,"","",114
83.056,"C",JA,11/21/1983,10/7/1993,True,"Kone King Gasoline Station  (see 91.631)","Nissen Oil","NE at Wind Street and Hwy 32 (Pipestone)",Flandreau,57028,Moody,44.0485077,-96.59526,,,,"","0.00","","Gasoline                                          ","0.00000",,"Petroleum","Other(See Case File)","Commercial","UST","True","Leakage",,"null",,"","",160
83.063,"C",KH,12/25/1983,9/22/1995,True,"Petroleum Vapors - Flandreau","Flandreau Community Oil","Crescent Street, between 2nd and Pipestone",Flandreau,57028,Moody,44.0489426,-96.59353,,,,"","0.00","","Gasoline                                          ","2711.00000",,"Petroleum","Other(See Case File)","Commercial","UST","True","Leakage",,"null",,"","",167
84.006,"C",JA,2/1/1984,10/7/1993,True,"Ahlers Auto Salvage - Complaint","Jerome Ahlers","Big Sioux flood plain W of town",Flandreau,57028,Moody,44.05199,-96.61421,107N,48W,,"","0.00","","Ash                                               ","0.00000",,"Other(See Case File)","Other(See Case File)","Industrial","Drums","False","No Release",,"null",,"","",177
85.036,"C",TK,5/11/1985,11/17/1994,True,"Ramsdells  F&M Ltd. - Transport Event","Ramsdells","Hwy. 13: approx. 2.25 mi. S of Hwy 34",Flandreau,57028,Moody,44.01995,-96.58773,106N,48W,4,"","0.00","","Herbicide                                         ","250.00000",gallons,"Agri Chem","Other(See Case File)","Other(See Case File)","Spray Tank","False","Transport Accident",,"null",,"","266",304
85.058,"C",KM,7/11/1985,6/30/2000,True,"Transformer Disposal - Complaint","Ahler Landfill","Jerry Ahler Landfill",Flandreau,57028,Moody,44.0516052,-96.61409,,,,"","0.00","","Transformer Material                              ","0.00000",gallons,"Oil","Other(See Case File)","Other(See Case File)","Transformer","False","Handling",,"null",,"","",326
85.059,"C",KM,7/11/1985,6/30/2000,True,"Disposal Complaint","T & R Electric","Eng Service near Gravel Pit",Flandreau,57028,Moody,44.0373039,-96.61273,,,29,"","0.00","","Transformer Material                              ","0.00000",,"Other(See Case File)","Other(See Case File)","Other(See Case File)","Transformer","False","Handling",,"null",,"","",327
85.083,"C",KM,10/25/1985,6/30/2000,True,"Leaking Drum - Norwest Bank Property","Norwest Bank","5 m E, 2 m N",Dell Rapids,57022,Moody,43.86224,-96.60721,,,,"","0.00","","Pesticide                                         ","55.00000",gallons,"Agri Chem","Other(See Case File)","Commercial","Drums","False","Leakage",,"null",,"","",351
86.083,"NFA",KM,10/1/1986,11/15/2011,True,"T & R Electric","T & R Electric","Transformer Yard on Hwy 34",Colman,57017,Moody,43.9800377,-96.8196259,,,,"","0.00","","PCB Oil                                           ","0.00000",,"Combined","Other(See Case File)","Commercial","Transformer","False","Handling",,"null",,"","268,280",448
87.056,"C",DR,6/18/1987,2/16/2000,True,"Cargill Incorporated - Fertilizer Spill","Cargill Incorporated","Trent Fert. Facility, Depot Street & Walnut Ave",Trent,57065,Moody,43.90478,-96.65479,105N,49W,13,"NE","0.00","","Fertilizer                                        ","600.00000",gallons,"Agri Chem","Other(See Case File)","Commercial","AST","False","Disconnected Hose ",,"null",,"","234",521
87.130,"C",KM,12/24/1987,6/30/2000,True,"T & R Electric","T & R Electric","Highway 34 West",Colman,57017,Moody,43.98118,-96.82186,,,,"","0.00","","Transformer Oil                                   ","120.00000",gallons,"Oil","Other(See Case File)","Commercial","Transformer","False","Valve Leak",,"null",,"","228",595
87.134,"C",JA,6/6/1987,2/2/1994,True,"Liquid Fertilizer Spill","Pat Geraets","248 Street",Dell Rapids,57022,Moody,43.862812,-96.7783661,,,,"","0.00","","Liquid Fertilizer                                 ","1500.00000",gallons,"Agri Chem","Other(See Case File)","Agricultural","Spray Tank","False","Spillage",,"null",,"","237",599
88.257,"C",BM,5/25/1988,8/15/2001,True,"Electrol Equipment / Dakota Mfg","City of Flandreau","Electrol Equipment Property",Flandreau,57028,Moody,44.04542,-96.61276,,,,"","0.00","","Fuel Oil                                          ","0.00000",,"Petroleum","Other(See Case File)","Industrial","UST","False","Damage",,"null",,"","235",857
89.097,"C",KM,5/22/1989,1/12/1993,True,"Dell Rapids Coop Grain - Overturned Sprayer","Dell Rapids Coop Grain","Hwy 77, 1 mile N of Moody Co line",Dell Rapids,57022,Moody,43.85611,-96.72812,105N,49W,33,"","0.00","","Pesticide                                         ","570.00000",gallons,"Agri Chem","Other(See Case File)","Other(See Case File)","Spray Tank","False","Overturned",,"null",,"","",986
89.111,"NFA",TS,6/6/1989,5/9/2001,True,"Powers Oil Company - Former Trading Post - Phillips 66","Powers Oil Company","NE at Lindsey and Pipestone (Hwy 34)",Flandreau,57028,Moody,44.0485878,-96.5877762,,,,"","0.00","","Petroleum                                         ","0.00000",,"Petroleum","Other(See Case File)","Commercial","UST","True","Leaks and Spills",,"254",,"","225, 228",1000
89.140,"C",TK,6/20/1989,10/9/1992,True,"Cargill - Leaking Sprayer Tank","Cargill","1 mi. W. of Trent",Trent,57065,Moody,43.9071159,-96.6799,105N,49W,11,"SW","0.00","","Fertilizer 20.5%                                  ","50.00000",gallons,"Agri Chem","Other(See Case File)","Agricultural","Spray Tank","False","Leakage",,"null",,"","237",1029
89.315,"C",SH,11/30/1989,12/12/1996,True,"Colman Farmers Coop - Complaint","Colman Farmers Coop","Main, East Elevator",Colman,57017,Moody,43.98218,-96.81542,105N,50W,15,"E","0.00","","Pesticide/PCB                                     ","0.00000",,"Chemical","Other(See Case File)","Commercial","Supplies","False","Handling",,"null",,"","",1203
90.005,"C",TB,1/15/1990,9/20/1995,True,"Cenex Fertilizer Plant - Complaint","Flandreau Farmers Union Oil","W Hwy 32",Flandreau,57028,Moody,44.04968,-96.6151,107N,48W,20,"SE","0.00","","Pesticide                                         ","0.00000",,"Agri Chem","Other(See Case File)","Commercial","Spray Tank","False","Washing/Rinsing",,"null",,"","",1240
90.163,"C",TK,5/9/1990,12/4/1990,True,"Egan Bus Garage Site","Dan Peterson","Egan Bus Garage",Egan,57024,Moody,43.999485,-96.6428,,,,"","0.00","","Petroleum                                         ","0.00000",,"Petroleum","Other(See Case File)","Commercial","UST","True","Spillage",,"1073",,"","",1398
90.205,"C",SB,6/4/1990,6/17/1993,True,"RJ's Food-N-Fill Tank Replacements","Ron Ahlers","Highway 34 & Perry Ave",Colman,57017,Moody,43.9793243,-96.81282,,,,"","0.00","","Diesel                                            ","0.00000",,"Petroleum","Other(See Case File)","Commercial","UST","True","Corrosion",,"1067",,"","242",1440
90.215,"C",GH,6/4/1990,3/17/1993,True,"Prairie Junction Truck Stop - Tank Replacements","Jud Cole","Jct. I-29 and Hwy.34",Colman,57017,Moody,43.97851,-96.7634354,,,,"","0.00","","Petroleum                                         ","0.00000",,"Petroleum","Other(See Case File)","Commercial","UST","True","Leaks and Spills",,"1019",,"","",1450
90.254,"C",KM,6/21/1990,10/5/1990,True,"U.S. Postal Service","U.S. Postal Service","Post Office - 102 West 2nd",Flandreau,57028,Moody,44.0496635,-96.59566,,,,"","0.00","","Heating Fuel                                      ","0.00000",,"Petroleum","Federal","Other(See Case File)","UST","False","Overfills/Spillage",,"1083",,"","",1489
90.261,"NFA",JF,6/26/1990,4/1/2003,True,"Egan Oil Company - Pump Leak","Egan Oil Company","Hwy 34",Egan,57024,Moody,43.9974174,-96.6541748,,,,"","0.00","","Petroleum                                         ","0.00000",,"Petroleum","Other(See Case File)","Commercial","UST","True","Dispenser Leak",,"1033",,"","230",1496
90.560,"C",SB,11/7/1990,12/29/1995,True,"Sioux Valley Electric","Sioux Valley Electric","NW at Hwy 34 and 471 Ave",Colman,57017,Moody,43.9794464,-96.79093,106N,50W,14,"SE","0.00","","Gasoline                                          ","0.00000",,"Petroleum","Other(See Case File)","Other(See Case File)","UST","True","Leakage",,"1233",,"","",1795
90.590,"C",SB,11/20/1990,3/2/1992,True,"Duncan Trucking","Tom Duncan","100 East Park",Flandreau,57028,Moody,44.04585,-96.5929947,,,,"","0.00","","Diesel                                            ","0.00000",,"Petroleum","Other(See Case File)","Commercial","UST","True","Leakage",,"1344",,"","",1825
90.642,"C",KD,12/20/1990,3/8/1991,True,"Eng Services - UST Removal","Dale Eng","412 Elm Ave (NW at Elm & Highway 13 / Summit)",Flandreau,57028,Moody,44.04501,-96.58782,107N,48,28,"NE","0.00","","Gasoline Leaded                                   ","0.00000",,"Petroleum","Other(See Case File)","Commercial","UST","True","Overfills/Spillage",,"1301",,"","",1877
91.045,"C",TB,1/21/1991,6/10/1991,True,"Discarded Containers","Ramsdell F & M","SW at 483rd and Hwy 34",Flandreau,57028,Moody,44.043663,-96.55636,107,48,26,"","0.00","","Pesticide 2,4-D                                   ","0.00000",,"Agri Chem","Other(See Case File)","Agricultural","Containers","False","Handling",,"null",,"","",1935
91.178,"C",TK,5/8/1991,9/6/1991,True,"Former Lake Campbell Garage - Tank Removal","Marcella Bublitz","South end of Lake Campbell",Brookings,57006,Moody,44.1948357,-96.8528061,108N,50,5,"","0.00","","Gasoline                                          ","0.00000",,"Petroleum","Other(See Case File)","Commercial","UST","True","Spillage",,"1473",,"","",2068
91.193,"C",TK,5/15/1991,10/31/1991,True,"Flandreau Farmers Union Oil","Flandreau Farmers Coop","Claire Township Road / 475 Avenue",Flandreau,57028,Moody,44.0726242,-96.70857,107,49,,"","0.00","","Fertilizer & Lasso                                ","615.00000",gallons,"Agri Chem","Other(See Case File)","Other(See Case File)","Sprayer","False","Disconnected Hose ",,"null",,"","",2083
91.260,"C",KM,6/13/1991,7/16/1996,True,"Pickup Truck in Creek","Unknown","7 mi. E & 3/4 mi. S.",Trent,57065,Moody,43.8932571,-96.50667,,,,"","0.00","","Automotive Fluids                                 ","0.00000",,"Other(See Case File)","Other(See Case File)","Other(See Case File)","Truck","False","Immersed  ",,"null",,"","",2150
91.348,"C",KM,8/2/1991,9/9/1991,True,"T & R Electric","T & R Electric","Highway 34 W",Colman,57017,Moody,43.98066,-96.8229752,,,,"","0.00","","mineral oil                                       ","200.00000",gallons,"Oil","Other(See Case File)","Industrial","AST","False","Line Leak",,"null",,"","",2238
91.353,"C",KM,8/10/1991,3/15/1993,True,"Tank Spill - Ahlers Farm","Dave Ahlers","Rural Moody Co.",Flandreau,57028,Moody,44.0372429,-96.49818,,,,"","0.00","","Diesel                                            ","1000.00000",gallons,"Petroleum","Other(See Case File)","Residential","AST","False","Vandalism",,"1572",,"","",2243
91.397,"NFA",SH,8/1/1991,12/20/2006,True,"Fiegen - Wright - LUST Trust","Unknown","226 South Main",Colman,57017,Moody,43.97944,-96.813736,,,,"","0.00","","Petroleum                                         ","0.00000",,"Petroleum","Lust Trust","Commercial","UST","True","Leakage",,"null",,"","247,271",2287
91.412,"C",GH,9/5/1991,2/1/1993,True,"Farmers Union Coop Oil","Farmers Union Coop Oil","1 block North and 1 block West of Post Office",Trent,57065,Moody,43.90718,-96.65561,,,,"","0.00","","Petroleum                                         ","0.00000",,"Petroleum","Other(See Case File)","Commercial","AST","True","Overfills/Spillage",,"1614",,"","",2302
91.439,"C",TK,9/23/1991,8/24/1993,True,"Farmers Union Coop Oil","Farmers Union Coop Oil","NE at N Center Street and W 2nd Avenue",Flandreau,57028,Moody,44.04971,-96.5972748,,,,"","0.00","","Gasoline                                          ","0.00000",,"Petroleum","Other(See Case File)","Commercial","UST","True","Leakage",,"1641",,"","",2329
91.631,"C",SH,12/20/1991,1/14/2003,True,"Former Kone King","Nissen Oil Company - Craig Nissen","NE at Wind Street and Pipestone (Hwy 32)",Flandreau,57028,Moody,44.04855,-96.59524,107N,48W,28,"","0.00","","Petroleum","0.00000",,"Petroleum","Aquifer","Commercial","UST","True","Leakage",,"1957",,"","234",2521
92.157,"C",TK,5/12/1992,8/19/1992,True,"Max Crisp  - Sprayer Spill","Max Crisp","Moody Co. Rd.: 1/2 mi. E. of  Trent Exit.",Trent,57065,Moody,43.9063072,-96.74848,,,,"","0.00","","Treflan                                           ","0.00000",,"Agri Chem","Other(See Case File)","Other(See Case File)","Sprayer","False","Equipment Failure",,"null",,"","",2747
92.377,"C",SH,11/4/1992,2/11/1994,True,"Colman Farmers Coop","Colman Farmers Cooperative Elevator Company","Elevator at Crummer Ave and 1st St",Colman,57017,Moody,43.98213,-96.81617,106N,50W,15,"SE","0.00","","Petroleum                                         ","0.00000",,"Petroleum","Other(See Case File)","Commercial","AST","True","Leaks and Spills",,"2321",,"","",2967
92.378,"NFA",SH,11/4/1992,1/5/2004,True,"Colman Farmers Coop - Assessment","Colman Farmers Coop Elevator Company","Fertilizer Plant",Colman,57017,Moody,43.9787521,-96.80767,,,,"","0.00","","Petroleum & Agri Chem                             ","0.00000",,"Combined(See Case File)","Other(See Case File)","Commercial","AST","False","Leaks and Spills",,"null",,"","230, 234",2968
92.381,"C",SH,11/4/1992,7/24/1995,True,"Colman Farmers Coop Bulk Site","Colman Farmers Coop Elevator Company","Fertilizer Plant",Colman,57017,Moody,43.9788475,-96.80843,,,,"","0.00","","Petroleum                                         ","0.00000",,"Petroleum","Other(See Case File)","Commercial","AST","True","Leaks and Spills",,"2322",,"","",2971
92.409,"C",KM,12/7/1992,4/14/1993,True,"T & R Electric","T & R Electric Supply Company","Highway 34 West",Colman,57017,Moody,43.9806,-96.82295,,,,"","0.00","","Transformer Oil                                   ","35.00000",,"Oil","Other(See Case File)","Industrial","AST","True","Overfill",,"null",,"","",2999
93.138,"C",TK,5/25/1993,11/8/1993,True,"Cargill Transport Event","Cargill","2 m W. , 1 m N, .25 m E of Ward",Ward,57026,Moody,44.1666222,-96.50431,108N,47W,17,"NW","0.00","","Fertilizer                                        ","950.00000",,"Agri Chem","Other(See Case File)","Agricultural","Portable Tank","False","Tank Failure",,"null",,"","",3153
93.140,"C",TK,5/29/1993,6/21/1994,True,"Farmers Union Oil  - Agrichem Spill","Farmers Union Oil Co.","West Hwy. 32",Flandreau,57028,Moody,44.050106,-96.61386,107N,48,29,"NE","0.00","","Freedom-pesticide                                 ","150.00000",,"Agri Chem","Other(See Case File)","Commercial","Tote","False","Damage",,"null",,"","",3155
93.298,"C",KM,9/17/1993,10/2/1997,True,"Claire Township Suspected Pesticide","Unknown","Claire Township",Flandreau,57028,Moody,44.09485,-96.7171249,,,,"","0.00","","Pesticide                                         ","0.00000",,"Agri Chem","Other(See Case File)","Other(See Case File)","Unknown(See Case File)","False","Unknown",,"null",,"","210",3313
93.305,"C",SB,9/24/1993,7/30/1997,True,"Tank Removals - Former Flandreau DOT Shop","SD  Department of Transportation (SD DOT)","SE corner at Bridge & Wilson",Flandreau,57028,Moody,44.052227,-96.60123,107N,48W,20,"SE","0.00","","Petroleum                                         ","0.00000",,"Petroleum","Other(See Case File)","Other(See Case File)","UST","True","Leakage",,"2413",,"","",3320
93.336,"C",TK,10/19/1993,12/3/1993,True,"Moody County Highway Dept. - Release into Storm Sewer","Moody County Highway Dept.","West Prospect Avenue",Flandreau,57028,Moody,44.05148,-96.6003952,107N,48,21,"SW","0.00","","Diesel, Gasoline                                  ","80.00000",gallons,"Petroleum","Other(See Case File)","Public","UST","False","Spillage",,"null",,"","",3351
93.516,"C",SH,9/30/1993,7/28/1995,True,"Colman Farmers Coop Site","Colman Farmers Coop","1st  and Crummer",Colman,57017,Moody,43.98222,-96.81674,106N,50W,15,"SE","0.00","","Pesticide                                         ","0.00000",,"Agri Chem","Other(See Case File)","Commercial","Bulk Chemical","False","Handling",,"null",,"","241",3531
94.035,"C",KM,3/7/1994,10/6/1999,True,"T & R Electric - Line Oil Tank Overflow","T & R Electric Supply Co., Inc.","Highway 34 West",Colman,57017,Moody,43.9803238,-96.8219147,,,,"","0.00","","line oil < 2ppm PCB                               ","40.00000",gallons,"Combined","Other(See Case File)","Industrial","AST","False","Overflow",,"2638",,"","",3570
94.106,"C",JA,5/3/1994,10/21/1994,True,"T & R Electric","T & R Electric","Yard - Row 5, Pad 25W",Colman,57017,Moody,43.98131,-96.8238144,,,,"","0.00","","Transformer oil                                   ","50.00000",gallons,"Oil","Other(See Case File)","Industrial","Transformer","False","Leakage",,"null",,"","",3641
94.159,"C",TK,6/9/1994,3/1/1995,True,"Ramsdells Spill at Wilts farmstead","Jim Lahr - Ramsdells","482nd Ave - farmstead driveway",Flandreau,57028,Moody,44.1021919,-96.56629,107N,48,2,"SW","0.00","","pesticide                                         ","30.00000",,"Agri Chem","Other(See Case File)","Agricultural","Truck","False","Overturned",,"null",,"","",3694
94.335,"C",MP,8/28/1994,9/18/1997,True,"Phil Pot Contracting Transport Event","Phil Pot Contracting","I-29",Ward,57026,Moody,44.1544456,-96.75428,,,,"","0.00","","Diesel                                            ","100.00000",gallons,"Petroleum","Other(See Case File)","Other(See Case File)","Truck Tank","False","Transport Accident",,"null",,"","",3870
94.373,"C",TK,11/7/1994,8/11/1995,True,"Treflan Road Spill","Unknown","478A Ave & 242 St",Trent,57065,Moody,43.87697,-96.63745,105N,48W,19,"","0.00","","Treflan                                           ","0.00000",,"Agri Chem","Other(See Case File)","Other(See Case File)","Spray Tank","False","Unknown",,"null",,"","",3908
95.276,"C",TK,9/29/1995,3/18/1996,True,"Discarded Agrichem Containers","Unknown","SW corner of Town, E of 480th Street",Flandreau,57028,Moody,44.04261,-96.60834,,,,"","0.00","","Pesticide (Marksman?)                             ","0.00000",,"Agri Chem","Other(See Case File)","Other(See Case File)","Containers","False","Handling",,"null",,"","232",4227
96.142,"C",TK,5/22/1996,2/27/1997,True,"Treflan Spill","Cargill Incorporated","Near former shop @ facility",Trent,57065,Moody,43.9051247,-96.65511,,,,"","0.00","","Treflan Pro 5 mixed with solution                 ","10.00000",gallons,"Agri Chem","Other(See Case File)","Commercial","Sprayer","False","Valve Leak",,"null",,"","237",4452
96.368,"NFA",SB,12/24/1996,1/22/2002,True,"Pleasant Valley Colony - Line Leak","Pleasant Valley Colony","Pleasant Valley Colony",Flandreau,57028,Moody,44.05957,-96.47014,107N,47W,21,"E","0.00","","Diesel Fuel                                       ","2000.00000",gallons,"Petroleum","Other(See Case File)","Other(See Case File)","AST","True","Line Leak",,"3137",,"","",4678
97.145,"C",KM,5/12/1997,8/8/1997,True,"Transport Event","Cargill","Highway 77 Road Shoulder",Colman,57017,Moody,43.97904,-96.7889557,,,,"","0.00","","Prowl                                             ","3.00000",,"Agri Chem","Other(See Case File)","Other(See Case File)","Spray Tank","False","Leakage",,"null",,"","",4833
97.253,"C",RC,7/25/1997,8/22/1997,True,"Flandreau Motors - Surface Spills at Vaulted Tank","Terry Schulte","Highway 32 and 3rd Street",Flandreau,57028,Moody,44.0480728,-96.6095047,107N,48W,29,"NE","0.00","","waste oil                                         ","0.00000",,"Oil","Other(See Case File)","Commercial","AST","True","Spillage",,"null",,"","",4941
97.335,"C",MP,10/9/1997,11/14/1997,True,"Transformer Spill","Otter Tail Power","105 W. 2nd Street",Trent,57065,Moody,43.9072227,-96.65639,,,,"","0.00","","Transformer oil                                   ","29.00000",gallons,"Oil","Other(See Case File)","Residential","Transformer","False","Storm Event",,"null",,"","",5023
98.121,"C",RL,5/29/1998,4/14/2004,True,"Offloading Spill at Powers Oil","Transwood Inc.","510 E. Pipestone Avenue",Flandreau,57028,Moody,44.0488472,-96.58792,,,,"","0.00","","diesel fuel                                       ","180.00000",gallons,"Petroleum","Other(See Case File)","Commercial","UST","True","Disconnected Hose ",,"null",,"","231",5229
98.334,"NFA",SB,11/9/1998,8/27/2003,True,"Kohlmeyer Service - Tank Removals","Allen Kohlmeyer","Hwy 77, 11 mi. S. of Brookings",Nunda,57050,Moody,44.1521454,-96.78848,,,,"","0.00","","gasoline                                          ","0.00000",,"Petroleum","Other(See Case File)","Commercial","UST","True","Leakage",,"3567",,"","227, 232",5442
98.353,"C",BM,11/17/1998,12/30/1998,True,"Leudeke Farms Truck Accident","Dayle Leudeke Farms","I-29, 1.5 miles North of Trent Exit",Trent,57065,Moody,43.9244537,-96.75829,105N,49W,6,"","0.00","","diesel fuel                                       ","0.00000",,"Petroleum","Other(See Case File)","Other(See Case File)","Truck Tank","False","Transport Accident",,"null",,"","",5461
98.368,"C",TF,12/1/1998,7/16/2001,True,"Dakota State Bank Bldg - Tank Removal Site","Home Federal Savings Bank","118 N. Main",Colman,57017,Moody,43.98351,-96.81343,,,,"","0.00","","Heating Fuel                                      ","0.00000",,"Petroleum","Other(See Case File)","Commercial","UST","False","Leakage",,"3658",,"","",5476
99.057,"C",DR,3/4/1999,8/6/2002,True,"Former Maintenance Shop - Concrete UST Removal","Flandreau Santee Sioux Tribe","110 East Pipestone",Flandreau,57028,Moody,44.04885,-96.5938,,,,"","0.00","","Petroleum                                         ","0.00000",,"Petroleum","Other(See Case File)","Other(See Case File)","UST","True","Leakage",,"null",,"","202,240",5604
99.073,"C",KM,2/4/1999,2/8/2000,True,"Metal Recovery Inc. - Fire","Metal Recovery Inc.","1000 West Elm",Flandreau,57028,Moody,44.0460472,-96.6098,,,,"","0.00","","Oil                   ","0.00000",,"Oil","Other(See Case File)","Industrial","Equipment","False","Fire Event",,"null",,"","",5620
99.099,"C",JL,3/23/1999,5/24/1999,True,"Flandreau Indian School - Federal Id # R4050001","Bureau of Indian Affairs","Flandreau Indian School (Bldg 109 & R123)",Flandreau,57028,Moody,44.06046,-96.59132,,,,"","0.00","","petroleum                                         ","0.00000",,"Petroleum","Federal","Other(See Case File)","UST","True","No Release",,"3597",,"","",5646
2000.069,"C",SB,4/20/2000,11/5/2002,True,"Boys Dormitory - Tank Removal","Flandreau Indian School","1000 N. Crescent",Flandreau,57028,Moody,44.06265,-96.59491,,,,"","0.00","","fuel oil                                          ","900.00000",gallons,"Petroleum","Federal","Residential","UST","False","Leakage",,"3918",,"","211, 232",5967
2000.280,"NFA",KH,9/29/2000,5/16/2003,True,"ATP - Gordon & Mavis Holt Farm","Gordon & Mavis Holt","NE corner of 242 St & 485 Ave",Trent,57065,Moody,43.8774452,-96.50503,105,47,20,"W","0.00","","petroleum                                         ","0.00000",,"Petroleum","ATP","Agricultural","UST","True","Leakage",150,"4068",,"","217",6178
2000.363,"C",RL,12/16/2000,4/8/2004,True,"Transport Event","Penner International, Inc.","I-29 MM101",Dell Rapids,57022,Moody,43.85311,-96.7667847,,,,"","0.00","","Diesel fuel                                       ","150.00000",gallons,"Petroleum","Other(See Case File)","Other(See Case File)","Truck Tank","False","Damage",,"null",,"","231",6261
2000.364,"C",DR,6/30/2000,1/3/2001,True,"Former Service Station - Tank Removal","Flandreau Santee Sioux Tribe","601 West Broad Avenue",Flandreau,57028,Moody,44.04358,-96.59984,107N,48W,28,"SW","0.00","","Petroleum                                         ","0.00000",,"Petroleum","Other(See Case File)","Commercial","UST","True","Leakage",,"3924",,"","240",6262
2000.372,"C",SB,12/22/2000,6/15/2001,True,"Flandreau Indian School","Flandreau Indian School","1000 N. Crescent Street",Flandreau,57028,Moody,44.0614471,-96.5938,,,,"","0.00","","Heating Oil                                       ","0.00000",,"Petroleum","Other(See Case File)","Other(See Case File)","UST","False","No Release",,"4392",,"","235",6270
2001.192,"C",LAS,7/13/2001,10/18/2001,True,"Transformer Oil Spill","T & R Electric","2 miles east of Egan on Hwy 34",Egan,57024,Moody,44.0074959,-96.62299,106N,49,23,"","0.00","","Transformer Oil                                   ","400.00000", gallons,"Oil","Other(See Case File)","Other(See Case File)","Transportation","False","Unsecured",,"null",,"","203",6477
2001.641,"C",KM,10/22/2001,12/26/2001,True,"ATP - Austreim Landscaping","Lyle Jensen","SW of Intersection of 480th Avenue & Kuhle Street",Flandreau,57028,Moody,44.04319,-96.60919,,,,"","0.00","","diesel                                            ","0.00000",,"Petroleum","ATP","Commercial","UST","True","Spillage",205,"4132",,"","207",6924
2001.642,"C",KM,10/22/2001,12/18/2001,True,"ATP - Locke Property","Robert E. Locke","317 2nd Avenue East",Flandreau,57028,Moody,44.0490952,-96.58963,,,,"","0.00","","fuel oil                                          ","0.00000",,"Petroleum","ATP","Residential","UST","False","Spillage",499,"4432",,"","207",6925
2001.643,"C",KM,12/10/2001,12/26/2001,True,"ATP - Redder Property","Jim Redder","228th Street ",Flandreau,57028,Moody,44.0791969,-96.5105,,,,"","0.00","","Petroleum                                         ","0.00000",,"Petroleum","ATP","Agricultural","UST","False","Spillage",852,"4813",,"","207",6926
2001.644,"C",KM,12/10/2001,12/26/2001,True,"ATP - Zephier Farm","Jan Zephier","228 Street, East of Highway 13",Flandreau,57028,Moody,44.0833664,-96.5735,,,,"","0.00","","Petroleum                                         ","0.00000",,"Petroleum","ATP","Other(See Case File)","UST","False","Spillage",1694,"5648",,"","207",6927
2001.645,"C",KM,12/10/2001,12/26/2001,True,"ATP - Smith Property","Loren Smith",".5 mile W & .25 mile NW of 225th Street & Highway 13",Flandreau,57028,Moody,44.12761,-96.6004639,,,,"","0.00","","Petroleum                                         ","0.00000",,"Petroleum","ATP","Agricultural","UST","False","Spillage",1173,"5080",,"","207",6928
2001.646,"C",KM,12/10/2001,12/26/2001,True,"ATP - Blankenfeld Property","Harold Blankenfeld","483rd Avenue, 1/2 mile south of 242nd Street",Trent,57065,Moody,43.8681641,-96.54609,,,,"","0.00","","Petroleum                                         ","0.00000",,"Petroleum","ATP","Agricultural","UST","False","Spillage",1137,"4894",,"","207",6929
2001.647,"C",KM,12/10/2001,12/26/2001,True,"ATP - Zellers Property","Diane M. Zellers","208 1st Avenue East",Flandreau,57028,Moody,44.05069,-96.59276,,,,"","0.00","","fuel oil                                          ","0.00000",,"Petroleum","ATP","Other(See Case File)","UST","False","Spillage",1142,"4900",,"","207",6930
2001.648,"NFA",KM,12/11/2001,2/20/2003,True,"ATP - Landis Property","James Landis","Ross Avenue near Flandreau Indian School",Flandreau,57028,Moody,44.0593224,-96.5987244,,,,"","0.00","","Petroleum                                         ","0.00000",,"Petroleum","ATP","Agricultural","UST","False","Corrosion",224,"4153",,"","217",6931
2001.649,"C",KM,12/11/2001,2/25/2002,True,"ATP - Flandreau Community Oil","Jim Cease","200 East Pipestone Avenue",Flandreau,57028,Moody,44.04852,-96.5931854,,,,"","0.00","","Petroleum                                         ","0.00000",,"Petroleum","ATP","Commercial","UST","True","Spillage",697,"4633",,"","207,294",6932
2001.650,"C",KM,12/10/2001,2/25/2002,True,"ATP - Blum Property","Michael Blum","201 1st Avenue East",Flandreau,57028,Moody,44.0500679,-96.59336,,,,"","0.00","","Petroleum                                         ","0.00000",,"Petroleum","ATP","Other(See Case File)","UST","True","Leakage",827,"4765",,"","231",6933
2001.651,"C",KM,12/10/2001,2/25/2002,True,"ATP - Lott Property","Chad Lott","316 2nd Avenue East",Flandreau,57028,Moody,44.0498,-96.5898056,,,,"","0.00","","fuel oil                                          ","0.00000",,"Petroleum","ATP","Residential","UST","False","Leakage",1138,"4896",,"","207",6934
2001.833,"NFA",KM,1/28/2002,11/18/2002,True,"ATP - Colman-Egan School District 50-5","Roger Fritz","200 South Loban Street ",Colman,57017,Moody,43.9811554,-96.81045,,,,"","0.00","","heating oil                                       ","0.00000",,"Petroleum","ATP","Public","UST","False","Overfills/Spillage",2238,"6174",,"","219",7115
2001.873,"C",KM,9/10/2001,2/6/2002,True,"ATP - The Hide Away Bar - Reeves","Arlette Reeves","324 223rd Street",Ward,57026,Moody,44.1549759,-96.46027,,,,"","0.00","","gasoline                                          ","0.00000",,"Petroleum","ATP","Commercial","UST","True","Leakage",99,"3997",,"","208",7155
2001.955,"C",KM,10/22/2001,3/29/2002,True,"ATP - Quissell Farm","Deloris Quissell","SE corner of intersection of 484th and 242nd",Trent,57065,Moody,43.8762436,-96.52504,105N,47W,30,"NW","0.00","","Petroleum                                         ","0.00000",,"Petroleum","ATP","Agricultural","UST","False","Spillage",1743,"5701",,"","208",7237
2001.956,"C",KM,3/8/2002,3/28/2002,True,"ATP - Brende Property","Ramon Brende","116 Perry Street",Colman,57017,Moody,43.9815025,-96.81219,,,,"","0.00","","fuel oil                                          ","0.00000",,"Petroleum","ATP","Residential","UST","False","Spillage",828,"4764",,"","208",7238
2001.957,"C",KM,10/22/2001,3/28/2002,True,"ATP - Halvorson Property","Gary & Duane Halvorson","101 East 2nd",Trent,57065,Moody,43.9065933,-96.65225,,,,"","0.00","","diesel                                            ","0.00000",,"Petroleum","ATP","Commercial","UST","True","Spillage",277,"4215",,"","208",7239
2001.958,"C",KM,3/12/2002,3/28/2002,True,"ATP - Lubben Property","Robert Lubben","Main Street",Ward,57026,Moody,44.1549873,-96.45951,,,,"","0.00","","gasoline                                          ","0.00000",,"Petroleum","ATP","Commercial","UST","True","Leakage",352,"4271",,"","208",7240
2001.959,"C",KM,3/8/2002,3/28/2002,True,"ATP - Von Keller Property","Rente Von Keller","Near NE Corner of 487th & Main (223 Street)",Ward,57026,Moody,44.1550369,-96.46781,,,,"","0.00","","Petroleum                                         ","0.00000",,"Petroleum","ATP","Residential","UST","False","Leakage",559,"4489",,"","208",7241
2001.960,"C",KM,3/8/2002,3/28/2002,True,"ATP - Evans Garage","Harold Evans","Main ( 223 ) Street",Ward,57026,Moody,44.154686,-96.45995,,,,"","0.00","","gasoline                                          ","0.00000",,"Petroleum","ATP","Commercial","UST","True","Leakage",59,"3992",,"","208",7242
2001.961,"C",KM,3/8/2002,3/29/2002,True,"ATP - Hobbie Farm","Gary Hobbie","226 Street",Flandreau,57028,Moody,44.1079178,-96.7429352,107N,49W,5,"NW","0.00","","Petroleum                                         ","0.00000",,"Petroleum","ATP","Agricultural","UST","False","Spillage",326,"4257",,"","208",7243
2001.962,"C",KM,3/8/2002,3/28/2002,True,"ATP - Bob's Main Service","Al Van Meveren","229 South Main Street",Colman,57017,Moody,43.9792747,-96.8142548,,,,"","0.00","","Petroleum                                         ","0.00000",,"Petroleum","ATP","Commercial","UST","True","Leakage",894,"4895",,"","208,294",7244
2001.963,"C",KM,3/8/2002,3/29/2002,True,"ATP - Toates Property","John & Maridee Toates","221 South Main",Colman,57017,Moody,43.97929,-96.8138046,,,,"","0.00","","gasoline                                          ","0.00000",,"Petroleum","ATP","Other(See Case File)","UST","True","Leakage",537,"4464",,"","208",7245
2001.964,"C",KM,3/8/2002,3/29/2002,True,"ATP - Farmer's Coop Elevator","Tom Ehrichs","West Highway 34",Egan,57024,Moody,43.99943,-96.6520844,,,,"","0.00","","fuel oil                                          ","0.00000",,"Petroleum","ATP","Commercial","UST","False","Leakage",1833,"5812",,"","208",7246
2001.965,"NFA",KM,6/23/2000,1/10/2003,True,"ATP - St. Peter Catholic Church","St. Peter Catholic Church","220 North Allen Street",Colman,57017,Moody,43.9837646,-96.8084641,,,,"","0.00","","fuel oil                                          ","0.00000",,"Petroleum","ATP","Other(See Case File)","UST","False","Leakage",233,"4157",,"","217",7247
2001.966,"NFA",KH,3/8/2002,6/24/2004,True,"ATP - The Norseman Bar","John Sonen","103 SE 3rd Street (Hwy 34)",Colman,57017,Moody,43.9789925,-96.8139,,,,"","0.00","","Petroleum                                         ","0.00000",,"Petroleum","ATP","Commercial","UST","True","Leakage",204,"4131",,"","232",7248
2001.967,"NFA",TF,10/22/2001,1/18/2011,True,"ATP - Dahlmeier Farm","Gale Peterson","North of intersection at 485A Avenue and 239th Street",Trent,57065,Moody,43.9246941,-96.49747,,,,"","0.00","","Petroleum                                         ","0.00000",,"Petroleum","ATP","Agricultural","UST","False","Leakage",1861,"5820",,"","277",7249
2001.968,"C",KM,3/8/2002,5/10/2002,True,"ATP- United Methodist Church","United Methodist Church","230 East 3rd Street",Egan,57024,Moody,43.9994621,-96.6460648,,,,"","0.00","","fuel oil                                          ","0.00000",,"Petroleum","ATP","Other(See Case File)","UST","False","Spillage",517,"4446",,"","208",7250
2002.109,"C",KM,7/16/2002,8/23/2002,True,"ATP - Weinacht Farm","Roger Weinacht","24234 475th Avenue",Dell Rapids,57022,Moody,43.8727,-96.7060547,,,,"","0.00","","Petroleum                                         ","0.00000",,"Petroleum","ATP","Agricultural","UST","False","Spillage",2453,"6380",,"","208",7390
2003.017,"C",KM,2/13/2003,2/18/2003,True,"Dakota Transformer, Inc.","Dakota Transformer, Inc.","1000 West Elm Avenue",Flandreau,57028,Moody,44.0456238,-96.61044,107N,48W,29,"NE","0.00","","oil                                               ","0.00000",,"Oil","Other(See Case File)","Industrial","Equipment","False","Leakage",,"null",,"","217",7664
2003.122,"C",BM,7/23/2003,9/2/2003,True,"Potash dumping at I-29 rest stop","Unknown","I-29 rest stop",Ward,57026,Moody,44.15576,-96.75542,,,,"","0.00","","potash                                            ","200.00000",pounds,"Agri Chem","Other(See Case File)","Other(See Case File)","Unknown(See Case File)","False","Unknown",,"null",,"","231",7769
2003.141,"C",BM,8/26/2003,9/8/2003,True,"CERCLIS - T&R Electric Transformer Spill","T & R Electric","Highway 34 T&R Yard",Colman,57017,Moody,43.9800568,-96.8214,120N,56W,36,"","0.00","","transformer oil                                   ","40.00000",gallons,"Oil","CERCLIS","Industrial","Transformer","False","Handling",,"null",,"","231",7788
2004.187,"C",RL,12/6/2004,12/13/2004,True,"Transportation Accident - Schneider National - I29","Unknown","I29 near exit 115",Flandreau,57028,Moody,44.06449,-96.75878,,,,"","0.00","","Motor Oil                                         ","0.00000",,"Oil","Other(See Case File)","Other(See Case File)","Truck","False","Transport Accident",,"null",,"","236",8072
2005.013,"NFA",SB,1/24/2005,9/22/2008,True,"Assessment - Former Flandreau Cenex Bulk Site","Flandreau Cenex","203 South Henry Street",Flandreau,57028,Moody,44.04644,-96.59834,,,,"","0.00","","petroleum                                         ","0.00000",,"Petroleum","Non-Aquifer","Commercial","AST","True","Leakage",,"6932",,"","259, 260",8107
2005.107,"C",BM,6/7/2005,6/11/2008,True,"Roundup Spill - Merry Property","Irving Merry","Driveway @ 47763 242A Street",Trent,57022,Moody,43.87162,-96.65412,105N,49W,25,"NE","0.00","","Roundup                                           ","49.00000",gal,"Agri Chem","Other(See Case File)","Residential","Containers","False","Unsecured",,"null",05S060713,"","257",8201
2006.015,"C",RL,2/9/2006,3/31/2006,True,"Liquid Fertilizer Release","Cenex","1100 W Pipestone Ave  (Pipestone & Industrial)",Flandreau,57028,Moody,44.0493736,-96.61272,107N,48W,29,"NE","0.00","","Liquid Fertilizer                                 ","2300.00000",gal,"Agri Chem","Other(See Case File)","Commercial","Portable Tank","False","Tank Failure",,"null",06S020904,"","244",10451
2006.063,"C",BM,5/12/2006,8/1/2006,True,"Moody County Asphalt Spill","Deceased Driver","NE at Hwy 34 & 482nd Ave.",Flandreau,57028,Moody,44.00761,-96.56628,,,,"","0.00","","Asphalt Hot Mix                                   ","3000.00000",gallons,"Oil","Other(See Case File)","Other(See Case File)","Transport Tank","False","Overturned",,"null",,"","246",10502
2006.170,"NFA",TF,11/9/2006,4/23/2007,True,"ATP - B&B Concrete","Former B&B Concrete","48346 229th Street",Flandreau,57028,Moody,44.0706367,-96.53421,,,,"","0.00","","Diesel, Gasoline                                  ","0.00000",,"Petroleum","ATP","Commercial","UST","True","Corrosion",2938,"7047",,"","252",10621
2007.080,"C",RL,6/21/2007,10/1/2007,True,"Transformer Oil Spill","Marquardt Transportation","47228 SD Hwy 34 @ Crossroads Truck Stop",Colman,57017,Moody,43.9793,-96.7623444,,,,"","0.00","","Transformer Oil Non-PCB                           ","300.00000",gallons,"Oil","Other(See Case File)","Commercial","Transformer","False","Leakage",,"null",,"","255",10920
2009.106,"C",BM,7/7/2009,9/25/2009,True,"Oil Handling Complaint","Flandreau Community Oil / Jim Cease","200 East Pipestone",Flandreau,57028,Moody,44.0486526,-96.5929947,,,,"","0.00","","Waste Oil                                         ","0.00000",,"Oil","Other(See Case File)","Commercial","Containers","False","Handling",,"null",,"","268",11472
2009.107,"C",KM,7/30/2009,7/30/2009,True,"UST- Abandoned In Place - No Release","Unknown","~22512 469th Avenue",Rutland,57057,Moody,44.1215668,-96.82808,108N,50W,34,"NW","0.00","","                                                  ","0.00000",,"Other(See Case File)","Other(See Case File)","Agricultural","UST","True","No Release",,"null",,"","266",11473
2009.183,"NFA",TF,11/23/2009,8/10/2010,True,"ATP - Waxdahl Property","Virginia Waxdahl","23517 484th Avenue",Egan,57024,Moody,43.9757843,-96.52635,,,,"","0.00","","Gasoline                                          ","0.00000",,"Petroleum","ATP","Agricultural","UST","False","Spillage",3132,"7441",,"","276",11562
2009.185,"NFA",TK,11/24/2009,3/5/2010,True,"Cargill Nitrogen Spill -  Sprayer Fitting Failure","Cargill","Section 15 Blinsmon Township",Trent,57065,Moody,43.89154,-96.60728,,,15,"","0.00","","28% Liquid Nitrogen & Hydra-Hume                  ","225.00000",gal,"Agri Chem","Other(See Case File)","Agricultural","Sprayer","False","Equipment Failure",,"null",,"","273",11564
2010.143,"NFA",GMS,7/16/2010,11/30/2018,True,"Flandreau Indian School - Tank Removal","Bureau of Indian Affairs / EPA","1132 North Crescent / Bldg 36",Flandreau,57028,Moody,44.0610428,-96.59491,,,,"","0.00","","Petroleum                                         ","0.00000",,"Petroleum","Federal","Other(See Case File)","UST","True","Leakage",,"7530",,"","",11731
2010.188,"NFA",ML,9/10/2010,9/10/2010,True,"CERCLIS - Ross Incinerator","Ross Management","Hwy 34 & Crummer Avenue",Colman,57017,Moody,43.979332,-96.8181152,,,,"","0.00","","Lead                                              ","0.00000",,"Chemical","CERCLIS","Industrial","Wastes","False","Past Practices",,"null",,"","276",11786
2011.127,"C",TK,7/12/2011,5/16/2012,True,"Hose Failure - Duininck Batch Plant Site","Duininck Inc.","Hwy 34, 2 miles W of Egan",Egan,57024,Moody,43.9781456,-96.68527,,,,"","0.00","","Lime                                              ","11.00000",tons,"Chemical","Other(See Case File)","Other(See Case File)","Materials","False","Equipment Failure",,"null",,"","284",12040
2011.157,"C",KM,8/22/2011,11/1/2011,True,"Complaint - Dakota Transformer Sites","Dakota Transformers Inc.","Industrial Road",Flandreau,57028,Moody,44.04749,-96.61263,,,,"","0.00","","Transformer Oil                                   ","0.00000",,"Oil","Other(See Case File)","Industrial","Transformer","False","No Release",,"null",,"","281",12070
2011.203,"NFA",JPA,11/30/2011,3/15/2012,True,"Prairie Junction  - Line Leak","Allen Construction Inc.","47223 SD Hwy 34",Colman,57017,Moody,43.9786339,-96.76325,,,,"","0.00","","Diesel                                            ","5.00000",gallons,"Petroleum","Other(See Case File)","Commercial","UST","True","Line Leak",,"7674",,"","284",12128
2012.031,"C",SB,3/1/2012,5/30/2012,True,"Tank Failure - Pleasant Valley Colony","Pleasant Valley Colony","22941 487th Avenue",Flandreau,57028,Moody,44.0593567,-96.4701843,,,,"","0.00","","Gasoline                                          ","450.00000",gallons,"Petroleum","Other(See Case File)","Other(See Case File)","AST","True","Tank Failure",,"7687",,"","286",12180
2012.122,"C",BM,6/19/2012,7/31/2012,True,"Hose Failure - Vault Tank","T & R Electric","308 SW 3rd Street",Colman,57017,Moody,43.97976,-96.82419,,,,"","0.00","","Mineral Oil                                       ","500.00000",Gal,"Oil","Other(See Case File)","Industrial","AST","False","Equipment Failure",,"null",,"","288",12383
2012.219,"C",TF,10/9/2012,12/31/2012,True,"ATP -  Colman-Egan School","Colman-Egan School District","200 South Loban",Colman,57017,Moody,43.98113,-96.80951,,,,"","0.00","","Fuel Oil                                          ","0.00000",,"Petroleum","ATP","Other(See Case File)","UST","False","Spillage",3260,"7722",,"","289",12502
2013.110,"C",RL,6/18/2013,6/19/2013,True,"1990 Release Report - Jerry's Electric","Jerry's Electric Incorporated","23170 471st Avenue",Colman,57017,Moody,44.0242958,-96.78508,,,,"","0.00","","Toluene                                           ","0.00000",,"Chemical","Other(See Case File)","Industrial","Unknown(See Case File)","False","Unknown",,"null",,"","290",12673
2013.139,"C",ML,7/5/2013,7/10/2013,True,"Flandreau Firing Range - SDARNG (also see 2013.133)","South Dakota Army National Guard","228th Street",Flandreau,57028,Moody,44.0780029,-96.45684,,,,"","0.00","","Metals-below stds                                 ","0.00000",,"Other(See Case File)","Federal","Other(See Case File)","Historical","False","Past Practices",,"null",,"","294",12702
2013.214,"NFA",TF,9/26/2013,12/11/2019,True,"ATP - Flandreau Hospital","Avera - Flandreau Municipal Hospital","214 North Prairie Street",Flandreau,57028,Moody,44.0514755,-96.5912857,,,,"","0.00","","Diesel                                            ","0.00000",,"Petroleum","ATP","Other(See Case File)","UST","True","Leakage",3325,"7812",,"","",12788
2014.169,"NFA",JPA,8/7/2014,3/21/2023,True,"Colman Utilities - LUST Trust","Unknown","2nd Street, Perry Avenue, SD Highway 34",Colman,57017,Moody,43.98399,-96.81475,,,,"","0.00","","Petroleum                                         ","0.00000",,"Petroleum","Lust Trust","Commercial","UST","True","Unknown",,"null",,"","",13103
2014.177,"C",KM,8/14/2014,9/19/2014,True,"Used Oil Spill - Mossing's Dairy","Mossing's Dairy","47447 233A Street",Egan,57024,Moody,43.99828,-96.72448,,,,"","0.00","","Used Oil                                          ","0.00000",,"Oil","Other(See Case File)","Industrial","AST","False","Spillage",,"8004",,"","298",13112
2014.185,"C",RL,9/10/2014,10/29/2014,True,"Transport Fire - Diesel Spill","D & E Transport","223 Street, near I-29  MM 121.5",Ward,57074,Moody,44.15402,-96.75701,,,,"","0.00","","Diesel                                            ","0.00000",,"Petroleum","Other(See Case File)","Other(See Case File)","Truck","False","Fire Event",,"null",,"","298",13120
2014.213,"C",TK,10/4/2014,1/9/2015,True,"Ward Exit Rest Area  - Acid Spill","Dixie River Freight","I-29 Ward Exit Rest Area",Ward,57028,Moody,44.1546936,-96.7560043,,,,"","0.00","","Synthetic Acid                                    ","0.00000",,"Chemical","Other(See Case File)","Other(See Case File)","Tote","False","Leakage",,"null",,"","298",13148
2014.281,"C",TF ,12/16/2014,12/16/2014,True,"ATP - Maintenance Shop","SD Department of Transportation","47266 SD Hwy 32",Flandreau,57028,Moody,44.0523872,-96.75499,,,,"null","null","null","Diesel                                            ","null",,"Petroleum","ATP","Other(See Case File)","UST","True","Spillage",3395,"7932",,"null","298",13243
2015.144,"C",RL ,7/28/2015,9/2/2015,True,"Transformer Oil Spill - Storm Event","Otter Tail Power Company","Intersection at Walnut & Depot/Railroad",Trent,57065,Moody,43.9053,-96.65531,,,,"null","null","null","Transformer Oil Non-PCB                           ","150.00000",gallons,"Oil","Other(See Case File)","Other(See Case File)","Transformer","False","Storm Event",,"null",,"null","301",13434
2016.122,"NFA",RL ,6/23/2016,6/28/2016,True,"Brownfields - FSST Trust Land #23 Open Dump Site ","Fladreau Santee Sioux Tribe","SE of intersection 229 St and 482 Ave",Flandreau,57028,Moody,44.0604744,-96.5598755,,,,"null","null","null","Landfill Waste                                    ","null",,"Petroleum","Brownfields","Other(See Case File)","Landfill","False","Dumping",,"null",,"null","null",13709
2018.092,"C",RL ,5/31/2018,7/11/2018,True,"Seed Oil Spill - Ward Rest Area","GBH Trucking / Innovated Resources / Cargill","NE at I-29 & 223 Street",Ward,57026,Moody,44.1557922,-96.75558,,,,"null","null","null","Seed Oil","300.00000",gallons,"Oil","Other(See Case File)","Public","Transport Trailer","False","Venting",,"null",,"null","null",14272
2018.155,"C",RL ,8/24/2018,9/26/2018,True,"Hydraulic Spill at Cofferdam - Schroeder Const","Robert R. Schroeder Construction Inc.","223 St between 476 & 476A Ave, W side of bridge - Big Sioux River",Ward,57026,Moody,44.1525574,-96.68863,,,,"null","null","null","Hydraulic Fluid                                   ","20.00000",gallons,"Oil","Surface Water","Other(See Case File)","Equipment","False","Line Leak",,"null",,"null","null",14340
2018.167,"NFA",JPA,9/20/2018,11/4/2022,True,"34 Stop - Suspected Line Leak","Ken Hannasch","126 Southeast 3rd Street (NW of 3rd & Perry Ave)",Colman,57017,Moody,43.9792175,-96.81295,,,,"null","null","null","Gasoline                                          ","null",,"Petroleum","Other(See Case File)","Commercial","UST","True","Line Leak",,"8404",,"null","null",14353
2019.070,"C",NS ,5/1/2019,5/16/2019,True,"Brownfields Project - Zandt Building","Jim Zandt","101 East 2nd Avenue",Flandreau,57028,Moody,44.04925,-96.59503,,,,"null","null","null","Asbestos, Mold                                    ","null",,"Other(See Case File)","Brownfields","Other(See Case File)","No Release","False","No Release",,"null",,"null","null",14503
2019.215,"C",JAM,11/22/2019,1/13/2020,True,"Geothermal Line - Flandreau","Dakota Directional LLC","403 West Broad Avenue",Flandreau,57028,Moody,44.0422173,-96.60101,,,,"null","null","null","Propylene Glycol                                  ","100.00000",gallons,"Chemical","Other(See Case File)","Public","Pipeline","False","Damaged Pipe ",,"null",,"null","null",14663
2019.218,"C",JAM,11/30/2019,12/12/2019,True,"Diesel Release - Dell Rapids","UPS","I-29, mm 106",Dell Rapids,57022,Moody,43.9238,-96.75845,,,,"null","null","null","Diesel                                            ","100.00000",gallons,"Petroleum","Other(See Case File)","Agricultural","Saddle Tank","False","Transport Accident",,"null",,"null","null",14666
2020.041,"C",SB ,5/7/2020,2/16/2021,True,"AST Overfill - Crossroads Truck Stop","Harms Oil","47228 SD Highway 34",Colman,57017,Moody,43.97941,-96.76395,,,,"null","null","null","Diesel","75.00000",gallons,"Petroleum","Other(See Case File)","Commercial","AST","True","Overfill",,"null",,"null","null",14731
2020.088,"C",JAM,7/1/2020,8/3/2020,True,"T&R Fire - Transformer Oil Release","T&R Electric Supply Co Inc","308 SW 3rd Street",Colman,57017,Moody,43.9814072,-96.8239746,106N,50W,15,"null","null","null","Transformer Oil PCB                               ","9900.00000",gallons,"Oil","Surface Water","Industrial","Bulk Storage","False","Fire Event",,"null",,"null","null",14782
2021.071,"NFA",JAM,5/18/2021,8/10/2021,True,"Herbicide Rollover - Colman","Roger Merges","469th Avenue and 229A Street",Colman,57017,Moody,44.057785,-96.8293457,,,,"null","null","null","Herbicide 2,4-D                          ","1157.00000",gallon,"Agri Chem","Other(See Case File)","Agricultural","Sprayer","False","Accident",,"null",21RG051804,"null","null",14980
2023.009,"C",NS ,2/7/2023,7/26/2023,True,"Brownfields - Flandreau Asbestos","City of Flandreau","100 East Park Avenue",Flandreau,57028,Moody,44.04599,-96.59491,,,,"null","null","null","Asbestos                                          ","null",,"Other(See Case File)","Brownfields","Commercial","Construction Materials","False","Past Practices",,"null",,"null","null",15395
2023.035,"NFA",NS ,4/18/2023,9/1/2023,True,"Brownfields - Ross Management Colman","City of Colman","SW 3rd Street and South Crummer Avenue",Colman,57017,Moody,43.97908,-96.81701,,,,"null","null","null","Unknown","null",,"Other(See Case File)","Brownfields","Other(See Case File)","Unknown(See Case File)","False","Unknown",,"null",,"null","null",15421
2023.052,"C",BH,5/5/2023,8/1/2023,True,"28% Liquid Fertilizer, Overturned Truck","Ramsdell's F&M LTD","W of Hwy 34 & 13 interesection",Egan,57024,Moody,44.0075,-96.5873947,,,,"null","null","null","Liquid Fertilizer 28%                             ","1000.00000",gallons,"Agri Chem","Other(See Case File)","Agricultural","Tote","False","Trailer tipped",,"null",23BH050501,"null","null",15438
2024.004,"C",BLM,1/5/2024,2/8/2024,True,"Pepsi Saddle Tank Diesel","PepsiCo","I-29 MRM 109",Colman,57017,Moody,43.97195,-96.7583542,,,,"null","null","null","Diesel                                            ","100.00000",Gallons,"Petroleum","Other(See Case File)","Public","Saddle Tank","False","Transport Accident",,"null",,"null","null",15596
2024.040,"O",MJP,5/10/2024,,,"Brownfields - Duncan Elevator","City of Flandreau","210 S Crescent Street",Flandreau,57028,Moody,44.04608,-96.59375,,,,"null","null","null","Asbestos                                          ","null",,"Other(See Case File)","Brownfields","Industrial","Construction Materials","False","Past Practices",,"null",,"null","null",15634
8888.004,"T",,,,True,"Clandestine Drug Lab Seizure","Unknown","46845 238th Street",Colman,57017,Moody,43.93535,-96.8398,,,,"","0.00","","unknown                                           ","0.00000",,"Other(See Case File)","Clandestine Drug Lab","Unknown(See Case File)","Drug Making Material","False","null",,"null",,"SDR000201640","",12193
8888.053,"T",,,,True,"Clandestine Drug Lab Seizure (no structure)","Unknown","488 Avenue, between 241 and 242 Streets",Trent,57065,Moody,43.8815346,-96.45342,,,,"","0.00","","various                                           ","0.00000",,"Other(See Case File)","Clandestine Drug Lab","Other(See Case File)","Drug Making Material","False","null",,"null",,"","",12242
9999.006,"W",,,,True,"Withdrawn ATP - Ehlers Garage","Wesley Landgren","Main Street",Ward,57074,Moody,44.15492,-96.459816,,,,"","0.00","","                                                  ","0.00000",,"Other(See Case File)","Withdrawn ATP","Commercial","Other(See Case File)","False","null",60,"3991",,"","249",10661
9999.017,"W",,,,True,"Withdrawn ATP - Family Pharmacy and Gift","Jay Med Inc.","127 2nd Avenue E",Flandreau,57028,Moody,44.04904,-96.59406,,,,"","0.00","","                                                  ","0.00000",,"Other(See Case File)","Withdrawn ATP","Commercial","Other(See Case File)","False","null",251,"4181",,"","249",10672
9999.030,"W",,,,True,"Withdrawn ATP - Hansen/Thomas Property","Ralph Hansen","602 E 2nd Avenue",Flandreau,57028,Moody,44.0496063,-96.58693,,,,"","0.00","","                                                  ","0.00000",,"Other(See Case File)","Withdrawn ATP","Residential","Other(See Case File)","False","null",532,"4466",,"","249",10685
9999.063,"W",,,,True,"Withdrawn ATP - Dakota Industries / Tendaire","Tendaire Industries Inc","NE corner at Water Street & Pipestone Avenue",Flandreau,57028,Moody,44.0487251,-96.5815659,,,,"","0.00","","                                                  ","0.00000",,"Other(See Case File)","Withdrawn ATP","Commercial","Other(See Case File)","False","null",1079,"4817",,"","249",10719
9999.070,"W",,,,True,"Withdrawn ATP - Schmidt Property / Former Station Site","Ann Schmidt","110 South Crescent",Flandreau,57028,Moody,44.0482368,-96.59331,,,,"","0.00","","                                                  ","0.00000",,"Other(See Case File)","Withdrawn ATP","Other(See Case File)","Other(See Case File)","False","null",1139,"4897",,"","249",10726
9999.071,"W",,,,True,"Withdrawn ATP - Former Service Station","Jeanne Cloud","Intersection of  Old Hwy 77 & Ward Road",Nunda,57050,Moody,44.15223,-96.78857,,,,"","0.00","","                                                  ","0.00000",,"Other(See Case File)","Withdrawn ATP","Commercial","Other(See Case File)","False","null",1140,"4898",,"","249",10727
9999.193,"W",,,,True,"Withdrawn ATP - Medical Clinic","City of Flandreau","214 N Prairie Street",Flandreau,57028,Moody,44.051384,-96.5912857,,,,"","0.00","","                                                  ","0.00000",,"Other(See Case File)","Withdrawn ATP","Commercial","Other(See Case File)","False","null",2971,"7119",,"","249",10853
94021.000,"C",SB,3/7/1994,6/6/1994,True,"Ron Carlson Property","Lee Burgraff","6 miles N of Dell Rapids",Trent,57065,Moody,43.90624,-96.72837,105N,49W,9,"SW","0.00","","                                                  ","0.00000",,"Other(See Case File)","Clean Site","Agricultural","UST","False","No Release",,"null",,"","258",8524
97005.000,"C",RC,5/7/1997,5/22/1997,True,"Power Oil Company former Amoco Station","Pat Powers Oil Company","NW corner of Pipestone Avenue & Crescent St",Flandreau,57028,Moody,44.0485764,-96.59382,,,,"","0.00","","                                                  ","0.00000",,"Other(See Case File)","Clean Site","Commercial","UST","True","No Release",,"3062",,"","",8633
97027.000,"C",KH,9/9/1997,11/10/1997,True,"Former West Inn Station Site","John Hess","809 West Pipestone Avenue",Flandreau,57028,Moody,44.0480652,-96.6071243,,,,"","0.00","","                                                  ","0.00000",,"Other(See Case File)","Clean Site","Commercial","UST","True","No Release",,"null",,"","",8655
99052.000,"C",CH,7/27/1999,9/9/2003,True,"ATP 9 - Abandoned Station","John Hess","809 West Pipestone Avenue",Flandreau,57028,Moody,44.048,-96.6072,,,,"","0.00","","                                                  ","0.00000",,"Other(See Case File)","ATP","Commercial","UST","True","No Release",314,"3839",,"","225,",8785
99058.000,"C",CH,12/6/1999,1/28/2000,True,"Moody County Highway Dept.","Moody County","West Ave.",Flandreau,57028,Moody,44.0513535,-96.60051,,,,"","0.00","","                                                  ","0.00000",,"Other(See Case File)","Clean Site","Public","UST","True","No Release",,"null",,"","",8790
99059.000,"C",CH,12/6/1999,1/28/2000,True,"Moody County Court House","Moody County","Moody County Court House",Flandreau,57028,Moody,44.04776,-96.59439,,,,"","0.00","","                                                  ","0.00000",,"Other(See Case File)","Clean Site","Public","UST","True","No Release",,"null",,"","",8791
2000047.000,"C",KM,9/20/2000,10/17/2000,True,"Clean ATP - Harry Reaves Property","Harry Reaves","46950 228th Street",Rutland,57057,Moody,44.07714,-96.81996,,,,"","0.00","","                                                  ","0.00000",,"Other(See Case File)","ATP","Agricultural","UST","False","No Release",191,"4120",,"","",8838
2000048.000,"C",KM,9/20/2000,10/17/2000,True,"Clean ATP - Weinacht Brothers Property","Roger Weinacht","~3 miles N of Dell Rapids  (475 Ave)",Dell Rapids,57022,Moody,43.8728256,-96.7065048,,,,"","0.00","","                                                  ","0.00000",,"Other(See Case File)","ATP","Agricultural","UST","False","No Release",219,"4141",,"","204",8839
2000049.000,"C",KM,9/20/2000,10/17/2000,True,"Clean ATP - Orlando Anderson Property","Allen Anderson","Blinsman Township   (242 St & 482 Ave)",Trent,57065,Moody,43.8778763,-96.5677643,105,48,22,"","0.00","","                                                  ","0.00000",,"Other(See Case File)","ATP","Agricultural","UST","False","No Release",158,"4078",,"","204",8840
2000050.000,"C",KM,9/20/2000,10/17/2000,True,"Clean ATP - Barbara Schmidt Property","Barbara Schmidt","23325 470th Avenue",Colman,57017,Moody,44.0033646,-96.80465,106,50,11,"NW","0.00","","                                                  ","0.00000",,"Other(See Case File)","ATP","Agricultural","UST","False","No Release",198,"4113",,"","204",8841
2000051.000,"C",KM,9/20/2000,10/17/2000,True,"Clean ATP - Francis J. Hemmer Property","Francis J. Hemmer","Rovena Township - 482 Ave",Egan,57024,Moody,43.9705925,-96.5649261,106,48,23,"","0.00","","                                                  ","0.00000",,"Other(See Case File)","ATP","Agricultural","UST","False","No Release",154,"4073",,"","204",8842
2000052.000,"C",KM,9/20/2000,10/17/2000,True,"Clean ATP - Moody County Courthouse","Moody County","101 E. Pipestone Avenue",Flandreau,57028,Moody,44.04781,-96.594696,,,,"","0.00","","                                                  ","0.00000",,"Other(See Case File)","ATP","Public","UST","False","No Release",170,"4090",,"","229",8843
2000053.000,"C",KM,9/20/2000,10/17/2000,True,"Clean ATP - Dennis and Shirley Hahn Property","Dennis and Shirley Hahn",".25 mile W of Flandreau",Flandreau,57028,Moody,44.04725,-96.61333,,,,"","0.00","","                                                  ","0.00000",,"Other(See Case File)","ATP","Residential","UST","False","No Release",221,"4150",,"","204",8844
2000054.000,"C",KM,9/20/2000,10/17/2000,True,"Clean ATP - Douglas and Janine Hahn Property","Douglas and Janine Hahn","112 East Broad Avenue",Flandreau,57028,Moody,44.04403,-96.59371,,,,"","0.00","","                                                  ","0.00000",,"Other(See Case File)","ATP","Residential","UST","False","No Release",220,"4149",,"","204",8845
2001566.000,"C",KM,10/22/2001,12/27/2001,True,"Clean ATP - Fuller Bus","Darwin W. Ellefson","S of 3rd Ave between Wind & Center Streets",Flandreau,57028,Moody,44.0468025,-96.59651,,,,"","0.00","","                                                  ","0.00000",,"Other(See Case File)","ATP","Commercial","UST","True","No Release",161,"4081",,"","204",9430
2001567.000,"C",KM,10/22/2001,12/27/2001,True,"Clean ATP - Ailts Property","Phyllis Ailts","Highway 13 1/8 mi S of 231st Street",Flandreau,57028,Moody,44.03246,-96.5871048,,,,"","0.00","","                                                  ","0.00000",,"Other(See Case File)","ATP","Agricultural","UST","False","No Release",503,"4450",,"","205",9431
2001568.000,"C",KM,10/24/2001,12/27/2001,True,"Clean ATP - Bob's Electric, Inc.","Brad Oswald","209 2nd Avenue East",Flandreau,57028,Moody,44.0493431,-96.5927353,,,,"","0.00","","                                                  ","0.00000",,"Other(See Case File)","ATP","Commercial","UST","True","No Release",518,"4447",,"","204",9432
2001569.000,"C",KM,10/23/2001,12/27/2001,True,"Clean ATP - Schoeberl Property","Roger Schoeberl","1/4 mi S of 227th Street & 475th Avenue",Flandreau,57028,Moody,44.0921,-96.70695,,,,"","0.00","","                                                  ","0.00000",,"Other(See Case File)","ATP","Agricultural","UST","False","No Release",530,"4463",,"","204",9433
2001570.000,"C",KM,12/11/2001,12/27/2001,True,"Clean ATP - Phillips Property","Basil, Helen, & Mark Phillips","105 South Summit Street",Flandreau,57028,Moody,44.0478935,-96.58708,,,,"","0.00","","                                                  ","0.00000",,"Other(See Case File)","ATP","Residential","UST","False","No Release",531,"4465",,"","204",9434
2001571.000,"C",KM,12/11/2001,12/27/2001,True,"Clean ATP- Armstrong Property","Betty Armstrong","318 1st Avenue East",Flandreau,57028,Moody,44.05072,-96.5896454,,,,"","0.00","","                                                  ","0.00000",,"Other(See Case File)","ATP","Residential","UST","False","No Release",542,"4472",,"","204",9435
2001572.000,"C",KM,12/10/2001,12/27/2001,True,"Clean ATP - Bjerke Property","Brad Bjerke","101 West 1st Avenue",Flandreau,57028,Moody,44.0503159,-96.59551,,,,"","0.00","","                                                  ","0.00000",,"Other(See Case File)","ATP","Residential","UST","False","No Release",829,"4763",,"","204",9436
2001573.000,"C",KM,12/10/2001,12/27/2001,True,"Clean ATP - Erickson Property","Trevor Erickson","Hwy 34 - 3 mi S & 1.5 mi E of Flandreau",Flandreau,57028,Moody,44.0070229,-96.55354,,,,"","0.00","","                                                  ","0.00000",,"Other(See Case File)","ATP","Agricultural","UST","False","No Release",1218,"5150",,"","205",9437
2001574.000,"C",KM,12/10/2001,12/27/2001,True,"Clean ATP - LeBrun Property","Robert LeBrun","1/8 mi Sof 480th Avenue & 236th Street",Egan,57024,Moody,43.962368,-96.607,,,,"","0.00","","                                                  ","0.00000",,"Other(See Case File)","ATP","Agricultural","UST","False","No Release",1219,"5151",,"","205",9438
2001575.000,"C",KM,10/23/2001,12/27/2001,True,"Clean ATP - Duffert Property","John Duffert","1/3 mi E of 484th Ave & 234th Street",Flandreau,57028,Moody,43.9933319,-96.51889,,,,"","0.00","","                                                  ","0.00000",,"Other(See Case File)","ATP","Agricultural","UST","False","No Release",1283,"5207",,"","205",9439
2001576.000,"C",KM,12/10/2001,12/27/2001,True,"Clean ATP - Waxdahl Farm","Donald Waxdahl","48356 235th Street",Egan,57024,Moody,43.97918,-96.53519,,,,"","0.00","","                                                  ","0.00000",,"Other(See Case File)","ATP","Agricultural","UST","False","No Release",1870,"5833",,"","205",9440
2001577.000,"C",KM,12/10/2001,12/27/2001,True,"Clean ATP - Ellefson Farm","Don Madetzke","NE of 487th Avenue & 234th Street",Flandreau,57028,Moody,43.9935379,-96.46465,,,,"","0.00","","                                                  ","0.00000",,"Other(See Case File)","ATP","Agricultural","UST","False","No Release",1144,"4766",,"","204",9441
2001578.000,"C",KM,12/10/2001,12/27/2001,True,"Clean ATP - Smith Property","Wayne H. Smith","1/2 mi N of 486th Ave & 237th Street",Egan,57024,Moody,43.9593468,-96.48739,,,,"","0.00","","                                                  ","0.00000",,"Other(See Case File)","ATP","Agricultural","UST","False","No Release",1143,"4762",,"","204",9442
2001961.000,"C",KM,10/22/2001,3/28/2002,True,"Clean ATP - Cherney Farm","Ethel Cherney","23771 481st Avenue",Trent,57065,Moody,43.9394455,-96.58735,106N,48W,33,"SE","0.00","","                                                  ","0.00000",,"Other(See Case File)","ATP","Agricultural","UST","False","No Release",2070,"6029",,"","205",9825
2001962.000,"C",KM,10/22/2001,3/28/2002,True,"Clean ATP - Trent School Gymnasium","Town of Trent","403 East 3rd",Trent,57065,Moody,43.90566,-96.64947,,,,"","0.00","","                                                  ","0.00000",,"Other(See Case File)","ATP","Public","UST","False","No Release",276,"4214",,"","205",9826
2001963.000,"C",KM,10/22/2001,3/28/2002,True,"Clean ATP - Dahlmeier Property","Viola Dahlmeier","104 South 3rd Avenue   (3rd & 1st)",Trent,57065,Moody,43.9081078,-96.65076,,,,"","0.00","","                                                  ","0.00000",,"Other(See Case File)","ATP","Residential","UST","False","No Release",286,"4229",,"","205",9827
2001964.000,"C",KM,10/22/2001,3/28/2002,True,"Clean ATP - JBI Farm","Evelyn Ingemann","6 miles E of  Trent   (240 St)",Trent,57065,Moody,43.9035225,-96.5323257,105N,48W,13,"NE","0.00","","                                                  ","0.00000",,"Other(See Case File)","ATP","Agricultural","UST","False","No Release",2069,"6028",,"","205",9828
2001965.000,"C",KM,10/22/2001,3/28/2002,True,"Clean ATP - Gildemeister Farm","Darrell Gildemeister","23836 474th Avenue",Trent,57065,Moody,43.9301147,-96.72779,,,,"","0.00","","                                                  ","0.00000",,"Other(See Case File)","ATP","Agricultural","UST","False","No Release",2008,"5955",,"","205",9829
2001966.000,"C",KM,3/8/2002,3/28/2002,True,"Clean ATP - Berg Farm","Alice Berg","23587 474th Ave",Lone Tree,57024,Moody,43.9655457,-96.72932,,,,"","0.00","","                                                  ","0.00000",,"Other(See Case File)","ATP","Agricultural","UST","False","No Release",1776,"5735",,"","205",9830
2001967.000,"C",KM,3/8/2002,3/28/2002,True,"Clean ATP - Heinricy Farm","Richard Heinricy","Intersection of 469th Ave & 234th Street",Colman,57017,Moody,43.99471,-96.83031,106,50,9,"SW","0.00","","                                                  ","0.00000",,"Other(See Case File)","ATP","Agricultural","UST","False","No Release",382,"4314",,"","205",9831
2001968.000,"C",KM,3/8/2002,3/28/2002,True,"Clean ATP - Iverson Property","Svend Iverson","100 North Allen Street",Colman,57017,Moody,43.98292,-96.8083954,,,,"","0.00","","                                                  ","0.00000",,"Other(See Case File)","ATP","Residential","UST","True","No Release",853,"4814",,"","205",9832
2001969.000,"C",KM,3/8/2002,3/28/2002,True,"Clean ATP - Entringer Farm","Pete Entringer","230th Street (W of 471 & N side of road)",Colman,57017,Moody,44.05184,-96.79473,,,,"","0.00","","                                                  ","0.00000",,"Other(See Case File)","ATP","Agricultural","UST","False","No Release",588,"4514",,"","205",9833
2001970.000,"C",KM,3/8/2002,3/28/2002,True,"Clean ATP - Johanna Dyke Farm","Karen Van Gerpen","SW of 227 St & 473 Ave",Flandreau,57028,Moody,44.0928574,-96.74973,,,,"","0.00","","                                                  ","0.00000",,"Other(See Case File)","ATP","Agricultural","UST","False","No Release",577,"4490",,"","205",9834
2001971.000,"C",KM,3/8/2002,3/28/2002,True,"ATP - Farm & Fish (no tank found)","Virginia Malone","Highway 34",Egan,57024,Moody,44.00787,-96.62801,106N,48W,6,"SE","0.00","","                                                  ","0.00000",,"Other(See Case File)","ATP","Agricultural","UST","False","No Tank Found",502,"4448",,"","205",9835
2001972.000,"C",KM,10/22/2001,3/28/2002,True,"Clean ATP - Smith Property","Lora J. Smith","478 Avenue / Pierce Street",Egan,57024,Moody,43.99375,-96.64921,106N,49W,12,"SE","0.00","","                                                  ","0.00000",,"Other(See Case File)","ATP","Residential","UST","False","No Release",504,"4451",,"","205",9836
2002073.000,"C",KM,7/16/2002,8/23/2002,True,"Clean ATP - Johnson Property","Terry Johnson","23889 483rd Avenue",Trent,57065,Moody,43.9219551,-96.54737,,,,"","0.00","","                                                  ","0.00000",,"Other(See Case File)","ATP","Agricultural","UST","False","No Release",2348,"6286",,"","206",9936
2002075.000,"C",KM,7/16/2002,8/23/2002,True,"Clean ATP - Former Harrington Property","Kelly Brendsel","111 South Perry Street",Colman,57017,Moody,43.98159,-96.81294,,,,"","0.00","","                                                  ","0.00000",,"Other(See Case File)","ATP","Residential","UST","False","No Release",2536,"6461",,"","206",9938
2002076.000,"C",KM,7/16/2002,8/23/2002,True,"Clean ATP - Heinricy Property","James M. Heinricy","46894 234th Street",Colman,57017,Moody,43.99471,-96.83031,,,,"","0.00","","                                                  ","0.00000",,"Other(See Case File)","ATP","Agricultural","UST","False","No Release",2360,"6284",,"","206",9939
2002077.000,"C",KM,7/16/2002,8/29/2002,True,"Clean ATP - DeVaney Farm","Robert C. DeVaney","NW corner of 239th & 472nd",Colman,57017,Moody,43.92149,-96.7703552,105N,50W,1,"SE","0.00","","                                                  ","0.00000",,"Other(See Case File)","ATP","Agricultural","UST","False","No Release",2404,"6333",,"","206",9940
2002321.000,"C",KM,3/8/2002,4/23/2002,True,"ATP - Lone Tree Steak House (replaces 20011016)","Jean M. Larson","Highway 34 and 474th Avenue",Egan,57024,Moody,43.97884,-96.72878,,,,"","0.00","","                                                  ","0.00000",,"Other(See Case File)","ATP","Commercial","UST","False","No Release",508,"4449",,"","205",10178
2002326.000,"C",KM,4/23/2002,11/4/2002,True,"ATP - Hofkamp Farm (replaces 20011021)","Harlan Hofkamp","SW at 229 St & 476th Ave",Flandreau,57028,Moody,44.0654564,-96.6893845,107,49,22,"NE","0.00","","                                                  ","0.00000",,"Other(See Case File)","ATP","Agricultural","Other(See Case File)","False","No Release",855,"4815",,"","220",10183
2005007.000,"C",KH,1/24/2005,1/27/2005,True,"Clean ATP - Trent Apartments","Steve Strum","305 East 1st Street",Trent,57065,Moody,43.90797,-96.65032,,,,"","0.00","","                                                  ","0.00000",,"Other(See Case File)","ATP","Residential","UST","False","No Release",2799,"6795",,"","236",10257
2008018.000,"C",TF,12/9/2008,12/10/2008,True,"Clean ATP - Knippling Property","Joe Knippling","906 West 1st Avenue",Flandreau,57028,Moody,44.05072,-96.60977,,,,"","0.00","","                                                  ","0.00000",,"Other(See Case File)","ATP","Residential","UST","False","No Release",3092,"7339",,"","260",11332
2008019.000,"C",TF,12/9/2008,12/10/2008,True,"Clean ATP - Powers Property","Mary Powers","403 3rd Avenue W",Flandreau,57028,Moody,44.04705,-96.6005554,,,,"","0.00","","                                                  ","0.00000",,"Other(See Case File)","ATP","Residential","UST","False","No Release",3088,"7329",,"","260",11333