id,status,r1,date_rep,date_close,image,site_name,resp_party,street,city,zip_code,county,latitude,longitude,township,range,section,secq1,acreage,instctrls,material,amount,units,spill_cat,site_type,proptype,sor_type,regulated,cause_type,atp_no,prcfnumber,ag_no,solidwaste,microroll,siteid
85.001,"C",DP,1/9/1985,1/22/1985,True,"Farmers Union Coop","Farmers Union Coop","Hwy. 12",Bristol,57219,Day,45.350708,-97.75629,122,58W,26,"NE","0.00","","Liquid Fertilizer 28%                             ","5000.00000",gallons,"Agri Chem","Other(See Case File)","Commercial","AST","False","Valve Leak",,"null",,"","",269
86.713,"C",KM,9/25/1986,4/25/1997,True,"Gregerson Salvage - Mixing Pit Overflow","Ryan Gregerson","1st Ave",Waubay,57273,Day,45.3290024,-97.3103256,,,,"","0.00","","Fertilizer                                        ","0.00000",,"Agri Chem","Other(See Case File)","Industrial","Containment Structure ","False","Overflow",,"null",,"","268",465
87.008,"C",KM,2/2/1987,6/3/1987,True,"Kuecker Seed Farm - Tank Release","Kuecker Seed Farm","10 mi. SE of Webster",Webster,57274,Day,45.2451,-97.4459457,121N,55W,33,"SW","0.00","","Fertilizer                                        ","8500.00000",gallons,"Agri Chem","Other(See Case File)","Agricultural","AST","False","Equipment Failure",,"null",,"","",473
87.011,"C",KM,2/9/1987,6/30/2000,True,"Northwest Public Service","Northwest Public Service","320 East 5th",Webster,57274,Day,45.3302841,-97.51485,122N,56W,35,"","0.00","","Oil                                               ","150.00000",gallons,"Oil","Other(See Case File)","Industrial","Equipment","False","Leakage",,"null",,"","",476
88.066,"C",KM,5/17/1988,6/24/2004,True,"Teggelaar/Barse Well  (see also 88.211)","Unknown","Cabin on South shore of Blue Dog Lake",Waubay,57273,Day,45.342804,-97.29114,112N,53W,16,"SE","0.00","","Diesel                                            ","150.00000",gallons,"Petroleum","Other(See Case File)","Residential","AST","False","Line Leak",,"null",,"","231,259",670
88.067,"C",KM,5/18/1988,11/18/1991,True,"Petroleum Vapors at Fire Hydrant Excavation","Unknown","City Sewer @ 2nd & Main",Bristol,57219,Day,45.3456154,-97.74986,,,,"","0.00","","Gasoline                                          ","0.00000",,"Petroleum","Other(See Case File)","Public","Off Site Source","False","Leakage",,"null",,"","259",671
88.132,"C",DP,7/14/1988,12/23/1991,True,"Webster Self Service","Jack Towe","E. Highway 12",Webster,57274,Day,45.34086,-97.5171661,,,,"","0.00","","Diesel                                            ","0.00000",,"Petroleum","Other(See Case File)","Commercial","UST","True","Tank Failure",,"null",,"","",736
88.154,"I",JG,8/24/1988,1/24/1997,True,"Somer and Flemmer Service - UST Removals","Gordon Flemmer","Corner of Main and 1st",Andover,57422,Day,45.4113159,-97.90429,,,,"","0.00","","Petroleum                                         ","0.00000",,"Petroleum","Other(See Case File)","Commercial","UST","True","Leakage",,"0263",,"","",757
88.161,"C",KH,9/6/1988,9/20/1995,True,"Farmers Elevator - UST Removal","Farmers Elevator Coop","Farmers Elevator Coop",Holmquist,57274,Day,45.3393822,-97.65092,,,,"","0.00","","Gasoline                                          ","0.00000",,"Petroleum","Other(See Case File)","Commercial","UST","True","Leakage",,"null",,"","237",764
88.173,"C",KM,12/14/1988,2/16/1993,True,"Community Oil (see 88.220)","Webster Community Oil","22 West 6th Avenue",Webster,57274,Day,45.3289375,-97.52211,,,,"","0.00","","Gasoline                                          ","11000.00000",gallons,"Petroleum","Other(See Case File)","Commercial","AST","True","Leakage",,"null",,"","234,261",775
88.207,"C",KM,11/1/1988,11/3/1988,True,"Petroleum Vapors (see 90.374)","Lyle Hugget - 66 Station","Main & Carlton",Roslyn,57261,Day,45.4978943,-97.4920349,,,,"","0.00","","Gasoline                                          ","0.00000",,"Petroleum","Other(See Case File)","Public","UST","True","Leaks and Spills",,"null",,"","",809
88.211,"C",KM,5/24/1988,2/2/1993,True,"Barse Cabin -  Fuel Contamination (see 88.066)","Jr. Barse","Blue Dog Lake Property",Waubay,57273,Day,45.34274,-97.29115,112N,53W,16,"SE","0.00","","Fuel Oil                                          ","200.00000",gallons,"Petroleum","Other(See Case File)","Residential","AST","False","Leakage",,"null",,"","231,259",813
88.220,"I",DM,9/27/1988,5/17/1996,True,"Community Oil - Bulk Facility","Community Oil Co.","1 blk. W. of Main & N of 4th., S of Tracks",Webster,57274,Day,45.32902,-97.5221939,,,,"","0.00","","gasoline                                          ","11000.00000",,"Petroleum","Other(See Case File)","Commercial","AST","True","Leakage",,"9",,"","234,259",822
88.226,"C",KM,7/18/1988,7/6/1993,True,"Pauli Transportation","Wayne Pauli","Maintenance Building",Webster,57274,Day,45.3269768,-97.51029,,,,"","0.00","","Petroleum                                         ","0.00000",,"Petroleum","Other(See Case File)","Commercial","UST","False","Spillage",,"null",,"","234,259",828
88.273,"NFA",BM,8/25/1988,3/2/2006,True,"Likeness Auto - Petroleum Vapors","Marshall Likeness","Sewer System @ 523 E. 1st Street",Webster,57274,Day,45.33058,-97.5186,,,,"","0.00","","Petroleum                                         ","0.00000",,"Petroleum","Other(See Case File)","Commercial","Unknown(See Case File)","False","Unknown",,"null",,"","244",872
89.074,"C",TK,3/2/1989,3/27/1991,True,"Basement Tank Overfill - Sanitary Sewer Impacts","Bristol Municipality","Abandoned Home",Bristol,57219,Day,45.3443069,-97.74858,,,,"","0.00","","Fuel Oil Heating                                  ","150.00000",gallons,"Petroleum","Other(See Case File)","Residential","AST","False","Overfill",,"null",,"","",963
89.133,"C",KM,5/9/1989,4/26/1991,True,"Roslyn Coop - Truck Overfill","Community Oil Company","Hwy 25 Next To Co-op",Roslyn,57261,Day,45.5002022,-97.49332,123N,56W,1,"NE","0.00","","Diesel                                            ","0.00000",,"Petroleum","Other(See Case File)","Other(See Case File)","UST","True","Overfill",,"0162",,"","259",1022
89.135,"C",BM,6/21/1989,5/9/2008,True,"Petroleum contaminated well","Unknown","1st & 7th W, S of County Shop",Webster,57274,Day,45.3257179,-97.5297,,,,"","0.00","","Used Motor Oil                                    ","0.00000",,"Petroleum","Other(See Case File)","Residential","Containers","False","Handling",,"null",,"","256",1024
89.155,"C",KD,7/19/1989,2/21/1990,True,"Rural Electric Association - Tank Removals","Lake Region Electric","1212 Main",Webster,57274,Day,45.3381844,-97.51907,122N,56W,35,"","0.00","","Petroleum                                         ","0.00000",,"Petroleum","Other(See Case File)","Commercial","UST","True","Leaks and Spills",,"0640",,"","259",1044
90.060,"C",KD,3/9/1990,9/5/1990,True,"Sigdestad Basement Tank","Jeanette Sigdestad","419  9th Avenue East",Webster,57274,Day,45.3343925,-97.5139847,,,,"","0.00","","Fuel Oil                                          ","300.00000",gallons,"Petroleum","Other(See Case File)","Residential","AST","False","Equipment Failure",,"null",,"","",1295
90.131,"C",TK,4/19/1990,5/8/1991,True,"Grosek Tires Site - Vandalism","Chuck Hesla","W. Highway 12",Webster,57274,Day,45.33087,-97.51958,,,,"","0.00","","Calcium Chloride                                  ","4000.00000",gallons,"Chemical","Other(See Case File)","Commercial","AST","True","Open Valve",,"null",,"","",1366
90.232,"C",KM,6/11/1990,5/20/1991,True,"Beving Aircraft Accident","Marty Beving","145 St & 417 Ave",Bristol,57219,Day,45.2872238,-97.88333,121N,59W,14,"SE","0.00","","Herbicide                                         ","25.00000",gallons,"Agri Chem","Other(See Case File)","Agricultural","Aircraft Tanks","False","Accident",,"null",,"","",1467
90.250,"NFA",JF,6/20/1990,11/13/2000,True,"Dale's Service - BNSF Lease Property #130,009","Harold Orr","Railroad Avenue & Main Street",Bristol,57219,Day,45.3475647,-97.74977,,,,"","0.00","","Petroleum                                         ","0.00000",,"Petroleum","Other(See Case File)","Commercial","UST","True","Leaks and Spills",,"1354",,"","251",1485
90.349,"I",TS,8/14/1990,11/3/1997,True,"Cenex Farmers Union Oil Company","Farmers Union Oil","Main & 3rd",Pierpont,57468,Day,45.4957275,-97.83196,123N,58W,5,"NW","0.00","","Petroleum                                         ","0.00000",,"Petroleum","Other(See Case File)","Commercial","UST","True","Corrosion",,"1346",,"","",1584
90.350,"I",BL,8/14/1990,3/29/1995,True,"Cenex Station","Farmers Union Oil","Main & 3rd East",Bristol,57219,Day,45.34493,-97.7498,122N,58W,25,"SW","0.00","","Gasoline                                          ","0.00000",,"Petroleum","Other(See Case File)","Commercial","UST","True","Leakage",,"1347",,"","",1585
90.351,"NFA",JF,8/14/1990,11/28/2000,True,"Cenex Keytrol Site - Tank Removals","Farmers Union Oil","NE at Main & 2nd Ave East",Bristol,57219,Day,45.3458557,-97.749855,122N,58W,25,"SW","0.00","","Petroleum                                         ","0.00000",,"Petroleum","Other(See Case File)","Commercial","UST","True","Leakage",,"1348",,"","251",1586
90.370,"C",JL,8/21/1990,10/8/1997,True,"Trading Post - Line Leak","David Moen","SW of Hwy. 12 & Main St.",Waubay,57273,Day,45.34035,-97.30552,,,33,"NE","0.00","","Petroleum                                         ","0.00000",,"Petroleum","Aquifer","Commercial","UST","True","Line Leak",,"null",,"","222,",1605
90.374,"C",GH,11/30/1990,7/9/1993,True,"Hank's Oil Co.","Lyle Huggett","NW corner @ Main St. & Bjornson",Roslyn,57261,Day,45.4978371,-97.49206,,,,"","0.00","","Diesel, Gasoline                                  ","0.00000",,"Petroleum","Other(See Case File)","Commercial","UST","True","Leakage",,"1274",,"","",1609
90.406,"C",DP,8/31/1990,1/30/1991,True,"Waubay Refuge","Waubay Refuge","Waubay Refuge",Grenville,57239,Day,45.425724,-97.33061,123N,54W,32,"","0.00","","Gasoline                                          ","0.00000",,"Petroleum","Other(See Case File)","Other(See Case File)","UST","True","Corrosion",,"1109",,"","",1641
90.432,"C",TK,9/14/1990,9/13/1993,True,"Car vs Truck","Cliff Viessman","800' S of intersection at CR5 & CR6",Grenville,57239,Day,45.46238,-97.40682,,,,"","0.00","","Diesel                                            ","100.00000",gallons,"Petroleum","Other(See Case File)","Other(See Case File)","Truck Tank","False","Transport Accident",,"null",,"","",1667
90.434,"C",RC,9/13/1990,6/30/2000,True,"Blue Dog Lake Fish Hatchery (SD GF&P) - Generator Tank","SD Game Fish and Parks  (SD GF&P)","Blue Dog Lake Fish Hatchery",Waubay,57273,Day,45.3581924,-97.3175354,,,,"","0.00","","Diesel                                            ","0.00000",,"Petroleum","Other(See Case File)","Public","UST","True","No Release",,"1130",,"","237",1669
90.439,"C",BL,9/13/1990,2/2/1993,True,"Army National Guard - Tank Removal","South Dakota Army National Guard","120 W. 11th Avenue",Webster,57274,Day,45.3375244,-97.52205,,,,"","0.00","","Fuel Oil                                          ","0.00000",,"Petroleum","Federal","Other(See Case File)","UST","False","Leakage",,"1133",,"","",1674
90.457,"I",GH,9/18/1990,9/24/1996,True,"Former Nash 66","Gerald Jacobson","SW corner Highway 25 & US 12",Webster,57274,Day,45.34062,-97.52055,,,,"","0.00","","Petroleum                                         ","0.00000",,"Petroleum","Other(See Case File)","Commercial","UST","True","Leaks and Spills",,"1170",,"","",1692
90.489,"C",TF,10/8/1990,2/23/2000,True,"Steffes Garage","Keith Steffes","217 Main Street",Bristol,57219,Day,45.3455544,-97.74982,,,,"","0.00","","Gasoline                                          ","0.00000",,"Petroleum","Other(See Case File)","Commercial","UST","True","Spillage",,"1169",,"","",1724
90.531,"C",BL,10/17/1990,2/27/1991,True,"Roslyn Patrol Shed ","Day County Highway Department","Roslyn Patrol Shed",Roslyn,57261,Day,45.4994164,-97.49197,,,,"","0.00","","Diesel                                            ","0.00000",,"Petroleum","Other(See Case File)","Public","UST","True","Spillage",,"1204",,"","259",1766
90.582,"I",KH,11/16/1990,12/1/1998,True,"Thompson Oil","Jeff Thompson","21 W. 5th Avenue",Webster,57274,Day,45.3299255,-97.52134,,,,"","0.00","","Petroleum                                         ","0.00000",,"Petroleum","Other(See Case File)","Commercial","UST","True","Leakage",,"1252",,"","261",1817
91.102,"C",TK,7/22/1991,10/21/1992,True,"Willy's Super Valu - Tank Closure","Willy Kungel","613 Main Street",Webster,57274,Day,45.3316841,-97.52089,,,,"","0.00","","Fuel Oil                                          ","0.00000",,"Petroleum","Other(See Case File)","Commercial","UST","False","No Release",,"1553",,"","",1992
91.129,"I",GH,2/13/1991,9/24/1996,True,"Community Oil Company","Community Oil Company","Highway 25 & Main Street",Roslyn,57261,Day,45.4999962,-97.49199,123N,56W,1,"NE","0.00","","Petroleum                                         ","0.00000",,"Petroleum","Other(See Case File)","Commercial","UST","True","Leakage",,"1436",,"","",2019
91.205,"C",TK,5/17/1991,7/17/1991,True,"Sioux Falls Surface Seal  (SD DOT) - Truck Fire","SD Department of Transportation  (SD DOT)","1500' E of Hwy 12 & 25",Webster,57274,Day,45.34098,-97.51422,,,,"","0.00","","Diesel & Tar                                      ","70.00000",gallons,"Petroleum","Other(See Case File)","Other(See Case File)","Transport Truck","False","Fire Event",,"null",,"","",2095
91.218,"C",KM,5/24/1991,7/10/1991,True,"Don's Auto Body - Complaint","Don Kwasniewski","East Hwy 12 (behind body shop near wetland)",Webster,57274,Day,45.3414841,-97.5110855,,,,"","0.00","","Solvents Waste Oil                                ","25.00000",gallons,"Combined","Other(See Case File)","Commercial","Containers","False","Handling",,"null",,"","",2108
91.242,"C",KM,5/31/1991,7/8/1991,True,"Community Oil - Truck Leak","Community Oil","1st Street (W side of bldg)",Webster,57274,Day,45.3290253,-97.52175,,,,"","0.00","","Diesel                                            ","20.00000",gallons,"Petroleum","Other(See Case File)","Commercial","Truck Tank","False","Leakage",,"null",,"","",2132
91.248,"C",NS,6/10/1991,10/28/1998,True,"U.S. Postal Service - Roslyn","U.S. Postal Service","509 N. Main Street",Roslyn,57261,Day,45.49642,-97.49201,,,,"","0.00","","Heating Oil                                       ","0.00000",,"Petroleum","Federal","Public","UST","False","Corrosion",,"1506",,"","228",2138
91.283,"C",KM,6/26/1991,6/25/1992,True,"City Pool - Webster","City of Webster","107 E. 12th Ave.",Webster,57274,Day,45.3376,-97.51684,,,,"","0.00","","Chlorine                                          ","75.00000",pounds,"Chemical","Other(See Case File)","Public","Containers","False","Line Leak",,"null",,"","234",2173
91.376,"NFA",TF,8/9/1991,2/18/2003,True,"Former Trading Post Facility - Line Leak","SD Department of Transportation (SD DOT)","SW at Main Street & Highway 12",Waubay,57273,Day,45.3404579,-97.30515,122N,54W,33,"NE","0.00","","Petroleum                                         ","0.00000",,"Petroleum","Aquifer","Commercial","UST","True","Line Leak",,"1292",,"","222,241",2266
91.390,"C",BL,8/27/1991,3/19/1993,True,"U.S. West - Heating Tank","U.S. West","14 E. 7th Ave.",Webster,57274,Day,45.3320732,-97.5193,,,,"","0.00","","fuel oil                                          ","0.00000",,"Petroleum","Other(See Case File)","Commercial","UST","True","Corrosion",,"507",,"","",2280
91.416,"C",KH,9/5/1991,11/4/1997,True,"Jack's Self Service","Jack Towe","Hwy 12",Webster,57274,Day,45.3407631,-97.51763,122N,56W,35,"NE","0.00","","petroleum                                         ","0.00000",,"Petroleum","Other(See Case File)","Commercial","UST","True","Spillage",,"1619",,"","241",2306
91.501,"C",BL,10/31/1991,12/15/1994,True,"Webster Armory - Tank Removals","Webster School District","120 West 11th Ave (N side of Armory Bldg)",Webster,57274,Day,45.3369064,-97.52222,122N,56,35,"NW","0.00","","Heating fuel                                      ","0.00000",,"Petroleum","Other(See Case File)","Public","UST","False","Overfills/Spillage",,"1817",,"","",2391
91.534,"I",MV,11/27/1991,8/26/1997,True,"Former Community Oil Company Site","Community Oil Company","22 W. 6th Ave.  (NE at 1st & 6th)",Webster,57274,Day,45.3314362,-97.52099,,,,"","0.00","","Petroleum                                         ","0.00000",,"Petroleum","Other(See Case File)","Commercial","UST","True","Leakage",,"1846",,"","",2424
91.549,"C",KB,12/6/1991,7/1/1993,True,"Webster District Office (SD GF&P)","SD Game Fish & Parks  (SD GF&P)","NE at 8th Ave. E & 7th St. E",Webster,57274,Day,45.3336372,-97.51023,122N,56W,35,"","0.00","","Gasoline                                          ","0.00000",,"Petroleum","Other(See Case File)","Public","UST","True","Spillage",,"1873",,"","",2439
92.059,"C",TK,1/16/1992,11/19/1992,True,"Mereen Johnson Machine Company - Complaint","Mereen Johnson Machine Company","N. Industrial Park",Webster,57274,Day,45.343235,-97.5209,,,,"","0.00","","cutting oil                                       ","600.00000",gallons,"Oil","Other(See Case File)","Industrial","Production Waste","False","No Release",,"null",,"","",2649
92.097,"C",TK,4/2/1992,9/17/1992,True,"Former Community Oil Station - Minibulk","Robert Crandall","Former station, West Highway 12",Webster,57274,Day,45.34051,-97.54144,,,,"","0.00","","Sonalan                                           ","30.00000",,"Agri Chem","Other(See Case File)","Commercial","Tote","False","Failure",,"null",,"","",2687
92.269,"C",DM,8/5/1992,12/18/1996,True,"Former Station - Knight Property","Pearl Franson","722 Main Street",Webster,57274,Day,45.3330727,-97.5199051,,,,"","0.00","","Petroleum                                         ","0.00000",,"Petroleum","Other(See Case File)","Commercial","UST","True","Leaks and Spills",,"2243",,"","",2859
92.359,"I",JG,10/19/1992,7/31/1996,True,"Hansmeier & Son Inc. Farm","Floyd Hansmeier","1/2 mi. W. of Bristol (140A Street)",Bristol,57219,Day,45.3490944,-97.76763,122N,58W,26,"NE","0.00","","Petroleum                                         ","0.00000",,"Petroleum","Other(See Case File)","Other(See Case File)","UST","True","Leakage",,"2269",,"","260",2949
92.413,"C",TK,11/19/1992,12/18/1995,True,"S.D. Wheat Growers Site","S.D. Wheat Growers","Hwy 12, W of facility",Bristol,57219,Day,45.3514328,-97.75862,,,,"","0.00","","Pesticide                                         ","0.00000",,"Agri Chem","Other(See Case File)","Commercial","Bulk Chemical","False","Runoff",,"null",,"","",3003
93.013,"C",TK,1/21/1993,8/6/1996,True,"Roslyn Elementary School District","Roslyn School District","Carlton & 2nd Street",Roslyn,57261,Day,45.4974327,-97.48989,123N,56W,1,"NE","0.00","","Heating Fuel                                      ","0.00000",,"Petroleum","Other(See Case File)","Public","UST","False","Leaks and Spills",,"2365",,"","",3028
93.038,"NFA",TF,7/13/1993,8/7/2001,True,"Coast to Coast Store - UST Removal","P & H Hardware - Tom Harrington","Main Street",Waubay,57273,Day,45.33058,-97.30458,122N,54W,34,"SW","0.00","","Gasoline                                          ","0.00000",,"Petroleum","Other(See Case File)","Commercial","UST","True","Leakage",,"2496",,"","",3053
93.095,"C",KH,4/26/1993,1/5/1994,True,"City of Webster - Street Shop","City of Webster","208 W. 5th Ave.",Webster,57274,Day,45.32982,-97.52345,,,,"","0.00","","Petroleum                                         ","0.00000",,"Petroleum","Other(See Case File)","Public","UST","True","Spillage",,"2270",,"","",3110
93.142,"C",KM,5/31/1993,7/7/1993,True,"Zochert Fertilizer Spill","Ivan Zochert","138 Street near Minnewasta Lake",Waubay,57273,Day,45.384903,-97.37136,122N,55,12,"SE","0.00","","Fertilizer                                        ","50.00000",,"Agri Chem","Other(See Case File)","Agricultural","Spray Tank","False","Equipment Failure",,"null",,"","",3157
93.176,"I",KH,6/17/1993,5/10/2000,True,"Burlington Northern Railroad Assessment  (BNSF)","Burlington Northern Railroad  (BNSF)","422 Main Street",Webster,57274,Day,45.3300972,-97.52,122N,56,35,"","0.00","","Petroleum                                         ","0.00000",,"Petroleum","Other(See Case File)","Industrial","UST","True","Leakage",,"2432",,"","",3191
93.245,"NFA",JF,7/27/1993,2/18/2005,True,"Watertown Coop Elevator (Webster Bulk Plant)","Cenex Harvest States","409 4th St. East",Webster,57274,Day,45.3290672,-97.51474,,,,"","0.00","","Gasoline                                          ","0.00000",,"Petroleum","Other(See Case File)","Commercial","AST","True","Overfills/Spillage",,"2504",,"","241,252",3260
93.367,"C",KM,11/15/1993,11/30/1995,True,"Webster Community Oil","Webster Community Oil","4th Avenue West (Fertilizer Storage Area)",Webster,57274,Day,45.3290749,-97.52124,,,,"","0.00","","Agri Chem                                         ","0.00000",,"Agri Chem","Other(See Case File)","Commercial","Containment Structure ","False","Handling",,"null",,"","",3382
94.087,"C",JA,4/26/1994,6/29/1995,True,"Roslyn School District","Roslyn School District","Carlton Ave",Roslyn,57261,Day,45.4972458,-97.4903,,,,"","0.00","","Fuel Oil                                          ","0.00000",,"Petroleum","Other(See Case File)","Public","UST","False","Leakage",,"2681",,"","",3622
94.093,"C",KM,4/27/1994,10/17/1994,True,"Spill near city well","Unknown","Main Street (northern Waubay)",Waubay,57273,Day,45.3350563,-97.30419,122N,54,34,"NW","0.00","","Fuel Oil                                          ","5.00000",gallons,"Petroleum","Other(See Case File)","Commercial","Drums","False","Overturned",,"null",,"","234",3628
94.123,"C",JA,5/11/1994,10/19/1994,True,"SD Wheat Growers","South Dakota Wheat Growers","Nh3 Plant",Bristol,57219,Day,45.3512,-97.7578049,,,,"","0.00","","Anhydrous Ammonia                                 ","800.00000",pounds,"Agri Chem","Other(See Case File)","Commercial","Transport Trailer","False","Disconnected Hose ",,"null",,"","",3658
94.243,"I",KH,8/17/1994,5/26/1999,True,"Former Implement Dealer - Tank Removal","Lavern Batie","Hwy. 12 & Hwy. 25 (SW corner of bldg)",Webster,57274,Day,45.3413658,-97.52152,122N,56W,26,"SW","0.00","","Petroleum                                         ","0.00000",,"Petroleum","Other(See Case File)","Commercial","UST","True","Leakage",,"2744",,"","",3778
95.081,"C",TK,4/24/1995,8/27/1996,True,"Steffes Construction Equipment Yard","Gene & Joan Steffes","Equipment Yard,  1.5 blocks W of Main",Bristol,57219,Day,45.34113,-97.75215,,,,"","0.00","","Oil                                               ","0.00000",,"Oil","Other(See Case File)","Industrial","Equipment","False","Leakage",,"null",,"","",4032
95.163,"C",TK,6/28/1995,6/11/1996,True,"Day County Weed & Pest Dept. Transport Event","Day County","US Hwy 12 & SD Hwy 25",Webster,57274,Day,45.34119,-97.51994,,,,"","0.00","","2,4-D                                             ","20.00000",gallons,"Agri Chem","Other(See Case File)","Other(See Case File)","Transport Truck","False","Transport Accident",,"null",,"","232",4114
95.208,"C",RC,8/4/1995,9/12/1995,True,"City of Webster - Airport Tank Removals","City of Webster","3 miles S. of Webster",Webster,57274,Day,45.2942047,-97.51852,,,,"","0.00","","Gasoline                                          ","0.00000",,"Petroleum","Other(See Case File)","Other(See Case File)","UST","True","Spillage",,"2914",,"","",4159
95.259,"I",KH,9/20/1995,5/29/1998,True,"Webster Amoco Food Shop","Dee Van Bockean","East Highway 12",Webster,57274,Day,45.34074,-97.51901,122N,56W,35,"NE","0.00","","Petroleum                                         ","0.00000",,"Petroleum","Other(See Case File)","Commercial","UST","True","Leakage",,"2938",,"","232",4210
95.331,"C",RC,12/6/1995,3/27/1996,True,"S.D. Army National Guard Vehicle Spill","S.D. Army National Guard","120 West 11th Avenue",Webster,57274,Day,45.337513,-97.52203,,,,"","0.00","","Diesel Fuel                                       ","50.00000",gallons,"Petroleum","Federal","Other(See Case File)","Equipment","False","Equipment Failure",,"2979",,"","",4282
95.336,"C",TK,12/13/1995,1/5/1996,True,"South Dakota Wheat Growers","South Dakota Wheat Growers","Hwy. 12,  3.5 miles East of Webster",Webster,57274,Day,45.34093,-97.44242,,,,"","0.00","","Propane                                           ","1700.00000",gallons,"Chemical","Other(See Case File)","Other(See Case File)","Transport Tank","False","Line Leak",,"null",,"","232",4287
96.113,"C",KH,4/30/1996,8/20/1997,True,"Don's Standard Site Assessment","Don's Conoco - Don Bloom","Main and Fifth Avenue West",Webster,57274,Day,45.3298874,-97.52042,122N,56W,35,"SW","0.00","","Petroleum                                         ","0.00000",,"Petroleum","Other(See Case File)","Commercial","UST","True","Leakage",,"3040",,"","",4423
96.161,"C",TK,6/10/1996,2/21/1997,True,"Product Transfer Spill","Harvest States Coop","141 Street",Andover,57422,Day,45.34201,-97.97536,122N,59W,30,"SW","0.00","","Treflan                                           ","2.50000",gallons,"Agri Chem","Other(See Case File)","Other(See Case File)","Portable Tank","False","Disconnected Hose ",,"null",,"","",4471
96.245,"NFA",NS,8/16/1996,1/29/2002,True,"Former SD Wheat Growers Bulk Facility","SD Wheat Growers Association","Bulk Plant",Andover,57422,Day,45.4118233,-97.9020844,122N,,3,"NE","0.00","","Petroleum                                         ","0.00000",,"Petroleum","Other(See Case File)","Commercial","AST","True","Leakage",,"3051",,"","192",4555
96.348,"C",KM,12/3/1996,7/31/1997,True,"Fuel Spill - Grout Property","Jeff Thompson Oil Company","424 West 6th Avenue",Webster,57274,Day,45.33139,-97.52758,,,,"","0.00","","Fuel Oil                                          ","0.00000",,"Petroleum","Other(See Case File)","Residential","AST","False","Overfill",,"3253",,"","270",4658
96.373,"NFA",DR,12/14/1996,10/10/2002,True,"Althoff Farm - Spill during tank relocation","Dwight Althoff","Rural Waubay",Waubay,57273,Day,45.35657,-97.2528458,,,,"","0.00","","Diesel Fuel                                       ","250.00000",gallons,"Petroleum","Other(See Case File)","Agricultural","AST","False","Spillage",,"3141",,"","234",4683
97.018,"C",TK,1/17/1997,2/14/1997,True,"SD DOT Project -  Abandoned Implement Dealership","SD Department of Transportation (SD DOT)","East Side of Highway 25",Webster,57274,Day,45.33018,-97.52001,,,,"","0.00","","petroleum                                         ","0.00000",,"Petroleum","Other(See Case File)","Commercial","UST","True","Leakage",,"null",,"","",4706
97.019,"C",TK,1/17/1997,2/4/1997,True,"SD DOT Project: Front of Empty Store","SD Department of Transportation (SD DOT)","5th & Hwy 25",Webster,57274,Day,45.3302269,-97.520134,,,,"","0.00","","petroleum                                         ","0.00000",,"Petroleum","Other(See Case File)","Commercial","UST","True","Spillage",,"null",,"","",4707
97.039,"C",TK,2/14/1997,2/27/1997,True,"Waubay Lake ATV Accident","Otter Tail Power Company","Waubay Lake",Grenville,57239,Day,45.4669762,-97.38615,,,,"","0.00","","Hydraulic Oil                                     ","1.00000",gallon,"Oil","Other(See Case File)","Other(See Case File)","Equipment","False","Immersed ",,"null",,"","",4727
97.108,"C",TK,4/21/1997,6/2/1997,True,"Clemensen Cabin - Overturned Tank","Terri & Hal Clemensen","Enemy Swim Lake, Camp Dakota Lot 17",Grenville,57239,Day,45.4318047,-97.28191,123R,53W,15,"NW","0.00","","Heating fuel                                      ","100.00000",gallons,"Petroleum","Other(See Case File)","Residential","AST","False","Overturned",,"3197",,"","",4796
97.198,"C",JL,6/6/1997,7/28/1997,True,"Grenville General Store - Dispenser Spills","Clark Huggett","CR6",Grenville,57239,Day,45.46586,-97.3870544,123N,55W,14,"NE","0.00","","Gasoline                                          ","0.00000",,"Petroleum","Other(See Case File)","Commercial","UST","True","Dispenser Leak",,"3245",,"","",4886
97.209,"NFA",KH,6/23/1997,12/6/2000,True,"Pereboom Cafe - Tank Removals","Jay Pereboom","NE at US Hwy 12 and SD Hwy 25",Webster,57274,Day,45.34122,-97.51919,122N,56W,26,"SW","0.00","","Petroleum                                         ","0.00000",,"Petroleum","Other(See Case File)","Commercial","UST","True","Leakage",,"3236",,"","",4897
97.267,"C",ML,8/8/1997,10/5/2000,True,"Rail Line Contamination  (BNSF)","Burlington Northern Santa Fe Railway (BNSF)","2nd Street East and 5th Avenue East",Webster,57274,Day,45.3302956,-97.5172348,,,,"","0.00","","petroleum                                         ","0.00000",,"Petroleum","Other(See Case File)","Industrial","Equipment","False","Leaks and Spills",,"3433",,"","240",4955
97.383,"C",MP,11/17/1997,1/22/1998,True,"Transport Event","Frito Lays","3/4 mile W. of Holmquist on Hwy 12",Holmquist,57219,Day,45.3413849,-97.66405,,,,"","0.00","","Diesel fuel                                       ","30.00000",gallons,"Petroleum","Other(See Case File)","Other(See Case File)","Truck Tank","False","Transport Accident",,"null",,"","",5071
97.407,"C",KH,12/5/1997,5/13/1998,True,"Day County Highway Shop - Surface Spills","Day County Highway Department","7th Street West",Webster,57274,Day,45.32703,-97.5291061,122,56,35,"SW","0.00","","gasoline                                          ","0.00000",,"Petroleum","Other(See Case File)","Public","UST","True","Spillage",,"3297",,"","",5095
98.032,"C",MP,3/3/1998,4/29/1998,True,"Transport Event","Jonathan Liebelt","W. Highway 12 at North Rush Lake",Waubay,57273,Day,45.34111,-97.38,122N,55W,,"SW","0.00","","diesel fuel                                       ","75.00000",gallons,"Petroleum","Other(See Case File)","Other(See Case File)","Truck Tank","False","Transport Accident",,"null",,"","",5140
98.048,"C",KM,3/24/1998,4/30/1998,True,"Transport Event","Anderson Trucking","Hwy 12, 2.5 mi E of Hwys 12 and 25 Intersection",Webster,57274,Day,45.3408,-97.46837,122N,55,32,"NW","0.00","","Diesel                                            ","100.00000",gallon,"Petroleum","Other(See Case File)","Other(See Case File)","Truck Tank","False","Transport Accident",,"null",,"","252",5156
98.134,"C",KM,6/10/1998,7/7/1999,True,"Fertilizer Dumping - Regulated Substance Response","Unknown","142 Street",Waubay,57273,Day,45.3268547,-97.2673645,,,22,"","0.00","","fertilizer                                        ","0.00000",,"Agri Chem","Other(See Case File)","Other(See Case File)","Unknown(See Case File)","False","Unknown",,"null",,"","",5242
98.215,"C",KH,8/21/1998,7/7/1999,True,"Proposed Casey's Location - Tank Removal","Casey's General Stores Inc","NE Corner of 10th & Main",Webster,57274,Day,45.3354568,-97.51972,,,,"","0.00","","heating oil                                       ","0.00000",,"Petroleum","Other(See Case File)","Commercial","UST","False","Leakage",,"3527",,"","",5323
98.239,"C",KH,9/3/1998,7/22/1999,True,"Lake Area Hospital - Tank Removal","Lake Area Hospital","North First Street",Webster,57274,Day,45.33947,-97.52209,122N,56W,35,"NW","0.00","","heating fuel                                      ","0.00000",,"Petroleum","Other(See Case File)","Other(See Case File)","UST","False","Overfills/Spillage",,"3557",,"","",5347
99.004,"NFA",NS,1/7/1999,2/11/2003,True,"Gene's Conoco - Tank Replacement","Eugene Erickson","23  7th Avenue West",Webster,57274,Day,45.33204,-97.521286,122N,56W,35,"SW","0.00","","Gasoline                                          ","0.00000",,"Petroleum","Other(See Case File)","Commercial","UST","True","Leakage",,"3691",,"","215",5551
99.049,"C",BM,2/19/1999,3/14/2002,True,"Transformer - Vandalism","Otter Tail Power Company","1 block South of  Catholic Church",Grenville,57239,Day,45.46475,-97.386116,,,,"","0.00","","Transformer Oil                                   ","0.00000",,"Oil","Other(See Case File)","Other(See Case File)","Transformer","False","Damage",,"3841",,"","230",5596
99.302,"C",JL,10/25/1999,4/22/2002,True,"Huempfner Property - Tank Removal","City of Webster","Lots 2 - 19, McKennett's Subdivision",Webster,57274,Day,45.32817,-97.51351,122N,56W,35,"SE","0.00","","heating oil                                       ","0.00000",,"Petroleum","Non-Aquifer","Industrial","UST","False","Leakage",,"3861",,"","216",5849
2000.236,"C",KM,7/28/2000,8/25/2000,True,"Coast Auto - Tank Removals","Tom Harrington","544 Main Street",Waubay,57273,Day,45.3306351,-97.30518,,,,"","0.00","","Diesel                                            ","0.00000",,"Petroleum","Other(See Case File)","Commercial","UST","True","Spillage",,"3920",,"","",6134
2001.169,"C",KM,7/2/2001,7/11/2001,True,"ATP - Goehring Hardware","Albert Goehring","110 Main Street",Bristol,57219,Day,45.3464127,-97.7506943,,,,"","0.00","","fuel oil                                          ","0.00000",,"Petroleum","ATP","Commercial","UST","False","Corrosion",484,"4415",,"","207",6454
2001.170,"NFA",KM,7/2/2001,3/17/2003,True,"ATP - WEB City","James Zenk","Lots 7-12 Blk 23, East 5th Avenue",Webster,57274,Day,45.3300476,-97.5168152,,,,"","0.00","","petroleum                                         ","0.00000",,"Petroleum","ATP","Commercial","UST","True","Corrosion",896,"4965",,"","217",6455
2001.171,"NFA",KM,7/2/2001,3/17/2003,True,"ATP - Keith Parker Property","Keith Parker","707 West 13th Avenue",Webster,57274,Day,45.3376465,-97.53165,,,,"","0.00","","diesel                                            ","0.00000",,"Petroleum","ATP","Residential","UST","False","Corrosion",901,"4964",,"","217",6456
2001.172,"NFA",KM,7/2/2001,1/29/2003,True,"ATP - SD GF&P District Office","SD Game Fish & Parks  (SD GF&P)","603 East 8th Avenue (NE at 6th St & 8th Ave)",Webster,57274,Day,45.3335762,-97.51133,,,,"","0.00","","diesel                                            ","0.00000",,"Petroleum","ATP","Public","UST","True","Corrosion",1433,"5370",,"","217",6457
2001.173,"NFA",KM,7/2/2001,1/10/2003,True,"ATP - Former Solberg Service","Elmer Solberg","SE at County Road 36 (152 St) & 1st",Lily,57274,Day,45.1809845,-97.68188,,,,"","0.00","","gasoline                                          ","0.00000",,"Petroleum","ATP","Commercial","UST","True","Corrosion",618,"4548",,"","217",6458
2001.174,"NFA",KM,7/2/2001,2/20/2003,True,"ATP - Former Tri-County Cheese Factory","Joseph Frigo","101 First Street",Pierpont,57468,Day,45.492733,-97.82989,,,,"","0.00","","fuel oil                                          ","0.00000",,"Petroleum","ATP","Commercial","UST","False","Corrosion",225,"4123",,"","217",6459
2001.175,"C",KM,7/2/2001,2/25/2002,True,"ATP - Former Joe Frigo Property","Mike & Kelly Johnson","1st Street",Pierpont,57468,Day,45.4930763,-97.8321838,,,,"","0.00","","petroleum                                         ","0.00000",,"Petroleum","ATP","Other(See Case File)","UST","True","Corrosion",209,"4136",,"","207",6460
2001.176,"NFA",KM,7/2/2001,2/28/2003,True,"ATP - Bristol School District","Gene Harstad","400 South 3rd Street",Bristol,57219,Day,45.3416367,-97.74954,,,,"","0.00","","fuel oil                                          ","0.00000",,"Petroleum","ATP","Public","UST","False","Corrosion",483,"4414",,"","217",6461
2001.177,"C",KM,7/2/2001,2/25/2002,True,"ATP - First Savings Bank","First Savings Bank","Main Street",Bristol,57219,Day,45.34632,-97.75048,,,,"","0.00","","fuel oil                                          ","0.00000",,"Petroleum","ATP","Commercial","UST","False","Spillage",480,"4419",,"","207",6462
2001.178,"NFA",KH,7/2/2001,1/14/2005,True,"ATP - Tony Geffre Property","Tony Geffre","428 West 6th Avenue",Webster,57274,Day,45.3314819,-97.52776,,,,"","0.00","","fuel oil                                          ","0.00000",,"Petroleum","ATP","Residential","UST","False","Leakage",1474,"5418",,"","237,258",6463
2001.194,"C",KM,7/13/2001,7/19/2001,True,"ATP - Fagerland Estate - Former Station Site","Richard Grorud, Estate Manager","104 South Main Street",Webster,57274,Day,45.326664,-97.51975,,,,"","0.00","","gasoline                                          ","0.00000",,"Petroleum","ATP","Other(See Case File)","UST","True","Spillage",1448,"5396",,"","207",6479
2001.198,"NFA",KM,6/27/2001,2/5/2003,True,"ATP - Leo Gebur Property","Leo Gebur","722 West 3rd Street",Webster,57274,Day,45.3330956,-97.52412,,,,"","0.00","","Diesel                                            ","0.00000",,"Petroleum","ATP","Residential","UST","True","corrosion",832,"4773",,"","217",6483
2001.494,"C",KM,8/23/2001,11/16/2001,True,"ATP - The Tipi","David Gill","446 Avenue",Enemy Swim,57273,Day,45.4262238,-97.28904,123N,53W,21,"NE","0.00","","gasoline                                          ","0.00000",,"Petroleum","ATP","Commercial","UST","True","Spillage",1607,"5559",,"","207",6777
2001.501,"NFA",KH,8/27/2001,4/5/2004,True,"ATP - Former Gas Station","John Hall","NE at 1st St E & 6th Ave E",Webster,57274,Day,45.3315239,-97.51855,,,,"","0.00","","Gasoline                                          ","0.00000",,"Petroleum","ATP","Commercial","UST","True","Leaks and Spills",1729,"5687",,"","229",6784
2001.925,"C",KM,2/22/2002,3/20/2002,True,"ATP - Olson Farm","Kenneth Olson","126 Street",Langford,57454,Day,45.55769,-97.76917,124N,58W,14,"NW","0.00","","Petroleum                                         ","0.00000",,"Petroleum","ATP","Agricultural","UST","False","Spillage",913,"4963",,"","208",7207
2001.943,"NFA",KM,3/14/2002,2/4/2003,True,"ATP - Don's Conoco","Don Bloom","423 South Main Street",Webster,57274,Day,45.3300858,-97.52052,,,,"","0.00","","Petroleum                                         ","0.00000",,"Petroleum","ATP","Commercial","UST","True","Leakage",2117,"6048",,"","217,295",7225
2001.944,"C",KM,3/13/2002,5/10/2002,True,"ATP - Former Hilltop (Herman)","Silvia Herman","Pickeral Lake",Waubay,57273,Day,45.5154724,-97.29365,124N,53W,16,"SW","0.00","","gasoline                                          ","0.00000",,"Petroleum","ATP","Commercial","UST","True","Leakage",1830,"5792",,"","208",7226
2002.078,"NFA",TF,10/9/2001,2/9/2016,True,"Dales's Service - Bulk Site","Bristol Utility Company","East of County Road 33 and North of BNSF Rail Spur",Bristol,57219,Day,45.3489456,-97.7538,,,,"","0.00","","petroleum                                         ","0.00000",,"Petroleum","Other(See Case File)","Commercial","AST","False","Leakage",,"null",,"","302",7359
2002.298,"C",BM,12/16/2002,12/24/2002,True,"Transport Event","Lee DeVries Trucking","1/2 mile East of Webster on Highway 12",Webster,57274,Day,45.34083,-97.46866,,,,"","0.00","","diesel fuel                                       ","25.00000",gallons,"Petroleum","Other(See Case File)","Other(See Case File)","Truck Tank","False","Transport Accident",,"null",,"","231",7579
2002.362,"NFA",KM,4/22/2003,8/15/2003,True,"ATP -  M & K Johnson Farm","Mike Johnson","12874 423rd Avenue",Pierpont,57468,Day,45.5184746,-97.7530746,,,,"","0.00","","petroleum                                         ","0.00000",,"Petroleum","ATP","Agricultural","UST","False","Leakage",2578,"6507",,"","227",7643
2003.043,"C",JF,4/10/2003,1/31/2006,True,"4th Street East AST Bulk Site","Sioux Valley CO-OP of Watertown","409 4th Street East",Webster,57274,Day,45.32899,-97.51467,122N,56W,35,"SE","0.00","","Petroleum                                         ","0.00000",,"Petroleum","Other(See Case File)","Commercial","AST","True","Spillage",,"6714",,"","252",7690
2003.140,"C",BM,8/22/2003,9/8/2003,True,"Tractor Spill","Kuecker Seed Farm","Rural Day County",Wallace,57272,Day,45.1527519,-97.49561,120N,56W,36,"","0.00","","Diesel Fuel                                       ","100.00000",gallons,"Petroleum","Other(See Case File)","Agricultural","Equipment","False","Line Leak",,"null",,"","231",7787
2004.015,"C",RL,1/14/2004,3/30/2004,True,"Battery Fire - BNSF","(BNSF) Burlington Northern Santa Fe Railroad","Rail,  W of Hwy 25 between 4th & 5th Ave W",Webster,57274,Day,45.32945,-97.5215,,,,"","0.00","","Sulfuric Acid                                     ","20.00000",gal,"Chemical","Other(See Case File)","Industrial","Batteries","False","Fire Event",,"null",,"","229,232",7900
2004.039,"NFA",KH,2/13/2004,2/24/2004,True,"ATP - Fleeger Property","Don Fleeger","915 West 7th Street",Webster,57274,Day,45.33504,-97.5305939,,,,"","0.00","","fuel oil                                          ","0.00000",,"Petroleum","ATP","Residential","UST","False","Leakage",2786,"6771",,"","225,",7924
2004.127,"C",RL,7/24/2004,9/15/2004,True,"Diesel Spill - Bowes Construction","Bowes Construction","413 Ave, 200' N of 154 St",Crandall,57434,Day,45.15361,-97.9638443,,,,"","0.00","","Diesel                                            ","100.00000",gal,"Petroleum","Other(See Case File)","Other(See Case File)","Truck Tank","False","Transport Accident",,"null",,"","233",8012
2005.101,"NFA",TF,5/31/2005,12/18/2008,True,"Assessment - BNSF Leased Property","Thompson Oil Company","Street South, N of Oak Street S",Waubay,57273,Day,45.3284149,-97.30346,122N,54W,34,"SW","0.00","","Petroleum Products                                ","0.00000",,"Petroleum","Other(See Case File)","Industrial","AST","True","Handling",,"6978",,"","260",8195
2005.102,"NFA",SB,5/31/2005,10/21/2005,True,"Assessment - BNSF Leased Property","Thompson Oil Company","West 5th Ave between West First St & Main St",Webster,57274,Day,45.32999,-97.52135,,,,"","0.00","","Petroleum Products                                ","0.00000",,"Petroleum","Other(See Case File)","Industrial","AST","True","Handling",,"6979",,"","240",8196
2005.116,"C",BM,6/20/2005,10/17/2005,True,"24D Spill - David Wasilk","David Wasilk","2.5 miles East of Grenville on 133rd St",Grenville,57273,Day,45.4570274,-97.33694,,,,"","0.00","","2,4-D                                             ","200.00000",Gal,"Agri Chem","Other(See Case File)","Agricultural","Sprayer","False","Overturned",,"null",05PA062111,"","239,240",10276
2005.130,"C",RL,7/5/2005,3/21/2007,True,"Aircraft Accident - Day County","Dakota Air Spray","419th Avenue & 153rd Street",Lily,57274,Day,45.1717148,-97.84163,,,,"","0.00","","Herbicide                                         ","0.00000",,"Agri Chem","Other(See Case File)","Agricultural","Aircraft Tanks","False","Accident",,"null",05T070519,"","252",10291
2006.167,"NFA",TF,10/23/2006,1/11/2010,True,"ATP - Dacotah Bank","Dakotah Bank - Mary  Bloom","600 Main Street",Webster,57274,Day,45.33147,-97.51964,122N,56W,35,"SW","0.00","","fuel oil                                          ","0.00000",,"Petroleum","ATP","Commercial","UST","False","Leakage",2984,"7140",,"","271",10617
2007.022,"NFA",RL,2/28/2007,4/27/2007,True,"Assessment - Wilbur Ellis Facility","Dakota Air Spray","10 miles SW of Bristol",Bristol,57219,Day,45.25407,-97.7771759,,,,"","0.00","","2,4-D, petroleum                                  ","0.00000",,"Combined(See Case File)","Other(See Case File)","Agricultural","Equipment & Supplies","False","Handling",,"null",,"","252",10860
2007.033,"NFA",NS,3/23/2007,7/2/2007,True,"Assessment - Former Farmers Oil","4 Season's Coop","423rd Avenue",Bristol,57219,Day,45.34953,-97.75614,122N,58W,26,"NE","0.00","","Petroleum                                         ","0.00000",,"Petroleum","Other(See Case File)","Commercial","AST","True","Leakage",,"7149",,"","254",10871
2008.148,"C",RL,8/1/2008,10/8/2008,True,"Transformer Coolant Spill - Storm Event","NorthWestern Energy","Hwy 12, 2.5 Blocks E of Hwy 25",Webster,57274,Day,45.34115,-97.5153,122N,56W,26,"SE","0.00","","Transformer Oil PCB                               ","10.00000",gallons,"Chemical","Other(See Case File)","Commercial","Transformer","False","Storm Event",,"null",,"","259",11239
2008.166,"C",RL,8/22/2008,9/16/2008,True,"Transformer Spill - Storm Event","Otter Tail Power Company","Pole near Blue Dog Lake Beach",Waubay,57273,Day,45.3463173,-97.28354,122,53,15,"SW","0.00","","Transformer Oil Non-PCB                           ","30.00000",gallons,"Oil","Other(See Case File)","Residential","Transformer","False","Storm Event",,"null",,"","259",11258
2008.186,"C",TF,9/26/2008,12/12/2008,True,"Tank Removal - Rest Home","Strand-Kjorsvig Community Rest Home","801 South Main",Roslyn,57261,Day,45.49389,-97.49243,,,,"","0.00","","Fuel Oil                                          ","0.00000",,"Petroleum","Other(See Case File)","Residential","UST","False","Spillage",,"7326",,"","260",11278
2009.192,"C",BM,11/25/2009,7/20/2010,True,"Enemy Swim Lake Hydraulic Fluid Spill","James Nilson","Enemy Swim Lake Culvert Project",Wallace,57272,Day,45.4457932,-97.2335739,,,,"","0.00","","Hydraulic Fluid                                   ","4.00000",gallons,"Petroleum","Other(See Case File)","Other(See Case File)","Equipment","False","Equipment Failure",,"null",,"","276",11575
2010.056,"NFA",BM,4/14/2010,8/16/2010,True,"Dry Fertilizer Spill into Slough","Wilbur Ellis Air LLC (DBA Scott's Air Ag)","439th Ave & 140th St",Webster,57350,Day,45.3553,-97.4277344,122N,55W,27,"","0.00","","Fertilizer                                        ","4000.00000",lbs,"Agri Chem","Source Water","Agricultural","Transport Trailer","False","Transport Accident",,"null",10PA041406,"","276",11641
2011.004,"C",BW,1/5/2011,3/9/2011,True,"Seal Leak - Ferney Pump Station","Transcanada","41361 144th Street",Andover,57442,Day,45.29735,-97.9491,,,,"","0.00","","Oil                                               ","2.00000",gallons,"Oil","Other(See Case File)","Industrial","Pipeline","False","Pump Leak",,"null",,"","279",11906
2011.046,"NFA",ML,4/1/2011,4/1/2011,True,"CERCLIS - Former Enemy Swim School","Sisseton-Whapeton Oyate Sioux Tribe","13495 446th Avenue",Grenville,57239,Day,45.4282379,-97.2895355,,,,"","0.00","","Asbestos                                          ","0.00000",,"Chemical","CERCLIS","Other(See Case File)","Construction Materials","False","Past Practices",,"null",,"","279",11948
2011.079,"NFA",KM,5/13/2011,6/27/2011,True,"Anhydrous Ammonia Release - Overturned Tank","Terry Gaikowski","14088 SD Hwy 25 (Northside Implement)",Webster,57274,Day,45.34265,-97.51766,,,,"","0.00","","Anhydrous Ammonia                                 ","0.00000",,"Agri Chem","Other(See Case File)","Commercial","Nurse Tank","False","Transport Accident",,"null",,"","279",11988
2011.137,"NFA",RL,7/21/2011,1/5/2012,True,"Overfilled Mini-Bulk","Terry Wagner","1/8 m N of Hwy 25, 436 Ave",Roslyn,57261,Day,45.50208,-97.48927,,,,"","0.00","","Glyphosate                                        ","60.00000",gallons,"Agri Chem","Other(See Case File)","Agricultural","Portable Tank","False","Overfill",,"null",11T072209,"","281",12050
2012.059,"C",TK,4/17/2012,8/31/2012,True,"SD Wheat Growers - Valve Leak","SD Wheat Growers","41 County Road 33  (423 Ave & Hwy 12)",Bristol,57219,Day,45.3506737,-97.7569656,,,,"","0.00","","Liquid Fertilizer 28%                             ","2000.00000",Gallons,"Agri Chem","","Commercial","AST","False","Valve Leak",,"null",12T041702,"","287",12313
2012.166,"C",KM,5/17/2012,10/31/2012,True,"Brownfields  - Day County FEMA Buyout","Day County","56 Residential Properties (56 locations)",Waubay,57273,Day,45.3441048,-97.30522,,,,"","0.00","none known","Asbestos                                          ","0.00000",,"Other(See Case File)","Brownfields","Residential","Construction Materials","False","Past Practices",,"null",,"","288",12436
2012.179,"NFA",TF,8/28/2012,2/7/2013,True,"Tank Replacements - Contaminated Soils (also 90.457)","Unknown","SW corner of intersection at Hwy 12 & Hwy 25",Webster,57274,Day,45.3407173,-97.5209656,,,,"","0.00","","Petroleum                                         ","0.00000",,"Petroleum","Other(See Case File)","Commercial","UST","False","Leakage",,"7743",,"","289",12450
2013.078,"C",RL,5/10/2013,7/23/2013,True,"Overturned Trailer - Bristol Facility","South Dakota Wheat Growers","423 Avenue",Bristol,57219,Day,45.3483543,-97.7558441,,,,"","0.00","","Fertilizer 11-52-0                                ","25.00000",ton,"Agri Chem","Other(See Case File)","Other(See Case File)","Transport Trailer","False","Transport Accident",,"null",13T051002,"","294",12638
2013.111,"C",RL,6/19/2013,6/19/2013,True,"Diesel Spill - Sioux Valley Coop","Sioux Valley Coop","11 West Hwy 12",Webster,57274,Day,45.34084,-97.52049,,,,"","0.00","","Diesel                                            ","20.00000",gallons,"Petroleum","Other(See Case File)","Commercial","AST","True","Equipment Failure",,"null",,"","290",12674
2013.142,"C",ML,7/5/2013,7/10/2013,True,"Hedtke Pass Training Area - SDARNG (also see 2013.133)","South Dakota Army National Guard","Waubay Lake",Webster,57274,Day,45.4078064,-97.45937,,,,"","0.00","","unknown                                           ","0.00000",,"Other(See Case File)","Federal","Other(See Case File)","Historical","False","Past Practices",,"null",,"","294",12705
2013.149,"O",ML,7/5/2013,,False,"Webster Controlled Firing Area - SDARNG (also see 2013.133)","South Dakota Army National Guard","149th Street",Waubay,57273,Day,45.2261658,-97.23818,,,,"","0.00","","unknown                                           ","0.00000",,"Other(See Case File)","Federal","Other(See Case File)","Historical","False","Past Practices",,"null",,"","",12712
2013.167,"C",TK,7/22/2013,12/31/2013,True,"Highway 12 Flexstar GT 3.5 spill","Cal Hayenga - Travis Hughes","Highway 12, 423rd Ave to 433rd Ave",Webster,57274,Day,45.3411064,-97.5523453,,,,"","0.00","","FlexStar GT 3.5                                   ","100.00000",Gal,"Agri Chem","Other(See Case File)","Public","Transport Tank","False","Open Valve",,"null",,"","296",12737
2013.207,"NFA",JPA,9/18/2013,1/28/2016,True,"Dales Service - UST Removal","Harold Orr","42295 US Hwy 12",Bristol,57219,Day,45.3511238,-97.7569351,,,,"","0.00","","Petroleum                                         ","0.00000",,"Petroleum","Other(See Case File)","Commercial","UST","True","Leakage",,"7872",,"","302",12780
2013.265,"C",TF,11/21/2013,1/17/2014,True,"ATP - Orr Property","Harold Orr","North of 3rd Street & Hwy 12",Bristol,57219,Day,45.348793,-97.74674,,,,"","0.00","","Fuel Oil                                          ","0.00000",,"Petroleum","ATP","Agricultural","UST","False","Leakage",3346,"7860",,"","295",12856
2014.039,"C",KN ,3/12/2014,11/19/2014,True,"Anonymous Complaint - Rinsate Disposal","Full Circle Ag","13013 SD Hwy 27",Pierpont,57430,Day,45.4988,-97.83851,,,,"","0.00","","Agrichem Rinsate                                  ","0.00000",,"Agri Chem","Other(See Case File)","Commercial","Portable Tank","False","Handling",,"null",,"","298",12961
2014.138,"C",TK,7/1/2014,7/23/2014,True,"Truck Rollover","Sioux Valley Coop","138th Street",Waubay,57273,Day,45.3844,-97.2717,,,,"","0.00","","Diesel, Gasoline                                  ","0.00000",,"Petroleum","Other(See Case File)","Other(See Case File)","Truck","False","Transport Accident",,"null",,"","297",13069
2014.255,"C",TF ,11/27/2014,2/27/2015,True,"ATP - Waubay Housing Apartments","Waubay Housing Inc.","221 North Oak Street",Waubay,57273,Day,45.3314171,-97.30376,,,,"null","null","null","Heating Fuel                                      ","null",,"Petroleum","ATP","Residential","UST","False","Tank Leak",3382,"7913",,"null","298",13200
2014.256,"NFA",TF ,11/27/2014,1/21/2016,True,"ATP - Roslyn Homes #1","Roslyn Homes #1","520 1st Street",Roslyn,57261,Day,45.49617,-97.49294,,,,"null","null","null","Heating Fuel                                      ","null",,"Petroleum","ATP","Residential","UST","False","Tank Leak",3383,"7914",,"null","301",13201
2014.276,"C",KN ,11/10/2014,12/31/2014,True,"Transport Event","Larry Johnson (Riley)","137th St and 433rd Ave",Webster ,57274,Day,45.3989525,-97.5581055,,,,"null","null","null","Diesel Fuel                                       ","40.00000",Gallons,"Petroleum","Other(See Case File)","Other(See Case File)","Truck","False","Transport Accident",,"null",,"null","298",13234
2014.279,"NFA",TK ,12/15/2014,1/14/2015,True,"Truck Accident","Lau Trucking","Hwy 12, 1/4 to 1/2 miles E of MM 355 in median",Waubay,57273,Day,45.34122,-97.27171,,,,"null","null","null","Diesel                                            ","80.00000",gallons,"Petroleum","Other(See Case File)","Public","Transportation","False","Transport Accident",,"null",,"null","298",13241
2015.007,"C",KM ,1/8/2015,3/16/2015,True,"Suburban in Waubay Lake","Clinton Gahn","Northern end of Waubay Lake, depth at 27 feet",Grenville,57239,Day,45.4501228,-97.37339,,,,"null","null","null","Automotive Fluids                                 ","null",,"Other(See Case File)","Other(See Case File)","Other(See Case File)","Vehicle","False","Accident",,"null",,"null","300",13282
2015.017,"C",RL ,1/26/2015,4/22/2015,True,"Transformer Oil Release - Bitter Lake","Otter Tail Power Company","South of 3rd and Yellowstone (inundated by Bitter Lake)",Waubay,57273,Day,45.3246574,-97.31011,,,,"null","null","null","Transformer Oil PCB                               ","9.50000",gallons,"Oil","Other(See Case File)","Other(See Case File)","Transformer","False","Leakage",,"null",,"null","300",13292
2015.051,"C",TK ,3/16/2015,5/4/2015,True,"Reetz Lake - JD Gator in lake","Steven L Sargeant","Hwy 25",Webster,57274,Day,45.25827,-97.52452,,,26,"SW","null","null","Automotive Fluids               ","2.00000",Gallons,"Combined","Other(See Case File)","Public","Vehicle","False","Immersed  ",,"null",,"null","300",13330
2015.259,"NFA",TF ,12/24/2015,2/9/2017,True,"ATP - Knight Construction","Knight Construction","Highway 25 South",Webster,57274,Day,45.3221626,-97.51938,,,,"null","null","null","Petroleum                                         ","null",,"Petroleum","ATP","Other(See Case File)","UST","True","Leakage",3513,"8143",,"null","null",13577
2016.003,"C",TF ,1/4/2016,2/9/2016,True,"ATP - Saint Joseph Rectory","Diocese of Sioux Falls","22 Saint Joseph Street",Grenville,57239,Day,45.465126,-97.38674,,,,"null","null","null","Fuel Oil                                          ","null",,"Petroleum","ATP","Other(See Case File)","UST","False","Leakage",3514,"8144",,"null","302",13586
2016.082,"NFA",GMS,5/17/2016,12/14/2016,True,"Limited Assessment - AST Facility","Community Oil","14108 428th Avenue W",Holmquist,57274,Day,45.3394928,-97.65187,,,,"null","null","null","Petroleum                                         ","null",,"Petroleum","Other(See Case File)","Commercial","AST","True","Historical",,"8206",,"null","null",13668
2017.083,"NFA",KN ,6/8/2017,7/7/2017,True,"SD Wheat Growers RoundUp Spill","SD Wheat Growers","120 Railroad Ave",Bristol,57219,Day,45.34819,-97.75261,,,,"null","null","null","RoundUp PowerMax","100.00000",Gallons,"Agri Chem","Other(See Case File)","Commercial","Spray Tank","False","Equipment Failure",,"null",17TU060801,"null","null",14007
2017.226,"NFA",TF ,12/29/2017,1/24/2018,True,"ATP - Webster Fire Department (also see 91.534)","City of Webster","22 West 6th Avenue  (NE at 1st & 6th)",Webster,57274,Day,45.33152,-97.5210953,,,,"null","null","null","Petroleum                                         ","null",,"Petroleum","ATP","Public","UST","True","Leakage",3585,"8284",,"null","null",14176
2018.067,"C",RL ,5/6/2018,8/2/2018,True,"Fertilizer Spill - DT Trucking","DT Trucking LLC","Hwy 12, NW at 136th Street",Andover,57422,Day,45.4133949,-97.86343,,,,"null","null","null","Liquid Fertilizer 6-24-6","1200.00000",gallons,"Agri Chem","Other(See Case File)","Other(See Case File)","Transport Tank","False","Transport Accident",,"null",18LP050601,"null","null",14246
2018.133,"NFA",JPA,7/12/2018,1/2/2019,True,"Assessment - RDO Equipment Site","RDO Equipment","901 West Hwy 12",Webster,57274,Day,45.3391075,-97.5373154,,,,"null","null","null","Petroleum                                         ","null",,"Petroleum","Other(See Case File)","Commercial","UST & AST","True","Leaks and Spills",,"8391",,"null","null",14318
2019.227,"C",JAM,12/18/2019,2/12/2020,True,"Vehicle in Waubay Lake","Gabe Dietrich","Waubay Lake",Webster,57274,Day ,45.4570122,-97.37512,,,,"null","null","null","Automotive Fluids                                 ","null",,"Combined(See Case File)","Surface Water","Public","Vehicle","False","Accident",,"null",,"null","null",14677
2020.037,"C",BH,4/29/2020,7/30/2020,True,"Semi Rear End Accident - Diesel Release","T W Construction","US Highway 12, mile marker 355",Waubay,57273,Day,45.3413048,-97.27409,,,,"null","null","null","Diesel                                            ","24.00000",gallons,"Petroleum","Other(See Case File)","Other(See Case File)","Saddle Tank","False","Transport Accident",,"null",,"null","null",14727
2021.076,"C",GK,6/3/2021,6/7/2021,True,"Submerged Vehicle - Grenville","Unknown","Southernmost End of 442nd Avenue",Grenville,57239,Day,45.471653,-97.36552,,,,"null","null","null","Gasoline","30.00000",gallons,"Petroleum","Surface Water","Public","Vehicle","False","Transport Accident",,"null",,"null","null",14985
2021.088,"C",GK,6/21/2021,7/14/2021,True,"Submerged Vehicle - Day County","Eduardo Martinez","43438 130th Street",Roslyn,57261,Day,45.5001678,-97.524,,,,"null","null","null","Gasoline                                          ","20.00000",gallons,"Petroleum","Other(See Case File)","Public","Vehicle","False","Transport Accident",,"null",,"null","null",14998
2022.032,"O",JAM,2/23/2022,,True,"Full Circle Ag Fire","Full Circle Ag","13013 SD-27",Pierpont,57468,Day,45.49881,-97.83829,,,,"null","null","null","Agri Chem                                         ","null",,"Agri Chem","Other(See Case File)","Commercial","Containers","False","Fire Event",,"null",22MM022301,"null","null",15174
2022.164,"O",MSB,8/30/2022,,True,"LUST - Webster Utility","City of Webster","22 West 5th Avenue",Webster,57274,Day,45.3300934,-97.52138,,,,"null","null","null","Petroleum                                         ","null",,"Petroleum","Lust Trust","Public","UST","False","Unknown",,"null",,"null","null",15319
9999.203,"W",,,,True,"Withdrawn ATP - VanderVorst Property","Jacob VanderVorst","300 West 1st Avenue",Andover,57422,Day,45.4113731,-97.908226,,,,"","0.00","","                                                  ","0.00000",,"Other(See Case File)","Withdrawn ATP","Residential","Other(See Case File)","False","null",3121,"7415",,"","279",11830
91022.000,"C",TK,10/28/1991,10/28/1991,True,"Carl F. Schwab","Carl F. Schwab","139 Street",Ferney,57439,Day,45.3698959,-97.97129,122N,59W,19,"NW","0.00","","                                                  ","0.00000",,"Other(See Case File)","Clean Site","Agricultural","UST","False","No Release",,"null",,"","",8310
91073.000,"C",KM,9/17/1991,9/17/1991,True,"Willie's Super Value","Willie Kungel","613 Main Street",Webster,57274,Day,45.3316154,-97.52084,,,,"","0.00","","                                                  ","0.00000",,"Other(See Case File)","Clean Site","Commercial","UST","False","No Release",,"null",,"","",8360
92019.000,"C",RC,6/8/1992,6/16/1992,True,"AT&T Microwave Building","AT&T Communications","Microwave Building",Bristol,57219,Day,45.35763,-97.8164,,,,"","0.00","","                                                  ","0.00000",,"Other(See Case File)","Clean Site","Other(See Case File)","UST","False","No Release",,"null",,"","",8382
93019.000,"C",RC,6/18/1993,6/25/1993,True,"Webster Vet Clinic","Cross Country Veterinarians Ltd","East Hwy. 12",Webster,57274,Day,45.33994,-97.5092239,,,,"","0.00","","                                                  ","0.00000",,"Other(See Case File)","Clean Site","Commercial","UST","True","No Release",,"2428",,"","",8465
94001.000,"C",TK,1/4/1994,1/4/1994,True,"Don Hansen","Don Hansen","RR3 BOX 92",Webster,57274,Day,45.3265266,-97.52004,,,,"","0.00","","                                                  ","0.00000",,"Other(See Case File)","Clean Site","Unknown(See Case File)","UST","False","No Release",,"null",,"","",8504
95029.000,"C",JA,11/17/1995,11/30/1995,True,"Game, Fish & Parks  (SD GF&P)","SD Game Fish and Parks  (SD GF&P)","Pickerel Lake Shop",Grenville,57239,Day,45.5038,-97.28761,,,,"","0.00","","                                                  ","0.00000",,"Other(See Case File)","Clean Site","Public","UST","True","No Release",,"2910",,"","",8589
98050.000,"C",CH,12/8/1998,1/8/1999,True,"Peschke Shop","Jack Peschke - Peschke Trucking","NW corner of Railway Avenue and First Street",Waubay,57273,Day,45.3288956,-97.30705,,,,"","0.00","","                                                  ","0.00000",,"Other(See Case File)","Clean Site","Commercial","UST","True","No Release",,"null",,"","",8713
99024.000,"C",CH,6/4/1999,7/8/1999,True,"Dave Hahler Auto - Former MidWest Auto","Steve Sewell","500 E. Highway 12",Webster,57274,Day,45.3402824,-97.51316,,,,"","0.00","","                                                  ","0.00000",,"Other(See Case File)","Clean Site","Commercial","UST","True","No Release",,"null",,"","",8757
2001054.000,"C",KM,4/10/2001,7/11/2001,True,"Clean ATP - Crandall Service","Lynn Hildebrandt","Old Highway 20",Crandall,57434,Day,45.15325,-97.95205,,,,"","0.00","","                                                  ","0.00000",,"Other(See Case File)","ATP","Commercial","UST","True","No Release",918,"4967",,"","204",8918
2001055.000,"C",KM,3/25/2001,7/11/2001,True,"Clean ATP - Gail Hauck Property","Gail Hauck","506 West 9th Avenue",Webster,57274,Day,45.3344879,-97.52893,,,,"","0.00","","                                                  ","0.00000",,"Other(See Case File)","ATP","Residential","UST","False","No Release",738,"4677",,"","204",8919
2001056.000,"C",KM,5/30/2001,7/19/2001,True,"Clean ATP - Karla Ells Property","Karla Ells","911 E  3rd Street",Webster,57274,Day,45.3347473,-97.5162,,,,"","0.00","","                                                  ","0.00000",,"Other(See Case File)","ATP","Residential","UST","False","No Release",1568,"5514",,"","205",8920
2001057.000,"C",KM,3/19/2001,7/11/2001,True,"Clean ATP - Nehls Property","Richard Nehls","First Avenue & 3rd Street",Pierpont,57468,Day,45.4967232,-97.82918,,,,"","0.00","","                                                  ","0.00000",,"Other(See Case File)","ATP","Residential","UST","True","No Release",617,"4547",,"","204",8921
2001058.000,"C",KM,3/19/2001,7/11/2001,True,"Clean ATP - Enstad Farm","Melvin Enstad","6 miles E & 1.5 N",Pierpont,57468,Day,45.5096931,-97.70781,124,57,32,"NW","0.00","","                                                  ","0.00000",,"Other(See Case File)","ATP","Agricultural","UST","False","No Release",616,"4546",,"","204",8922
2001059.000,"C",KM,6/8/2001,7/11/2001,True,"Clean ATP - Coyl Garage","Duane and Kimberly Huwe","Main Street",Butler,57219,Day,45.2596321,-97.7127151,,,,"","0.00","","                                                  ","0.00000",,"Other(See Case File)","ATP","Commercial","UST","True","No Release",97,"4008",,"","",8923
2001060.000,"C",KM,7/3/2000,7/11/2001,True,"Clean ATP - Hayenga Farm","Calvin Hayenga","416 Avenue",Andover,57422,Day,45.43802,-97.90016,,,,"","0.00","","                                                  ","0.00000",,"Other(See Case File)","ATP","Agricultural","UST","False","No Release",228,"4126",,"","204",8924
2001061.000,"C",KM,4/12/2001,7/11/2001,True,"Clean ATP - Flemmer Farm","Jon and Jill Flemmer","SW of Webster",Webster,57274,Day,45.29847,-97.60468,121,56,7,"","0.00","","                                                  ","0.00000",,"Other(See Case File)","ATP","Agricultural","UST","False","No Release",917,"4969",,"","204",8925
2001062.000,"C",KM,4/10/2001,7/11/2001,True,"Clean ATP - Crandall Tavern","Albert Watts","Old Highway 20",Crandall,57434,Day,45.15318,-97.95345,,,,"","0.00","","                                                  ","0.00000",,"Other(See Case File)","ATP","Commercial","UST","True","No Release",916,"4968",,"","204",8926
2001063.000,"C",KM,4/6/2001,7/11/2001,True,"Clean ATP - Lloyd Horter Property","Lloyd Horter","1.5 miles W & 2 N of Bristol  (421A Ave)",Bristol,57219,Day,45.3785324,-97.7873459,122,58,15,"NW","0.00","","                                                  ","0.00000",,"Other(See Case File)","ATP","Agricultural","UST","False","No Release",701,"4966",,"","204",8927
2001075.000,"C",KM,5/22/2001,7/19/2001,True,"Clean ATP - Evelyn Garry Property","Todd Garry","1209 E 5th Street",Webster,57274,Day,45.33716,-97.51379,,,,"","0.00","","                                                  ","0.00000",,"Other(See Case File)","ATP","Residential","UST","True","No Release",1552,"5498",,"","205",8939
2001076.000,"C",KM,4/4/2001,7/19/2001,True,"ATP - Charles Dolney Property (no tank found)","Charles Dolney","West edge of Grenville",Grenville,57239,Day,45.4669876,-97.39323,,,,"","0.00","","                                                  ","0.00000",,"Other(See Case File)","ATP","Residential","UST","False","No Tank Found",911,"4940",,"","204",8940
2001077.000,"C",KM,4/17/2001,7/19/2001,True,"Clean ATP - Richard Grebner","Richard Grebner","Enemy Swim Lake",Grenville,57239,Day,45.4473076,-97.23045,,,,"","0.00","","                                                  ","0.00000",,"Other(See Case File)","ATP","Residential","UST","True","No Release",912,"4962",,"","204",8941
2001078.000,"C",KM,3/10/2001,7/19/2001,True,"Clean ATP - Whistle Stop Store","Nels Skaurhangest","448 Ave, 1 mile W of Roberts Co. line",Grenville,57239,Day,45.5446,-97.2480545,,,,"","0.00","","                                                  ","0.00000",,"Other(See Case File)","ATP","Commercial","UST","True","No Release",543,"4469",,"","204",8942
2001079.000,"C",KM,3/14/2001,7/19/2001,True,"Clean ATP - Immaculate Conception Church","Tom Lewno","7th and  N. Main",Waubay,57273,Day,45.3359566,-97.30554,,,,"","0.00","","                                                  ","0.00000",,"Other(See Case File)","ATP","Other(See Case File)","UST","False","No Release",564,"4495",,"","",8943
2001080.000,"C",KM,4/14/2001,7/19/2001,True,"Clean ATP - Waubay Housing Association","L. M. Bergan","420 East 3rd",Waubay,57273,Day,45.3314438,-97.3038254,,,,"","0.00","","                                                  ","0.00000",,"Other(See Case File)","ATP","Residential","UST","False","No Release",556,"4486",,"","204",8944
2001081.000,"C",KM,3/14/2001,7/19/2001,True,"Clean ATP - Eidet's Grocery","Dwayne Eidet","512 Main Street",Waubay,57273,Day,45.3298073,-97.30411,,,,"","0.00","","                                                  ","0.00000",,"Other(See Case File)","ATP","Commercial","UST","True","No Release",557,"4487",,"","204",8945
2001082.000,"C",KM,9/14/2000,7/19/2001,True,"Clean ATP - Richardt Property","Norma Richardt","734 Main Street",Waubay,57273,Day,45.33261,-97.30446,,,,"","0.00","","                                                  ","0.00000",,"Other(See Case File)","ATP","Residential","UST","False","No Release",365,"4295",,"","204",8946
2001083.000,"C",KM,5/17/2000,7/19/2001,True,"Clean ATP - Former Jones Implement","City of Waubay","507 2nd Avenue West",Waubay,57273,Day,45.33089,-97.3050156,,,,"","0.00","","                                                  ","0.00000",,"Other(See Case File)","ATP","Commercial","UST","True","No Release",10,"3957",,"","204",8947
2001084.000,"C",KM,5/17/2000,7/19/2001,True,"Clean ATP - Former Janish Garage","City of Waubay","500 Block of Main Street",Waubay,57273,Day,45.330162,-97.30462,,,,"","0.00","","                                                  ","0.00000",,"Other(See Case File)","ATP","Commercial","UST","True","No Release",11,"3956",,"","204",8948
2001085.000,"C",KM,6/1/2000,7/19/2001,True,"Clean ATP - J & K Repair","Jack Kempter","623 Main Street",Waubay,57273,Day,45.3316422,-97.30452,,,,"","0.00","","                                                  ","0.00000",,"Other(See Case File)","ATP","Commercial","UST","True","No Release",61,"3988",,"","204",8949
2001136.000,"C",KM,6/29/2001,8/13/2001,True,"ATP - Richard Grorud Property (no tank found)","Richard Grorud","West Pickerel Lake",Grenville,57239,Day,45.5162,-97.2900848,,,,"","0.00","","                                                  ","0.00000",,"Other(See Case File)","ATP","Residential","UST","False","No Tank Found",1447,"5395",,"","205,257",9000
2001930.000,"C",KM,2/22/2002,3/20/2002,True,"Clean ATP - Sannes Property","John Sannes","S of Tracks. McKeown's Subdivision",Webster,57274,Day,45.3292427,-97.5192947,,,,"","0.00","","                                                  ","0.00000",,"Other(See Case File)","ATP","Commercial","UST","True","No Release",1537,"5482",,"","205",9794
2001937.000,"C",KM,2/26/2002,3/20/2002,True,"Clean ATP - Pierce Estate Farm","Laverne Schmig","447 Avenue",Waubay,57273,Day,45.2894821,-97.26945,121N,53W,3,"E","0.00","","                                                  ","0.00000",,"Other(See Case File)","ATP","Agricultural","UST","False","No Release",2164,"6075",,"","205",9801
2001939.000,"C",KM,2/26/2002,3/20/2002,True,"Clean ATP - Sanderson Farm #2","R. Lynn Sanderson","413 Avenue",Conde,57434,Day,45.2060432,-97.96309,120N,59W,17,"NW","0.00","","                                                  ","0.00000",,"Other(See Case File)","ATP","Agricultural","UST","False","No Release",2100,"6037",,"","205",9803
2001941.000,"C",KM,2/26/2002,3/20/2002,True,"Clean ATP - American Lutheran Church","Janice Fitzgibbon","121 West 7th Avenue",Webster,57274,Day,45.33196,-97.52262,,,,"","0.00","","                                                  ","0.00000",,"Other(See Case File)","ATP","Other(See Case File)","UST","False","No Release",2065,"6011",,"","205",9805
2001942.000,"C",KM,2/26/2002,3/20/2002,True,"Clean ATP - Meier Property","David Meier","717 East 5th Street",Webster,57274,Day,45.3328247,-97.51331,,,,"","0.00","","                                                  ","0.00000",,"Other(See Case File)","ATP","Residential","UST","False","No Release",2079,"6017",,"","205",9806
2002263.000,"C",KM,2/4/2003,6/20/2003,True,"Clean ATP - Anthony Snaza Farm","Anthony P. Snaza","44058 134th Street",Grenville,57272,Day,45.4440842,-97.39497,,,,"","0.00","","                                                  ","0.00000",,"Other(See Case File)","ATP","Agricultural","UST","False","No Release",2650,"6591",,"","220",10120
2002292.000,"C",KM,4/24/2003,7/28/2003,True,"Clean ATP - Helms Apartments","James R. Helms","602 East 8th Avenue",Webster,57274,Day,45.3329277,-97.51131,,,,"","0.00","","                                                  ","0.00000",,"Other(See Case File)","ATP","Residential","UST","False","No Release",2313,"6262",,"","220",10149
2002293.000,"C",KM,4/24/2003,7/28/2003,True,"Clean ATP - VFW Post 4690","VFW Post 4690","521 West 1st Avenue",Webster,57274,Day,45.3310852,-97.52195,,,,"","0.00","","                                                  ","0.00000",,"Other(See Case File)","ATP","Other(See Case File)","UST","False","No Release",2340,"6248",,"","220",10150
2002298.000,"C",KM,4/22/2003,7/28/2003,True,"Clean ATP - Joe Bisgard (Rumpza) Farm","Steven Rumpza","14845 442nd Avenue",Waubay,57273,Day,45.2327843,-97.37451,,,,"","0.00","","                                                  ","0.00000",,"Other(See Case File)","ATP","Agricultural","UST","False","No Release",2395,"6327",,"","220",10155
2004017.000,"C",KH,2/10/2004,2/13/2004,True,"Clean ATP - Former Harvey Tobin Farm","Danny Smeins","42358 126th Street",Pierpont,57468,Day,45.5586739,-97.74284,,,,"","0.00","","                                                  ","0.00000",,"Other(See Case File)","ATP","Agricultural","UST","False","No Release",2757,"6725",,"","225,",10229
2012014.000,"C",BM,7/19/2012,7/27/2012,True,"Former Bulk Facility - Pierpont","Full Circle Ag Cooperative","13013 SD Hwy 27 (419th Avenue)",Pierpont,57468,Day,45.49847,-97.8381958,123N,58W,6,"NE","0.00","","                                                  ","0.00000",,"Other(See Case File)","Clean Site","Commercial","AST","True","No Release",,"7535",,"","288",12428
2014024.000,"C",TF ,11/27/2014,2/27/2015,True,"Clean ATP - Roslyn Homes #2","Roslyn Homes Inc.","105 Ibsen Avenue",Roslyn,57261,Day,45.49614,-97.49284,,,,"null","null","null","null","null",,"Other(See Case File)","ATP","Residential","UST","False","No Release",3384,"7915",,"null","298",13202
2014031.000,"C",TF ,12/1/2014,2/27/2015,True,"Clean ATP - Bethesda Nursing Home","Bethesda Nursing Home","129 West Hwy 12",Webster,57274,Day,45.34045,-97.5227051,,,,"null","null","null","null","null",,"Other(See Case File)","ATP","Other(See Case File)","UST","False","No Release",3437,"8005",,"null","298",13214
2015010.000,"C",TF ,8/24/2015,12/28/2015,True,"Clean ATP - Webster School","Webster Area School District","102 East 9th Avenue",Webster,57274,Day,45.334,-97.51795,,,,"null","null","null","null","null",,"Other(See Case File)","ATP","Other(See Case File)","UST","False","No Release",3480,"8088",,"null","301",13456
2015028.000,"C",TF ,11/2/2015,12/28/2015,True,"Clean ATP - Dacotah Bank","Dacotah Bank","506 Main Street",Roslyn,57261,Day,45.4964142,-97.49133,,,,"null","null","null","null","null",,"Other(See Case File)","ATP","Commercial","UST","False","No Release",3502,"8120",,"null","302",13539
2016002.000,"C",TF ,1/5/2016,2/9/2016,True,"Clean ATP - Pierpont Apartments","John Meyer","221 North 2nd",Pierpont,57468,Day,45.4961624,-97.8312149,,,,"null","null","null","null","null",,"Other(See Case File)","ATP","Residential","UST","False","No Release",3521,"8158",,"null","302",13585
2020005.000,"C",KF ,8/17/2020,10/29/2020,True,"Clean ATP - Webster DOT","South Dakota Department of Transportation","US Hwy 12, 1.5 mi W of Webster",Webster,57270,Day,45.34031,-97.54674,,,,"null","null","null","null","null",,"Petroleum","ATP","Public","UST","True","No Release",3679,"8488",,"null","null",14818
2020006.000,"C",KF ,8/17/2020,10/29/2020,True,"Clean ATP - Sikkink Property","Scott Sikkink","15179 440th Avenue",Webster,57274,Day,45.1838264,-97.41461,,,,"null","null","null","null","null",,"Petroleum","ATP","Agricultural","UST","False","No Release",3694,"8507",,"null","null",14819