id,status,r1,date_rep,date_close,image,site_name,resp_party,street,city,zip_code,county,latitude,longitude,township,range,section,secq1,acreage,instctrls,material,amount,units,spill_cat,site_type,proptype,sor_type,regulated,cause_type,atp_no,prcfnumber,ag_no,solidwaste,microroll,siteid
89.167,"C",DP,7/26/1989,1/17/1992,True,"Mid-America Dairymen, Inc. - Tank System Removal","Mid-American Dairymen, Inc.","Main & First",Pollock,57648,Campbell,45.8990135,-100.287308,120N,78W,16,"SW","0.00","","Gasoline Unleaded                                 ","0.00000",,"Petroleum","Other(See Case File)","Industrial","UST","True","Leaks and Spills",,"0096",,"","",1056
90.154,"C",BL,5/7/1990,5/18/1992,True,"Herreid Equity Exchange - Tank Removals","Herreid Equity Exchange","Hwy 83 (Main)",Herreid,57632,Campbell,45.8318825,-100.068878,,,,"","0.00","","Petroleum                                         ","0.00000",,"Petroleum","Other(See Case File)","Commercial","UST","True","Leaks and Spills",,"1367",,"","",1389
90.170,"C",JG,5/11/1990,6/14/1996,True,"Huber and Son Implement Site","Bob Huber","118 Main South",Herreid,57632,Campbell,45.8319664,-100.069534,127N,76W,,"","0.00","","Petroleum                                         ","0.00000",,"Petroleum","Other(See Case File)","Commercial","UST","True","Leaks and Spills",,"1368",,"","",1405
90.283,"C",KM,7/6/1990,8/15/1990,True,"Mid-America Dairymen - Line Leak","Mid-America Dairymen Inc.","Main St. and 1st Av.",Pollock,57648,Campbell,45.8999519,-100.285423,120N,78W,16,"SW","0.00","","Fuel Oil                                          ","1000.00000",gallons,"Petroleum","Other(See Case File)","Commercial","UST","False","Line Leak",,"575",,"","",1518
91.257,"C",RC,6/12/1991,7/7/1995,True,"R C Service","Rick Chewakin","Main St. & A Avenue",Pollock,57648,Campbell,45.8989372,-100.285942,,,,"","0.00","","Gasoline                                          ","0.00000",,"Petroleum","Other(See Case File)","Commercial","UST","True","Corrosion",,"1514",,"","",2147
91.613,"NFA",NS,12/18/1991,8/6/2007,True,"Wilbert Moser Service - Line Leaks","Wilbert Moser","Hwy. 10 & Hwy. 1804",Pollock,57648,Campbell,45.899868,-100.288078,,,,"","0.00","","Petroleum                                         ","0.00000",,"Petroleum","Other(See Case File)","Commercial","UST","True","Line Leak",,"1896",,"","253",2503
91.621,"C",JN,12/20/1991,7/16/2001,True,"Goehring Oil Company","Lester Goehring","Hwy. 83 & 115th St",Mound City,57646,Campbell,45.72445,-100.068573,,,,"","0.00","","petroleum                                         ","0.00000",,"Petroleum","Other(See Case File)","Commercial","UST","True","Leakage",,"1948",,"","200",2511
92.013,"C",KM,1/13/1992,12/14/1992,True,"Cass Clay  Transport Event","Charles Davis","Highway 83",Mound City,57646,Campbell,45.65897,-100.06884,,,,"","0.00","","Milk                                              ","20000.00000",gallons,"Other","Other(See Case File)","Other(See Case File)","Transport Truck","False","Overturned",,"null",,"","",2603
92.055,"C",KM,2/27/1992,4/28/1992,True,"Dennis Martin  - Transport Event","Dennis Martin","Highway 83, 1 m S of ND border",Herreid,57632,Campbell,45.9272766,-100.069054,128N,76,5,"SW","0.00","","permeate                                          ","7000.00000",,"Agri Chem","Other(See Case File)","Other(See Case File)","Transport Truck","False","Transport Accident",,"null",,"","",2645
93.067,"C",JA,3/29/1993,4/27/1993,True,"D.D. Jenssen Construction Transport Event","Dirvin Jenssen","Highway 83 .25 miles N of MM 220",Mound City,57646,Campbell,45.64652,-100.06897,,,,"","0.00","","Diesel                                            ","25.00000",gallons,"Petroleum","Other(See Case File)","Other(See Case File)","Truck Tank","False","Transport Accident",,"null",,"","",3082
93.109,"C",TK,5/11/1993,11/4/1993,True,"Border States Paving","Border States Paving","Highway 1804",Pollock,57648,Campbell,45.9129448,-100.29657,128N,78,17,"NE","0.00","","Emulsion Oil                                      ","0.00000",,"Oil","Other(See Case File)","Commercial","AST","True","Overturned",,"null",,"","",3124
93.234,"NFA",JPA,7/22/1993,9/1/2009,True,"Senftner Chevrolet & Pontiac (also 2001.988)","Senftner and Wolf Oil","101 South Main Street  (NE at Main and 1st)",Herreid,57632,Campbell,45.8339424,-100.06884,,,,"","0.00","","Gasoline                                          ","0.00000",,"Petroleum","Other(See Case File)","Commercial","UST","True","Leakage",,"2502",,"","192,266,269,294",3249
93.281,"C",JA,8/31/1993,12/29/1993,True,"Burger Trucking Transport Event","Bryan Berger","Hwy 83    2 1/2 N",Herreid,57632,Campbell,45.8762169,-100.069054,128N,76W,29,"","0.00","","Diesel                                            ","90.00000",gallons,"Petroleum","Other(See Case File)","Other(See Case File)","Truck Tank","False","Transport Accident",,"null",,"","",3296
93.294,"C",TK,9/15/1993,10/8/1993,True,"Mid-America Dairymen","Mid America Dairymen Inc.","Hwy 10, 1/2 mile E. of Town",Pollock,57648,Campbell,45.89947,-100.275841,128N,78,15,"SW","0.00","","Whey Permeate                                     ","12000.00000",,"Other(See Case File)","Other(See Case File)","Industrial","Operating System","False","Line Leak",,"null",,"","",3309
94.232,"C",JA,8/9/1994,10/20/1994,True,"Action Moving and Storage Transport Event","Action Moving and Storage","3 miles N. of Town on US 83",Mound City,57646,Campbell,45.77097,-100.0689,,,,"","0.00","","Diesel                                            ","80.00000",gallons,"Petroleum","Other(See Case File)","Other(See Case File)","Truck Tank","False","Transport Accident",,"null",,"","",3767
94.358,"C",TK,10/27/1994,1/25/1995,True,"Thorstenson Trucking  Transport Event","Norman Thorstenson","6 S. & 1 1/2 W",Mound City,57646,Campbell,45.6375237,-100.100571,,,,"","0.00","","Diesel                                            ","30.00000",gallons,"Petroleum","Other(See Case File)","Other(See Case File)","Truck Tank","False","Transport Accident",,"null",,"","",3893
96.105,"C",TK,4/26/1996,5/1/1996,True,"Mid America - Milk Silo Leak","Mid America Dairymen","Main Plant, North Side",Pollock,57648,Campbell,45.90038,-100.285339,,,,"","0.00","","Milk                                              ","1000.00000",gallons,"Other","Other(See Case File)","Industrial","AST","False","Leakage",,"null",,"","232",4415
96.321,"C",TK,11/15/1996,1/21/1997,True,"Mid America Dairymen","Mid America Dairymen","668 Main Street",Pollock,57648,Campbell,45.9001923,-100.285278,128N,78W,16,"SE","0.00","","Anhydrous Ammonia                                 ","0.00000",,"Agri Chem","Other(See Case File)","Industrial","Operating System","False","Valve Leak",,"null",,"","",4631
98.346,"C",LAS,11/12/1998,8/24/1999,True,"Truck Accident","Daniel Chadwick Trucking","Highway 83  MM 221.6",Mound City,57646,Campbell,45.6665535,-100.068558,,,,"","0.00","","diesel fuel                                       ","150.00000",,"Petroleum","Other(See Case File)","Other(See Case File)","Truck Tank","False","Transport Accident",,"null",,"","203",5454
99.308,"C",NS,11/2/1999,8/17/2000,True,"County Highway Shop - Tank Removals","Campbell County","Southwest Corner of 3rd and Spring Streets",Mound City,57646,Campbell,45.7271,-100.070816,126N,76W,18,"","0.00","","diesel fuel                                       ","0.00000",,"Petroleum","Other(See Case File)","Other(See Case File)","UST","True","Overfills/Spillage",,"3814",,"","",5855
2001.988,"NFA",JPA,11/14/2001,9/1/2009,True,"ATP - Herreid Sporting Center (also 93.234)","John Ochsner","SE at 3rd & Main / Hwy 83",Herreid,57632,Campbell,45.8356857,-100.068619,127N,76W,8,"NW","0.00","","Petroleum                                         ","0.00000",,"Petroleum","ATP","Commercial","UST","True","Leakage",167,"4086",,"","208,266,270,294",7270
2002.303,"C",KM,9/17/2002,1/10/2003,True,"ATP - Wittmeier Property","Wilma Wittmeier","504 B Avenue",Pollock,57648,Campbell,45.90261,-100.289642,,,,"","0.00","","Fuel Oil                                          ","0.00000",,"Petroleum","ATP","Residential","UST","False","Spillage",2287,"6217",,"","217",7584
2005.243,"NFA",KH,12/19/2005,1/17/2006,True,"ATP - Grenz Farm","Gregory Grenz","11029 319th Avenue",Eureka,57437,Campbell,45.79174,-99.80283,,,,"","0.00","","petroleum                                         ","0.00000",,"Petroleum","ATP","Other(See Case File)","UST","False","Leakage",2892,"6939",,"","244",10410
2007.118,"NFA",RL,8/11/2007,10/8/2007,True,"Whey Spill @ Dairy Concepts","D&R Transfer","104 Main Street",Pollock,57648,Campbell,45.8996468,-100.285164,,,,"","0.00","","Whey                                              ","1500.00000",gallons,"Other(See Case File)","Other(See Case File)","Industrial","Transport Tank","False","Damage",,"null",,"","255",10964
2008.144,"NFA",RL,7/29/2008,2/6/2009,True,"Overturned Transport","North Central Farmers Elevator","Hwy 10 & 316th Ave",Mound City,57646,Campbell,45.76715,-99.8619843,126N,75,2,"NE","0.00","","Dry Fertilizer                                    ","15.00000",tons,"Agri Chem","Other(See Case File)","Agricultural","Transport Trailer","False","Transport Accident",,"null",08T072928,"","264",11230
2008.213,"C",RL,11/7/2008,12/5/2008,True,"Milk Spill @ Dairy Concepts","Pollock Transport Inc.","104 Main / Hwy 10",Pollock,57648,Campbell,45.8997269,-100.284821,,,,"","0.00","","Milk                                              ","100.00000",gallons,"Other(See Case File)","Other(See Case File)","Industrial","Transport Tank","False","Transport Accident",,"null",,"","260",11314
2009.170,"C",RL,11/12/2009,12/11/2009,True,"Transfer Line Failure - DairiConcepts","DairiConcepts","104 Main Street",Pollock,57648,Campbell,45.90054,-100.285217,,,,"","0.00","","Whey                                              ","0.00000",,"Other(See Case File)","Other(See Case File)","Industrial","Operating System","False","Line Leak",,"null",,"","272",11545
2010.211,"NFA",JPA,9/16/2010,7/1/2015,True,"Petroleum Odor - SD DOT Project","Unknown","Hwy 83/Main between 1st & 2nd St",Mound City,57646,Campbell,45.7259178,-100.068672,126,76,17,"","0.00","","Petroleum                                         ","0.00000",,"Petroleum","Lust Trust","Commercial","Off Site Source","True","Leakage",,"null",,"","299,300",11809
2011.011,"NFA",NS,1/24/2011,6/15/2017,True,"Anonymous Complaint - Pump Leaks - Bobs Wrench House","Robert Lutz, Bob's Wrench House","107 Main Street N",Artas,57437,Campbell,45.88643,-99.8070755,,,,"","0.00","","Gasoline                                          ","0.00000",,"Petroleum","Other(See Case File)","Commercial","AST","True","Dispenser Leak",,"7664",,"","",11913
2011.061,"NFA",BM,4/18/2011,1/27/2012,True,"DairiConcepts Fuel Oil Spill","DairiConcepts","104 Main Street",Pollock,57648,Campbell,45.8997536,-100.285194,,,,"","0.00","","Fuel Oil #6                                       ","120.00000",gallons,"Petroleum","Other(See Case File)","Other(See Case File)","AST","False","Handling",,"null",,"","",11963
2012.002,"C",RL,1/3/2012,1/13/2012,True,"Whey Line Break - DairiConcepts","DairiConcepts LP","104 Main Street",Pollock,57648,Campbell,45.9005737,-100.285355,,,,"","0.00","","Whey                                              ","0.00000",,"Other(See Case File)","Other(See Case File)","Industrial","Operating System","False","Line Leak",,"null",,"","281",12142
2012.202,"C",TF,10/11/2012,12/31/2012,True,"ATP - Mound City Development Corp.","Mound City Development Corporation","210 Main Street North",Mound City,57632,Campbell,45.72557,-100.068413,,,,"","0.00","","Fuel Oil                                          ","0.00000",,"Petroleum","ATP","Commercial","UST","False","Leakage",3264,"7733",,"","289",12483
2014.093,"C",KN,5/16/2014,8/4/2014,True,"Haefner - Tractor Fire","John Haefner","121st Street, approx 7.4 miles W of Hwy 83",Mound City,57646,Campbell,45.63793,-100.219688,,,,"","0.00","","Diesel                                            ","100.00000",gallons,"Petroleum","Other(See Case File)","Other(See Case File)","Equipment","False","Fire Event",,"null",,"","297",13018
2015.133,"C",RL ,7/10/2015,7/21/2015,True,"Fuel Spill at DairiConcepts","Wayne Transports","104 Main Street - NE of plant",Pollock,57648,Campbell,45.900898,-100.285538,,,,"null","null","null","Fuel Oil #6                                       ","40.00000",gallons,"Petroleum","Other(See Case File)","Industrial","Transport Tank","False","Equipment Failure",,"null",,"null","300",13421
2015.166,"NFA",JPA,8/21/2015,1/14/2016,True,"Line Leak - Herreid School","Herreid School District","302 North Main Street (SW at 4th and Main/Hwy 83)",Herreid,57632,Campbell,45.83666,-100.07,,,,"null","null","null","Fuel Oil                                          ","null",,"Petroleum","Other(See Case File)","Other(See Case File)","UST","False","Line Leak",,"8140",,"null","301",13460
2016.136,"NFA",RL ,7/18/2016,7/21/2016,True,"Transport Event - Diesel Spill","Unknown","Hwy 83, approx 200yds N of 122nd St",Mound City,57646,Campbell,45.62464,-100.06575,,,,"null","null","null","Diesel                                            ","60.00000",gallons,"Petroleum","Other(See Case File)","Other(See Case File)","Portable Tank","False","Transport Accident",,"null",,"null","null",13726
2016.172,"C",RL ,9/21/2016,10/21/2016,True,"Whey Concentrate Spill - DairiConcepts","DairiConcepts LP","104 Main Street",Pollock,57648,Campbell,45.90003,-100.285751,,,,"null","null","null","Whey Protein Concentrate","900.00000",gallons,"Other(See Case File)","Other(See Case File)","Industrial","Operating System","False","Equipment Failure",,"null",,"null","null",13773
2018.030,"C",RL ,3/1/2018,3/13/2018,True,"Fuel  Spill at DairiConcepts","Wayne Transports","104 Main Street",Pollock,57648,Campbell,45.9006348,-100.285454,,,,"null","null","null","Residuum Vacuum / Fuel Oil","75.00000",gallons,"Petroleum","Other(See Case File)","Industrial","Transport Trailer","False","Disconnected Hose ",,"null",,"null","null",14208
2018.177,"C",RL ,10/4/2018,10/16/2018,True,"Glycol Mixture Release - DairiConcepts","DairiConcepts LP","104 Main Street",Pollock,57648,Campbell,45.90039,-100.284821,,,,"null","null","null","Glycol                      ","40.00000",gallons,"Chemical","Other(See Case File)","Industrial","Operating System","False","Equipment Failure",,"null",,"null","null",14369
2019.168,"C",JAM,9/16/2019,11/1/2019,True,"Ammonia Release - Dairiconcepts - Pollock","Dairiconcepts","104 Main Street",Pollock,57648,Campbell,45.9002,-100.284935,,,,"null","null","null","Ammonia                                           ","150.00000",gallons,"Other(See Case File)","Other(See Case File)","Industrial","Equipment","False","Pressure Spike",,"null",,"null","null",14612
2020.158,"C",KF ,10/21/2020,1/11/2021,True,"ATP - Wittmeier Property","Michael Wittmeier","30074 SD Highway 10",Pollock,57348,Campbell,45.9134,-100.180626,,,,"null","null","null","Gasoline                                          ","null",,"Petroleum","ATP","Residential","UST","False","Unknown",3693,"8506",,"null","null",14875
2021.120,"C",GK,8/5/2021,9/9/2021,True,"Pollock - Surfacing Whey","Dairy Farmers of America","81 SD-10",Pollock,57648,Campbell,45.89875,-100.275589,,,,"null","null","null","Whey Cream                            ","443.00000",gallons,"Other(See Case File)","Other(See Case File)","Industrial","Pipeline","False","Damaged Pipe ",,"null",,"null","null",15036
2022.061,"NFA",GK,4/20/2022,6/16/2022,True,"Pollock Dairiconcepts Milk Release","Dairiconcepts","104 Main Street",Pollock,57648,Campbell,45.900032,-100.285751,128N,78W,16,"SW1/4","null","null","Milk                                              ","155000.00000",Lbs,"Other(See Case File)","Other(See Case File)","Commercial","Tank","False","Equipment Failure",,"null",,"null","null",15205
2022.203,"C",JPA,12/6/2022,12/19/2022,True,"ATP - Campbell County Hwy Shop","Campbell County","201 3rd Street NW",Mound City,57646,Campbell,45.72751,-100.070518,,,,"null","null","null","Diesel                                            ","null",,"Petroleum","ATP","Other(See Case File)","UST","True","Leaks and Spills",3769,"8627",,"null","null",15363
2023.065,"C",JAM,5/30/2023,6/13/2023,True,"Pipe Leak - Whey Waste","Dairy Farmers of America","104 SD Highway 10",Pollock,57648,Campbell,45.8998222,-100.285477,,,,"null","null","null","Whey Protein Concentrate","250.00000",gallons,"Other(See Case File)","Other(See Case File)","Industrial","Pipeline","False","Line Leak",,"null",,"null","null",15452
9999.279,"W",,8/6/2020,,True,"Withdrawn ATP - Herreid School","Herreid School District","302 North Main Street",Herreid,57632,Campbell,45.83648,-100.070206,,,,"null","null","null","Fuel Oil","null",,"Petroleum","Withdrawn ATP","Public","UST","False","No Tank Removed",,"8528",,"null","null",14805
93012.000,"C",TK,11/23/1993,1/5/1994,True,"Tony Hahne - Point of View Resort","Tony Hahne","Resort  E side of  Missouri River",Herreid,57632,Campbell,45.8281937,-100.358467,,,,"","0.00","","                                                  ","0.00000",,"Other(See Case File)","Clean Site","Commercial","Past Practices","True","No Release",,"null",,"","",8458
95043.000,"C",KM,3/23/1995,3/23/1995,True,"SD Department of Transportation (SD DOT)","SD Department of Transportation (SD DOT)","Maintenance Shop, 3rd & Spring",Mound City,57646,Campbell,45.7275352,-100.070557,126N,76W,18,"SE","0.00","","                                                  ","0.00000",,"Other(See Case File)","Clean Site","Public","UST","True","No Release",,"2719",,"","",8603
2001991.000,"C",KM,11/15/2001,4/16/2002,True,"Clean ATP - Bohlander Farm","Ben Bohlander","296 Avenue",Glenham,57631,Campbell,45.6035843,-100.249222,125,78,35,"NW","0.00","","                                                  ","0.00000",,"Other(See Case File)","ATP","Agricultural","UST","False","No Release",1389,"5323",,"","206",9855
2001992.000,"C",KM,11/15/2001,4/16/2002,True,"Clean ATP - Johnson Property","Loren Johnson","30030 SD Highway 10",Pollock,57648,Campbell,45.9135,-100.186974,128,77,8,"","0.00","","                                                  ","0.00000",,"Other(See Case File)","ATP","Agricultural","UST","False","No Release",1427,"5360",,"","206",9856
2001993.000,"C",KM,11/15/2001,4/16/2002,True,"Clean ATP - Knoepfle Property","Leslie Knoepfle","32125 109th Street",Artas,57437,Campbell,45.8092537,-99.75279,,,,"","0.00","","                                                  ","0.00000",,"Other(See Case File)","ATP","Agricultural","UST","False","No Release",1873,"5844",,"","206",9857
2002194.000,"C",KM,8/15/2002,2/10/2003,True,"Clean ATP - Oster Property","Gary Oster","10994 322nd Avenue",Eureka,57437,Campbell,45.7968864,-99.73685,,,,"","0.00","","                                                  ","0.00000",,"Other(See Case File)","ATP","Agricultural","UST","False","No Release",2594,"6530",,"","220",10053
2004001.000,"C",KM,11/20/2003,1/27/2004,True,"Clean ATP - Lutz Farms","Kip Lutz","12313 318th Avenue",Java,57452,Campbell,45.6057167,-99.82086,,,,"","0.00","","                                                  ","0.00000",,"Other(See Case File)","ATP","Agricultural","UST","False","No Release",2717,"6673",,"","225,",10213
2012022.000,"C",TF,10/11/2012,11/30/2012,True,"Clean ATP - School Bus Garage","Mound City","349 Campbell Street",Mound City,57646,Campbell,45.72681,-100.07193,,,,"","0.00","","                                                  ","0.00000",,"Other(See Case File)","ATP","Other(See Case File)","UST","True","No Release",3263,"7734",,"","289",12480
2013016.000,"C",TF,10/1/2013,1/9/2014,True,"Clean ATP - Hinzman Property","Dennis Hinzman","927 F Avenue",Pollock,57648,Campbell,45.89899,-100.292366,,,,"","0.00","","                                                  ","0.00000",,"Other(See Case File)","ATP","Residential","UST","False","No Release",3321,"7828",,"","296",12792
2013034.000,"C",TF,11/21/2013,1/9/2014,True,"Clean ATP - Former Station Site","Sandra Bauer","287 Main Street N",Mound City,57646,Campbell,45.72614,-100.069107,,,,"","0.00","","                                                  ","0.00000",,"Other(See Case File)","ATP","Commercial","UST","True","No Release",3365,"7880",,"","296",12858
2016018.000,"C",TF ,11/28/2016,1/11/2017,True,"Clean ATP - Assembly of God Church","Assembly of God Church","512 Elm Street NW",Herreid,57632,Campbell,45.8386879,-100.071144,,,,"null","null","null","null","null",,"Other(See Case File)","ATP","Other(See Case File)","UST","False","No Release",3556,"8235",,"null","null",13817
2020016.000,"C",KF ,10/21/2020,1/11/2021,True,"Clean ATP - Huber & Son","Huber & Son","208 Main Street South",Herreid,57632,Campbell,45.8313,-100.069534,,,,"null","null","null","null","null",,"Petroleum","ATP","Commercial","UST","False","No Release",3692,"8505",,"null","null",14870
2023011.000,"C",JPA,12/14/2023,12/19/2023,True,"Clean ATP - Heckelsmiller Property","Donna Heckelsmiller","612 C Avenue",Pollock,57648,Campbell,45.90146,-100.290543,,,,"null","null","null","null","null",,"Other(See Case File)","ATP","Residential","No Release","False","No Release",3802,"8673",,"null","null",15581