id,status,r1,date_rep,date_close,image,site_name,resp_party,street,city,zip_code,county,latitude,longitude,township,range,section,secq1,acreage,instctrls,material,amount,units,spill_cat,site_type,proptype,sor_type,regulated,cause_type,atp_no,prcfnumber,ag_no,solidwaste,microroll,siteid
74.006,"C",KM,6/17/1973,7/20/2000,True,"Tesoro Oil Spill - Transportation Event","Tesoro Oil","Highway 16 - 8.3 miles E of Wyoming line",Custer,57730,Custer,43.7234421,-103.907043,,,,"","0.00","","JP-4                                              ","4000.00000",gallons,"Petroleum","Other(See Case File)","Other(See Case File)","Transport Trailer","False","Transport Accident",,"null",,"","232",12
77.009,"C",KM,10/27/1977,7/20/2000,True,"Transport Event","Standard Oil","Highway 36 - nine miles west of Hwy 79 & Hwy 36 Junction",Hermosa,57744,Custer,43.7718048,-103.334373,,,,"","0.00","","gasoline                                          ","4000.00000",gallons,"Petroleum","Other(See Case File)","Other(See Case File)","Transport Trailer","False","Transport Accident",,"null",,"","237",27
78.005,"C",KM,4/10/1978,7/20/2000,True,"Transport Event - Johnson's Fuel Liners","Johnson' s Fuel Liners","Highway 79 (2 mi S of Hermosa)",Hermosa,57744,Custer,43.8071365,-103.209557,,,,"","0.00","","gasoline                                          ","4200.00000",gallons,"Petroleum","Other(See Case File)","Other(See Case File)","Transport Trailer","False","Fire Event",,"null",,"","237",32
79.006,"C",KM,5/25/1979,7/20/2000,True,"Transport Event","Johnson's Fuel Liners","Highway 16, 16 mi. east of Custer",Custer,57730,Custer,43.772316,-103.339783,,,,"","0.00","","fuel                                              ","1500.00000",gallons,"Petroleum","Other(See Case File)","Other(See Case File)","Transport Trailer","False","Transport Accident",,"null",,"","237",41
82.044,"C",KM,2/26/1982,7/20/2000,True,"Prewitt Cattle Company Truck Accident","Prewitt Cattle Company","French Creek (downtown Custer)",Custer,57730,Custer,43.76495,-103.597755,,,,"","0.00","","Gasoline, Oil","0.00000",,"Combined(See Case File)","Other(See Case File)","Other(See Case File)","Transport Truck","False","Accident",,"null",,"","237",104
84.019,"C",JA,3/13/1984,2/2/1993,True,"Leon Malcom - Lindsay Transportation","Lindsay Transportation","Hwy. 16, .5 mi  E of Jewel Cave Park",Custer,57730,Custer,43.73792,-103.819405,3S,3E,31,"","0.00","","Diesel                                            ","70.00000",gallons,"Petroleum","Other(See Case File)","Other(See Case File)","Truck Tank","False","Transport Accident",,"null",,"","",190
84.026,"C",LB,4/20/1984,2/16/1993,True,"Burlington Northern Railroad (BNSF) - Derail","(BNSF) Burlington Northern Santa Fe","Rail, 2.6 mi. N. of Burdock",Dewey,57620,Custer,43.4863663,-104.013481,,,,"","0.00","","Diesel                                            ","2000.00000",gallons,"Petroleum","Other(See Case File)","Other(See Case File)","Locomotive","False","Derail",,"null",,"","",197
84.039,"C",TK,5/12/1984,7/15/1993,True,"Kaiser Farnsworth Permian - Transport Leak","Unknown","12 mile stretch on Hwy. 16",Custer,57730,Custer,43.7234535,-103.90773,,,,"","0.00","","Crude Oil                                         ","200.00000",gallons,"Oil","Other(See Case File)","Other(See Case File)","Transport Truck","False","Leakage",,"null",,"","",210
85.003,"C",SH,1/16/1985,5/10/2006,True,"Petroleum Contamination - Private Water Well","Unknown","Southeast of Custer",Custer,57730,Custer,43.75156,-103.579643,3S,4E,36,"","0.00","","Fuel                                              ","0.00000",,"Petroleum","Source Water","Residential","Unknown(See Case File)","False","Unknown",,"null",,"","245",271
85.060,"C",TK,7/11/1985,3/17/1993,True,"Suspected Clandestine Drug Lab Site - see file","Unknown","Location Unknown",Pringle,57773,Custer,43.6073265,-103.590942,,,,"","0.00","","Red Phosphorus                                    ","110.00000",gallons,"Chemical","Other(See Case File)","Other(See Case File)","Containers","False","Handling",,"null",,"","266",328
87.004,"C",KM,1/22/1987,6/30/2000,True,"Amoco Oil - Bulk Facility - Damaged Pump","Gary Gregerson","South 4th Street",Custer,57730,Custer,43.7642021,-103.601234,,,,"","0.00","","Gasoline                                          ","50.00000",gallons,"Petroleum","Other(See Case File)","Commercial","AST","True","Dispenser Leak",,"null",,"","",469
87.083,"NFA",KM,8/14/1987,3/3/2006,True,"CERCLIS - Spokane Mine","US Forest Service","SE of Rushmore near Custer State Park",Keystone,57751,Custer,43.84345,-103.388435,2S,6E,27,"SW","0.00","","Sulfur                                            ","0.00000",,"Chemical","CERCLIS","Industrial","Production Waste","False","Handling",,"null",,"","244",548
88.097,"C",KM,7/1/1988,2/2/1993,True,"Rental Property (see 85.003)","Unknown","Legal - R8, Lot B,",Custer,57730,Custer,43.75653,-103.5824,3S,4E,25,"SE","0.00","","Gasoline                                          ","0.00000",,"Petroleum","Other(See Case File)","Residential","AST","False","Leakage",,"null",,"","234",701
88.109,"C",KM,7/14/1988,5/11/1993,True,"Independent Mining Operation","Independent Mining Operation","Independent Mining Operation",Custer,57730,Custer,43.76004,-103.621613,,,,"","0.00","","Equipment Oil                                  ","200.00000",gallons,"Chemical","Other(See Case File)","Industrial","Equipment","False","Leakage",,"null",,"","234",713
88.178,"NFA",SH,9/19/1988,5/11/2009,True,"City of Custer - City Shop","City of Custer","South 3rd Street",Custer,57730,Custer,43.7645035,-103.6031,3S,4E,26,"NE","0.00","","Gasoline                                          ","800.00000",gallons,"Petroleum","Combined(See Case File)","Public","UST","True","Leakage",,"124",,"","262",780
89.006,"C",TK,1/10/1989,3/28/1991,True,"Nelson's Oil & Gas - Diesel Spill","Jack Nelson","South of Custer on Hwy 385",Custer,57730,Custer,43.7542877,-103.612663,,,,"","0.00","","Diesel                                            ","7.00000",gallons,"Petroleum","Other(See Case File)","Other(See Case File)","Transport Truck","False","Operator Error",,"null",,"","",897
89.165,"C",BN,7/25/1989,6/30/2000,True,"Jewel Cave Maintenance Shop (same as 89.168)","U.S. Park Service","Jewel Cave Maintenance Shop",Custer,57730,Custer,43.7317657,-103.828049,4N,2E,1,"SE","0.00","","Gasoline                                          ","0.00000",,"Petroleum","Federal","Public","UST","True","Line Leak",,"null",,"","",1054
89.168,"C",BN,7/26/1989,6/30/2000,True,"Gasoline Spill - Vent Line Spill","US National Parks Department","1/4 mi  N of  Wind Cave Visitor Center",Pringle,57773,Custer,43.55745,-103.479446,6S,5E,1,"","0.00","","Gasoline                                          ","0.00000",,"Petroleum","Federal","Other(See Case File)","UST","True","Line Leak",,"0656",,"","237",1057
90.102,"C",KM,4/9/1990,8/15/1990,True,"Larry's Inc - Transport Event","Larry's Incorporated","Hwy 26, 1 mi W. of Jewel Cave",Custer,57730,Custer,43.7373657,-103.847229,4S,2E,2,"NE","0.00","","Diesel                                            ","40.00000",gallons,"Petroleum","Other(See Case File)","Other(See Case File)","Truck","False","Transport Accident",,"null",,"","",1337
90.219,"C",SH,6/5/1990,2/1/1991,True,"Ranchers Feed and Seed - Tank Replacements","Eben Streeter","1st & Main",Buffalo Gap,57722,Custer,43.4916573,-103.310715,,,,"","0.00","","Gasoline                                          ","0.00000",,"Petroleum","Other(See Case File)","Commercial","UST","True","Spillage",,"1026",,"","",1454
90.225,"NFA",BW,6/8/1990,1/26/2008,True,"CERCLIS - Evans Post and Pole","Anna Evans","SE @ Hwy 385 and Shirttail Canyon Road",Pringle,57773,Custer,43.6058235,-103.582985,,,,"","0.00","","Copper Chromated Arsenic                        ","2.00000",gallons,"Chemical","CERCLIS","Industrial","AST","True","Overfill",,"null",,"","273",1460
90.272,"C",NS,6/25/1990,7/1/2004,True,"Kruse Property - Former Service Station","Daniel Kruse","322 Mt. Rushmore Rd.",Custer,57730,Custer,43.7633,-103.609894,,,,"","0.00","","Petroleum                                         ","0.00000",,"Petroleum","Other(See Case File)","Commercial","UST","False","Spillage",,"1360",,"","232",1507
90.277,"C",KM,7/3/1990,10/2/1990,True,"Jacobsma Trans - Transport Event","Craig Jacobsma","Hwy. 16, Mile 15",Custer,57730,Custer,43.737278,-103.81636,,,,"","0.00","","Diesel                                            ","76.00000",gallons,"Petroleum","Federal","Other(See Case File)","Truck Tank","False","Overturned",,"null",,"","",1512
90.298,"C",SH,7/12/1990,11/19/1991,True,"Gregson Oil Company - Loading Dock","Gregson Oil Company","South Fourth Street",Custer,57730,Custer,43.7643051,-103.601311,3S,4E,26,"NE","0.00","","Gasoline                                          ","0.00000",,"Petroleum","Other(See Case File)","Commercial","AST","True","Leaks and Spills",,"1363",,"","",1533
90.392,"C",DP,8/27/1990,3/5/1993,True,"Custer Development Center","Custer Development Center","Highway 385, 5 Mi S.",Custer,57730,Custer,43.70364,-103.59938,,,,"","0.00","","Petroleum                                         ","0.00000",,"Petroleum","Other(See Case File)","Other(See Case File)","AST","False","Overfill",,"1094",,"","",1627
90.474,"C",TK,10/1/1990,4/30/1991,True,"USDA Forest Service - Teepee Work Center","USDA Forest Service","Teepee Road (S of Hwy 16 between mm7 & 8)",Custer,57730,Custer,43.72263,-103.9325,4,2,7,"","0.00","","Petroleum                                         ","0.00000",,"Petroleum","Federal","Other(See Case File)","UST","True","Spillage",,"1155",,"","",1709
91.110,"C",JN,3/26/1991,9/2/1994,True,"Custer Conoco","Nelson Oil & Gas","Crook & 5th",Custer,57730,Custer,43.7670441,-103.601212,,,,"","0.00","","Gasoline                                          ","0.00000",,"Petroleum","Other(See Case File)","Commercial","UST","True","Corrosion",,"1426",,"","",2000
91.125,"I",MV,4/4/1991,3/8/1996,True,"SD Game Fish & Parks  (SD GF&P)","SD Game Fish & Parks   (SD GF&P)","Jeep Garage: near State Game Lodge",Custer,57730,Custer,43.76393,-103.3803,3S,6E,27,"","0.00","","Gasoline                                          ","0.00000",,"Petroleum","Other(See Case File)","Public","UST","True","Leakage",,"1433",,"","",2015
91.126,"C",KD,4/4/1991,7/23/1991,True,"Game Fish & Parks  (SD GF&P)","SD Game Fish & Parks   (SD GF&P)","Fire Station near State Game Lodge",Custer,57730,Custer,43.764225,-103.382996,3S,6E,27,"","0.00","","Gasoline                                          ","0.00000",,"Petroleum","Other(See Case File)","Public","UST","True","Spillage",,"1434",,"","",2016
91.220,"C",TK,3/25/1991,6/23/1992,True,"Transport Accident near Jewel Cave","Universal Transport Inc",".7 miles E of MM 14, Hwy 16",Custer,57730,Custer,43.736496,-103.820045,,,,"","0.00","","Diesel                                            ","15.00000",gallons,"Petroleum","Federal","Public","Transport Truck","False","Overturned",,"null",,"","",2110
91.311,"C",MV,7/17/1991,7/6/1994,True,"Custer Park - Stockade Lake","SD Game Fish & Parks  (SD GF&P)","East side of Stockade Lake",Custer,57730,Custer,43.76713,-103.509705,3S,5E,22,"","0.00","","Gasoline                                          ","0.00000",,"Petroleum","Other(See Case File)","Other(See Case File)","UST","True","Dispenser Leak",,"1544",,"","",2201
91.335,"C",SH,12/12/1991,1/19/1994,True,"Rushmore Resort and Campground - Tank Replacements","Jack Bradt","Hwy 16A",Keystone,57751,Custer,43.8544464,-103.409271,2S,6E,21,"S","0.00","","Gasoline                                          ","0.00000",,"Petroleum","Other(See Case File)","Commercial","UST","True","Corrosion",,"1881",,"","",2225
91.389,"C",KM,8/27/1991,10/31/1991,True,"Brite X Mine","Pacer Corporation","W of Highway 16 and 385",Custer,57730,Custer,43.8458633,-103.651474,2,4,28,"SW","0.00","","Diesel                                            ","40.00000",gallons,"Petroleum","Other(See Case File)","Other(See Case File)","Equipment","False","Tank Failure",,"null",,"","234",2279
91.408,"C",RP,8/29/1991,7/14/1992,True,"SD Developmental Center","SD Office of State Engineer","Hwy 385, ~5 miles South of Custer",Custer,57730,Custer,43.7042656,-103.59996,,,,"","0.00","","gasoline                                          ","0.00000",,"Petroleum","Other(See Case File)","Public","UST","True","Overfills/Spillage",,"1613",,"","",2298
91.489,"C",SH,11/21/1990,12/12/1994,True,"Custer State Park Youth Forestry (SD GF&P)","SD Game Fish and Parks  (SD GF&P)","Badger Clark Road",Custer,57730,Custer,43.74917,-103.430771,3S,6E,32,"NE","0.00","","Gasoline                                          ","0.00000",,"Petroleum","Other(See Case File)","Public","UST","True","Leakage",,"1804",,"","",2379
91.525,"C",GS,11/16/1991,11/13/1992,True,"Grin & Bear It Gas Station - Nozzle Spill","Fredrick Stephan","Highway 385 N",Pringle,57773,Custer,43.609272,-103.591583,,,,"","0.00","","Diesel                                            ","0.00000",,"Petroleum","Other(See Case File)","Commercial","UST & AST","False","Unattended Nozzle",,"null",,"","",2415
91.567,"NFA",SH,12/12/1991,2/9/2011,True,"Common Cents - Tank Removals","Moyle Petroleum","24 West Mt. Rushmore Road",Custer,57730,Custer,43.7635651,-103.608421,,,,"","0.00","","Petroleum                                         ","0.00000",,"Petroleum","Aquifer","Commercial","UST","True","Leakage",,"1738",,"","",2457
91.684,"NFA",SH,12/30/1991,12/30/2009,True,"Former Butch's Standard - Tank System Removal","Charles Baldwin","210 Mt. Rushmore Road",Custer,57730,Custer,43.76465,-103.604439,,,,"","0.00","","Petroleum                                         ","0.00000",,"Petroleum","Other(See Case File)","Commercial","UST","True","Leakage",,"1997",,"","272",2574
91.699,"C",RC,12/31/1991,6/17/1992,True,"GTE General Telephone/ Contel - Heating System","General Telegraph & Electric","30 N. 5th Street",Custer,57730,Custer,43.7670174,-103.600258,,,,"","0.00","","Fuel Oil                                          ","0.00000",,"Petroleum","Other(See Case File)","Commercial","UST","False","Spillage",,"1762",,"","",2589
92.001,"C",KM,1/2/1992,11/24/1992,True,"Boiled Buffalo Head Water - Complaint","Rayleen Markitan","16 mi. E. of Fairburn",Fairburn,57738,Custer,43.67505,-102.9106,,,,"","0.00","","Wastewater                                        ","0.00000",,"Other(See Case File)","Other(See Case File)","Residential","Wastewater","False","Handling",,"null",,"","",2591
92.004,"C",TK,1/2/1992,2/11/1992,True,"International Rose Quartz - Complaint","International Rose Quartz","3 miles W of Custer on Hwy 16",Custer,57730,Custer,43.73829,-103.665276,,,,"","0.00","","Acid Wash Water                                   ","0.00000",,"Chemical","Other(See Case File)","Industrial","Wastewater","False","Handling",,"null",,"","",2594
92.347,"C",JL,10/5/1992,1/22/1997,True,"DOD/FUD EAFB Fac S2, Titan Site 2 #b08sd0344","U.S. Army Corps of Engineers - Missouri River Division","23 miles SW of Rapid City",Hermosa,57744,Custer,43.7760963,-103.14595,3S,8E,22,"NE","0.00","","Metal, Solvent, petro                             ","0.00000",,"Combined","Federal","Other(See Case File)","Combined(See Case File)","False","Handling",,"null",,"","235",2937
92.380,"NFA",DM,6/1/1991,2/25/2010,True,"Custer LUST Trust","Custer","Old Sawmill Road",Custer,57730,Custer,43.7321739,-103.60569,,,,"","0.00","","Gasoline                                          ","0.00000",,"Petroleum","Lust Trust","Commercial","UST","True","Leakage",,"2323",,"","293,294",2970
93.019,"C",TK,1/22/1993,11/2/1993,True,"Vehicle Radiator Leak","Nathan Barton","Highway 16",Custer,57730,Custer,43.741993,-103.726486,,,,"","0.00","","Ethylene Glycol                                   ","3.00000",,"Chemical","Other(See Case File)","Other(See Case File)","Vehicle","False","Leakage",,"null",,"","",3034
93.167,"C",KM,6/15/1993,7/6/1993,True,"Diesel Leak @ Stapop Quarry","SD Army National Guard","Hwy 16, 8 West",Custer,57730,Custer,43.73685,-103.758591,,,,"","0.00","","Diesel                                            ","35.00000",gallons,"Petroleum","Federal","Industrial","Equipment","False","Equipment Failure",,"null",,"","",3182
93.199,"C",RC,6/30/1993,7/20/1995,True,"Department of Transportation (SD DOT)","SD Department of Transportation  (SD DOT)","Hwy 16",Custer,57730,Custer,43.72117,-103.966209,4,1,11,"NW","0.00","","Gasoline                                          ","0.00000",,"Petroleum","Other(See Case File)","Public","UST","True","Spillage",,"2387",,"","",3214
93.202,"C",RC,6/30/1993,7/7/1993,True,"Department of Transportation (SD DOT)","SD Department of Transportation  (SD DOT)","Maintenance Shop",Custer,57730,Custer,43.763073,-103.618225,,,,"","0.00","","Gasoline                                          ","0.00000",,"Petroleum","Other(See Case File)","Public","UST","True","Spillage",,"2478",,"","",3217
93.243,"C",KM,7/26/1993,7/28/1993,True,"Diesel Spill","Unknown","US Highway 385",Pringle,57773,Custer,43.58621,-103.510338,5S,5E,27,"","0.00","","Diesel                                            ","0.00000",,"Petroleum","Other(See Case File)","Other(See Case File)","Truck Tank","False","Transport Accident",,"null",,"","",3258
93.352,"C",JA,10/29/1993,9/27/1994,True,"Rental Property - Furnace Line Leak","Vera Anderson","Buffalo Gap",Buffalo Gap,57722,Custer,43.4928474,-103.314011,,,,"","0.00","","Fuel Oil                                          ","0.00000",,"Petroleum","Other(See Case File)","Residential","Equipment","False","Line Leak",,"null",,"","",3367
93.488,"C",KM,12/10/1993,1/25/1994,True,"Black Hills Electric Co-op","Black Hills Electric Co-op","Highway 36",Hermosa,57744,Custer,43.8178673,-103.238457,3S,7E,2,"SW","0.00","","Transformer Oil                                   ","30.00000",gallons,"Oil","Other(See Case File)","Other(See Case File)","Transformer","False","Unsecured",,"null",,"","",3503
94.132,"C",JA,5/16/1994,8/3/1994,True,"Wind Cave National Park","Wind Cave National Park","Mixing Plant  Road @ Circle",Pringle,57773,Custer,43.5516663,-103.493324,6S,5E,2,"SW","0.00","","Paint & Paint Thinner                             ","25.00000",gallons,"Chemical","Federal","Other(See Case File)","Drums","False","Failure",,"null",,"","237",3667
94.396,"C",KM,12/8/1994,1/17/1995,True,"Bryan Ranch","Pat Harris & Charles Bryan","Highway 89, 5 To 6 Miles South Of Custer On The West Side Of The Road.",Pringle,57773,Custer,43.56168,-103.650932,,,,"","0.00","","Pentachlorophenol/oil                             ","0.00000",,"Combined","Other(See Case File)","Agricultural","Production Waste","False","Handling",,"null",,"","",3931
95.086,"C",TK,4/27/1995,3/6/1996,True,"Former Oil House Site","U.S. Forest Service","Forest Service Supervisors Office",Custer,57730,Custer,43.7729874,-103.612541,3S,4E,23,"NW","0.00","","Waste Oil                                         ","0.00000",,"Oil","Federal","Other(See Case File)","UST","True","Overfills/Spillage",,"null",,"","",4037
95.155,"C",TK,6/21/1995,7/15/1996,True,"Custer County Courthouse - Tank Replacement","Custer County","420 Mt. Rushmore Rd.",Custer,57730,Custer,43.76519,-103.600945,,,,"","0.00","","Fuel Oil                                          ","0.00000",,"Petroleum","Other(See Case File)","Public","UST","True","No Release",,"null",,"","",4106
96.080,"C",TK,4/11/1996,4/26/1996,True,"Fuel Spill on Highway  79","Donnalee Palmer","Highway 79 between MM 45 & 47",Fairburn,57738,Custer,43.6613579,-103.2706,,,,"","0.00","","Diesel fuel                                       ","50.00000",gallons,"Petroleum","Other(See Case File)","Other(See Case File)","Truck","False","Damage",,"null",,"","",4390
96.154,"C",RC,5/31/1996,12/26/1996,True,"MG Oil Station - Surface Spills","MG  Oil Company","4th & Mt. Rushmore Road",Custer,57730,Custer,43.76599,-103.602135,,,,"","0.00","","Petroleum                                         ","0.00000",,"Petroleum","Other(See Case File)","Commercial","UST","True","Spillage",,"3055",,"","",4464
96.164,"C",JN,6/11/1996,12/29/1997,True,"Sun Mark Inn (former Texaco Location) Assessment","Sun-Mark, Inc.","4th & Mt. Rushmore Road",Custer,57730,Custer,43.7655067,-103.601845,3S,4E,26,"NE","0.00","","Petroleum                                         ","0.00000",,"Petroleum","Other(See Case File)","Commercial","UST","True","Spillage",,"3065",,"","",4474
96.215,"C",TK,7/21/1996,2/14/1997,True,"Custer County Oil Company","Custer County Oil Company","45 South 4th Street",Custer,57730,Custer,43.7643776,-103.60125,,,,"","0.00","","Diesel                                            ","32.00000",gallons,"Petroleum","Other(See Case File)","Commercial","AST","True","Damage",,"null",,"","237",4525
96.242,"C",TK,8/16/1996,8/27/1996,True,"Custer County Airport","Unknown","Airport",Custer,57730,Custer,43.7338371,-103.615555,,,,"","0.00","","Aviation Fuel                                     ","0.00000",,"Petroleum","Other(See Case File)","Other(See Case File)","Aircraft  ","False","Accident",,"3472",,"","232",4552
96.286,"C",TK,10/4/1996,10/18/1996,True,"Spill on Highway 79","Parrett Construction","Highway 79, MM 56 to MM 58",Hermosa,57744,Custer,43.79346,-103.221077,,,,"","0.00","","Impacted Soils","0.00000",,"Petroleum","Other(See Case File)","Other(See Case File)","Transport Trailer","False","Spillage",,"null",,"","237",4596
97.219,"C",KM,6/30/1997,7/21/1997,True,"Transport Event","Sanders Sanitation/Tim Sanders","Alley between Mt. Rushmore Rd and Crook St",Custer,57730,Custer,43.7670059,-103.599808,,,,"","0.00","","hydraulic oil                                     ","30.00000",,"Oil","Other(See Case File)","Residential","Truck","False","Leakage",,"null",,"","",4907
97.340,"NFA",DM,10/10/1997,1/27/2004,True,"Black Hills Power and Light Substation","Black Hills Power and Light","1 block South of Hwy 385 on Mt. Rushmore Rd",Custer,57730,Custer,43.76356,-103.6033,,,,"","0.00","","diesel                                            ","0.00000",,"Petroleum","Other(See Case File)","Other(See Case File)","Equipment","False","Leaks and Spills",,"3312",,"","223, 232",5028
97.353,"C",MP,10/21/1997,11/13/1997,True,"Transport Event","Blattner and Sons","Highway 16 N",Custer,57730,Custer,43.77991,-103.617,,,,"","0.00","","diesel fuel                                       ","80.00000",gallons,"Petroleum","Other(See Case File)","Other(See Case File)","Truck Tank","False","Transport Accident",,"null",,"","",5041
98.033,"C",KM,7/9/1998,9/3/1998,True,"Murner Chevrolet - Line Leak","Murner Chevrolet","747 Mount Rushmore Road",Custer,57730,Custer,43.7677574,-103.596451,,,,"","0.00","","new motor oil                                     ","100.00000",,"Oil","Other(See Case File)","Commercial","AST","False","Line Leak",,"null",,"","",5141
98.058,"C",LAS,4/3/1998,9/11/1998,True,"Truck Spill","Rushmore Forest Products","US Hwy 16 between MM 11 and 12",Custer,57730,Custer,43.7290764,-103.8579,,,,"","0.00","","diesel fuel                                       ","150.00000",galllons,"Petroleum","Other(See Case File)","Other(See Case File)","Truck Tank","False","Transport Accident",,"null",,"","268",5166
98.111,"NFA",MT,5/18/1998,4/20/2010,True,"Custer County Oil and Gas - Assessment","Steve Simunek","45 South 4th Street",Custer,57730,Custer,43.76422,-103.601219,,,,"","0.00","","petroleum                                         ","0.00000",,"Petroleum","Other(See Case File)","Commercial","AST","True","Spillage",,"3430",,"","274",5219
98.185,"C",KM,7/25/1998,9/1/1998,True,"Truck Spill on Highway 79","Benttendorf Transfer Inc","Highway 79,  just North of Fairburn Exit",Fairburn,57738,Custer,43.69908,-103.249146,,,,"","0.00","","diesel fuel                                       ","150.00000",gallons,"Petroleum","Other(See Case File)","Other(See Case File)","Truck Tank","False","Transport Accident",,"null",,"","231",5293
98.202,"C",JN,8/10/1998,11/15/2000,True,"Kaneb Pipeline Leak","Kaneb Pipeline","Riverside Road",Buffalo Gap,57722,Custer,43.49244,-103.281982,6S,7E,27,"SW","0.00","","Diesel #1, Jet Fuel","4400.00000",,"Petroleum","Other(See Case File)","Industrial","Pipeline","False","Line Leak",,"null",,"","",5310
98.214,"C",RL,8/20/1998,3/16/2004,True,"Truck Diesel Spill","Matt Hespen","2 miles N of Custer Park Administration Office",Custer,57730,Custer,43.7922249,-103.348785,,,,"","0.00","","Diesel Fuel                                       ","30.00000",gallons,"Petroleum","Other(See Case File)","Other(See Case File)","Truck Tank","False","Transport Accident",,"null",,"","229",5322
98.221,"NFA",TF,8/18/1998,11/3/2009,True,"Murner Chevrolet - LUST Trust","Murner Chevrolet - Bill Murner","747 Mt. Rushmore Rd.",Custer,57730,Custer,43.7675171,-103.596336,,,,"","0.00","","Gasoline                                          ","0.00000",,"Petroleum","Lust Trust","Commercial","UST","True","Leakage",,"3475",,"","268,275",5329
98.287,"NFA",TB,10/10/1998,4/2/2003,True,"Dumping near Well","Larry Halverson","West of Buffalo Gap",Buffalo Gap,57722,Custer,43.53412,-103.374641,6S,6E,14,"NW","0.00","","fallowmaster                                      ","0.00000",,"Agri Chem","Source Water","Agricultural","Spray Tank","False","Handling",,"null",,"","215",5395
98.288,"C",KM,10/12/1998,10/26/1998,True,"Car in Center Lake","Janet Hazelton","Center Lake @ Custer Park",Custer,57730,Custer,43.80106,-103.416695,,,,"","0.00","","petroleum                                         ","0.00000",,"Petroleum","Other(See Case File)","Other(See Case File)","Vehicle","False","Immersed ",,"null",,"","231",5396
98.395,"NFA",MT,12/18/1998,10/12/2010,True,"Custer State Park Shop - Tank System Removal","SD Game, Fish & Parks  (SD GF&P)","US Hwy 16 (ALT)",Custer,57730,Custer,43.77754,-103.428352,3S,6E,20,"N","0.00","","Petroleum                                         ","0.00000",,"Petroleum","Other(See Case File)","Public","UST","True","Leaks and Spills",,"3674",,"","277",5503
98.430,"C",TF,12/18/1998,4/6/1999,True,"County Hwy Shop - Tank System Removal","Custer County","Custer County Highway Shop",Custer,57730,Custer,43.72924,-103.608467,,,,"","0.00","","petroleum                                         ","0.00000",,"Petroleum","Other(See Case File)","Public","UST","True","Spillage",,"3543",,"","",5538
99.076,"C",ML,3/24/1999,5/19/1999,True,"Sander Sanitation Hydraulic Oil Spill","Sander's Sanitation","2nd & Gordon",Custer,57730,Custer,43.7625847,-103.6037,,,,"","0.00","","hydraulic oil                                     ","0.00000",,"Oil","Other(See Case File)","Other(See Case File)","Truck","False","Equipment Failure",,"null",,"","",5623
99.210,"C",BM,7/13/1999,8/18/1999,True,"East West Motor Express Fuel Spill","East West Motor Express","Highway 79,  Mile Marker 34",Buffalo Gap,57722,Custer,43.490654,-103.332733,6N,7W,31,"","0.00","","diesel fuel                                       ","100.00000",gallons,"Petroleum","Other(See Case File)","Other(See Case File)","Truck Tank","False","Damage",,"null",,"","266",5757
99.211,"C",LAS,7/13/1999,2/16/2000,True,"Train Derailment  (BNSF)","Burlington Northern Sante Fe RR (BNSF)","Tracks North of Dewey",Dewey,57747,Custer,43.5328,-104.042107,,,,"","0.00","","Diesel                                            ","2000.00000",,"Petroleum","Other(See Case File)","Other(See Case File)","Locomotive","False","Derail",,"null",,"","",5758
99.243,"C",KM,8/23/1999,8/27/1999,True,"Spill on Road","Unknown","Hwy. 16, MM 32",Custer,57730,Custer,43.7725677,-103.434189,,,,"","0.00","","Petroleum                                         ","0.00000",,"Petroleum","Other(See Case File)","Other(See Case File)","Unknown(See Case File)","False","Unknown",,"null",,"","231,237",5790
99.299,"C",KM,10/18/1999,4/4/2000,True,"Custer State Park Residence Garage","Custer State Park - (SD GF&P)","Custer State Park, Residence Garage",Custer,57730,Custer,43.7790031,-103.4026,3N,6E,21,"NE","0.00","","mercury                                           ","1.00000",,"Chemical","Other(See Case File)","Residential","Containers","False","Handling",,"null",,"","",5846
99.304,"C",BM,10/26/1999,10/29/1999,True,"Custer State Park - Truck Accident","Black Hills Waste Management","Hwy 16A, 4 mi inside West Gate",Custer,57730,Custer,43.76897,-103.497253,,,,"","0.00","","diesel fuel                                       ","60.00000",,"Petroleum","Other(See Case File)","Public","Truck Tank","False","Leakage",,"null",,"","230",5851
99.329,"C",TF,12/6/1999,1/20/2000,True,"Park Maintenance Area - Tank Removals","Wind Cave National Park","Wind Cave National Park Maintenance Area",Pringle,57773,Custer,43.55513,-103.469063,,,,"","0.00","","Petroleum                                         ","0.00000",,"Petroleum","Federal","Other(See Case File)","UST","True","Spillage",,"3779",,"","",5876
2000.186,"C",GH,5/23/2000,8/16/2000,True,"Hydraulic Fluid Spill","Wagner Mining Company","Pacer Brite X Mine",Custer,57730,Custer,43.8458672,-103.651321,2S,4,28,"SW","0.00","","Hydraulic Fluid                                   ","1.00000",gallon,"Oil","Other(See Case File)","Industrial","Equipment","False","Leakage",,"null",,"","",6084
2000.222,"C",BM,7/7/2000,1/11/2001,True,"Hwy. 385 Transformer Spill","Wind Cave National Park","Hwy. 385, 2 miles S. of Hwy. 87 Intersection",Pringle,57773,Custer,43.55611,-103.468613,6S,5E,1,"","0.00","","Transformer Oil PCB                               ","1.00000",Gallon,"Combined","Other(See Case File)","Other(See Case File)","Transformer","False","Storm Event",,"null",,"","203",6120
2000.331,"C",KM,10/27/2000,6/4/2009,True,"Brownfields - Former Stender's Bulk Plant","Herb Stender","SW @ Washington & 4th Street",Custer,57730,Custer,43.7641869,-103.601639,,,,"","0.25","none known","Petroleum                                         ","0.00000",,"Petroleum","Brownfields","Commercial","AST","True","Leakage",,"6981",,"","260,265",6229
2001.049,"C",KM,3/7/2001,9/13/2001,True,"ATP - Valley High Apartment Complex","Lewis, Kirkeby & Hall Management","Victory Lane (between Lincoln & Wilsie)",Custer,57730,Custer,43.77141,-103.602036,,,,"","0.00","","heating fuel                                      ","0.00000",,"Petroleum","ATP","Residential","UST","False","Damage",1022,"5019",,"","207",6334
2001.266,"C",BM,8/22/2001,9/4/2001,True,"Amoco Station - Nozzle Spill","MG Oil","349 Mt. Rushmore Road",Custer,57730,Custer,43.7659569,-103.602158,,,,"","0.00","","Gasoline                                          ","35.00000",gallons,"Petroleum","Other(See Case File)","Commercial","UST","True","Unattended Nozzle",,"null",,"","203",6550
2001.286,"C",KM,9/6/2001,9/21/2001,True,"ATP - SD DOT/Morris & Ruth Wicks","Morris & Ruth Wicks","2.7 miles South of 16 & 385",Custer,57730,Custer,43.7274437,-103.607628,4S,4E,2,"SE","0.00","","Petroleum                                         ","0.00000",,"Petroleum","ATP","Residential","UST","True","Corrosion",427,"4358",,"","207",6570
2001.287,"C",KM,9/6/2001,9/20/2001,True,"ATP - Former Mountain Inn Station","Donal & Irma Lampert","Highway 16  (near Newcastle, WY)",Custer,57730,Custer,43.7448425,-104.037827,,,,"","0.00","","gasoline                                          ","0.00000",,"Petroleum","ATP","Commercial","UST","True","Spillage",1383,"5317",,"","219",6571
2001.288,"NFA",KM,9/6/2001,1/29/2003,True,"ATP - BCR, Inc.","Clarence Foos","23 miles SE of Hermosa",Fairburn,57744,Custer,43.6665955,-103.270439,,,,"","0.00","","gasoline                                          ","0.00000",,"Petroleum","ATP","Agricultural","UST","False","Corrosion",1299,"5217",,"","217",6572
2001.400,"C",KM,10/2/2001,10/22/2001,True,"ATP - Custer Gas Service","John Evans","146 Centennial Drive",Custer,57730,Custer,43.75885,-103.609131,,,,"","0.00","","Petroleum                                         ","0.00000",,"Petroleum","ATP","Commercial","UST","True","Leakage",1886,"5839",,"","207",6683
2001.558,"C",KM,11/20/2001,8/23/2002,True,"ATP - Leo's Auto Repair","Paul Schmitz","1232 Mt. Rushmore Road",Custer,57730,Custer,43.7685242,-103.588623,,,,"","0.00","","Petroleum                                         ","0.00000",,"Petroleum","ATP","Commercial","UST","True","Leakage",1345,"5279",,"","207",6841
2001.559,"NFA",KM,11/20/2001,10/24/2002,True,"ATP - Custer Wood Products","Harold Barber","1029 Mount Rushmore Road",Custer,57730,Custer,43.7690773,-103.591438,,,,"","0.00","","Petroleum                                         ","0.00000",,"Petroleum","ATP","Commercial","UST","True","Leakage",1651,"5607",,"","219",6842
2001.560,"C",KM,11/20/2001,12/7/2001,True,"ATP - Custer Machine Shop","Robert L. Cullun","1029 Mt. Rushmore Road",Custer,57730,Custer,43.7687073,-103.592133,,,,"","0.00","","Petroleum                                         ","0.00000",,"Petroleum","ATP","Commercial","UST","True","Spillage",1019,"5015",,"","207,225,",6843
2002.012,"C",BM,2/6/2002,2/22/2002,True,"Degreaser Spill - Wrangler Restaurant Lot","Steam Cleaning Specialists","302 Mt. Rushmore Road",Custer,57730,Custer,43.76509,-103.602844,,,,"","0.00","","degreaser and water                               ","40.00000",gallons,"Chemical","Other(See Case File)","Commercial","Supplies","False","Spillage",,"null",,"","203",7293
2002.100,"C",MT,7/5/2002,12/30/2009,True,"Custer County Oil - Surface Spill","Black Hills Oil Company","South 4th Street",Custer,57730,Custer,43.7643661,-103.601341,,,,"","0.00","","Diesel                                            ","0.00000",,"Petroleum","Other(See Case File)","Commercial","AST","True","Spillage",,"6938",,"","271",7381
2002.202,"C",TK,10/4/2002,12/22/2005,True,"BNSF Derail Event","Burlington Northern Santa Fe Railway (BNSF)","20 miles NW of Edgemont",Dewey,57735,Custer,43.5377769,-104.045,6S,1E,7,"SE","0.00","","diesel fuel                                       ","2000.00000",gallons,"Petroleum","Other(See Case File)","Other(See Case File)","Locomotive","False","Derail",,"6656",,"","242,247",7483
2002.283,"NFA",KH,11/19/2002,6/18/2003,True,"ATP - John Beard Farm","John Beard","Rural Buffalo Gap",Buffalo Gap,57722,Custer,43.4648476,-103.300247,,,,"","0.00","","petroleum                                         ","0.00000",,"Petroleum","ATP","Agricultural","UST","False","Leakage",2371,"6300",,"","219",7564
2002.290,"NFA",KH,11/19/2002,5/12/2003,True,"ATP - Neugebauer Brothers Farm","Stanley O.  Neugebauer","Hwy 40, 1 mile W of Hermosa, south side",Hermosa,57744,Custer,43.8318176,-103.217064,,,,"","0.00","","petroleum                                         ","0.00000",,"Petroleum","ATP","Agricultural","UST","False","Spillage",2358,"6242",,"","217",7571
2003.066,"C",BM,5/16/2003,5/21/2003,True,"Transport Spill","Sander Sanitation","East end of Crooks - Highway 16",Custer,57730,Custer,43.76983,-103.591942,,,,"","0.00","","Diesel Fuel                                       ","75.00000",gallons,"Petroleum","Other(See Case File)","Other(See Case File)","Truck Tank","False","Transport Accident",,"null",,"","231",7713
2003.133,"C",JL,8/5/2003,6/25/2004,True,"Wind Cave Firing Range","Wind Cave National Park - Steve Schrempp","Small Arms Firing Range",Pringle,57773,Custer,43.5555267,-103.45874,6S,6E,6,"SW","0.00","","lead                                              ","0.00000",,"Chemical","Federal","Other(See Case File)","Bullets and Shot","False","Past Practices",,"null",,"","236",7780
2003.173,"C",RL,10/15/2003,5/21/2004,True,"Hwy. 79 Truck Accident","J & R Schugel Trucking","Hwy. 79 - 5 miles S. of Fairburn turn off",Fairburn,57738,Custer,43.6646538,-103.2675,,,,"","0.00","","diesel fuel                                       ","100.00000",gallons,"Petroleum","Other(See Case File)","Other(See Case File)","Truck Tank","False","Transport Accident",,"null",,"","232",7820
2004.016,"C",RL,1/20/2004,4/30/2004,True,"Transport Accident","Rushmore Forest Products","Hwy 16 , approximate MM 14.7",Custer,57730,Custer,43.7373543,-103.819992,4S,3E,1,"NE","0.00","","Diesel                                            ","0.00000",,"Petroleum","Other(See Case File)","Other(See Case File)","Transport Truck","False","Transport Accident",,"null",,"","231",7901
2004.018,"C",RL,1/20/2004,1/29/2004,True,"Traffic Accident:  Studt Construction","Studt Construction","Spokane Creek, near Custer State Park",Hayward,57730,Custer,43.80082,-103.281166,,,,"","0.00","","gasoline                                          ","0.00000",,"Petroleum","Surface Water","Other(See Case File)","Vehicle","False","Immersed ",,"null",,"","225,",7903
2004.106,"C",RL,6/25/2004,7/19/2004,True,"Petroleum- Laughing Water Creek","Unknown","Laughing Water Creek - 1 block North of 14A",Custer,57730,Custer,43.76903,-103.592888,,,,"","0.00","","Petroleum                                         ","0.00000",,"Petroleum","Surface Water","Other(See Case File)","Materials","False","No Release",,"null",,"","232,236",7991
2004.146,"C",RL,9/6/2004,11/9/2004,True,"Custer Game Lodge - Bus Leak","Gray Line of the Black Hills","Parking area behind Coolidge Inn",Custer,57730,Custer,43.7642822,-103.381195,,,,"","0.00","","Diesel                                            ","75.00000",gal,"Petroleum","Other(See Case File)","Public","Truck Tank","False","Leakage",,"null",,"","235,236",8031
2005.040,"NFA",KH,2/2/2005,2/11/2005,True,"ATP - Mid-Town Apartments & Sage Creek Grille","Raymond Gellerman","607 Mt. Rushmore Road",Custer,57730,Custer,43.76714,-103.598557,,,,"","0.00","","Diesel                                            ","0.00000",,"Petroleum","ATP","Residential","UST","False","Leakage",2840,"6847",,"","236",8134
2005.046,"C",RL,2/28/2005,3/25/2005,True,"Battle Creek Station - Nozzle Spill","Battle Creek Station","25 North Hwy 79 (Heartland Expy)",Hermosa,57744,Custer,43.83989,-103.200546,2,8,30,"","0.00","","Diesel                                            ","25.00000",gal,"Petroleum","Other(See Case File)","Commercial","UST","True","Unattended Nozzle",,"null",,"","238",8140
2005.090,"C",RL,5/13/2005,6/20/2005,True,"Fire Event - Sander's Sanitation","Sander's Sanitation","Hall Drive, Maintenance Bldg",Custer,57730,Custer,43.7711067,-103.583054,,,,"","0.00","","Oils, Greases, Etc                                ","0.00000",,"Oil","Other(See Case File)","Commercial","Equipment","False","Fire Event",,"null",,"","239",8184
2005.120,"C",RL,6/22/2005,6/24/2005,True,"Amoco Food Shop #12 - Nozzle Spill","Corey Stedman","349 Mt. Rushmore Road",Custer,57730,Custer,43.7660446,-103.602219,,,,"","0.00","","Gasoline                                          ","26.00000",gal,"Petroleum","Other(See Case File)","Commercial","UST","True","Unattended Nozzle",,"6991",,"","120",10280
2005.121,"C",BM,6/22/2005,6/11/2008,True,"Hydraulic Oil Spill - Pine Forest Logging","Pine Forest Logging","Intersection of Saginaw & Elliot Rd (6m NW)",Custer,57730,Custer,43.80563,-103.710411,,,,"","0.00","","Hydraulic Oil                                     ","60.00000",gal,"Oil","Other(See Case File)","Public","Equipment","False","Equipment Failure",,"null",,"","257",10281
2005.173,"C",BM,8/23/2005,10/31/2005,True,"Sander Sanitation - Hydraulic Leak","Sander Sanitation","Alley between Mt Rushmore St and Harney St",Custer,57730,Custer,43.7695656,-103.592667,,,,"","0.00","","Hydraulic Fluid                                   ","0.00000",,"Oil","Other(See Case File)","Other(See Case File)","Truck","False","Equipment Failure",,"null",,"","242",10335
2006.006,"C",BM,1/11/2006,1/18/2006,True,"Traffic Accident - Diesel Spill","Randall L. Brown","Hwy 79 MM 34",Buffalo Gap,57722,Custer,43.490654,-103.332527,,,,"","0.00","","Diesel                                            ","35.00000",gallons,"Petroleum","Other(See Case File)","Public","Truck Tank","False","Transport Accident",,"null",,"","244",10442
2006.007,"C",BM,1/17/2006,1/31/2006,True,"Transport Spill","Dale Schmuck","Hwy 79 at S Buffalo Gap turnoff",Buffalo Gap,57722,Custer,43.48719,-103.332664,,,,"","0.00","","Diesel Fuel                                       ","0.00000",,"Petroleum","Other(See Case File)","Public","Truck Tank","False","Transport Accident",,"7058",,"","244",10443
2006.148,"NFA",KH,10/5/2006,10/19/2006,True,"ATP - Golden West Communications Property","Golden West Communications","30 N 5th Street",Custer,57730,Custer,43.7671,-103.600204,,,,"","0.00","","fuel oil                                          ","0.00000",,"Petroleum","ATP","Commercial","UST","False","Spillage",2948,"7067",,"","246",10592
2007.011,"C",RL,1/26/2007,3/9/2007,True,"Common Cents - Nozzle Spill","Sturgis Bus Company","Common Cents @ 24 W. Mt. Rushmore",Custer,57730,Custer,43.7638,-103.608665,,,,"","0.00","","Diesel                                            ","40.00000",gallons,"Petroleum","Other(See Case File)","Commercial","UST","True","Unattended Nozzle",,"7157",,"","252",10698
2007.103,"C",BM,7/17/2007,4/18/2008,True,"Custer  Park - Road Oil Disposal Site","SD Dept. of Transportation  (SD DOT)","Hwy 16A,  near MM 34",Custer,57730,Custer,43.77499,-103.406487,,,,"","0.00","","Road Tar/Oil                                      ","0.00000",,"Oil","Other(See Case File)","Public","Materials","False","Handling",,"null",,"","256",10948
2007.154,"C",RL,10/5/2007,9/18/2008,True,"Oil Disposal Pit - Maintenance Shop","Jewel Cave National Monument","11149 US Hwy 16, B12",Custer,57730,Custer,43.7317543,-103.82785,,,,"","0.00","","Oil                                               ","100.00000",gallons,"Oil","Federal","Other(See Case File)","Pit","False","Handling",,"null",,"","259",11001
2008.053,"NFA",TF,4/2/2008,5/7/2013,True,"ATP - State Game Lodge  (SD GF&P)","SD Game Fish & Parks   (SD GF&P)","Hwy 16A",Custer,57730,Custer,43.7642326,-103.380669,,,,"","0.00","","Petroleum                                         ","0.00000",,"Petroleum","ATP","Public","UST","True","Leakage",3052,"7259",,"","290",11135
2008.067,"C",BM,4/23/2008,6/11/2008,True,"Unsecured Transformer -  Oil Spill","Black Hills Electric COOP","MM 31.5 & MM 34.5, Hwy 16A",Custer,57730,Custer,43.76998,-103.440659,35,6E,21,"","0.00","","Mineral Oil                                       ","38.00000",gallons,"Oil","Other(See Case File)","Other(See Case File)","Transformer","False","Displaced Load",,"null",,"","257",11149
2008.071,"NFA",JPA,4/28/2008,1/11/2011,True,"MG Oil Hermosa Facility - Tank Replacement","MG Oil","25 Heartland Express (Hwy 79)",Hermosa,57744,Custer,43.8400574,-103.200668,2S,8E,30,"SE","0.00","","Petroleum                                         ","0.00000",,"Petroleum","Other(See Case File)","Commercial","UST","True","Leakage",,"7270",,"","277",11153
2008.191,"NFA",TF,10/8/2008,4/15/2010,True,"ATP - Doughty Property","Mary Doughty","930 Montgomery Street",Custer,57730,Custer,43.7713623,-103.5953,,,,"","0.00","","Fuel Oil                                          ","0.00000",,"Petroleum","ATP","Residential","UST","False","Leakage",3076,"7310",,"","277",11286
2009.104,"NFA",TF,7/28/2009,7/31/2009,True,"ATP - Dakotamart","Lynn's Dakotamart","844 Mt. Rushmore Road",Custer,57730,Custer,43.7674637,-103.594337,,,,"","0.00","","Waste Oil                                         ","0.00000",,"Oil","ATP","Commercial","UST","True","Overfills/Spillage",3113,"7397",,"","266",11470
2009.119,"C",MT,8/27/2009,8/27/2009,True,"Former Anderson Plumbing (Hoist Area)","Lynn's Inc.","844 Mount Rushmore Road",Custer,57730,Custer,43.7675171,-103.59436,,,,"","0.00","","Diesel                                            ","0.00000",,"Petroleum","Other(See Case File)","Commercial","Hydraulic Lift System","False","Leakage",,"7435",,"","266",11485
2010.149,"C",BM,7/20/2010,9/8/2010,True,"Transformer Spill","Black Hills Power and Light","4245 Echo Valley Road",Custer,57730,Custer,43.8106651,-103.638054,,,,"","0.00","","Transformer Oil                                   ","9.00000",gallons,"Oil","Other(See Case File)","Other(See Case File)","Transformer","False","Storm Event",,"null",,"","276",11737
2010.154,"C",BM,7/29/2010,7/13/2011,True,"Former Murner Chevrolet - Surface Spills","Bill Murner","747 Mt. Rushmore Rd",Custer,57730,Custer,43.76771,-103.596207,,,,"","0.00","","waste oil                                         ","0.00000",,"Oil","Other(See Case File)","Commercial","AST","True","Handling",,"null",,"","280",11744
2010.246,"NFA",ML,11/4/2010,11/4/2010,True,"CERCLIS - BHNF Ranger District","Black Hills National Forest Ranger District","647 North 3rd Street",Custer,57730,Custer,43.77255,-103.612488,,,,"","0.00","","Unknown                                           ","0.00000",,"Unknown(See Case File)","CERCLIS","Public","Unknown(See Case File)","False","Unknown",,"null",,"","279",11856
2010.252,"NFA",TK,11/10/2010,8/27/2014,True,"Rail Corridor Assessment - Canadian Pacific","Canadian Pacific Railway","Former Engine House - Tank / Railyard",Buffalo Gap,57722,Custer,43.4942169,-103.310059,6S,7E,29,"","0.00","","Petroleum                                         ","0.00000",,"Petroleum","Other(See Case File)","Industrial","Equipment","False","Leaks and Spills",,"7573",,"","279, 296",11862
2010.253,"NFA",ZB,11/12/2010,7/15/2015,True,"Custer County Courthouse","Unknown","420 Mt. Rushmore Road",Custer,57730,Custer,43.76525,-103.601173,,,,"","0.00","","Petroleum                                         ","0.00000",,"Petroleum","Other(See Case File)","Public","Off Site Source","False","Leakage",,"null",,"","300",11863
2011.071,"NFA",MT,5/9/2011,1/6/2012,True,"Leaking Residential Fuel Oil Tank","US Forest Service","Teepee Valley Road",Custer,57730,Custer,43.72322,-103.93042,4S,2E,2,"","0.00","","Fuel Oil                                          ","75.00000",gallons,"Petroleum","Federal","Residential","AST","False","Leakage",,"7606",,"","",11973
2011.087,"NFA",BM,5/24/2011,9/7/2012,True,"Oilfield Spill - Silvco","Silvco Energy LLC"," Ozark 3 Coffing",Dewey,57773,Custer,43.4879341,-103.869537,6S,2E,34,"","0.00","","Crude oil                                         ","1.00000",bbl,"Oil","Oil Field","Other(See Case File)","AST","False","Overfill",,"null",,"","287",11997
2011.115,"C",TF,6/23/2011,3/29/2012,True,"ATP - Jewel Cave","Jewel Cave National Monument","11149 US Hwy 16",Custer,57730,Custer,43.7296143,-103.829453,,,,"","0.00","","Fuel Oil                                          ","0.00000",,"Petroleum","ATP","Other(See Case File)","UST","True","Spillage",3066,"7286",,"","284",12028
2011.212,"NFA",KM,12/15/2011,1/13/2012,True,"SD DOT Yard - Hermosa","SD Department of Transportation (SD DOT)","Hwy 79 & Hasselstrom Place, SE Corner",Hermosa,57744,Custer,43.82507,-103.197952,,,,"","0.00","","Asphalt                                           ","0.00000",,"Oil","Other(See Case File)","Other(See Case File)","Pit","False","Handling",,"null",,"","",12137
2012.012,"NFA",ZB,1/17/2012,7/15/2015,True,"LUST Trust - Petroleum Vapors, Tennyson Property","Unknown","NW Corner, South 4th St & Washington Ave",Custer,57730,Custer,43.76502,-103.601662,,,,"","0.00","","Petroleum                                         ","0.00000",,"Petroleum","Lust Trust","Commercial","Off Site Source","False","Leakage",,"null",,"","300",12160
2012.239,"C",KN,11/29/2012,8/16/2013,True,"Oilfield Spill - Silvco","Silvco Energy LLC","Ozark 1 Coffing",Dewey,57730,Custer,43.4877548,-103.867126,6S,2E,34,"NE","0.00","","Crude oil                                         ","2.00000",bbl,"Oil","Oil Field","Other(See Case File)","AST","False","Overflow",,"null",,"","294",12526
2013.053,"C",BM,4/15/2013,5/31/2013,True,"Transportation Accident at Jewel Cave","Alan Bennett","MM 46 Highway 385",Pringle,57773,Custer,43.5483475,-103.476814,,,,"","0.00","","Diesel Fuel                                       ","35.00000",gallons,"Petroleum","Other(See Case File)","Other(See Case File)","Truck Tank","False","Transport Accident",,"null",,"","290",12610
2013.085,"C",BM,5/8/2013,5/31/2013,True,"Damaged Truck Tank","Custer County Highway Dept.","1100 Montgomery Street",Custer,57730,Custer,43.7728767,-103.5924,,,,"","0.00","","Diesel Fuel                                       ","25.00000",gallons,"Petroleum","Other(See Case File)","Other(See Case File)","Truck Tank","False","Damage",,"null",,"","290",12647
2013.138,"C",ML,7/5/2013,7/10/2013,True,"Hell Canyon Training Area - SDARNG (also see 2013.133)","South Dakota Army National Guard","Mud Springs Road",Custer,57730,Custer,43.7751579,-103.849449,,,,"","0.00","","Metals-below stds                                 ","0.00000",,"Other(See Case File)","Federal","Other(See Case File)","Historical","False","Past Practices",,"null",,"","294",12701
2013.159,"C",KM,7/16/2013,8/30/2013,True,"UST Overfill - Custer County Shop","CBH Cooperatives","NE at Hwy 40 and North 3rd Street",Hermosa,57744,Custer,43.83983,-103.1927,,,,"","0.00","","Gasoline                                          ","30.00000",gallons,"Petroleum","Other(See Case File)","Other(See Case File)","UST","True","Overfill",,"null",,"","294",12726
2013.165,"C",KN,7/21/2013,8/16/2013,True,"Transport Event - Dickson Brothers","Dickson Brothers","Hwy 16W at Mud Springs Road",Custer,57730,Custer,43.7290039,-103.857872,,,,"","0.00","","Jet Fuel                                          ","42.00000",,"Petroleum","Other(See Case File)","Other(See Case File)","Transport Trailer","False","Transport Accident",,"null",,"","294",12735
2013.182,"C",KN,8/9/2013,9/18/2013,True,"Wheels West RV Park","Kieffer Sanitation","12598 US Hwy 16A",Custer,57730,Custer,43.7472,-103.573395,,,,"","0.00","","Hydraulic Oil                                     ","0.00000",,"Oil","Other(See Case File)","Commercial","Truck","False","Equipment Failure",,"null",,"","295",12753
2013.218,"C",KM,9/24/2013,10/2/2013,True,"Deer Valley Admin Site (see 95.086)","Black Hills National Forest","Acreage, N of French Creek & W of North 1st St.",Custer,57730,Custer,43.76986,-103.612076,3S,4E,,"","0.00","","Toluene                                           ","0.00000",,"Chemical","Other(See Case File)","Other(See Case File)","Off Site Source","False","Runoff",,"null",,"","295",12793
2015.145,"NFA",ZB ,7/28/2015,4/22/2016,True,"Suspected Petroleum Release - Fresh Start #8","Fresh Start Convenience Stores","49 North 5th Street",Custer,57730,Custer,43.7668877,-103.60096,,,,"null","null","null","Petroleum                                         ","null",,"Petroleum","Other(See Case File)","Commercial","UST","True","Spillage",,"8130",,"null","null",13435
2015.146,"C",TK ,7/29/2015,8/15/2016,True,"Coal Train Derailment (BNSF) near Dewey","Burlington Northern Sante Fe (BNSF) Railroad","MP 495 near junction of county roads 069 $ 769",Dewey,57735,Custer,43.5325851,-104.0424,,,,"null","null","null","Coal                                              ","null",,"Other(See Case File)","Other(See Case File)","Other(See Case File)","Railcar","False","Accident",,"null",,"null","null",13436
2016.043,"C",RL ,3/11/2016,4/7/2016,True,"Complaint - NRC Incident #1142508","Custer County Highway Department","25365 US Hwy 385, near impound lot",Custer,57730,Custer,43.7278366,-103.608376,,,,"null","null","null","Lubricating Oil                                   ","100.00000",gallons,"Oil","Other(See Case File)","Other(See Case File)","Equipment","False","Handling",,"null",,"null","302",13627
2016.124,"NFA",RL ,6/28/2016,1/30/2017,True,"Custer Ranch Drum Site","Canadian Pacific","15445 Hwy 40",Hermosa,57744,Custer,43.7530937,-102.972015,,,,"null","null","null","Lubricants                            ","null",,"Oil","Other(See Case File)","Other(See Case File)","Drums","False","Spillage",,"null",,"null","null",13711
2017.006,"C",KN ,2/9/2017,3/15/2017,True,"Suspected Diesel Spill - BNSF Rail Line","Burlington Northern Sante Fe (BNSF)","Between MP 478 & 498",Dewey,57735,Custer,43.527668,-104.039627,,,,"null","null","null","Dyed Diesel                                       ","null",,"Petroleum","Other(See Case File)","Other(See Case File)","Locomotive","False","No Release",,"null",,"null","null",13896
2017.076,"NFA",KM ,6/2/2017,6/28/2017,True,"Complaint - Custer County Highway Shop","Custer County Highway Department","25365 US Hwy 385",Custer,57730,Custer,43.72862,-103.608528,,,,"null","null","null","Diesel Additive","55.00000",gallons,"Chemical","Other(See Case File)","Public","Drums","False","Dumping",,"null",,"null","null",13997
2018.003,"C",RL ,1/3/2018,1/4/2018,True,"Custer County Highway Shop - Limited Assessment","Custer County","NW at Main and North 3rd",Buffalo Gap,57722,Custer,43.4920769,-103.315323,,,,"null","null","null","Petroleum                                         ","null",,"Petroleum","Other(See Case File)","Public","AST","False","No Release",,"null",,"null","null",14177
2018.028,"C",RL ,2/25/2018,2/27/2018,True,"Transportation Accident - Custer Park","Brian Barber","Hwy 16A, about MM 29.4 ",Custer,57730,Custer,43.7608833,-103.475143,,,,"null","null","null","Hydraulic Oil                                     ","5.00000",gallons,"Oil","Other(See Case File)","Other(See Case File)","Containers","False","Leakage",,"null",,"null","null",14206
2018.174,"C",JPA,10/1/2018,1/28/2019,True,"ATP - Custer Regional Hospital","Regional Health","1039 Montgomery Street",Custer,57730,Custer,43.7724762,-103.594566,,,,"null","null","null","Diesel                                            ","null",,"Petroleum","ATP","Other(See Case File)","UST","False","Leakage",3632,"8372",,"null","null",14365
2018.186,"O",ZB ,10/16/2018,,True,"Former Fresh Start #20 - Tank System Removal","Fresh Start Convenience Stores","239 North 5th Street",Custer,57730,Custer,43.7691536,-103.602226,,,,"null","null","null","Petroleum                                         ","null",,"Petroleum","Other(See Case File)","Commercial","UST","True","Leaks and Spills",,"8410",,"null","null",14378
2018.224,"T",,,,True,"Former Silver King Mine Site","Silver King Mines Inc.","Rural SW Custer County",Burdock,57735,Custer,43.48967,-103.97718,,,,"null","null","null","Uranium Ore","null",,"Other(See Case File)","Federal","Industrial","Other(See Case File)","False","Past Practices",,"null",,"null","null",14418
2019.034,"C",PDM,3/21/2019,4/8/2019,True,"Transportation Accident - Custer","Scott Jones","U.S. Route 16 & Renegade Pass",Custer,57730,Custer,43.74147,-103.740227,,,,"null","null","null","Diesel                                            ","50.00000",gallons,"Petroleum","Other(See Case File)","Public","Fuel Tank","False","Transport Accident",,"null",,"null","null",14464
2019.060,"C",TK ,4/24/2019,11/5/2019,True,"Gasoline Release - Flying J","MG Oil","25 Heartland Express (SD-79)",Hermosa,57744,Custer,43.8401566,-103.200211,,,,"null","null","null","Gasoline                                          ","11.00000",gallons,"Petroleum","Other(See Case File)","Commercial","UST","True","Equipment Failure",,"null",,"null","null",14491
2019.065,"C",JAM,5/4/2019,11/12/2019,True,"Hydraulic Oil Release - Custer","Brandon Cullum","Hwy 16A and Galena Divide",Custer,57730,Custer,43.76585,-103.490112,,,,"null","null","null","Hydraulic Oil                                     ","null",,"Oil","Other(See Case File)","Public","Equipment","False","Overturned",,"null",,"null","null",14497
2019.087,"C",PDM,6/5/2019,6/17/2019,True,"Road Oil Runoff - Custer","South Dakota Dept. of Transportation","U.S. Highway 16 & South Dakota State Route 87",Custer,57730,Custer,43.8895264,-103.589378,,,,"null","null","null","road oil                                          ","2.00000",gallons,"Oil","Other(See Case File)","Public","Other(See Case File)","False","Runoff",,"null",,"null","null",14522
2019.112,"C",PDM,6/27/2019,7/10/2019,True,"Steel Collision and Glass dumping complaint","Steel Collision and Glass","1025 Crook Street",Custer,57730,Custer,43.77,-103.592896,,,,"null","null","null","oil                                               ","5.00000",Gallons,"Oil","Other(See Case File)","Commercial","Bucket","False","Dumping",,"null",,"null","null",14548
2020.066,"C",JAM,6/5/2020,6/10/2020,True,"Vehicle Transporter Accident","Unknown","Highway 79, mile marker 33",Buffalo Gap,57722,Custer,43.47853,-103.341209,,,,"null","null","null","Automotive Fluids                                 ","null",,"Unknown(See Case File)","Other(See Case File)","Other(See Case File)","Transport Truck","False","Transport Accident",,"null",,"null","null",14757
2020.083,"NFA",BH,6/25/2020,9/3/2020,True,"Custer County Airport- Jet A Release","Dixon Bros","12220 Aviation Way",Custer,57730,Custer,43.7324753,-103.612961,,,,"null","null","null","Jet A Aviation Fuel","350.00000",gallons,"Other(See Case File)","Other(See Case File)","Other(See Case File)","Fuel Truck","False","Leaks and Spills",,"null",,"null","null",14777
2020.181,"C",JAM,12/22/2020,1/11/2021,True,"Custer Pole Yard - Phase II Assessment","Black Hills Energy","41 South Thrid Street",Custer,57730,Custer,43.7640457,-103.6019,3S,4E,26,"null","null","null","Arsenic                                           ","null",,"Other(See Case File)","Other(See Case File)","Industrial","Past Practices","False","Past Practices",,"null",,"null","null",14903
2021.049,"NFA",GK,4/9/2021,2/22/2022,True,"Transportation Accident - Werner Enterprises","Werner Enterprises","Highway 16 (Rushmore Road)",Custer,57730,Custer,43.73766,-103.813255,,,,"null","null","null","Diesel, Motor Oil","12.00000",gallons,"Other","Other(See Case File)","Other(See Case File)","Transport Truck","False","Transport Accident",,"null",,"null","null",14957
2021.178,"C",GK,11/1/2021,11/17/2021,True,"Custer - Non-PCB Mineral Oil Gunshot","Unknown ","10841 HWY 16",Custer,57350,Custer,43.7261353,-103.888107,,,,"null","null","null","Transformer Oil Non-PCB                           ","25.00000",gallons,"Oil","Other(See Case File)","Industrial","Regulator","False","Hole in tank",,"null",,"null","null",15099
2022.041,"O",ZB ,3/10/2022,,True,"Line Leak - Yesway #1173","Yesway","49 North 5th Street",Custer,57730,Custer,43.76686,-103.601036,,,,"null","null","null","Gasoline                                          ","null",,"Petroleum","Other(See Case File)","Commercial","UST","True","Line Leak",,"8618",,"null","null",15183
2022.060,"C",JAM,4/16/2022,5/27/2022,True,"Diesel Overfill - Big D's Custer","Unknown","133 West Mount Rushmore Road",Custer,57730,Custer,43.7636681,-103.61129,,,,"null","null","null","Diesel                                            ","25.00000",gallons,"Petroleum","Other(See Case File)","Commercial","Gas Pump","True","Overfill",,"null",,"null","null",15204
2022.104,"O",KN ,6/17/2022,,True,"Vehicle accident near the Custer State Park Visitors Center","SD Army National Guard","Hwy 16 A near the visitors Center",Cister,57730,Custer,43.7614937,-103.371521,,,,"null","null","null","automotive fluids                                 ","20.00000",gallons,"Combined","Unknown(See Case File)","Public","Transportation","False","Transport Accident",,"null",,"null","null",15250
7777.017,"T",,,,False,"Former Landfill Site - Hermosa","Town of Hermosa","S of Shorb Road & W of Hwy 79",Hermosa,57744,Custer,43.8464,-103.205,2S,8E,30,"SE","0.00","","                                                  ","0.00000",,"Other(See Case File)","Former Landfill","Other(See Case File)","Wastes","False","Past Practices",,"null",,"SW302","",12286
7777.029,"T",,,,False,"Former Landfill Site - Fairburn","Town of Fairburn","East French Creek Road",Fairburn,57738,Custer,43.6863,-103.2185,4S,8E,19,"SW","0.00","","                                                  ","0.00000",,"Other(See Case File)","Former Landfill","Other(See Case File)","Wastes","False","Past Practices",,"null",,"SW526","",12298
9999.066,"W",,,,True,"Withdrawn ATP - Bell Property","Billy Bell Jr.","1206 Homestead Drive",Custer,57730,Custer,43.7775726,-103.588043,,,,"","0.00","","                                                  ","0.00000",,"Other(See Case File)","Withdrawn ATP","Residential","Other(See Case File)","False","null",1096,"5067",,"","249",10722
9999.168,"W",,,,True,"Withdrawn ATP - Conard Property","Chad Conard","246 5th Street",Custer,57730,Custer,43.7695923,-103.601784,,,,"","0.00","","                                                  ","0.00000",,"Other(See Case File)","Withdrawn ATP","Commercial","Other(See Case File)","False","null",2701,"6651",,"","249",10828
93002.000,"C",TK,3/18/1993,3/30/1993,True,"Custer County Oil","William Stahl","45 South Fourth Street",Custer,57730,Custer,43.7642822,-103.601212,,,,"","0.00","","                                                  ","0.00000",,"Other(See Case File)","Clean Site","Commercial","AST","True","No Release",,"null",,"","",8448
93031.000,"C",RC,2/11/1993,2/19/1993,True,"AT&T Communications","AT&T Communications","AT&T Communications",Fairburn,57738,Custer,43.686985,-103.213036,,,,"","0.00","","                                                  ","0.00000",,"Other(See Case File)","Clean Site","Other(See Case File)","UST","False","No Release",,"null",,"","",8477
96015.000,"C",JN,8/7/1996,8/20/1996,True,"Wind Cave National Park","Wind Cave National Park","Wind Cave National Park",Pringle,57773,Custer,43.6350937,-103.503433,,,,"","0.00","","                                                  ","0.00000",,"Other(See Case File)","Clean Site","Other(See Case File)","UST","True","No Release",,"3462",,"","",8618
98012.000,"C",JN,4/20/1998,7/14/1998,True,"Elk Haven Resort and Campground","Larry Hartman","Hwy 16A",Keystone,57751,Custer,43.83446,-103.369194,,,,"","0.00","","                                                  ","0.00000",,"Other(See Case File)","Clean Site","Other(See Case File)","UST","True","No Release",,"3406",,"","",8675
98037.000,"C",CH,10/15/1998,11/9/1998,True,"Former Restway Campground  - Borglum Ranch site","James Borglum","6 miles west of Hwy 79 intersection on Hwy 36",Hermosa,57744,Custer,43.7913666,-103.28743,,,,"","0.00","","                                                  ","0.00000",,"Other(See Case File)","Clean Site","Other(See Case File)","UST","True","No Release",,"3609",,"","",8700
98064.000,"C",CH,12/18/1998,2/1/1999,True,"Custer County Highway Shop","Custer County","Hwy 40 & 3rd",Hermosa,57744,Custer,43.8398743,-103.192757,,,,"","0.00","","                                                  ","0.00000",,"Other(See Case File)","Clean Site","Public","UST","True","No Release",,"3542",,"","",8727
98066.000,"C",CH,12/24/1998,2/1/1999,True,"Custer County Highway Shop","Custer County Highway Department","Custer County Highway Shop",Elk Moutain,57730,Custer,43.5575066,-103.479477,,,,"","0.00","","                                                  ","0.00000",,"Other(See Case File)","Clean Site","Other(See Case File)","UST","True","No Release",,"null",,"","",8729
99009.000,"C",CH,1/22/1999,4/6/1999,True,"Coast to Coast","Iola Carter","506 Mt. Rushmore Road",Custer,57730,Custer,43.7661629,-103.59996,,,,"","0.00","","                                                  ","0.00000",,"Other(See Case File)","Clean Site","Commercial","UST","True","No Release",,"null",,"","",8742
99015.000,"C",CH,2/12/1999,4/6/1999,True,"Custer County Airport","Custer County","12200 Aviation Place",Custer,57730,Custer,43.7323456,-103.613953,,,,"","0.00","","                                                  ","0.00000",,"Other(See Case File)","Clean Site","Other(See Case File)","UST","True","No Release",,"null",,"","",8748
99051.000,"C",CH,7/13/1999,11/3/1999,True,"ATP 5 - Abandoned Station","Bill Thompson","1st and Main Street  (SE corner)",Fairburn,57738,Custer,43.6871834,-103.209763,,,,"","0.00","","                                                  ","0.00000",,"Other(See Case File)","ATP","Commercial","UST","True","No Release",313,"3838",,"","224,",8784
2001158.000,"C",KM,9/6/2001,9/11/2001,True,"Clean ATP - Former Station / Home","Dennis & Magdaline Aadland","12154  Hwy 16",Custer,57730,Custer,43.76255,-103.615181,,,,"","0.00","","                                                  ","0.00000",,"Other(See Case File)","ATP","Other(See Case File)","UST","True","No Release",363,"4293",,"","204",9022
2001159.000,"C",KM,9/6/2001,9/11/2001,True,"Clean ATP - Borgen Ranch","Odean Borgen","Dewey Road",Custer,57730,Custer,43.6889076,-104.013184,,,,"","0.00","","                                                  ","0.00000",,"Other(See Case File)","ATP","Agricultural","UST","False","No Release",644,"4577",,"","204",9023
2001160.000,"C",KM,9/6/2001,9/11/2001,True,"Clean ATP - Oberg Farm","Robert Oberg","Custer Limestone Road, 3.7 miles from Hwy 16",Custer,57730,Custer,43.7969,-103.705116,,,,"","0.00","","                                                  ","0.00000",,"Other(See Case File)","ATP","Agricultural","UST","False","No Release",771,"4713",,"","204",9024
2001161.000,"C",KM,9/6/2001,9/11/2001,True,"Clean ATP - Brown Farm","Donald Brown","Eastern Custer County",Scenic,57780,Custer,43.8144531,-102.720619,3S,12E,6,"","0.00","","                                                  ","0.00000",,"Other(See Case File)","ATP","Agricultural","UST","False","No Release",1390,"5324",,"","205",9025
2001447.000,"C",KM,11/20/2001,12/7/2001,True,"Clean ATP - Sylvan Lake","Custer State Park","Sylvan Lake",Custer,57730,Custer,43.8437424,-103.562859,,,,"","0.00","","                                                  ","0.00000",,"Other(See Case File)","ATP","Public","UST","False","No Release",1328,"5245",,"","205",9311
2001448.000,"C",KM,11/20/2001,12/7/2001,True,"Clean ATP - Legion Lake Lodge","Custer State Park","Hwy 16 / 16A intersection",Custer,57730,Custer,43.7618,-103.4626,,,,"","0.00","","                                                  ","0.00000",,"Other(See Case File)","ATP","Public","UST","False","No Release",1324,"5243",,"","205",9312
2002005.000,"C",KM,1/10/2002,3/11/2002,True,"Clean ATP - Hawthorn Ranch","H. C. (Bud) Hollenbeck","Dewey Road",Dewey,57747,Custer,43.52866,-104.038231,,,,"","0.00","","                                                  ","0.00000",,"Other(See Case File)","ATP","Agricultural","UST","True","No Release",1210,"5142",,"","205",9868
2002209.000,"C",KM,8/26/2002,2/10/2003,True,"Clean ATP - Jewel Cave National Monument","Jewel Cave National Monument","Hwy 16",Custer,57730,Custer,43.73179,-103.827972,,,,"","0.00","","                                                  ","0.00000",,"Other(See Case File)","ATP","Other(See Case File)","UST","True","No Release",2368,"6297",,"","220",10067
2002211.000,"C",KM,8/15/2002,2/10/2003,True,"Clean ATP - Anderson's One Stop","Clark and Susan Philson","Corner of Maple and Main Street",Buffalo Gap,57722,Custer,43.49192,-103.312759,,,,"","0.00","","                                                  ","0.00000",,"Other(See Case File)","ATP","Commercial","UST","True","No Release",2319,"6249",,"","220",10069
2002280.000,"C",KM,2/19/2003,7/1/2003,True,"ATP - Conard Chiropractic (no tank found)","Chad Conard","246 North 5th Street  (Montgomery & 5th)",Custer,57730,Custer,43.76962,-103.601814,,,,"","0.00","","                                                  ","0.00000",,"Other(See Case File)","ATP","Commercial","Other(See Case File)","False","No Tank Found",2701,"6651",,"","220",10137
2003006.000,"C",KM,10/1/2003,11/26/2003,True,"Clean ATP - Jewel Cave","Jewel Cave National Park Service","US Highway 16 - 13 miles west of Custer",Custer,57730,Custer,43.7317848,-103.8281,,,,"","0.00","","                                                  ","0.00000",,"Other(See Case File)","ATP","Other(See Case File)","UST","False","No Release",2734,"6694",,"","225,",10190
2008010.000,"C",TF,10/8/2008,11/6/2008,True,"Clean ATP - Wrangler Cafe","STEVEN BLUME","302 Mount Rushmore Road",Custer,57730,Custer,43.7652664,-103.602814,,,,"","0.00","","                                                  ","0.00000",,"Other(See Case File)","ATP","Commercial","UST","True","No Release",3078,"7312",,"","260",11285
2011002.000,"C",TF,6/23/2011,3/16/2012,True,"Clean ATP - STAR Academy","SD Department of Corrections","25929 Badger Clark Road, East Campus",Custer,57730,Custer,43.74851,-103.431732,,,,"","0.00","","                                                  ","0.00000",,"Other(See Case File)","ATP","Other(See Case File)","UST","False","No Release",3157,"7507",,"","286",12023
2014032.000,"C",TF ,12/1/2014,12/3/2014,True,"Clean ATP - Custer County Courthouse","Custer County","420 Mount Rushmore Road",Custer,57730,Custer,43.7650528,-103.601151,,,,"null","null","null","null","null",,"Other(See Case File)","ATP","Other(See Case File)","UST","False","No Release",3159,"7509",,"null","298",13217
2019002.000,"C",TK ,4/2/2019,11/5/2019,True,"Biological Sheen - Custer","not applicable","25073 Little Italy Road",Custer,57730,Custer,43.7710457,-103.63028,,,,"null","null","null","Organic Material                                  ","null",,"Unknown(See Case File)","Clean Site","Residential","No Release","False","No Release",,"null",,"null","null",14499
2021001.000,"C",ZB ,5/5/2021,6/15/2021,True,"Clean AST Removal - Sylvan Lake Lodge","Custer State Park","24572 Highway 87",Custer,57730,Custer,43.8466759,-103.568626,2S,5E,30,"SW","null","null","","null",,"Petroleum","Clean Site","Public","AST","True","No Release",,"null",,"null","null",14972
2021014.000,"C",KF ,11/30/2021,2/8/2022,True,"Clean ATP - Star Academy","Beecher Rock LLC","12299 Jack O'Connor Lane",Custer,57730,Custer,43.70504,-103.600708,,,,"null","null","null","null","null",,"Other(See Case File)","ATP","Commercial","UST","True","No Release",3730,"8567",,"null","null",15120
2023001.000,"C",JPA,6/2/2023,8/23/2023,True,"Clean ATP - Custer WWTP","City of Custer","25058 Spring Place",Custer,57730,Custer,43.7730675,-103.567879,,,,"null","null","null","null","null",,"Other(See Case File)","ATP","Industrial","No Release","False","No Release",3739,"8579",,"null","null",15453
2023002.000,"C",JPA,6/2/2023,8/23/2023,True,"Clean ATP - Custer Hidden Valley","SD Game, Fish, and Parks","25292 Badger Clark Rd",Custer,57730,Custer,43.748806,-103.4311,,,,"null","null","null","","null",,"Other(See Case File)","ATP","Public","No Release","False","No Release",3779,"8639",,"null","null",15454