id,status,r1,date_rep,date_close,image,site_name,resp_party,street,city,zip_code,county,latitude,longitude,township,range,section,secq1,acreage,instctrls,material,amount,units,spill_cat,site_type,proptype,sor_type,regulated,cause_type,atp_no,prcfnumber,ag_no,solidwaste,microroll,siteid
83.002,"NFA",JPA,1/13/1983,6/16/2010,True,"Mission LUST Trust","Mission Lust Trust","Washington & Second / Hwy. 18",Mission,57555,Todd,43.3060265,-100.659721,,,,"","0.00","","Gasoline                                          ","0.00000",,"Petroleum","Lust Trust","Other(See Case File)","UST","False","Leakage",,"null",,"","221,275",107
84.087,"NFA",RL,12/5/1984,3/3/2006,True,"Parmelee Trading Post - Line Leak","Parmelee Trading Post","SW @ Hwy. 63 & Third St E",Parmelee,57566,Todd,43.3225174,-101.027351,39N,26W,30,"NW","0.00","","Gasoline                                          ","2000.00000",gallons,"Petroleum","Other(See Case File)","Commercial","AST","True","Line Leak",,"null",,"","244",258
85.054,"C",KM,6/21/1985,6/30/2000,True,"Farmers Coop Association - Transport Event","Farmers Coop Association","Hwy 18, MM 220.5",Mission,57555,Todd,43.3159065,-100.442673,39N,26W,31,"","0.00","","Diesel, Gasoline                                  ","4087.00000",gallons,"Petroleum","Other(See Case File)","Other(See Case File)","Transport Trailer","False","Transport Accident",,"null",,"","",322
87.012,"C",TK,2/15/1987,11/14/1991,True,"Heinert Property - Contaminated Water","R. Heinert","225 S. Roosevelt Ave.",Mission,57555,Todd,43.3051643,-100.661644,,,,"","0.00","","Diesel, Gasoline                                  ","0.00000",,"Petroleum","Source Water","Residential","Off Site Source","False","Leakage",,"null",,"","",477
88.241,"NFA",GH,11/30/1988,2/27/2002,True,"Bus Storage Facility - UST Removals","Todd County School District","NW at South Main and 4th",Mission,57555,Todd,43.30396,-100.658806,,,,"","0.00","","Petroleum","0.00000",,"Petroleum","Other(See Case File)","Public","UST","True","Leakage",,"38",,"","",842
90.003,"C",KM,1/13/1990,2/1/1990,True,"Buches IGA - Fire Event","Buches Foods","620 East 2nd Street",Mission,57555,Todd,43.30507,-100.649544,,,,"","0.00","","Fire Fighting Water","0.00000",,"Chemical","Other(See Case File)","Commercial","Structure","False","Runoff",,"null",,"","",1238
90.383,"C",TK,8/27/1990,4/11/1991,True,"Cherry Co./Todd Co. Electric","Cherry Todd Electric Cooperative Incorporated","Rosebud Fairgrounds",Rosebud,57570,Todd,43.2495422,-100.844269,,,,"","0.00","","Mineral Oil                                       ","0.00000",,"Oil","Other(See Case File)","Other(See Case File)","Transformer","False","Equipment Failure",,"null",,"","",1618
90.586,"NFA",GH,11/19/1990,7/29/2008,True,"Mission LUST Trust","Edward Charbonneau","NW @ Adams & 2nd (Hwy 18/83)",Mission,57555,Todd,43.30609,-100.652931,,,,"","0.00","","Petroleum                                         ","0.00000",,"Petroleum","Lust Trust","Commercial","UST","True","Leakage",,"1256",,"","258",1821
90.587,"NFA",GH,11/19/1990,6/25/2008,True,"Farmers Coop Oil","Farmers Coop Oil","Highway 18 / 83, W of Mission",Mission,57555,Todd,43.30509,-100.668427,39N,28W,32,"SW","0.00","","Gasoline                                          ","0.00000",,"Petroleum","Other(See Case File)","Commercial","AST","True","Leaks and Spills",,"1257",,"","256",1822
91.055,"C",TK,2/13/1991,2/13/1991,True,"Automobile Accident","Unknown","8 mi. E. of town",Okreek,57563,Todd,43.38261,-100.234131,,,,"","0.00","","Gasoline                                          ","1.00000",gallon,"Petroleum","Other(See Case File)","Residential","Vehicle","False","Accident",,"null",,"","",1945
91.081,"C",KM,3/1/1991,5/2/1991,True,"Fuel Disposal ","Delbert Ritter","1 W, 1N & .5 W",Mission,57555,Todd,43.3198967,-100.684906,,,,"","0.00","","Gasoline                                          ","0.00000",,"Petroleum","Other(See Case File)","Commercial","UST","True","Handling",,"1403",,"","",1971
91.139,"C",TK,4/10/1991,5/15/1991,True,"Transport spill along roadway","Farmers Coop Oil","~ 1 mile length of Highway 18",Mission,57555,Todd,43.30581,-100.655006,39N,29,32,"SW","0.00","","Diesel                                            ","0.00000",,"Petroleum","Other(See Case File)","Other(See Case File)","Truck Tank","False","Equipment Failure",,"null",,"","",2029
91.314,"C",JL,7/17/1991,12/27/2001,True,"St. Francis Indian School Bus Shop (see 98.344)","Bureau of Indian Affairs","350 Oak Street",Saint Francis,57572,Todd,43.14155,-100.90377,37,30,32,"NW","0.00","","Gasoline                                          ","0.00000",,"Petroleum","Other(See Case File)","Other(See Case File)","UST","True","Leakage",,"1547",,"","235,263",2204
91.693,"NFA",MT,12/30/1991,12/31/2009,True,"Rosebud Mini Mart - Tank System Replacement","Ron Valandra","200 Legion Ave. (SW @ Legion & Main)",Rosebud,57570,Todd,43.230957,-100.854752,38N,30W,27,"","0.00","","gasoline                                          ","0.00000",,"Petroleum","Other(See Case File)","Commercial","UST","True","Leakage",,"2000",,"","271",2583
92.048,"NFA",JPA,2/21/1992,6/16/2010,True,"Former Station Site  (also see 83.002)","Dakota Pride Coop","NE at 2nd & Main / Hwy 18",Mission,57555,Todd,43.306,-100.658157,,,,"","0.00","","Diesel                                            ","0.00000",,"Petroleum","Lust Trust","Commercial","UST","True","Leakage",,"2045",,"","275",2638
92.113,"C",KM,4/16/1992,6/30/1992,True,"Battery dumping","Ron Bolter","N. Main",Mission,57555,Todd,43.3084373,-100.658051,,,,"","0.00","","BatteriesTransformers                             ","0.00000",,"Chemical","Other(See Case File)","Commercial","Salvage Inventory","False","Leakage",,"null",,"","",2703
92.116,"C",KM,3/12/1992,4/12/1992,True,"Rosebud Sioux Tribe","Rosebud Sioux Tribe","NW Corner of Rosebud Lake",Rosebud,57570,Todd,43.229908,-100.850548,,,,"","0.00","","Asphalt                                           ","4000.00000",,"Oil","Other(See Case File)","Other(See Case File)","AST","False","Spillage",,"null",,"","",2706
93.321,"C",GH,10/6/1993,3/3/1994,True,"Dept of Trans (SD DOT) - UST Removal","SD Department of Transportation  (SD DOT)","Hwy 18 west edge of town",Mission,57555,Todd,43.3062973,-100.670525,39N,28E,31,"SE","0.00","","Diesel                                            ","0.00000",,"Petroleum","Other(See Case File)","Other(See Case File)","UST","True","Spillage",,"2420",,"","",3336
94.045,"C",KM,3/10/1994,3/17/1994,True,"Moran's Body Shop - Oil Drum","Moran's Body Shop","Hwy. 18 & Washington",Mission,57555,Todd,43.3061562,-100.659721,,,,"","0.00","","Waste Oil                                         ","55.00000",gallons,"Oil","Other(See Case File)","Commercial","Drums","False","Overturned",,"null",,"","234",3580
94.177,"C",TK,6/21/1994,1/25/1995,True,"Butler & Sons Trucking Transport Event","Mary Haukaas","Hwy. 18, E. of Town",Mission,57555,Todd,43.3033524,-100.50074,39N,27W,35,"SW","0.00","","Diesel                                            ","100.00000",gallons,"Petroleum","Other(See Case File)","Other(See Case File)","Truck Tank","False","Damage",,"null",,"","",3712
95.012,"C",TK,1/17/1995,3/4/1995,True,"Dakota Pride Coop Transport Overfill","Dakota Pride Coop","West Highway 18",Mission,57555,Todd,43.3046,-100.668694,39N,28W,32,"SW","0.00","","Gasoline                                          ","150.00000",gallons,"Petroleum","Other(See Case File)","Other(See Case File)","AST","True","Overfill",,"2880",,"","",3963
95.017,"C",JA,1/19/1995,3/4/1995,True,"Mission Ampride - Truck Transfer Spill","Dakota Pride Coop","West Hwy 18",Mission,57555,Todd,43.30468,-100.668579,39N,28W,32,"SW","0.00","","diesel                                            ","150.00000",gallons,"Petroleum","Other(See Case File)","Commercial","AST","True","Overfill",,"2815",,"","",3968
95.223,"C",GH,8/22/1995,6/18/1996,True,"Mission LUST Trust  (see 83.002)","Mission Lust Trust","Hwy 18 / 2nd",Mission,57555,Todd,43.3060341,-100.659676,,,,"","0.00","","Petroleum                                         ","0.00000",,"Petroleum","Lust Trust","Other(See Case File)","UST","True","Leakage",,"null",,"","",4174
97.122,"O",TF ,4/29/1997,,True,"Petroleum Contamination - LUST Trust","Unknown","Sinte Gleska Univ Lake Campus at Antelope Community",Mission,57555,Todd,43.2996521,-100.6238,,,,"","0.00","","Petroleum                                         ","0.00000",,"Petroleum","Lust Trust","Other(See Case File)","Unknown(See Case File)","True","Unknown",,"3202",,"","",4810
97.310,"C",RC,9/16/1997,10/24/1997,True,"Ampride - Truck Tank Overfill","Ampride","Hwy 18",Mission,57555,Todd,43.3052139,-100.66848,39N,28W,32,"SW","0.00","","diesel                                            ","50.00000",gallons,"Petroleum","Other(See Case File)","Commercial","UST","False","Uncontrolled Nozzle",,"3295",,"","",4998
97.415,"O",KF ,12/16/1997,,True,"He Dog Elementary School (also 2002.204)","Bureau of Indian Affairs - Todd County Schools District - Mike Knox","#1 He Dog School Road,  1.5 mi N of Hwy 18/0.5 mi E",Parmelee,57566,Todd,43.2985954,-101.059776,38N,32W,2,"NE","0.00","","Petroleum                                         ","0.00000",,"Petroleum","Federal","Residential","UST","True","Leakage",,"3717",,"","",5103
97.416,"O",KF ,12/16/1997,,True,"Okreek Elementary School - Federal Id # R4080014","Bureau of Indian Affairs - Todd County School District - Mike Knox","School Street, south of Hwy 18",Okreek,57563,Todd,43.3580055,-100.389969,39N,26W,15,"NW","0.00","","gasoline                                          ","0.00000",,"Petroleum","Federal","Other(See Case File)","UST","True","Leakage",,"3718",,"","",5104
97.417,"C",JL,12/16/1997,5/24/1999,True,"Rosebud Elementary School - Tank Removals","Todd County School District","Rosebud Elementary School",Rosebud,57570,Todd,43.2325668,-100.856,,,,"","0.00","","Petroleum                                         ","0.00000",,"Petroleum","Other(See Case File)","Other(See Case File)","UST","True","Spillage",,"null",,"","",5105
98.006,"C",KH,1/23/1998,2/25/1998,True,"Lake View School - Tank Overfill","Todd County School District","Lakeview Road",Saint Francis,57572,Todd,43.07554,-100.750458,36N,29W,20,"SE","0.00","","gasoline                                          ","300.00000",gallons,"Petroleum","Other(See Case File)","Public","AST","True","Overfill",,"3341",,"","",5114
98.030,"C",KM,3/3/1998,3/12/1998,True,"Rosebud Hospital","Indian Health Service","Rosebud Hospital",Rosebud,57570,Todd,43.2383842,-100.854927,,,,"","0.00","","mercury                                           ","0.00000",,"Chemical","Federal","Other(See Case File)","Containers","False","Leakage",,"null",,"","231,242",5138
98.081,"C",GH,4/21/1998,2/16/2000,True,"Gas-N-Git Store / Tank System Removal","Storms Oil Company","179 Marge Street North",Mission,57555,Todd,43.3060341,-100.668381,39N,28W,32,"SW","0.00","","petroleum                                         ","0.00000",,"Petroleum","Other(See Case File)","Commercial","UST","True","Overfills/Spillage",,"3370",,"","",5189
98.343,"NFA",GMS,11/10/1998,6/12/2015,True,"Rosebud Facility Management -EPA #R4080025","Bureau of Indian Affairs","Rosebud Avenue 2 Blocks North of Bia 7 (Bldg 138)",Rosebud,57570,Todd,43.23401,-100.855591,38N,30W,27,"SE","0.00","","Gasoline                                          ","0.00000",,"Petroleum","Federal","Other(See Case File)","UST","True","Leakage",,"3642",,"","299",5451
98.344,"NFA",GH,11/10/1998,5/6/2009,True,"Saint Francis School - EPA #R4080026","Bureau of Indian Affairs","Oak Street (Bldg 900004)",Saint Francis,57572,Todd,43.14156,-100.903748,37,30,32,"NW","0.00","","Diesel, Gasoline                                  ","0.00000",,"Petroleum","Federal","Other(See Case File)","UST","True","Leakage",,"1547",,"","263",5452
98.435,"C",KM,12/29/1998,1/11/1999,True,"CERCLIS - Mercury Spill in Home","Unknown","25 Cheyenne Road",Antelope,57555,Todd,43.30248,-100.632355,,,,"","0.00","","mercury                                           ","3.00000",oz,"Chemical","CERCLIS","Residential","Materials","False","Handling",,"null",,"","231",5543
99.103,"C",JL,3/23/1999,5/24/1999,True,"Rosebud Law Enforcement-Federal Id # R4080001","Bureau of Indian Affairs","Law Enforcement Bldg",Rosebud,57570,Todd,43.2492256,-100.839615,,,,"","0.00","","petroleum                                         ","0.00000",,"Petroleum","Federal","Other(See Case File)","UST","True","No Release",,"null",,"","",5650
99.112,"NFA",DM,4/14/1999,3/25/2009,True,"Kary's Service - Tank Replacements","Susan Kary","502 Main Street",Parmelee,57566,Todd,43.32318,-101.028557,39N,31W,30,"SE","0.00","","gasoline                                          ","0.00000",,"Petroleum","Other(See Case File)","Commercial","UST","True","Corrosion",,"3692",,"","262",5659
2001.834,"NFA",KM,8/17/2001,5/9/2003,True,"ATP - St. Francis Indian School","Saint Francis Indian School","South Oak Street",Saint Francis,57572,Todd,43.140976,-100.903442,,,,"","0.00","","fuel oil                                          ","0.00000",,"Petroleum","ATP","Other(See Case File)","UST","False","Leakage",1566,"5512",,"","217",7116
2001.835,"C",KM,9/4/2001,2/13/2002,True,"ATP - Rosebud Indian Health Services Hospital","Rosebud Sioux Tribe","Lower Compound",Rosebud,57570,Todd,43.2389755,-100.85524,,,,"","0.00","","fuel oil                                          ","0.00000",,"Petroleum","ATP","Other(See Case File)","UST","False","Leakage",2054,"6012",,"","207",7117
2001.836,"NFA",KM,9/24/2001,4/4/2003,True,"ATP - RST Old White Building","Rosebud Sioux Tribe","BIA Route 1",Rosebud,57570,Todd,43.2322731,-100.853554,,,,"","0.00","","fuel oil                                          ","0.00000",,"Petroleum","ATP","Other(See Case File)","UST","False","Overfills/Spillage",2085,"6040",,"","217",7118
2001.837,"NFA",KM,9/7/2001,4/4/2003,True,"ATP - Rosebud Solid Waste Property","Rosebud Sioux Tribe","BIA Route 1 Service Road",Rosebud,57570,Todd,43.2309,-100.852219,,,,"","0.00","","gasoline                                          ","0.00000",,"Petroleum","ATP","Other(See Case File)","UST","True","Overfills/Spillage",2067,"6021",,"","217",7119
2001.838,"NFA",KM,9/24/2001,4/4/2003,True,"ATP - RST Old Catholic Church","Rosebud Sioux Tribe","Rosebud Avenue",Rosebud,57570,Todd,43.23261,-100.855766,,,,"","0.00","","fuel oil                                          ","0.00000",,"Petroleum","ATP","Other(See Case File)","UST","False","Corrosion",2086,"6041",,"","217",7120
2001.839,"NFA",KM,9/25/2001,4/8/2003,True,"ATP - GF&P and Natural Resources","Rosebud Sioux Tribe","Fire House Road",Rosebud,57570,Todd,43.23082,-100.852547,,,,"","0.00","","fuel oil                                          ","0.00000",,"Petroleum","ATP","Other(See Case File)","UST","False","Leakage",2088,"6046",,"","217",7121
2001.862,"C",KM,9/24/2001,3/4/2002,True,"ATP - Rosebud Sioux Tribe - Old Jail","Rosebud Sioux Tribe","Fire House Road",Rosebud,57570,Todd,43.2308578,-100.852753,,,,"","0.00","","fuel oil                                          ","0.00000",,"Petroleum","ATP","Other(See Case File)","UST","False","Spillage",2087,"6042",,"","207",7144
2001.863,"C",KM,9/24/2001,3/4/2002,True,"ATP - Rosebud Sioux Tribe - Old Red Log Building","Rosebud Sioux Tribe","BIA Route 1",Rosebud,57570,Todd,43.23106,-100.855026,,,,"","0.00","","fuel oil                                          ","0.00000",,"Petroleum","ATP","Other(See Case File)","UST","False","Spillage",2084,"6039",,"","207",7145
2001.864,"C",KM,9/4/2001,3/4/2002,True,"ATP - RST Tribal Administration Building","Rosebud Sioux Tribe","11 Legion Avenue",Rosebud,57570,Todd,43.23134,-100.854416,,,,"","0.00","","fuel oil                                          ","0.00000",,"Petroleum","ATP","Other(See Case File)","UST","False","Spillage",1550,"5496",,"","207",7146
2001.867,"C",KM,9/7/2001,3/4/2002,True,"ATP - Valandra Property","Mike & Patsy Valandra","Pine and Main",Saint Francis,57572,Todd,43.14341,-100.905548,,,,"","0.00","","Petroleum                                         ","0.00000",,"Petroleum","ATP","Other(See Case File)","UST","True","Spillage",1998,"5960",,"","207",7149
2001.868,"C",KM,9/5/2001,3/4/2002,True,"ATP - Ritter Property","Delbert & Carol Ritter","2nd / Hwy 18 & Blanch Street",Mission,57555,Todd,43.3055267,-100.650452,,,,"","0.00","","gasoline                                          ","0.00000",,"Petroleum","ATP","Other(See Case File)","UST","True","Spillage",1997,"5948",,"","207",7150
2002.204,"C",GMS,7/15/2002,6/22/2018,True,"ATP - He Dog School (see 97.415)","Todd Co School District","#1 He Dog School Road",Parmelee,57566,Todd,43.2985344,-101.060822,38N,32W,2,"NE","0.00","","fuel oil                                          ","0.00000",,"Petroleum","ATP","Other(See Case File)","UST","False","Leakage",2491,"6418",,"","219,239",7485
2002.205,"C",KM,7/7/2002,10/31/2002,True,"ATP - Rosebud School","Todd County School District","Rosebud School",Rosebud,57570,Todd,43.23291,-100.856857,,,,"","0.00","","fuel oil                                          ","0.00000",,"Petroleum","ATP","Other(See Case File)","UST","False","Spillage",2489,"6417",,"","219",7486
2002.211,"C",KM,7/19/2002,10/31/2002,True,"ATP - Spring Creek School","Todd County School District","Spring Creek School",Spring Creek,57572,Todd,43.11888,-101.030357,,,,"","0.00","","fuel oil                                          ","0.00000",,"Petroleum","ATP","Public","UST","False","Spillage",2488,"6416",,"","219",7492
2002.213,"C",KM,7/6/2002,10/31/2002,True,"ATP - Todd County High School","Todd County School District","Todd County High School",Mission,57555,Todd,43.3009262,-100.657852,,,,"","0.00","","Petroleum                                         ","0.00000",,"Petroleum","ATP","Public","UST","True","Spillage",2487,"6414",,"","219",7494
2002.216,"NFA",KM,7/10/2002,1/17/2003,True,"ATP - North Elementary School","Todd County School District","Roosevelt Avenue and 3rd Street",Mission,57555,Todd,43.30386,-100.661179,,,,"","0.00","","fuel oil                                          ","0.00000",,"Petroleum","ATP","Public","UST","False","Corrosion",2486,"6415",,"","217,239",7497
2002.217,"NFA",KH,7/16/2002,1/21/2005,True,"ATP - Don Brickman","Don Brickman","Hwy 18, 3 mi W of Carter, S side of hwy",Carter,57526,Todd,43.37379,-100.265053,,,,"","0.00","","Petroleum                                         ","0.00000",,"Petroleum","ATP","Agricultural","UST","False","Leakage",2540,"6470",,"","235",7498
2002.218,"NFA",KM,7/15/2002,4/4/2003,True,"ATP - Okreek School","Todd County School District","Hwy 18",Okreek,57563,Todd,43.3582764,-100.390388,39N,26W,15,"NW","0.00","","fuel oil                                          ","0.00000",,"Petroleum","ATP","Public","UST","False","Corrosion",2490,"6419",,"","217",7499
2002.259,"C",BM,11/8/2002,12/12/2002,True,"Oil Disposal in Sanitary Sewer","M & S Repair","Mission sewer lagoon oil spill",Mission,57555,Todd,43.31444,-100.632195,,,,"","0.00","","Waste Oil                                         ","0.00000",,"Oil","Other(See Case File)","Public","Containers","False","Handling",,"null",,"","231",7540
2004.154,"C",RL,9/13/2004,9/20/2004,True,"Leaking oil drums - Todd County Bus Shop","Todd County School District","Todd County School Bus Shop",Mission,57555,Todd,43.30182,-100.658012,39N,28W,32,"SE","0.00","","oil                                               ","0.00000",,"Oil","Other(See Case File)","Public","Drums","False","Leakage",,"null",,"","236",8039
2006.189,"C",RL,12/26/2006,3/2/2007,True,"Fire Event - Assman Implement","Dave Assman","~7 miles E of Mission on Hwy 18",Mission,57555,Todd,43.3046532,-100.51059,,,,"","0.00","","Unknown                                           ","0.00000",,"Unknown(See Case File)","Other(See Case File)","Commercial","Supplies","False","Fire Event",,"null",,"","252",10642
2007.183,"C",RL,11/16/2007,5/9/2008,True,"Transformer Oil Leak - WAPA","Western Area Power Administration  WAPA","Mission Substation",Mission,57555,Todd,43.325325,-100.653381,,,,"","0.00","","Transformer Oil PCB                               ","10.00000",gallons,"Combined(See Case File)","Federal","Industrial","Transformer","False","Leakage",,"null",,"","256",11032
2008.002,"C",BM,1/7/2008,4/18/2008,True,"Damaged Fuel Tank - Seward Freight Truck","Provencal Towing","Between MM 27 & MM 28, Hwy 83",Mission,57555,Todd,43.33749,-100.710915,,,,"","0.00","","Diesel                                            ","100.00000",gallons,"Petroleum","Other(See Case File)","Other(See Case File)","Truck Tank","False","Damage",,"null",,"","256",11081
2008.033,"C",RL,3/4/2008,3/7/2008,True,"Structure Fire Event","Tribal Jurisdiction","West Cedar Street",Saint Francis,57570,Todd,43.1454124,-100.9065,,,,"","0.00","","Fuel Oil                                          ","30.00000",gallons,"Petroleum","Other(See Case File)","Residential","AST","False","Fire Event",,"null",,"","256",11114
2010.072,"NFA",ML,5/10/2010,5/10/2010,True,"CERCLIS - Transformer Spill","Unknown Vandal","NW Corner of Commodity Center",Antelope,57555,Todd,43.2991524,-100.62426,38N,28W,3,"","0.00","","Transformer Oil PCB                               ","0.00000",,"Chemical","CERCLIS","Other(See Case File)","Transformer","False","Vandalism",,"null",,"","274",11658
2010.244,"NFA",ML,11/3/2010,11/3/2010,True,"CERCLIS - Sicangu Village Estates WWTP","Rosebud Sioux Tribe","Hwy 83, ~20 miles S of Mission",Mission,57570,Todd,43.01563,-100.572868,,,,"","0.00","","                                                  ","0.00000",,"Other(See Case File)","CERCLIS","Other(See Case File)","Operating System","False","Storm Event",,"null",,"","279",11854
2011.168,"NFA",GMS,9/28/2011,10/4/2013,True,"Buches Gasoline Odor Complaint","Buches","153 S. Main",Mission,57555,Todd,43.30556,-100.658279,,,,"","0.00","","Suspected gasoline                                ","0.00000",,"Petroleum","Other(See Case File)","Commercial","UST","False","Handling",,"7660",,"","295",12081
2011.174,"NFA",RL,10/5/2011,10/18/2011,True,"Carter Landfill Fire Event","Rosebud Sioux Tribe / EPA","3 Miles W of Carter & S of Hwy 18",Carter,57580,Todd,43.3799744,-100.236687,,,,"","0.00","","Tires                                             ","0.00000",,"Other(See Case File)","Other(See Case File)","Other(See Case File)","Wastes","False","Fire Event",,"null",,"","281",12087
2015.108,"T",,,,True,"EPA Polrep - Rosebud Skin Rash Event","Unknown","Northeast of Sitting Bear Street",Rosebud,57570,Todd,43.2506142,-100.8345,,,,"null","null","null","Unknown                                           ","null",,"Unknown(See Case File)","Other(See Case File)","Other(See Case File)","Unknown(See Case File)","False","Unknown",,"null",,"null","null",13392
2015.240,"T",,,,True,"EPA Brownfields Assessment - Forestry Building","Rosebud Sioux Tribe","Rosebud Reservation",Rosebud,57570,Todd,43.2303772,-100.852875,,,,"null","null","null","Asbestos                                          ","null",,"Other(See Case File)","Brownfields","Other(See Case File)","Construction Materials","False","Past Practices",,"null",,"null","301",13555
2017.114,"T",,,,True,"Tracking Case - Sewage Release - EPA Response","Rosebud Sioux Tribe","Lift Station at North Spotted Tail Lane",Rosebud,57570,Todd,43.23744,-100.857285,,,,"null","null","null","Sewage                                            ","null",,"Other(See Case File)","Other(See Case File)","Other(See Case File)","Operating System","False","Equipment Failure",,"null",,"null","null",14042
2019.052,"O",MSB,1/2/2019,,True,"UST Overfill - Express 24 Station","Express 24 / G.F. Buche Company","SD HWY 18 and Main Street",Mission,57555,Todd,43.3055,-100.65815,,,,"null","null","null","Gasoline                                          ","null",,"Petroleum","Other(See Case File)","Commercial","UST","True","Overfill",,"8467",,"null","null",14483
2019.206,"O",JAM,11/10/2019,,True,"Trucking Accident - WCL Inc","WCL Inc","Hwy 18, mile marker 220",Mission,57555,Todd,43.30985,-100.455605,,,,"null","null","null","Diesel","100.00000",Gallons,"Petroleum","Other(See Case File)","Public","Saddle Tank","False","Transport Accident",,"null",,"null","null",14653
2021.052,"NFA",JAM,4/16/2021,7/29/2021,True,"Disconnected AST - Golden West","Golden West Telecommunications","156 West 2nd Street",Mission,57555,Todd,43.30617,-100.659393,,,,"null","null","null","Diesel","500.00000",Gallons,"Petroleum","Other(See Case File)","Commercial","AST","False","Disconnected Hose ",,"null",,"null","null",14960
9999.241,"W",,,,True,"Withdrawn ATP - IHS Hospital","Indian Health Services","Soldier Creek Road",Rosebud,57570,Todd,43.2566223,-100.85125,,,,"null","null","null","null","null",,"Other(See Case File)","Withdrawn ATP","Other(See Case File)","UST","False","null",3417,"7965",,"null","298",13263
91004.000,"C",GH,11/1/1991,12/30/1991,True,"Swenson's Gas & Tire","Larry Swenson","Hwy 18",Mission,57555,Todd,43.3054962,-100.661919,,,,"","0.00","","                                                  ","0.00000",,"Other(See Case File)","Clean Site","Commercial","UST","True","No Release",,"1813",,"","",8292
92001.000,"C",RC,12/11/1992,12/11/1992,True,"Farmers State Bank","Farmers State Bank","125 Main Street",Mission,57555,Todd,43.3061371,-100.658852,,,,"","0.00","","                                                  ","0.00000",,"Other(See Case File)","Clean Site","Commercial","Other(See Case File)","False","No Release",,"null",,"","",8364
92002.000,"C",RC,3/25/1992,6/17/1992,True,"Contel Office","GTE","Contel Office",Rosebud,57570,Todd,43.2310829,-100.853973,38N,30W,27,"","0.00","","                                                  ","0.00000",,"Other(See Case File)","Clean Site","Commercial","UST","False","No Release",,"1763",,"","",8365
92062.000,"C",RC,3/27/1992,3/27/1992,True,"Contel Office","General Telephone & Electric","Contel Office",Rosebud,57570,Todd,43.2311478,-100.853935,38N,30W,27,"SE","0.00","","                                                  ","0.00000",,"Other(See Case File)","Clean Site","Commercial","UST","False","No Release",,"null",,"","",8425
98003.000,"C",KH,12/16/1997,3/2/1998,True,"Maintenance Shop","Todd County School District","Todd County School Maintenance Shop",Mission,57555,Todd,43.3016167,-100.657913,,,,"","0.00","","                                                  ","0.00000",,"Other(See Case File)","Clean Site","Public","UST","True","No Release",,"null",,"","",8666
98004.000,"C",KH,12/16/1997,3/3/1998,True,"Spring Creek Elementary School","Bureau of Indian Affairs  BIA","Spring Creek Elementary School",Spring Creek,57572,Todd,43.1189232,-101.030319,,,,"","0.00","","                                                  ","0.00000",,"Other(See Case File)","Clean Site","Other(See Case File)","UST","True","No Release",,"null",,"","",8667
2001840.000,"C",KM,9/6/2001,3/4/2002,True,"Clean ATP - Sioux Dairy/Cheese","Willard Grablander","913 East 2nd Street",Mission,57555,Todd,43.3035,-100.643936,,,,"","0.00","","                                                  ","0.00000",,"Other(See Case File)","ATP","Industrial","UST","True","No Release",2055,"6013",,"","205",9704
2001843.000,"C",KM,9/25/2001,3/4/2002,True,"Clean ATP - Valandra Property","Edward Valandra","Highway 18",Soldier Creek,57566,Todd,43.323143,-100.887566,,,,"","0.00","","                                                  ","0.00000",,"Other(See Case File)","ATP","Unknown(See Case File)","UST","True","No Release",2083,"6038",,"","205",9707
2001845.000,"C",KM,9/10/2001,3/4/2002,True,"Clean ATP - Knife Property - Hi Bradford","Ruth Knife","1/2 Block South of Highway 63",Parmelee,57566,Todd,43.3224564,-101.028793,,,,"","0.00","","                                                  ","0.00000",,"Other(See Case File)","ATP","Commercial","UST","True","No Release",790,"4732",,"","205",9709
2002126.000,"C",KM,7/16/2002,10/25/2002,True,"Clean ATP - Gregg Property","Jeff Gregg","Highway 18, 4 mi west 1/4 mi south",Carter,57526,Todd,43.3721123,-100.284065,,,,"","0.00","","                                                  ","0.00000",,"Other(See Case File)","ATP","Agricultural","UST","False","No Release",2460,"6387",,"","220",9989
2002145.000,"C",KM,7/19/2002,10/25/2002,True,"ATP - Rosebud Holiness Church (no tank found)","Society of Indian Missions","Rosebud Holiness Church",Rosebud,57570,Todd,43.2331123,-100.853935,,,,"","0.00","","                                                  ","0.00000",,"Other(See Case File)","ATP","Other(See Case File)","UST","False","No Tank Found",2258,"6192",,"","220",10008
2006017.000,"C",KH,10/6/2006,11/17/2006,True,"Clean ATP - St. Francis Mission","Saint Francis Mission","350 South Oak Street",Saint Francis,57572,Todd,43.1405563,-100.904739,,,,"","0.00","","                                                  ","0.00000",,"Other(See Case File)","ATP","Other(See Case File)","UST","False","No Release",2968,"7105",,"","249",10602
2012025.000,"C",TF,11/19/2012,12/31/2012,True,"Clean ATP - Mission SD DOT Shop","SD Department of Transportation (SD DOT)","756 West 2nd Street",Mission,57555,Todd,43.30647,-100.67028,,,,"","0.00","","                                                  ","0.00000",,"Other(See Case File)","ATP","Other(See Case File)","UST","True","No Release",3256,"7728",,"","289",12519
2019016.000,"C",KF ,12/5/2019,12/19/2019,True,"ATP - Rosebud Forestry Building","Rosebud Sioux Tribe ","Tribal Forestry Building, Fire House Road",Rosebud,57570,Todd,43.23024,-100.852768,,,,"null","null","null","","null",,"Petroleum","ATP","Other(See Case File)","UST","True","No Release",3612,"8346",,"null","null",14675