ut_facility_oper_hist_id,facility_operator_id,facility_id,start_date,end_date,date_observed,created_by,created_date,updated_by,updated_date,responsible_entity_id,entity_contact_id
1,1.0,1,,,1999-03-19,,2014-02-10 19:05:27,,2020-06-27 10:18:21,1,1.0
2,2.0,2,,,2002-08-15,,2014-02-10 19:05:27,,2020-06-27 10:18:21,2,2.0
3,3.0,3,,,2004-06-21,,2014-02-10 19:05:27,,2020-06-27 10:18:21,3,3.0
4,4.0,5,,,2006-08-02,,2014-02-10 19:05:27,,2020-06-27 10:18:21,4,4.0
5,4.0,6,,,1999-03-23,,2014-02-10 19:05:27,,2020-06-27 10:18:21,4,4.0
6,5.0,8,,,1999-03-18,,2014-02-10 19:05:27,,2020-06-27 10:18:21,5,5.0
7,6.0,9,,,,,2014-02-10 19:05:27,,2020-06-27 10:18:21,6,6.0
8,7.0,10,,,1997-05-21,,2014-02-10 19:05:27,,2020-06-27 10:18:21,7,7.0
9,8.0,11,,,1999-03-16,,2014-02-10 19:05:27,,2020-06-27 10:18:21,8,8.0
10,9.0,12,,,1997-05-22,,2014-02-10 19:05:27,,2020-06-27 10:18:21,9,9.0
11,4.0,13,,,1999-03-23,,2014-02-10 19:05:28,,2020-06-27 10:18:21,4,4.0
12,10.0,14,,,1997-05-22,,2014-02-10 19:05:28,,2020-06-27 10:18:21,10,10.0
13,11.0,15,,,1999-03-18,,2014-02-10 19:05:28,,2020-06-27 10:18:21,11,11.0
14,12.0,16,,,2002-12-18,,2014-02-10 19:05:28,,2020-06-27 10:18:21,12,12.0
15,13.0,17,,,1999-03-19,,2014-02-10 19:05:28,,2020-06-27 10:18:21,13,13.0
16,14.0,19,,,1999-03-18,,2014-02-10 19:05:28,,2020-06-27 10:18:21,14,14.0
17,15.0,22,,,1997-06-03,,2014-02-10 19:05:28,,2020-06-27 10:18:21,15,15.0
18,16.0,23,,,2005-07-05,,2014-02-10 19:05:28,,2020-06-27 10:18:21,16,16.0
19,17.0,23,,,2008-08-20,,2014-02-10 19:05:28,,2020-06-27 10:18:21,17,17.0
20,18.0,23,,,2008-08-20,,2014-02-10 19:05:28,,2020-06-27 10:18:21,18,18.0
21,19.0,25,,,1999-03-18,,2014-02-10 19:05:28,,2020-06-27 10:18:21,19,19.0
22,20.0,26,,,1999-03-18,,2014-02-10 19:05:28,,2020-06-27 10:18:21,20,20.0
23,20.0,27,,,2006-07-31,,2014-02-10 19:05:28,,2020-06-27 10:18:21,20,20.0
24,21.0,29,,,1997-06-04,,2014-02-10 19:05:28,,2020-06-27 10:18:21,21,21.0
25,22.0,31,,,1999-03-18,,2014-02-10 19:05:28,,2020-06-27 10:18:21,22,22.0
26,23.0,32,,,1999-03-18,,2014-02-10 19:05:28,,2020-06-27 10:18:21,23,23.0
27,24.0,33,,,1999-03-22,,2014-02-10 19:05:28,,2020-06-27 10:18:21,24,24.0
28,25.0,34,,,1999-03-18,,2014-02-10 19:05:28,,2020-06-27 10:18:21,25,25.0
29,26.0,35,,,1999-03-17,,2014-02-10 19:05:28,,2020-06-27 10:18:21,26,26.0
30,27.0,36,,,2004-06-21,,2014-02-10 19:05:28,,2020-06-27 10:18:21,27,27.0
31,28.0,37,,,1997-06-04,,2014-02-10 19:05:28,,2020-06-27 10:18:21,28,28.0
32,29.0,38,,,1999-03-17,,2014-02-10 19:05:28,,2020-06-27 10:18:21,29,29.0
33,30.0,38,,,1999-03-18,,2014-02-10 19:05:28,,2020-06-27 10:18:21,30,30.0
34,31.0,39,,,1999-03-18,,2014-02-10 19:05:28,,2020-06-27 10:18:21,31,31.0
35,32.0,40,,,2000-10-06,,2014-02-10 19:05:28,,2020-06-27 10:18:21,32,32.0
36,33.0,40,,,2004-10-14,,2014-02-10 19:05:28,,2020-06-27 10:18:21,33,33.0
37,34.0,41,,,1999-03-15,,2014-02-10 19:05:28,,2020-06-27 10:18:21,34,34.0
38,35.0,41,,,2006-10-20,,2014-02-10 19:05:28,,2020-06-27 10:18:21,35,35.0
39,36.0,43,,,2002-08-15,,2014-02-10 19:05:28,,2020-06-27 10:18:21,36,36.0
40,37.0,43,,,1999-03-15,,2014-02-10 19:05:28,,2020-06-27 10:18:21,37,37.0
41,38.0,43,,,2003-03-31,,2014-02-10 19:05:28,,2020-06-27 10:18:21,38,38.0
42,39.0,44,,,1999-02-22,,2014-02-10 19:05:28,,2020-06-27 10:18:21,39,39.0
43,40.0,44,,,2006-08-14,,2014-02-10 19:05:28,,2020-06-27 10:18:21,40,40.0
44,41.0,45,,,1999-03-18,,2014-02-10 19:05:28,,2020-06-27 10:18:21,41,41.0
45,42.0,47,,,1999-03-22,,2014-02-10 19:05:28,,2020-06-27 10:18:21,42,42.0
46,43.0,49,,,1999-03-16,,2014-02-10 19:05:28,,2020-06-27 10:18:21,43,43.0
47,44.0,50,,,2005-07-05,,2014-02-10 19:05:28,,2020-06-27 10:18:21,44,44.0
48,45.0,50,,,2005-07-05,,2014-02-10 19:05:28,,2020-06-27 10:18:21,45,45.0
49,46.0,51,,,1999-03-18,,2014-02-10 19:05:28,,2020-06-27 10:18:21,46,46.0
51,48.0,54,,,2002-09-19,,2014-02-10 19:05:29,,2020-06-27 10:18:21,48,48.0
53,50.0,55,,,2001-04-02,,2014-02-10 19:05:29,,2020-06-27 10:18:21,50,50.0
55,52.0,57,,,2006-06-05,,2014-02-10 19:05:29,,2020-06-27 10:18:21,52,52.0
56,53.0,58,,,1999-03-22,,2014-02-10 19:05:29,,2020-06-27 10:18:21,53,53.0
58,55.0,61,,,2002-08-15,,2014-02-10 19:05:29,,2020-06-27 10:18:21,55,55.0
60,57.0,63,,,2006-08-02,,2014-02-10 19:05:29,,2020-06-27 10:18:21,57,57.0
61,58.0,65,,,1999-03-17,,2014-02-10 19:05:29,,2020-06-27 10:18:21,58,58.0
63,60.0,67,,,1997-08-07,,2014-02-10 19:05:29,,2020-06-27 10:18:21,60,60.0
65,62.0,69,,,2002-08-05,,2014-02-10 19:05:29,,2020-06-27 10:18:21,62,62.0
66,63.0,70,,,1999-03-18,,2014-02-10 19:05:29,,2020-06-27 10:18:21,63,63.0
68,65.0,74,,,1997-08-11,,2014-02-10 19:05:29,,2020-06-27 10:18:21,65,65.0
70,67.0,77,,,1999-03-18,,2014-02-10 19:05:29,,2020-06-27 10:18:21,67,67.0
71,68.0,78,,,1997-08-12,,2014-02-10 19:05:29,,2020-06-27 10:18:21,68,68.0
73,70.0,80,,,2002-09-25,,2014-02-10 19:05:29,,2020-06-27 10:18:21,70,70.0
74,29.0,83,,,2004-03-23,,2014-02-10 19:05:29,,2020-06-27 10:18:21,29,29.0
75,29.0,84,,,2005-07-29,,2014-02-10 19:05:29,,2020-06-27 10:18:21,29,29.0
77,72.0,86,,,1999-03-14,,2014-02-10 19:05:29,,2020-06-27 10:18:21,72,72.0
78,73.0,87,,,2004-03-25,,2014-02-10 19:05:29,,2020-06-27 10:18:21,73,73.0
81,76.0,92,,,1999-03-22,,2014-02-10 19:05:29,,2020-06-27 10:18:21,76,76.0
83,78.0,93,,,2004-10-14,,2014-02-10 19:05:29,,2020-06-27 10:18:21,78,78.0
85,80.0,96,,,,,2014-02-10 19:05:30,,2020-06-27 10:18:21,80,80.0
86,81.0,97,,,1997-08-14,,2014-02-10 19:05:30,,2020-06-27 10:18:21,81,81.0
89,15.0,100,,,1999-03-14,,2014-02-10 19:05:30,,2020-06-27 10:18:21,15,15.0
91,85.0,101,,,2007-11-26,,2014-02-10 19:05:30,,2020-06-27 10:18:21,85,85.0
92,86.0,102,,,1999-03-22,,2014-02-10 19:05:30,,2020-06-27 10:18:21,86,86.0
94,88.0,104,,,1999-03-17,,2014-02-10 19:05:30,,2020-06-27 10:18:21,88,88.0
96,90.0,106,,,1999-03-18,,2014-02-10 19:05:30,,2020-06-27 10:18:21,90,90.0
97,91.0,107,,,1999-03-22,,2014-02-10 19:05:30,,2020-06-27 10:18:21,91,91.0
99,93.0,111,,,1997-08-18,,2014-02-10 19:05:30,,2020-06-27 10:18:21,93,93.0
101,75.0,113,,,2001-03-26,,2014-02-10 19:05:30,,2020-06-27 10:18:21,75,75.0
102,95.0,115,,,1999-03-16,,2014-02-10 19:05:30,,2020-06-27 10:18:21,95,95.0
103,95.0,116,,,2005-05-24,,2014-02-10 19:05:30,,2020-06-27 10:18:21,95,95.0
105,97.0,119,,,2006-07-31,,2014-02-10 19:05:30,,2020-06-27 10:18:21,97,97.0
106,93.0,120,,,,,2014-02-10 19:05:30,,2020-06-27 10:18:21,93,93.0
107,98.0,120,,,2004-05-14,,2014-02-10 19:05:30,,2020-06-27 10:18:21,98,98.0
110,96.0,123,,,2005-07-05,,2014-02-10 19:05:30,,2020-06-27 10:18:21,96,96.0
111,100.0,124,,,2006-07-31,,2014-02-10 19:05:30,,2020-06-27 10:18:21,100,100.0
114,101.0,127,,,2001-09-18,,2014-02-10 19:05:30,,2020-06-27 10:18:21,101,101.0
115,75.0,128,,,1999-03-17,,2014-02-10 19:05:30,,2020-06-27 10:18:21,75,75.0
116,75.0,129,,,1999-03-17,,2014-02-10 19:05:30,,2020-06-27 10:18:21,75,75.0
117,39.0,130,,,1999-05-21,,2014-02-10 19:05:30,,2020-06-27 10:18:21,39,39.0
119,75.0,133,,,1999-03-17,,2014-02-10 19:05:30,,2020-06-27 10:18:21,75,75.0
120,75.0,134,,,2000-02-28,,2014-02-10 19:05:31,,2020-06-27 10:18:21,75,75.0
122,39.0,137,,,1999-03-17,,2014-02-10 19:05:31,,2020-06-27 10:18:21,39,39.0
123,103.0,138,,,1999-03-18,,2014-02-10 19:05:31,,2020-06-27 10:18:21,103,103.0
125,105.0,140,,,2004-03-31,,2014-02-10 19:05:31,,2020-06-27 10:18:21,105,105.0
126,106.0,140,,,2004-05-11,,2014-02-10 19:05:31,,2020-06-27 10:18:21,106,106.0
128,108.0,140,,,2004-06-18,,2014-02-10 19:05:31,,2020-06-27 10:18:21,108,108.0
130,110.0,142,,,2021-01-27,,2014-02-10 19:05:31,KDIXON,2021-01-27 16:48:09,110,1362.0
131,109.0,143,,2022-02-01,2006-08-02,,2014-02-10 19:05:31,LBRANDT,2022-05-19 19:14:13,109,109.0
133,112.0,145,,,1999-03-22,,2014-02-10 19:05:31,,2020-06-27 10:18:21,112,112.0
135,114.0,149,,,1999-03-17,,2014-02-10 19:05:31,,2020-06-27 10:18:21,114,114.0
137,115.0,150,,,1999-03-17,,2014-02-10 19:05:31,,2020-06-27 10:18:21,115,115.0
138,116.0,151,,,1997-09-25,,2014-02-10 19:05:31,,2020-06-27 10:18:21,116,116.0
140,118.0,153,,,1999-03-18,,2014-02-10 19:05:31,,2020-06-27 10:18:21,118,118.0
142,120.0,156,,,1999-09-14,,2014-02-10 19:05:31,,2020-06-27 10:18:21,120,120.0
143,121.0,157,,,1997-12-01,,2014-02-10 19:05:31,,2020-06-27 10:18:21,121,121.0
145,123.0,159,,,1999-01-20,,2014-02-10 19:05:31,,2020-06-27 10:18:21,123,123.0
147,125.0,161,,,1997-12-01,,2014-02-10 19:05:31,,2020-06-27 10:18:21,125,125.0
148,126.0,162,,,1997-12-01,,2014-02-10 19:05:31,,2020-06-27 10:18:21,126,126.0
150,127.0,166,,,,,2014-02-10 19:05:31,,2020-06-27 10:18:21,127,127.0
152,129.0,168,,,1997-12-02,,2014-02-10 19:05:31,,2020-06-27 10:18:21,129,129.0
154,131.0,170,,,1997-12-02,,2014-02-10 19:05:31,,2020-06-27 10:18:21,131,131.0
155,132.0,171,,,1997-12-02,,2014-02-10 19:05:31,,2020-06-27 10:18:21,132,132.0
157,134.0,175,,,2004-04-07,,2014-02-10 19:05:32,,2020-06-27 10:18:21,134,134.0
159,136.0,177,,,,,2014-02-10 19:05:32,,2020-06-27 10:18:21,136,136.0
160,137.0,178,,,2004-05-27,,2014-02-10 19:05:32,,2020-06-27 10:18:21,137,137.0
162,138.0,180,,,2004-06-01,,2014-02-10 19:05:32,,2020-06-27 10:18:21,138,138.0
164,140.0,182,,,1997-12-08,,2014-02-10 19:05:32,,2020-06-27 10:18:21,140,140.0
166,4.0,184,,,1999-03-23,,2014-02-10 19:05:32,,2020-06-27 10:18:21,4,4.0
167,142.0,185,,,1997-12-08,,2014-02-10 19:05:32,,2020-06-27 10:18:21,142,142.0
168,143.0,187,,,1997-12-08,,2014-02-10 19:05:32,,2020-06-27 10:18:21,143,143.0
170,145.0,191,,,1997-12-08,,2014-02-10 19:05:32,,2020-06-27 10:18:21,145,145.0
172,147.0,193,,,1997-12-09,,2014-02-10 19:05:32,,2020-06-27 10:18:21,147,147.0
173,148.0,194,,,2001-12-10,,2014-02-10 19:05:32,,2020-06-27 10:18:21,148,148.0
175,150.0,196,,,1998-01-05,,2014-02-10 19:05:32,,2020-06-27 10:18:21,150,150.0
177,152.0,198,,,1997-12-09,,2014-02-10 19:05:32,,2020-06-27 10:18:21,152,152.0
179,154.0,200,,,1999-01-22,,2014-02-10 19:05:32,,2020-06-27 10:18:21,154,154.0
180,155.0,201,,,1997-12-09,,2014-02-10 19:05:32,,2020-06-27 10:18:21,155,155.0
182,157.0,204,,,1997-12-09,,2014-02-10 19:05:32,,2020-06-27 10:18:21,157,157.0
184,159.0,208,,,1997-12-09,,2014-02-10 19:05:32,,2020-06-27 10:18:21,159,159.0
185,160.0,209,,,2000-01-24,,2014-02-10 19:05:32,,2020-06-27 10:18:21,160,160.0
187,162.0,211,,,1997-12-10,,2014-02-10 19:05:32,,2020-06-27 10:18:21,162,162.0
189,164.0,222,,,1998-01-05,,2014-02-10 19:05:33,,2020-06-27 10:18:21,164,164.0
190,165.0,223,,,1998-01-05,,2014-02-10 19:05:33,,2020-06-27 10:18:21,165,165.0
192,167.0,225,,,1999-03-30,,2014-02-10 19:05:33,,2020-06-27 10:18:21,167,167.0
194,169.0,227,,,1998-01-06,,2014-02-10 19:05:33,,2020-06-27 10:18:21,169,169.0
195,170.0,228,,,1998-01-06,,2014-02-10 19:05:33,,2020-06-27 10:18:21,170,170.0
197,172.0,230,,,1998-01-06,,2014-02-10 19:05:33,,2020-06-27 10:18:21,172,172.0
199,174.0,233,,,2008-05-29,,2014-02-10 19:05:33,,2020-06-27 10:18:21,174,174.0
201,176.0,236,,,1998-01-08,,2014-02-10 19:05:33,,2020-06-27 10:18:21,176,176.0
202,177.0,237,,,1998-01-08,,2014-02-10 19:05:33,,2020-06-27 10:18:21,177,177.0
204,179.0,239,,,2001-03-19,,2014-02-10 19:05:33,,2020-06-27 10:18:21,179,179.0
206,181.0,242,,,2004-04-27,,2014-02-10 19:05:33,,2020-06-27 10:18:21,181,181.0
207,182.0,243,,,1998-01-12,,2014-02-10 19:05:33,,2020-06-27 10:18:21,182,182.0
209,184.0,246,,,1999-03-06,,2014-02-10 19:05:33,,2020-06-27 10:18:21,184,184.0
211,186.0,248,,,1999-03-23,,2014-02-10 19:05:33,,2020-06-27 10:18:21,186,186.0
212,187.0,249,,,1999-03-23,,2014-02-10 19:05:33,,2020-06-27 10:18:21,187,187.0
213,188.0,250,,,1999-03-23,,2014-02-10 19:05:33,,2020-06-27 10:18:21,188,188.0
214,189.0,251,,,1999-03-23,,2014-02-10 19:05:33,,2020-06-27 10:18:21,189,189.0
215,190.0,251,,,2000-04-10,,2014-02-10 19:05:33,,2020-06-27 10:18:21,190,190.0
216,191.0,251,,,2003-02-10,,2014-02-10 19:05:33,,2020-06-27 10:18:21,191,191.0
217,4.0,252,,,1999-03-23,,2014-02-10 19:05:33,,2020-06-27 10:18:21,4,4.0
218,192.0,253,,,1999-03-24,,2014-02-10 19:05:33,,2020-06-27 10:18:21,192,192.0
219,193.0,254,,,1999-03-24,,2014-02-10 19:05:33,,2020-06-27 10:18:21,193,193.0
220,194.0,254,,,2004-07-27,,2014-02-10 19:05:33,,2020-06-27 10:18:21,194,194.0
221,195.0,255,,,1999-06-18,,2014-02-10 19:05:33,,2020-06-27 10:18:21,195,195.0
222,196.0,256,,,1999-03-24,,2014-02-10 19:05:33,,2020-06-27 10:18:21,196,196.0
223,197.0,257,,,1998-01-14,,2014-02-10 19:05:33,,2020-06-27 10:18:21,197,197.0
224,198.0,258,,,1998-01-14,,2014-02-10 19:05:33,,2020-06-27 10:18:21,198,198.0
225,199.0,259,,,1998-01-15,,2014-02-10 19:05:33,,2020-06-27 10:18:21,199,199.0
226,200.0,260,,,2007-12-14,,2014-02-10 19:05:33,,2020-06-27 10:18:21,200,200.0
227,201.0,261,,,1999-03-23,,2014-02-10 19:05:33,,2020-06-27 10:18:21,201,201.0
228,202.0,262,,,1998-01-15,,2014-02-10 19:05:33,,2020-06-27 10:18:21,202,202.0
229,203.0,263,,,1998-01-20,,2014-02-10 19:05:33,,2020-06-27 10:18:21,203,203.0
230,204.0,265,,,1998-10-21,,2014-02-10 19:05:34,,2020-06-27 10:18:21,204,204.0
231,205.0,266,,,1998-01-20,,2014-02-10 19:05:34,,2020-06-27 10:18:21,205,205.0
232,206.0,267,,,1998-01-20,,2014-02-10 19:05:34,,2020-06-27 10:18:21,206,206.0
233,207.0,267,,,2000-07-06,,2014-02-10 19:05:34,,2020-06-27 10:18:21,207,207.0
234,208.0,269,,,1998-01-22,,2014-02-10 19:05:34,,2020-06-27 10:18:21,208,208.0
235,209.0,270,,,1998-01-22,,2014-02-10 19:05:34,,2020-06-27 10:18:21,209,209.0
236,210.0,273,,,1998-01-22,,2014-02-10 19:05:34,,2020-06-27 10:18:21,210,210.0
237,211.0,274,,,1998-01-22,,2014-02-10 19:05:34,,2020-06-27 10:18:21,211,211.0
238,212.0,278,,,2003-10-15,,2014-02-10 19:05:34,,2020-06-27 10:18:21,212,212.0
239,213.0,279,,,2000-02-03,,2014-02-10 19:05:34,,2020-06-27 10:18:21,213,213.0
240,214.0,281,,,,,2014-02-10 19:05:34,,2020-06-27 10:18:21,214,214.0
241,215.0,286,,,1998-01-23,,2014-02-10 19:05:34,,2020-06-27 10:18:21,215,215.0
242,216.0,287,,,2000-03-30,,2014-02-10 19:05:34,,2020-06-27 10:18:21,216,216.0
243,217.0,290,,,2004-05-25,,2014-02-10 19:05:34,,2020-06-27 10:18:21,217,217.0
244,218.0,290,,,1998-11-25,,2014-02-10 19:05:34,,2020-06-27 10:18:21,218,218.0
245,219.0,291,,,1999-03-31,,2014-02-10 19:05:34,,2020-06-27 10:18:21,219,219.0
246,220.0,291,,,2000-07-06,,2014-02-10 19:05:34,,2020-06-27 10:18:21,220,220.0
247,221.0,294,,,1998-01-23,,2014-02-10 19:05:34,,2020-06-27 10:18:21,221,221.0
248,222.0,295,,,1998-01-23,,2014-02-10 19:05:34,,2020-06-27 10:18:21,222,222.0
249,223.0,296,,,1998-01-23,,2014-02-10 19:05:34,,2020-06-27 10:18:21,223,223.0
250,224.0,298,,,1998-01-23,,2014-02-10 19:05:34,,2020-06-27 10:18:21,224,224.0
251,225.0,299,,,1998-01-23,,2014-02-10 19:05:34,,2020-06-27 10:18:21,225,225.0
252,226.0,300,,,1998-01-23,,2014-02-10 19:05:34,,2020-06-27 10:18:21,226,226.0
254,228.0,301,,,1998-01-23,,2014-02-10 19:05:34,,2020-06-27 10:18:21,228,228.0
256,230.0,303,,,2004-05-04,,2014-02-10 19:05:34,,2020-06-27 10:18:21,230,230.0
257,231.0,304,,,1999-03-31,,2014-02-10 19:05:34,,2020-06-27 10:18:21,231,231.0
259,232.0,306,,,2004-05-14,,2014-02-10 19:05:34,,2020-06-27 10:18:21,232,232.0
261,231.0,308,,,1999-03-31,,2014-02-10 19:05:34,,2020-06-27 10:18:21,231,231.0
262,234.0,309,,,1998-12-29,,2014-02-10 19:05:34,,2020-06-27 10:18:21,234,234.0
264,231.0,311,,,1999-03-31,,2014-02-10 19:05:34,,2020-06-27 10:18:21,231,231.0
265,236.0,312,,,1999-03-31,,2014-02-10 19:05:34,,2020-06-27 10:18:21,236,236.0
266,237.0,314,,,1998-12-29,,2014-02-10 19:05:35,,2020-06-27 10:18:21,237,237.0
268,239.0,317,,,1998-01-26,,2014-02-10 19:05:35,,2020-06-27 10:18:21,239,239.0
270,241.0,318,,,1998-01-26,,2014-02-10 19:05:35,,2020-06-27 10:18:21,241,241.0
271,242.0,319,,,1998-01-26,,2014-02-10 19:05:35,,2020-06-27 10:18:21,242,242.0
274,244.0,322,,,1998-12-29,,2014-02-10 19:05:35,,2020-06-27 10:18:21,244,244.0
276,246.0,325,,,1998-01-26,,2014-02-10 19:05:35,,2020-06-27 10:18:21,246,246.0
277,247.0,326,,,1998-01-27,,2014-02-10 19:05:35,,2020-06-27 10:18:21,247,247.0
279,249.0,328,,,1998-01-27,,2014-02-10 19:05:35,,2020-06-27 10:18:21,249,249.0
281,251.0,330,,,,,2014-02-10 19:05:35,,2020-06-27 10:18:21,251,251.0
282,252.0,331,,,1998-01-27,,2014-02-10 19:05:35,,2020-06-27 10:18:21,252,252.0
284,254.0,333,,,1998-01-27,,2014-02-10 19:05:35,,2020-06-27 10:18:21,254,254.0
286,256.0,335,,,1998-01-27,,2014-02-10 19:05:35,,2020-06-27 10:18:21,256,256.0
288,258.0,337,,,1998-02-02,,2014-02-10 19:05:35,,2020-06-27 10:18:21,258,258.0
289,259.0,338,,,1998-02-02,,2014-02-10 19:05:35,,2020-06-27 10:18:21,259,259.0
291,260.0,340,,,2004-04-08,,2014-02-10 19:05:35,,2020-06-27 10:18:21,260,260.0
292,261.0,342,,,1998-02-18,,2014-02-10 19:05:35,,2020-06-27 10:18:21,261,261.0
294,263.0,343,,,2002-02-05,,2014-02-10 19:05:35,,2020-06-27 10:18:21,263,263.0
295,264.0,344,,,1998-02-26,,2014-02-10 19:05:35,,2020-06-27 10:18:21,264,264.0
297,266.0,346,,,2008-07-28,,2014-02-10 19:05:35,,2020-06-27 10:18:21,266,266.0
299,268.0,349,,,1998-07-21,,2014-02-10 19:05:35,,2020-06-27 10:18:21,268,268.0
301,270.0,352,,,1998-08-06,,2014-02-10 19:05:35,,2020-06-27 10:18:21,270,270.0
302,271.0,352,,,2003-02-10,,2014-02-10 19:05:35,,2020-06-27 10:18:21,271,271.0
304,272.0,354,,,1998-08-12,,2014-02-10 19:05:35,,2020-06-27 10:18:21,272,272.0
305,39.0,355,,,,,2014-02-10 19:05:35,,2020-06-27 10:18:21,39,39.0
307,54.0,358,,,2000-10-06,,2014-02-10 19:05:35,,2020-06-27 10:18:21,54,54.0
308,274.0,359,,,1998-11-09,,2014-02-10 19:05:35,,2020-06-27 10:18:21,274,274.0
309,275.0,360,,,1999-03-22,,2014-02-10 19:05:35,,2020-06-27 10:18:21,275,275.0
311,277.0,362,,,2004-04-13,,2014-02-10 19:05:36,,2020-06-27 10:18:21,277,277.0
313,279.0,364,,,2002-08-14,,2014-02-10 19:05:36,,2020-06-27 10:18:21,279,279.0
314,280.0,365,,,1998-12-18,,2014-02-10 19:05:36,,2020-06-27 10:18:21,280,280.0
315,128.0,368,,,,,2014-02-10 19:05:36,,2020-06-27 10:18:21,128,128.0
316,128.0,369,,,,,2014-02-10 19:05:36,,2020-06-27 10:18:21,128,128.0
318,282.0,375,,,1999-03-23,,2014-02-10 19:05:36,,2020-06-27 10:18:21,282,282.0
320,284.0,379,,,1999-03-24,,2014-02-10 19:05:36,,2020-06-27 10:18:21,284,284.0
321,285.0,380,,,1997-12-01,,2014-02-10 19:05:36,,2020-06-27 10:18:21,285,285.0
323,287.0,381,,,2001-08-06,,2014-02-10 19:05:36,,2020-06-27 10:18:21,287,287.0
325,289.0,383,,,,,2014-02-10 19:05:36,,2020-06-27 10:18:21,289,289.0
326,4.0,386,,,,,2014-02-10 19:05:36,,2020-06-27 10:18:21,4,4.0
328,290.0,389,,,2000-04-26,,2014-02-10 19:05:36,,2020-06-27 10:18:21,290,290.0
330,292.0,392,,,1998-01-23,,2014-02-10 19:05:36,,2020-06-27 10:18:21,292,292.0
332,294.0,394,,,2009-07-21,,2014-02-10 19:05:36,,2020-06-27 10:18:21,294,294.0
333,295.0,396,,,2006-10-16,,2014-02-10 19:05:36,,2020-06-27 10:18:21,295,295.0
335,297.0,401,,,2002-08-08,,2014-02-10 19:05:36,,2020-06-27 10:18:21,297,297.0
337,299.0,403,,,1999-03-22,,2014-02-10 19:05:36,,2020-06-27 10:18:21,299,299.0
338,300.0,404,,,1999-03-22,,2014-02-10 19:05:36,,2020-06-27 10:18:21,300,300.0
340,302.0,410,,,2002-10-08,,2014-02-10 19:05:37,,2020-06-27 10:18:21,302,302.0
342,304.0,412,,,1999-06-28,,2014-02-10 19:05:37,,2020-06-27 10:18:21,304,304.0
343,305.0,413,,,1999-03-18,,2014-02-10 19:05:37,,2020-06-27 10:18:21,305,305.0
345,307.0,415,,,2004-04-09,,2014-02-10 19:05:37,,2020-06-27 10:18:21,307,307.0
347,309.0,424,,,1999-07-07,,2014-02-10 19:05:37,,2020-06-27 10:18:21,309,309.0
348,310.0,426,,,1999-07-07,,2014-02-10 19:05:37,,2020-06-27 10:18:21,310,310.0
350,312.0,440,,,1998-01-26,,2014-02-10 19:05:37,,2020-06-27 10:18:21,312,312.0
352,314.0,448,,,2006-08-01,,2014-02-10 19:05:37,,2020-06-27 10:18:21,314,314.0
354,316.0,471,,,1999-10-06,,2014-02-10 19:05:38,,2020-06-27 10:18:21,316,316.0
355,317.0,472,,,2004-04-13,,2014-02-10 19:05:38,,2020-06-27 10:18:21,317,317.0
357,319.0,474,,,2001-12-10,,2014-02-10 19:05:38,,2020-06-27 10:18:21,318,319.0
359,321.0,476,,,1999-10-06,,2014-02-10 19:05:38,,2020-06-27 10:18:21,320,321.0
360,171.0,480,,,1999-03-14,,2014-02-10 19:05:38,,2020-06-27 10:18:21,171,171.0
361,322.0,488,,,2004-06-21,,2014-02-10 19:05:38,,2020-06-27 10:18:21,321,322.0
363,324.0,495,,,1999-11-18,,2014-02-10 19:05:38,,2020-06-27 10:18:21,323,324.0
365,326.0,498,,,2004-04-15,,2014-02-10 19:05:38,,2020-06-27 10:18:21,325,326.0
366,327.0,500,,,2003-03-26,,2014-02-10 19:05:38,,2020-06-27 10:18:21,326,327.0
368,329.0,508,,,2003-12-09,,2014-02-10 19:05:38,,2020-06-27 10:18:21,328,329.0
370,331.0,523,,,2000-01-18,,2014-02-10 19:05:39,,2020-06-27 10:18:21,330,331.0
371,332.0,525,,,1999-03-29,,2014-02-10 19:05:39,,2020-06-27 10:18:21,331,332.0
373,334.0,532,,,2000-02-03,,2014-02-10 19:05:39,,2020-06-27 10:18:21,333,334.0
375,336.0,535,,,2004-05-25,,2014-02-10 19:05:39,,2020-06-27 10:18:21,335,336.0
376,337.0,538,,,2000-03-09,,2014-02-10 19:05:39,,2020-06-27 10:18:21,336,337.0
378,339.0,544,,,2000-10-25,,2014-02-10 19:05:39,,2020-06-27 10:18:21,338,339.0
380,341.0,551,,,1997-07-28,,2014-02-10 19:05:39,,2020-06-27 10:18:21,340,341.0
381,342.0,562,,,2004-09-09,,2014-02-10 19:05:39,,2020-06-27 10:18:21,341,342.0
383,202.0,573,,,1999-07-02,,2014-02-10 19:05:40,,2020-06-27 10:18:21,202,202.0
384,344.0,574,,,1999-03-17,,2014-02-10 19:05:40,,2020-06-27 10:18:21,343,344.0
386,346.0,598,,,1999-03-17,,2014-02-10 19:05:40,,2020-06-27 10:18:21,345,346.0
387,347.0,598,,,2001-05-14,,2014-02-10 19:05:40,,2020-06-27 10:18:21,346,347.0
389,349.0,609,,,2000-07-31,,2014-02-10 19:05:40,,2020-06-27 10:18:21,348,349.0
392,350.0,618,,,2002-10-08,,2014-02-10 19:05:40,,2020-06-27 10:18:21,349,350.0
393,352.0,621,,,2003-09-25,,2014-02-10 19:05:40,,2020-06-27 10:18:21,339,352.0
394,353.0,622,,,2004-03-25,,2014-02-10 19:05:40,,2020-06-27 10:18:21,351,353.0
396,355.0,623,,,2008-06-19,,2014-02-10 19:05:40,,2020-06-27 10:18:21,353,355.0
398,357.0,623,,,2008-06-19,,2014-02-10 19:05:40,,2020-06-27 10:18:21,355,357.0
399,358.0,626,,,2005-12-27,,2014-02-10 19:05:40,,2020-06-27 10:18:21,356,358.0
401,360.0,628,,,2004-10-25,,2014-02-10 19:05:40,,2020-06-27 10:18:21,358,360.0
403,362.0,645,,,1997-07-31,,2014-02-10 19:05:41,,2020-06-27 10:18:21,360,362.0
404,363.0,647,,,2001-11-06,,2014-02-10 19:05:41,,2020-06-27 10:18:21,361,363.0
406,365.0,652,,,2003-09-30,,2014-02-10 19:05:41,,2020-06-27 10:18:21,363,365.0
408,367.0,657,,,2004-03-25,,2014-02-10 19:05:41,,2020-06-27 10:18:21,365,367.0
409,368.0,658,,,2002-04-19,,2014-02-10 19:05:41,,2020-06-27 10:18:21,366,368.0
411,370.0,661,,,2002-08-20,,2014-02-10 19:05:41,,2020-06-27 10:18:21,368,370.0
413,372.0,665,,,2006-08-01,,2014-02-10 19:05:41,,2020-06-27 10:18:21,370,372.0
414,373.0,666,,,2003-03-17,,2014-02-10 19:05:41,,2020-06-27 10:18:21,371,373.0
415,374.0,667,,,2004-05-11,,2014-02-10 19:05:41,,2020-06-27 10:18:21,372,374.0
416,375.0,668,,,2004-10-06,,2014-02-10 19:05:41,,2020-06-27 10:18:21,373,375.0
417,376.0,671,,,2003-07-14,,2014-02-10 19:05:41,,2020-06-27 10:18:21,374,376.0
418,377.0,681,,,2007-03-13,,2014-02-10 19:05:41,,2020-06-27 10:18:21,375,377.0
419,378.0,682,,,2010-03-02,,2014-02-10 19:05:41,,2020-06-27 10:18:21,376,378.0
420,379.0,685,,,2007-04-17,,2014-02-10 19:05:41,,2020-06-27 10:18:21,377,379.0
421,380.0,709,,,2008-03-24,,2014-02-10 19:05:42,,2020-06-27 10:18:21,378,380.0
422,381.0,709,,,2007-12-12,,2014-02-10 19:05:42,,2020-06-27 10:18:21,379,381.0
423,382.0,711,,,2006-04-14,,2014-02-10 19:05:42,,2020-06-27 10:18:21,380,382.0
424,383.0,716,,,2008-05-07,,2014-02-10 19:05:42,,2020-06-27 10:18:21,381,383.0
425,384.0,723,,,2008-08-04,,2014-02-10 19:05:42,,2020-06-27 10:18:21,382,384.0
426,343.0,628,,,2012-10-18,BOJHA,2014-02-26 13:52:22,,2020-06-27 10:18:21,342,343.0
427,385.0,737,,,2014-03-07,RJAMISON,2014-03-07 10:53:54,,2020-06-27 10:18:21,383,
428,386.0,777,,,2014-05-22,ACF,2014-06-27 09:43:20,,2020-06-27 10:18:21,384,385.0
430,260.0,1128,,,2015-03-30,CPROKOP,2015-03-30 16:14:55,,2020-06-27 10:18:21,260,260.0
431,388.0,1129,,,2012-02-14,MWHALEN,2015-07-14 10:59:24,,2020-06-27 10:18:21,386,386.0
432,389.0,1131,,,2015-06-22,MWHALEN,2015-07-23 14:17:25,,2020-06-27 10:18:21,387,
433,390.0,1160,,,2015-07-13,MWHALEN,2015-08-14 17:47:54,,2020-06-27 10:18:21,388,
434,391.0,1161,,,2010-08-24,MWHALEN,2015-09-11 11:38:53,,2020-06-27 10:18:21,389,
435,392.0,1162,,,2015-12-31,KHARRINGTON,2016-01-06 14:58:07,,2020-06-27 10:18:21,390,387.0
436,393.0,1164,,,2015-12-01,KHARRINGTON,2016-01-28 15:21:01,,2020-06-27 10:18:21,391,388.0
437,394.0,1166,,,2016-06-20,ACF,2016-08-09 14:01:33,,2020-06-27 10:18:21,392,389.0
438,262.0,1167,,,2008-08-21,AFONG,2016-09-20 08:28:12,,2020-06-27 10:18:21,262,262.0
439,387.0,140,1986-03-01,1996-04-23,1996-04-23,RJAMISON,2017-04-20 15:18:24,,2020-06-27 10:18:21,385,
440,395.0,1176,2016-12-09,,2016-12-09,RJAMISON,2017-11-28 16:58:00,,2020-06-27 10:18:21,393,
441,396.0,1177,,,2017-12-08,RJAMISON,2017-12-21 16:41:04,,2020-06-27 10:18:21,394,
443,93.0,117,1986-05-08,2001-08-15,2004-12-04,RJAMISON,2018-10-18 19:08:18,,2020-06-27 10:18:21,93,93.0
442,75.0,1179,1978-01-01,2005-07-19,2005-07-19,RJAMISON,2018-07-18 14:16:24,,2020-06-27 10:18:21,75,75.0
445,397.0,1181,,,2019-07-22,BOJHA,2019-07-22 10:31:31,,2020-06-27 10:18:21,395,
444,5.0,598,2009-05-01,,2014-03-06,RJAMISON,2019-04-05 17:56:21,,2020-06-27 10:18:21,5,5.0
50,47.0,53,,,2004-02-09,,2014-02-10 19:05:29,,2020-06-27 10:18:21,47,47.0
52,49.0,54,,,2000-05-09,,2014-02-10 19:05:29,,2020-06-27 10:18:21,49,49.0
54,51.0,56,,,1999-03-18,,2014-02-10 19:05:29,,2020-06-27 10:18:21,51,51.0
57,54.0,59,,,1999-03-16,,2014-02-10 19:05:29,,2020-06-27 10:18:21,54,54.0
59,56.0,62,,,2004-10-25,,2014-02-10 19:05:29,,2020-06-27 10:18:21,56,56.0
62,59.0,66,,,1999-03-19,,2014-02-10 19:05:29,,2020-06-27 10:18:21,59,59.0
64,61.0,68,,,1999-03-18,,2014-02-10 19:05:29,,2020-06-27 10:18:21,61,61.0
67,64.0,71,,,1999-03-18,,2014-02-10 19:05:29,,2020-06-27 10:18:21,64,64.0
69,66.0,76,,,1997-08-11,,2014-02-10 19:05:29,,2020-06-27 10:18:21,66,66.0
72,69.0,79,,,1999-03-18,,2014-02-10 19:05:29,,2020-06-27 10:18:21,69,69.0
76,71.0,84,,,2005-07-29,,2014-02-10 19:05:29,,2020-06-27 10:18:21,71,71.0
79,74.0,88,,,2002-09-23,,2014-02-10 19:05:29,,2020-06-27 10:18:21,74,74.0
109,75.0,122,,,1999-03-17,,2014-02-10 19:05:30,,2020-06-27 10:18:21,75,75.0
118,75.0,131,,,1999-03-16,,2014-02-10 19:05:30,,2020-06-27 10:18:21,75,75.0
80,75.0,90,,,1999-03-17,,2014-02-10 19:05:29,,2020-06-27 10:18:21,75,75.0
82,77.0,93,,,2002-03-18,,2014-02-10 19:05:29,,2020-06-27 10:18:21,77,77.0
84,79.0,95,,,1999-03-22,,2014-02-10 19:05:29,,2020-06-27 10:18:21,79,79.0
87,82.0,97,,,2002-09-24,,2014-02-10 19:05:30,,2020-06-27 10:18:21,82,82.0
90,84.0,101,,,2007-11-26,,2014-02-10 19:05:30,,2020-06-27 10:18:21,84,84.0
93,87.0,103,,,2007-06-01,,2014-02-10 19:05:30,,2020-06-27 10:18:21,87,87.0
95,89.0,105,,,1999-03-19,,2014-02-10 19:05:30,,2020-06-27 10:18:21,89,89.0
98,92.0,108,,,2008-07-24,,2014-02-10 19:05:30,,2020-06-27 10:18:21,92,92.0
113,93.0,126,,,,,2014-02-10 19:05:30,,2020-06-27 10:18:21,93,93.0
100,94.0,112,,,1997-08-18,,2014-02-10 19:05:30,,2020-06-27 10:18:21,94,94.0
104,96.0,116,,,2005-05-24,,2014-02-10 19:05:30,,2020-06-27 10:18:21,96,96.0
112,97.0,124,,,2006-07-31,,2014-02-10 19:05:30,,2020-06-27 10:18:21,97,97.0
108,99.0,122,,,1999-03-17,,2014-02-10 19:05:30,,2020-06-27 10:18:21,99,99.0
121,102.0,135,,,1999-03-16,,2014-02-10 19:05:31,,2020-06-27 10:18:21,102,102.0
124,104.0,139,,,1997-09-24,,2014-02-10 19:05:31,,2020-06-27 10:18:21,104,104.0
127,107.0,140,,,2004-05-11,,2014-02-10 19:05:31,,2020-06-27 10:18:21,107,107.0
129,109.0,141,,,2006-08-01,,2014-02-10 19:05:31,,2020-06-27 10:18:21,109,109.0
132,111.0,144,,,1999-03-18,,2014-02-10 19:05:31,,2020-06-27 10:18:21,111,111.0
134,113.0,148,,,1999-03-17,,2014-02-10 19:05:31,,2020-06-27 10:18:21,113,113.0
136,114.0,150,,,1999-03-17,,2014-02-10 19:05:31,,2020-06-27 10:18:21,114,114.0
139,117.0,152,,,2005-07-25,,2014-02-10 19:05:31,,2020-06-27 10:18:21,117,117.0
141,119.0,156,,,1997-11-25,,2014-02-10 19:05:31,,2020-06-27 10:18:21,119,119.0
144,122.0,158,,,1997-12-01,,2014-02-10 19:05:31,,2020-06-27 10:18:21,122,122.0
146,124.0,160,,,1997-12-01,,2014-02-10 19:05:31,,2020-06-27 10:18:21,124,124.0
149,127.0,165,,,,,2014-02-10 19:05:31,,2020-06-27 10:18:21,127,127.0
151,128.0,167,,,1999-01-20,,2014-02-10 19:05:31,,2020-06-27 10:18:21,128,128.0
153,130.0,169,,,1997-12-02,,2014-02-10 19:05:31,,2020-06-27 10:18:21,130,130.0
156,133.0,172,,,1999-11-23,,2014-02-10 19:05:31,,2020-06-27 10:18:21,133,133.0
158,135.0,175,,,2004-05-27,,2014-02-10 19:05:32,,2020-06-27 10:18:21,135,135.0
161,137.0,179,,,,,2014-02-10 19:05:32,,2020-06-27 10:18:21,137,137.0
163,139.0,181,,,1997-12-08,,2014-02-10 19:05:32,,2020-06-27 10:18:21,139,139.0
165,141.0,183,,,1997-12-08,,2014-02-10 19:05:32,,2020-06-27 10:18:21,141,141.0
169,144.0,188,,,1997-12-08,,2014-02-10 19:05:32,,2020-06-27 10:18:21,144,144.0
171,146.0,192,,,1997-12-08,,2014-02-10 19:05:32,,2020-06-27 10:18:21,146,146.0
174,149.0,195,,,,,2014-02-10 19:05:32,,2020-06-27 10:18:21,149,149.0
176,151.0,197,,,1997-12-09,,2014-02-10 19:05:32,,2020-06-27 10:18:21,151,151.0
178,153.0,199,,,1997-12-09,,2014-02-10 19:05:32,,2020-06-27 10:18:21,153,153.0
181,156.0,202,,,1997-12-09,,2014-02-10 19:05:32,,2020-06-27 10:18:21,156,156.0
183,158.0,205,,,1997-12-09,,2014-02-10 19:05:32,,2020-06-27 10:18:21,158,158.0
186,161.0,209,,,2000-01-24,,2014-02-10 19:05:32,,2020-06-27 10:18:21,161,161.0
188,163.0,213,,,1997-12-10,,2014-02-10 19:05:32,,2020-06-27 10:18:21,163,163.0
191,166.0,224,,,1998-01-05,,2014-02-10 19:05:33,,2020-06-27 10:18:21,166,166.0
193,168.0,226,,,2000-02-16,,2014-02-10 19:05:33,,2020-06-27 10:18:21,168,168.0
196,171.0,229,,,1998-01-06,,2014-02-10 19:05:33,,2020-06-27 10:18:21,171,171.0
198,173.0,231,,,1998-01-06,,2014-02-10 19:05:33,,2020-06-27 10:18:21,173,173.0
200,175.0,235,,,1998-01-08,,2014-02-10 19:05:33,,2020-06-27 10:18:21,175,175.0
203,178.0,238,,,1998-01-08,,2014-02-10 19:05:33,,2020-06-27 10:18:21,178,178.0
205,180.0,240,,,1998-01-12,,2014-02-10 19:05:33,,2020-06-27 10:18:21,180,180.0
208,183.0,244,,,1998-01-12,,2014-02-10 19:05:33,,2020-06-27 10:18:21,183,183.0
210,185.0,247,,,1998-01-12,,2014-02-10 19:05:33,,2020-06-27 10:18:21,185,185.0
253,227.0,300,,,2004-04-23,,2014-02-10 19:05:34,,2020-06-27 10:18:21,227,227.0
255,229.0,302,,,1998-01-23,,2014-02-10 19:05:34,,2020-06-27 10:18:21,229,229.0
258,231.0,305,,,1999-03-30,,2014-02-10 19:05:34,,2020-06-27 10:18:21,231,231.0
273,231.0,321,,,1999-03-31,,2014-02-10 19:05:35,,2020-06-27 10:18:21,231,231.0
260,233.0,307,,,1998-01-26,,2014-02-10 19:05:34,,2020-06-27 10:18:21,233,233.0
263,235.0,310,,,1998-01-26,,2014-02-10 19:05:34,,2020-06-27 10:18:21,235,235.0
267,238.0,316,,,1998-01-26,,2014-02-10 19:05:35,,2020-06-27 10:18:21,238,238.0
269,240.0,317,,,2004-01-05,,2014-02-10 19:05:35,,2020-06-27 10:18:21,240,240.0
272,243.0,320,,,1998-01-26,,2014-02-10 19:05:35,,2020-06-27 10:18:21,243,243.0
275,245.0,324,,,1998-01-26,,2014-02-10 19:05:35,,2020-06-27 10:18:21,245,245.0
278,248.0,327,,,1998-01-27,,2014-02-10 19:05:35,,2020-06-27 10:18:21,248,248.0
280,250.0,329,,,2007-03-12,,2014-02-10 19:05:35,,2020-06-27 10:18:21,250,250.0
283,253.0,332,,,1998-01-27,,2014-02-10 19:05:35,,2020-06-27 10:18:21,253,253.0
285,255.0,334,,,1998-01-27,,2014-02-10 19:05:35,,2020-06-27 10:18:21,255,255.0
287,257.0,336,,,2004-06-14,,2014-02-10 19:05:35,,2020-06-27 10:18:21,257,257.0
290,260.0,339,,,,,2014-02-10 19:05:35,,2020-06-27 10:18:21,260,260.0
327,260.0,387,,,,,2014-02-10 19:05:36,,2020-06-27 10:18:21,260,260.0
293,262.0,342,,,2004-10-12,,2014-02-10 19:05:35,,2020-06-27 10:18:21,262,262.0
296,265.0,345,,,1998-02-26,,2014-02-10 19:05:35,,2020-06-27 10:18:21,265,265.0
298,267.0,347,,,2001-06-11,,2014-02-10 19:05:35,,2020-06-27 10:18:21,267,267.0
300,269.0,351,,,1998-11-30,,2014-02-10 19:05:35,,2020-06-27 10:18:21,269,269.0
303,272.0,353,,,1998-08-12,,2014-02-10 19:05:35,,2020-06-27 10:18:21,272,272.0
306,273.0,356,,,1998-09-16,,2014-02-10 19:05:35,,2020-06-27 10:18:21,273,273.0
310,276.0,361,,,1999-05-26,,2014-02-10 19:05:36,,2020-06-27 10:18:21,276,276.0
312,278.0,363,,,2004-09-09,,2014-02-10 19:05:36,,2020-06-27 10:18:21,278,278.0
317,281.0,372,,,1999-05-26,,2014-02-10 19:05:36,,2020-06-27 10:18:21,281,281.0
319,283.0,376,,,2003-08-27,,2014-02-10 19:05:36,,2020-06-27 10:18:21,283,283.0
322,286.0,380,,,1999-07-07,,2014-02-10 19:05:36,,2020-06-27 10:18:21,286,286.0
324,288.0,382,,,1999-03-31,,2014-02-10 19:05:36,,2020-06-27 10:18:21,288,288.0
329,291.0,390,,,1999-05-26,,2014-02-10 19:05:36,,2020-06-27 10:18:21,291,291.0
331,293.0,394,,,2005-10-13,,2014-02-10 19:05:36,,2020-06-27 10:18:21,293,293.0
334,296.0,397,,,1999-03-18,,2014-02-10 19:05:36,,2020-06-27 10:18:21,296,296.0
336,298.0,402,,,1999-03-18,,2014-02-10 19:05:36,,2020-06-27 10:18:21,298,298.0
339,301.0,406,,,1999-06-23,,2014-02-10 19:05:36,,2020-06-27 10:18:21,301,301.0
341,303.0,411,,,1999-06-28,,2014-02-10 19:05:37,,2020-06-27 10:18:21,303,303.0
344,306.0,413,,,2002-10-08,,2014-02-10 19:05:37,,2020-06-27 10:18:21,306,306.0
346,308.0,423,,,1999-07-07,,2014-02-10 19:05:37,,2020-06-27 10:18:21,308,308.0
349,311.0,433,,,2004-04-15,,2014-02-10 19:05:37,,2020-06-27 10:18:21,311,311.0
351,313.0,447,,,2004-06-21,,2014-02-10 19:05:37,,2020-06-27 10:18:21,313,313.0
353,315.0,456,,,1999-03-22,,2014-02-10 19:05:37,,2020-06-27 10:18:21,315,315.0
356,318.0,472,,,2004-04-12,,2014-02-10 19:05:38,,2020-06-27 10:18:21,317,318.0
358,320.0,476,,,1999-10-06,,2014-02-10 19:05:38,,2020-06-27 10:18:21,319,320.0
362,323.0,489,,,2008-06-10,,2014-02-10 19:05:38,,2020-06-27 10:18:21,322,323.0
364,325.0,496,,,1999-07-19,,2014-02-10 19:05:38,,2020-06-27 10:18:21,324,325.0
367,328.0,508,,,2003-08-18,,2014-02-10 19:05:38,,2020-06-27 10:18:21,327,328.0
369,330.0,515,,,2003-10-15,,2014-02-10 19:05:38,,2020-06-27 10:18:21,329,330.0
372,333.0,531,,,2000-02-03,,2014-02-10 19:05:39,,2020-06-27 10:18:21,332,333.0
374,335.0,535,,,2004-05-25,,2014-02-10 19:05:39,,2020-06-27 10:18:21,334,335.0
377,338.0,544,,,2003-10-15,,2014-02-10 19:05:39,,2020-06-27 10:18:21,337,338.0
379,340.0,546,,,2003-10-01,,2014-02-10 19:05:39,,2020-06-27 10:18:21,339,340.0
382,343.0,564,,,2002-10-08,,2014-02-10 19:05:39,,2020-06-27 10:18:21,342,343.0
385,345.0,596,,,1998-01-22,,2014-02-10 19:05:40,,2020-06-27 10:18:21,344,345.0
388,348.0,600,,,1998-01-27,,2014-02-10 19:05:40,,2020-06-27 10:18:21,347,348.0
390,350.0,617,,,2002-10-08,,2014-02-10 19:05:40,,2020-06-27 10:18:21,349,350.0
391,351.0,617,,,2002-10-08,,2014-02-10 19:05:40,,2020-06-27 10:18:21,350,351.0
395,354.0,622,,,2004-03-25,,2014-02-10 19:05:40,,2020-06-27 10:18:21,352,354.0
397,356.0,623,,,2008-06-19,,2014-02-10 19:05:40,,2020-06-27 10:18:21,354,356.0
400,359.0,627,,,2002-02-05,,2014-02-10 19:05:40,,2020-06-27 10:18:21,357,359.0
402,361.0,630,,,2004-04-27,,2014-02-10 19:05:40,,2020-06-27 10:18:21,359,361.0
405,364.0,650,,,2001-11-06,,2014-02-10 19:05:41,,2020-06-27 10:18:21,362,364.0
407,366.0,656,,2020-03-18,2004-01-05,,2014-02-10 19:05:41,MCOSSON,2020-10-01 15:43:36,364,366.0
410,369.0,660,,,2002-04-24,,2014-02-10 19:05:41,,2020-06-27 10:18:21,367,369.0
412,371.0,662,,,2002-11-06,,2014-02-10 19:05:41,,2020-06-27 10:18:21,369,371.0
447,,1993,,,,,2020-06-27 11:05:18,,,1573,959.0
448,,1994,,,,,2020-06-27 11:05:18,,,1528,914.0
449,,1995,,,,,2020-06-27 11:05:18,,,1658,1044.0
450,,2003,,,,,2020-06-27 11:05:18,,,1555,941.0
451,,2013,,,,,2020-06-27 11:05:18,,,1520,906.0
452,,2015,,,,,2020-06-27 11:05:18,,,1632,1018.0
453,,2022,,,,,2020-06-27 11:05:18,,,1566,952.0
454,,2024,,,,,2020-06-27 11:05:19,,,1572,958.0
455,,2028,,,,,2020-06-27 11:05:19,,,1554,940.0
456,,2032,,,,,2020-06-27 11:05:19,,,1567,953.0
457,,2035,,,,,2020-06-27 11:05:19,,,1615,1001.0
458,,2036,,,,,2020-06-27 11:05:19,,,1545,931.0
459,,2037,,,,,2020-06-27 11:05:19,,,1575,961.0
460,,2039,,,,,2020-06-27 11:05:19,,,1528,914.0
461,,2040,,,,,2020-06-27 11:05:19,,,1528,914.0
462,,2052,,,,,2020-06-27 11:05:19,,,1598,984.0
463,,2060,,,,,2020-06-27 11:05:19,,,1597,983.0
464,,2061,,,,,2020-06-27 11:05:19,,,1620,1006.0
465,,2062,,,,,2020-06-27 11:05:19,,,1544,930.0
466,,2064,,,,,2020-06-27 11:05:19,,,1626,1012.0
467,,2065,,,,,2020-06-27 11:05:19,,,1519,905.0
468,,2066,,,,,2020-06-27 11:05:19,,,1528,914.0
469,,2067,,,,,2020-06-27 11:05:19,,,1528,914.0
470,,2073,,,,,2020-06-27 11:05:19,,,1632,1018.0
471,,2077,,,,,2020-06-27 11:05:19,,,1577,963.0
472,,2080,,,,,2020-06-27 11:05:19,,,1543,929.0
473,,2081,,,,,2020-06-27 11:05:19,,,1599,985.0
474,,2087,,,,,2020-06-27 11:05:19,,,1603,989.0
475,,2088,,,,,2020-06-27 11:05:19,,,1630,1016.0
476,,2091,,,,,2020-06-27 11:05:19,,,1584,970.0
477,,2093,,,,,2020-06-27 11:05:19,,,1645,1031.0
478,,2095,,,,,2020-06-27 11:05:19,,,1564,950.0
479,,2096,,,,,2020-06-27 11:05:19,,,1579,965.0
480,,2097,,,,,2020-06-27 11:05:19,,,1637,1023.0
481,,2098,,,,,2020-06-27 11:05:19,,,1568,954.0
482,,2099,,,,,2020-06-27 11:05:19,,,1632,1018.0
483,,2100,,,,,2020-06-27 11:05:19,,,1560,946.0
484,,2101,,,,,2020-06-27 11:05:19,,,1589,975.0
485,,2102,,,,,2020-06-27 11:05:19,,,1589,975.0
486,,2103,,,,,2020-06-27 11:05:19,,,1652,1038.0
487,,2104,,,,,2020-06-27 11:05:19,,,1517,903.0
488,,2106,,,,,2020-06-27 11:05:19,,,1565,951.0
489,,2107,,,,,2020-06-27 11:05:19,,,1580,966.0
490,,2108,,,,,2020-06-27 11:05:19,,,1540,926.0
491,,2109,,,,,2020-06-27 11:05:19,,,1610,996.0
492,,2110,,,,,2020-06-27 11:05:19,,,1569,955.0
493,,2111,,,,,2020-06-27 11:05:19,,,1529,915.0
494,,2113,,,,,2020-06-27 11:05:19,,,1533,919.0
495,,2114,,,,,2020-06-27 11:05:19,,,1556,942.0
496,,2115,,,,,2020-06-27 11:05:19,,,1570,956.0
497,,2117,,,,,2020-06-27 11:05:19,,,1559,945.0
498,,2118,,,,,2020-06-27 11:05:19,,,1631,1017.0
499,,2120,,,,,2020-06-27 11:05:19,,,1558,944.0
500,,2122,,,,,2020-06-27 11:05:19,,,1571,957.0
501,,2123,,,,,2020-06-27 11:05:19,,,1651,1037.0
502,,2125,,,,,2020-06-27 11:05:19,,,1542,928.0
503,,2127,,,,,2020-06-27 11:05:19,,,1592,978.0
504,,2128,,,,,2020-06-27 11:05:19,,,1544,930.0
505,,2130,,,,,2020-06-27 11:05:19,,,1515,901.0
506,,2133,,,,,2020-06-27 11:05:19,,,1516,902.0
507,,2134,,,,,2020-06-27 11:05:19,,,1518,904.0
508,,2136,,,,,2020-06-27 11:05:19,,,1654,1040.0
509,,2137,,,,,2020-06-27 11:05:19,,,1601,987.0
510,,2138,,,,,2020-06-27 11:05:19,,,1647,1033.0
511,,2139,,,,,2020-06-27 11:05:19,,,1557,943.0
512,,2140,,,,,2020-06-27 11:05:19,,,1606,992.0
513,,2141,,,,,2020-06-27 11:05:19,,,1606,992.0
514,,2142,,,,,2020-06-27 11:05:19,,,1634,1020.0
515,,2144,,,,,2020-06-27 11:05:19,,,1640,1026.0
516,,2146,,,,,2020-06-27 11:05:19,,,1549,935.0
517,,2149,,,,,2020-06-27 11:05:19,,,1646,1032.0
518,,2151,,,,,2020-06-27 11:05:19,,,1644,1030.0
519,,2152,,,,,2020-06-27 11:05:19,,,1656,1042.0
520,,2154,,,,,2020-06-27 11:05:19,,,1523,909.0
521,,2159,,,,,2020-06-27 11:05:19,,,1632,1018.0
522,,2169,,,,,2020-06-27 11:05:19,,,1632,1018.0
523,,2177,,,,,2020-06-27 11:05:19,,,1591,977.0
524,,2178,,,,,2020-06-27 11:05:19,,,1551,937.0
525,,2179,,,,,2020-06-27 11:05:19,,,1621,1007.0
526,,2180,,,,,2020-06-27 11:05:19,,,1609,995.0
527,,2181,,,,,2020-06-27 11:05:19,,,1595,981.0
528,,2183,,,,,2020-06-27 11:05:19,,,1642,1028.0
529,,2184,,,,,2020-06-27 11:05:19,,,1541,927.0
530,,2185,,,,,2020-06-27 11:05:19,,,1538,924.0
531,,2186,,,,,2020-06-27 11:05:19,,,1522,908.0
532,,2187,,,,,2020-06-27 11:05:19,,,1605,991.0
533,,2188,,,,,2020-06-27 11:05:19,,,1641,1027.0
534,,2189,,,,,2020-06-27 11:05:19,,,1629,1015.0
535,,2190,,,,,2020-06-27 11:05:19,,,1532,918.0
536,,2191,,,,,2020-06-27 11:05:19,,,1552,938.0
537,,2192,,,,,2020-06-27 11:05:19,,,1530,916.0
538,,2193,,,,,2020-06-27 11:05:19,,,1585,971.0
539,,2194,,,,,2020-06-27 11:05:19,,,1535,921.0
540,,2195,,,,,2020-06-27 11:05:19,,,1536,922.0
541,,2196,,,,,2020-06-27 11:05:19,,,1521,907.0
542,,2197,,,,,2020-06-27 11:05:19,,,1528,914.0
543,,2198,,,,,2020-06-27 11:05:19,,,1546,932.0
544,,2199,,,,,2020-06-27 11:05:19,,,1546,932.0
545,,2200,,,,,2020-06-27 11:05:19,,,1525,911.0
546,,2201,,,,,2020-06-27 11:05:19,,,1526,912.0
547,,2202,,,,,2020-06-27 11:05:19,,,1587,973.0
548,,2203,,,,,2020-06-27 11:05:19,,,1553,939.0
549,,2205,,,,,2020-06-27 11:05:19,,,1652,1038.0
550,,2206,,,,,2020-06-27 11:05:19,,,1552,938.0
551,,2207,,,,,2020-06-27 11:05:19,,,1552,938.0
552,,2208,,,,,2020-06-27 11:05:19,,,1524,910.0
553,,2209,,,,,2020-06-27 11:05:19,,,1531,917.0
554,,2210,,,,,2020-06-27 11:05:19,,,1534,920.0
555,,2212,,,,,2020-06-27 11:05:19,,,1596,982.0
556,,2213,,,,,2020-06-27 11:05:19,,,1574,960.0
557,,2214,,,,,2020-06-27 11:05:19,,,1581,967.0
558,,2215,,,,,2020-06-27 11:05:19,,,1593,979.0
559,,2216,,,,,2020-06-27 11:05:19,,,1550,936.0
560,,2217,,,,,2020-06-27 11:05:19,,,1611,997.0
641,,2330,,,2021-11-23,RPERSON,2021-11-23 16:09:08,,,9181,2541.0
642,,2438,,,2021-11-03,RPERSON,2021-11-24 12:07:34,,,9201,2561.0
643,,2336,,,2021-11-03,RPERSON,2021-11-24 12:15:30,,,9202,2562.0
649,,7894,,,2021-09-14,JGREEVES,2022-02-25 13:53:41,,,9342,2802.0
655,,2504,,,,RPERSON,2022-03-22 17:11:35,,,2258,2922.0
658,,2476,,,2019-09-06,RPERSON,2022-03-22 17:28:22,,,9422,2925.0
659,,3247,,,2019-09-06,RPERSON,2022-03-22 17:34:27,,,9423,2927.0
660,,12432,,,,JGREEVES,2022-03-23 16:22:11,,,9441,2941.0
661,,12434,,,,JGREEVES,2022-03-23 16:53:46,,,9442,2942.0
662,,12435,,,,JGREEVES,2022-03-23 18:06:59,,,9462,2962.0
667,,3120,,,2022-04-08,RPERSON,2022-04-08 13:57:19,,,9561,3082.0
670,,3125,,,,RPERSON,2022-04-08 15:25:12,,,2441,3103.0
674,,12452,,,,MWILLOUG,2022-05-26 16:45:43,,,9641,3201.0
753,,3023,,,,RPERSON,2022-08-11 14:51:16,,,2451,3582.0
755,,3022,,,,RPERSON,2022-08-12 10:24:13,,,2458,3602.0
766,,11203,,,,MWILLOUG,2022-08-16 18:33:45,,,10081,3861.0
767,,3221,,,,RPERSON,2022-08-17 11:58:17,,,2059,3881.0
769,,3215,,,,RPERSON,2022-08-17 12:02:35,,,2059,3883.0
774,,2417,,,,RPERSON,2022-08-17 12:33:22,,,2079,3888.0
825,,3248,,,2020-01-02,MGRABOWS,2022-08-30 17:04:30,,,10311,4137.0
827,,2915,,,2020-01-02,MGRABOWS,2022-08-30 17:33:40,,,10313,4139.0
829,,3291,,,2020-04-15,MGRABOWS,2022-08-30 18:10:15,,,10316,4142.0
848,,12523,,,,JRIDLEY,2022-10-25 09:51:27,,,1656,1042.0
860,,12530,,,2022-12-12,DSTOUT01,2022-12-12 14:16:42,,,1994,4862.0
880,,12550,,,2023-04-10,MRESTAIN,2023-04-10 08:21:04,MRESTAIN,2023-04-10 08:26:51,11041,5222.0
886,,2365,,,2023-04-25,RPERSON,2023-05-12 11:07:38,,,2044,5382.0
890,,12555,,,,DSTOUT01,2023-05-16 09:43:47,,,11181,5401.0
895,,410,2023-03-01,,2023-05-09,LBRANDT,2023-05-16 15:18:40,,,11224,5444.0
905,,12560,,,,MWILLOUG,2023-06-02 16:25:09,,,11289,5554.0
633,,2573,,,,RPERSON,2021-10-12 18:12:40,,,9081,2385.0
634,,2552,,,2021-08-04,RPERSON,2021-10-13 10:16:04,,,2832,2401.0
635,,3308,,,,MHENDRIX,2021-10-21 11:44:24,,,2869,2421.0
650,,12424,,,2021-10-29,JGREEVES,2022-03-04 13:36:46,,,9362,2822.0
651,,12425,,,,JGREEVES,2022-03-04 16:42:01,,,9381,2841.0
654,,2503,,,,RPERSON,2022-03-22 17:05:09,,,2257,2921.0
656,,3222,,2022-04-06,,RPERSON,2022-03-22 17:14:32,RPERSON,2022-08-17 12:22:52,2790,2923.0
657,,3228,,,2022-03-22,RPERSON,2022-03-22 17:21:52,,,9421,2924.0
671,,2415,,,,RPERSON,2022-05-12 16:38:56,,,2086,3141.0
698,,2930,,,2020-11-05,MGRABOWS,2022-08-08 17:48:54,,,9867,3453.0
758,,3033,,,,RPERSON,2022-08-15 10:48:23,,,10001,3661.0
775,,2422,,,,RPERSON,2022-08-17 13:32:01,,,2650,1565.0
780,,3031,,,,RPERSON,2022-08-17 15:09:41,,,2485,3922.0
782,,2447,,,,RPERSON,2022-08-17 18:36:15,,,2832,3942.0
797,,2473,,,,RPERSON,2022-08-19 15:57:11,,,10141,3981.0
840,,12517,,,2020-08-10,LBRANDT,2022-09-28 17:35:55,LBRANDT,2022-09-28 17:37:19,10421,4401.0
843,,12519,,,,MWILLOUG,2022-09-29 18:52:24,,,10501,4481.0
844,,12520,2005-07-10,2017-09-14,2005-08-08,LBRANDT,2022-10-05 12:23:21,LBRANDT,2022-10-05 12:27:46,10521,4501.0
870,,12539,,,,JSEALE,2023-04-05 15:28:54,,,10986,5146.0
873,,12542,,,,JSEALE,2023-04-05 16:04:25,,,10991,5151.0
881,,12551,,,2022-08-22,RSNAVELY,2023-04-11 10:29:47,,,1659,1045.0
882,,98,,,2023-04-10,LBRANDT,2023-04-19 18:55:18,,,11061,5301.0
909,,3060,,,2023-04-12,RPERSON,2023-06-06 12:47:56,,,2475,5341.0
572,,2233,,,,JRIDLEY,2021-03-29 12:22:26,,,1659,1045.0
679,,3121,,,,RPERSON,2022-07-07 09:28:25,,,9701,3282.0
680,,3122,,,,RPERSON,2022-07-07 09:34:19,,,9701,3283.0
727,,2527,,,2021-06-15,MGRABOWS,2022-08-09 15:11:33,,,9903,3483.0
730,,3227,,,,RPERSON,2022-08-09 17:25:58,,,2427,3493.0
731,,3001,,,,RPERSON,2022-08-09 17:31:27,,,2437,3494.0
732,,3004,,,,RPERSON,2022-08-09 17:34:32,,,2431,3495.0
733,,3003,,,,RPERSON,2022-08-09 17:35:17,,,2431,3495.0
763,,2931,,,2020-11-04,MGRABOWS,2022-08-15 12:34:25,,,10021,3741.0
799,,12467,,,,MWILLOUG,2022-08-23 17:26:31,,,10162,4002.0
808,,3310,,,2020-11-04,MGRABOWS,2022-08-30 12:05:15,,,10261,4101.0
812,,3012,,,2022-03-17,MGRABOWS,2022-08-30 13:41:26,,,10282,4104.0
815,,12474,,,2022-08-30,DSTOUT01,2022-08-30 14:29:23,,,10222,4062.0
822,,3300,,,2020-08-19,MGRABOWS,2022-08-30 16:26:44,,,10308,4132.0
824,,2899,,,2020-01-02,MGRABOWS,2022-08-30 16:52:36,,,10310,4134.0
828,,2666,,,2020-01-02,MGRABOWS,2022-08-30 17:53:46,,,10314,4140.0
852,,12527,,,,JRIDLEY,2022-11-16 09:46:23,,,10661,4701.0
889,,2306,1989-09-18,,2023-05-12,MPOMES,2023-05-12 15:56:02,,,11163,5384.0
883,,12552,,,,DSTOUT01,2023-04-26 15:48:18,,,10221,4061.0
887,,2306,1986-04-21,1989-09-17,2023-05-12,MPOMES,2023-05-12 15:38:55,,,11161,5383.0
893,,2307,2021-03-23,1998-10-22,2023-05-16,MPOMES,2023-05-16 15:01:56,,,11222,5442.0
894,,2307,1986-05-01,1998-10-22,2023-05-16,MPOMES,2023-05-16 15:09:39,,,11223,5443.0
896,,12557,,,,DSTOUT01,2023-05-17 10:36:11,,,11241,5461.0
901,,2301,2004-02-23,2008-12-02,2023-06-02,MPOMES,2023-06-02 15:40:44,,,11285,5550.0
907,,12562,,,,MWILLOUG,2023-06-02 16:59:10,,,6337,5556.0
908,,118,,,2023-04-24,LBRANDT,2023-06-02 18:28:25,,,11291,5557.0
569,,110,,,,KDIXON,2020-10-28 01:44:19,,,1801,1301.0
571,,2231,,,,KDIXON,2021-03-03 19:13:00,,,1881,1421.0
636,,2852,,,,RPERSON,2021-10-29 12:25:31,RPERSON,2021-10-29 12:43:01,2336,2442.0
640,,12418,,,,MCOSSON,2021-11-10 16:54:33,,,9162,2522.0
644,,2600,,,,RPERSON,2021-12-15 17:31:08,,,2290,1543.0
645,,3107,2021-11-10,,2021-11-10,RPERSON,2022-02-04 13:56:31,,,9282,2722.0
663,,12436,,,,JGREEVES,2022-03-24 11:56:37,,,9481,2981.0
761,,3031,,,,RPERSON,2022-08-15 11:08:25,,,2485,3721.0
772,,3222,2022-04-07,2023-01-01,2022-04-07,RPERSON,2022-08-17 12:22:37,RPERSON,2023-07-07 09:58:49,2790,3886.0
773,,2416,,,,RPERSON,2022-08-17 12:28:00,,,2811,3887.0
777,,2898,,,,RPERSON,2022-08-17 13:37:48,,,2631,3902.0
801,,12469,,,,RPERSON,2022-08-25 13:12:26,,,10201,4041.0
802,,3219,,,2021-08-04,MGRABOWS,2022-08-25 14:22:51,,,10202,4042.0
803,,3294,,,2021-05-04,MGRABOWS,2022-08-25 14:39:33,,,10203,4043.0
804,,2851,,,2021-11-05,MGRABOWS,2022-08-25 14:51:10,,,10204,4044.0
805,,12470,,,2022-08-29,DSTOUT01,2022-08-29 15:01:07,,,10223,4063.0
814,,3015,,,2022-01-24,MGRABOWS,2022-08-30 13:50:08,,,10284,4106.0
845,,649,2022-07-11,,2022-07-11,LBRANDT,2022-10-06 14:36:55,,,10563,4561.0
847,,12522,,,,JRIDLEY,2022-10-25 09:36:35,,,1515,901.0
855,,2549,,,2022-03-22,MGRABOWS,2022-11-18 16:13:07,,,10741,4781.0
856,,12528,,,,MWILLOUG,2022-11-30 11:49:54,,,10761,4801.0
864,,12533,,,2023-01-31,DSTOUT01,2023-02-21 09:37:38,,,10882,5023.0
868,,12537,,,,JSEALE,2023-04-05 14:35:10,,,10982,5142.0
876,,12545,,,,JSEALE,2023-04-05 16:41:52,,,10997,5157.0
885,,12554,,,,DSTOUT01,2023-05-08 09:47:49,,,11121,5361.0
911,,2310,2022-12-15,,2022-12-15,MPOMES,2023-06-20 10:18:58,,,11321,5581.0
913,,12564,,,,DSTOUT01,2023-07-05 09:28:36,,,10223,4063.0
561,,2218,,,,,2020-06-27 11:05:19,,,1563,949.0
562,,2221,,,,,2020-06-27 11:05:19,,,1528,914.0
563,,2222,,,,,2020-06-27 11:05:19,,,1528,914.0
564,,2223,,,,,2020-06-27 11:05:19,,,1528,914.0
565,,2224,,,,,2020-06-27 11:05:19,,,1528,914.0
567,,1578,,,,MRESTAIN,2020-09-02 12:30:08,,,1167,1161.0
628,,2932,,,,RPERSON,2021-05-21 16:39:31,,,9021,2282.0
632,,2566,,,2021-08-05,RPERSON,2021-10-12 17:05:59,,,2872,2384.0
646,,12422,,,,LBRANDT,2022-02-11 17:14:49,,,9302,2742.0
647,,3313,,,2022-01-28,RPERSON,2022-02-14 17:24:43,,,9321,2761.0
652,,12426,,,2015-08-07,SPLATUK,2022-03-17 12:20:47,,,9401,2881.0
653,,12427,,,2010-05-05,SPLATUK,2022-03-17 12:34:41,,,9403,2883.0
664,,12438,,,,JGREEVES,2022-03-24 16:24:51,,,9501,3001.0
666,,3117,,,,RPERSON,2022-04-08 13:25:49,,,2518,3081.0
669,,3122,,,2022-04-08,RPERSON,2022-04-08 15:21:56,,,9582,3102.0
677,,55,,,2022-06-09,LBRANDT,2022-07-06 17:32:09,LBRANDT,2022-07-06 17:32:26,9662,3243.0
688,,12462,,,,LBRANDT,2022-08-08 13:05:40,,,9841,3421.0
740,,2428,,,2020-09-03,MGRABOWS,2022-08-10 13:25:20,,,9941,3521.0
741,,2431,,,,MGRABOWS,2022-08-10 13:31:32,,,9121,2481.0
757,,3097,,,,RPERSON,2022-08-15 10:33:25,,,2485,3641.0
759,,3034,,,,RPERSON,2022-08-15 11:01:38,,,2796,3681.0
760,,3094,,,,RPERSON,2022-08-15 11:05:30,,,2441,3701.0
762,,3268,,,,RPERSON,2022-08-15 11:09:21,,,2485,3721.0
764,,2938,,,2020-11-04,MGRABOWS,2022-08-15 13:04:34,,,10041,3781.0
768,,3214,,,,RPERSON,2022-08-17 12:00:55,,,2059,3882.0
770,,3215,,,,RPERSON,2022-08-17 12:03:45,,,2059,3884.0
771,,2925,,,,RPERSON,2022-08-17 12:16:03,,,2648,3885.0
776,,2425,,,,RPERSON,2022-08-17 13:34:01,,,2086,3901.0
778,,3032,,,,RPERSON,2022-08-17 14:25:52,,,2457,3921.0
779,,3268,2022-08-10,,,RPERSON,2022-08-17 15:08:50,,,2485,3922.0
800,,12468,,,2022-08-25,DSTOUT01,2022-08-25 10:45:11,,,10183,4023.0
810,,3011,,,2022-08-08,MGRABOWS,2022-08-30 13:29:02,,,10281,4103.0
811,,12473,,,2022-08-30,DSTOUT01,2022-08-30 13:36:11,,,10221,4061.0
819,,3224,,,2020-08-19,MGRABOWS,2022-08-30 15:48:02,,,10305,4129.0
831,,12475,,,2022-09-01,DSTOUT01,2022-09-01 13:17:10,,,10323,4163.0
835,,12512,,,,MWILLOUG,2022-09-20 19:18:39,,,7146,4261.0
841,,3010,,,,RPERSON,2022-09-29 16:04:31,,,10441,4421.0
850,,12524,,,,MPOMES,2022-10-27 16:55:08,,,10641,4661.0
854,,2308,,,2022-09-08,MPOMES,2022-11-16 12:54:53,,,10702,4741.0
861,,12531,,,,JRIDLEY,2023-01-11 09:10:20,,,1659,1045.0
884,,12553,,,,JSEALE,2023-04-27 11:55:32,,,11102,5322.0
899,,12558,,,,MWILLOUG,2023-06-02 14:53:29,,,11283,5543.0
914,,3222,,,2023-05-16,RPERSON,2023-07-07 09:58:24,,,2790,5641.0
629,,2935,,,,RPERSON,2021-05-21 17:11:11,,,9022,2284.0
668,,3121,,,2022-04-08,RPERSON,2022-04-08 15:19:05,,,9581,3101.0
673,,143,2022-02-01,,2022-02-28,LBRANDT,2022-05-19 19:13:09,LBRANDT,2022-05-19 19:22:24,802,669.0
676,,12454,,,,MCOSSON,2022-07-06 17:20:27,,,9661,3242.0
681,,12455,,,,MWILLOUG,2022-07-11 18:54:25,,,9721,3301.0
683,,12457,,,2022-06-12,MWILLOUG,2022-08-02 12:31:10,,,9762,3342.0
703,,2367,,,,RPERSON,2022-08-09 10:18:56,,,2048,3463.0
705,,2863,,,,RPERSON,2022-08-09 10:20:05,,,2048,3463.0
709,,2391,,,,RPERSON,2022-08-09 10:22:33,,,2048,3463.0
714,,2396,,,,RPERSON,2022-08-09 10:25:51,,,2048,3463.0
721,,2996,,,,RPERSON,2022-08-09 10:48:23,,,2776,3466.0
723,,2517,,,2021-06-15,MGRABOWS,2022-08-09 10:50:24,,,9881,3468.0
745,,3002,,,,RPERSON,2022-08-11 09:29:27,,,2789,3541.0
746,,3225,,,,RPERSON,2022-08-11 09:31:38,,,2430,3542.0
747,,3007,,,,RPERSON,2022-08-11 09:32:44,,,2427,3493.0
748,,2997,,2022-11-18,2022-12-06,RPERSON,2022-08-11 09:35:51,RPERSON,2022-12-06 10:10:19,2433,3543.0
749,,3009,,,,RPERSON,2022-08-11 09:41:12,,,2803,3546.0
750,,3229,,,,RPERSON,2022-08-11 09:44:01,,,2804,3548.0
751,,3095,,,2022-08-11,MGRABOWS,2022-08-11 13:11:08,,,9961,3561.0
752,,3010,,,,RPERSON,2022-08-11 14:48:04,,,2503,3581.0
754,,3020,,,,RPERSON,2022-08-12 10:19:30,,,2448,3601.0
781,,12463,,,,MWILLOUG,2022-08-17 18:29:07,,,10101,3941.0
790,,2470,,,,RPERSON,2022-08-18 11:21:22,,,2806,3968.0
794,,3313,,,,RPERSON,2022-08-18 13:47:36,,,9321,3973.0
795,,2920,,,,RPERSON,2022-08-18 13:53:38,,,2631,3974.0
809,,12472,,,2022-08-30,DSTOUT01,2022-08-30 12:42:00,,,10221,4061.0
813,,3013,,,2022-08-30,MGRABOWS,2022-08-30 13:44:56,,,10283,4105.0
816,,3016,,,2022-03-02,MGRABOWS,2022-08-30 15:06:20,,,10301,4121.0
817,,3017,,,2022-01-24,MGRABOWS,2022-08-30 15:12:54,,,10302,4122.0
820,,3293,,,2020-08-19,MGRABOWS,2022-08-30 15:55:43,,,10306,4130.0
830,,2822,,,2022-01-12,MGRABOWS,2022-08-30 18:14:48,,,10317,4143.0
832,,12494,,,2022-09-06,DSTOUT01,2022-09-06 13:55:24,,,10343,4183.0
838,,12515,,,,LBRANDT,2022-09-27 14:21:30,,,10401,4341.0
846,,3313,,,,RPERSON,2022-10-24 12:34:39,,,9321,4621.0
849,,3028,,,,RPERSON,2022-10-26 16:53:02,,,10621,4641.0
851,,2311,2022-03-15,,2023-05-17,MPOMES,2022-10-27 17:01:15,MPOMES,2023-05-17 12:29:35,10641,4661.0
853,,2304,2009-06-01,,2022-09-08,MPOMES,2022-11-16 12:36:04,,,10682,4722.0
862,,2440,,,2022-11-14,MGRABOWS,2023-01-30 16:56:47,,,2208,4941.0
877,,12546,,,,JSEALE,2023-04-06 14:19:38,,,11002,5162.0
879,,12548,,,,JSEALE,2023-04-06 16:03:01,,,11004,5164.0
891,,12556,,,,DSTOUT01,2023-05-16 12:28:41,,,11201,5421.0
892,,2307,2021-03-24,,2023-05-16,MPOMES,2023-05-16 14:45:50,,,11221,5441.0
897,,2301,2021-12-20,,2023-06-02,MPOMES,2023-06-02 14:36:40,,,11281,5541.0
904,,2301,1986-02-27,1997-05-07,2023-06-02,MPOMES,2023-06-02 16:06:15,,,11288,5553.0
912,,12563,,,,JSEALE,2023-06-30 16:47:23,,,11341,5621.0
568,,656,2020-03-18,,2020-08-07,MCOSSON,2020-10-01 15:39:32,MCOSSON,2020-10-01 15:42:53,1761,1242.0
576,,2247,,,,R4 Load,2021-04-28 13:04:13,,,1972,
577,,2248,,,,R4 Load,2021-04-28 13:04:13,,,1968,
578,,2249,,,,R4 Load,2021-04-28 13:04:13,,,1968,
579,,2250,,,,R4 Load,2021-04-28 13:04:13,,,1966,
580,,2251,,,,R4 Load,2021-04-28 13:04:13,,,1973,
581,,2252,,,,R4 Load,2021-04-28 13:04:13,,,1962,
582,,2253,,,,R4 Load,2021-04-28 13:04:13,,,1963,1489.0
583,,2254,,,,R4 Load,2021-04-28 13:04:13,,,1979,1498.0
584,,2255,,,,R4 Load,2021-04-28 13:04:13,,,1979,1498.0
585,,2256,,,,R4 Load,2021-04-28 13:04:13,,,1969,1492.0
586,,2257,,,,R4 Load,2021-04-28 13:04:13,,,1974,1495.0
587,,2258,,,,R4 Load,2021-04-28 13:04:13,,,1967,1491.0
588,,2259,,,,R4 Load,2021-04-28 13:04:13,,,1975,1496.0
589,,2260,,,,R4 Load,2021-04-28 13:04:13,,,1980,1499.0
590,,2261,,,,R4 Load,2021-04-28 13:04:13,,,1976,1497.0
591,,2262,,,,R4 Load,2021-04-28 13:04:13,,,1970,1493.0
592,,2263,,,,R4 Load,2021-04-28 13:04:13,,,1971,1494.0
593,,2266,,,,R4 Closed Load,2021-04-28 13:04:13,,,2024,
594,,2267,,,,R4 Closed Load,2021-04-28 13:04:13,,,2025,
595,,2268,,,,R4 Closed Load,2021-04-28 13:04:13,,,2013,
596,,2272,,,,R4 Closed Load,2021-04-28 13:04:13,,,1995,
597,,2273,,,,R4 Closed Load,2021-04-28 13:04:13,,,2005,
598,,2276,,,,R4 Closed Load,2021-04-28 13:04:13,,,2011,
599,,2277,,,,R4 Closed Load,2021-04-28 13:04:13,,,2008,
600,,2281,,,,R4 Closed Load,2021-04-28 13:04:13,,,1988,
601,,2282,,,,R4 Closed Load,2021-04-28 13:04:13,,,2020,
602,,2283,,,,R4 Closed Load,2021-04-28 13:04:13,,,2009,
603,,2286,,,,R4 Closed Load,2021-04-28 13:04:13,,,2021,
604,,2287,,,,R4 Closed Load,2021-04-28 13:04:13,,,2012,
605,,2290,,,,R4 Closed Load,2021-04-28 13:04:13,,,1993,
606,,2291,,,,R4 Closed Load,2021-04-28 13:04:13,,,2019,
607,,2294,,,,R4 Closed Load,2021-04-28 13:04:13,,,1953,
608,,2295,,,,R4 Closed Load,2021-04-28 13:04:13,,,2022,
609,,2296,,,,R4 Closed Load,2021-04-28 13:04:13,,,1983,
610,,2297,,,,R4 Closed Load,2021-04-28 13:04:13,,,2023,
611,,2301,2014-01-30,2021-12-19,2023-06-02,,2021-04-28 13:05:55,MPOMES,2023-06-02 14:26:06,2030,1501.0
612,,2303,,,,,2021-04-28 13:05:55,,,2037,1502.0
613,,2304,,,,,2021-04-28 13:05:55,,,2041,1503.0
614,,2308,,,,,2021-04-28 13:05:55,,,2040,1504.0
615,,2309,,,,,2021-04-28 13:05:55,,,2032,1505.0
616,,2310,,,,,2021-04-28 13:05:55,,,2035,1506.0
617,,2312,,,,,2021-04-28 13:05:55,,,2031,1507.0
618,,2313,,,,,2021-04-28 13:05:55,,,2038,1508.0
619,,2314,,,,,2021-04-28 13:05:55,,,2038,1509.0
620,,2315,,,,,2021-04-28 13:05:55,,,2028,1510.0
621,,2316,,,,,2021-04-28 13:05:55,,,2033,1511.0
622,,2317,,,,,2021-04-28 13:05:55,,,2036,1512.0
623,,2318,,,,,2021-04-28 13:05:55,,,2039,1513.0
624,,2320,2007-01-01,,2023-01-23,,2021-04-28 13:05:55,MPOMES,2023-01-24 09:51:59,2034,1514.0
625,,2321,,,,,2021-04-28 13:05:55,,,2029,1515.0
626,,2323,,,,,2021-04-28 13:05:55,,,2042,1516.0
631,,12399,,,2021-09-03,BOJHA,2021-09-03 09:53:46,,,9062,2322.0
672,,2301,2014-01-30,2021-12-19,2021-12-19,MPOMES,2022-05-16 14:07:20,MPOMES,2023-06-02 14:27:10,9621,3181.0
675,,12453,,,,MCOSSON,2022-06-14 18:05:58,,,600,3221.0
689,,2438,,,,MGRABOWS,2022-08-08 15:43:24,,,9201,2561.0
690,,2555,,,,RPERSON,2022-08-08 15:47:20,,,2129,3442.0
692,,2349,,,2021-11-03,MGRABOWS,2022-08-08 16:04:38,,,9862,3444.0
693,,2921,2022-03-14,,,RPERSON,2022-08-08 16:23:05,,,2772,3446.0
694,,2909,,,,RPERSON,2022-08-08 16:28:13,,,2872,3447.0
695,,2923,,,2021-11-03,MGRABOWS,2022-08-08 16:30:06,,,9863,3448.0
696,,2927,,,2022-04-01,MGRABOWS,2022-08-08 16:55:24,,,9864,3450.0
697,,2968,,,2020-11-05,MGRABOWS,2022-08-08 17:07:34,,,9865,3451.0
699,,2510,,,2021-06-15,MGRABOWS,2022-08-08 18:08:14,,,9868,3454.0
700,,2515,,,2021-06-15,MGRABOWS,2022-08-08 18:21:31,,,9869,3455.0
701,,3192,,,,RPERSON,2022-08-09 10:13:21,,,2579,3462.0
702,,2480,,,,RPERSON,2022-08-09 10:17:54,,,2048,3463.0
704,,2377,,,,RPERSON,2022-08-09 10:19:30,,,2048,3463.0
706,,2388,,,,RPERSON,2022-08-09 10:21:19,,,2048,3463.0
707,,2389,,,,RPERSON,2022-08-09 10:21:41,,,2048,3463.0
708,,2390,,,,RPERSON,2022-08-09 10:22:08,,,2048,3463.0
710,,2392,,,,RPERSON,2022-08-09 10:23:01,,,2048,3463.0
711,,2393,,,,RPERSON,2022-08-09 10:23:27,,,2048,3463.0
712,,2394,,,,RPERSON,2022-08-09 10:24:54,,,2048,3463.0
713,,2395,,,,RPERSON,2022-08-09 10:25:22,,,2048,3463.0
715,,2397,,,,RPERSON,2022-08-09 10:26:31,,,2048,3463.0
716,,2398,,,,RPERSON,2022-08-09 10:27:05,,,2048,3463.0
717,,2399,,,,RPERSON,2022-08-09 10:27:29,,,2048,3463.0
718,,2994,,,,RPERSON,2022-08-09 10:37:49,,,2428,3465.0
719,,3000,,,,RPERSON,2022-08-09 10:39:54,,,2776,3466.0
720,,2998,,,,RPERSON,2022-08-09 10:42:36,,,2776,2621.0
722,,3311,,,,RPERSON,2022-08-09 10:49:18,,,2776,2621.0
724,,2521,,,2021-06-15,MGRABOWS,2022-08-09 11:23:19,,,9882,3472.0
725,,2522,,,2021-06-15,MGRABOWS,2022-08-09 11:51:23,,,9883,3473.0
726,,2912,,,2021-06-15,MGRABOWS,2022-08-09 14:53:04,,,9902,3482.0
728,,2535,,,2021-06-15,MGRABOWS,2022-08-09 15:48:02,,,9906,3490.0
729,,2993,,,,RPERSON,2022-08-09 17:22:50,,,2426,3492.0
734,,3114,,,2022-05-17,MGRABOWS,2022-08-09 18:16:41,,,9922,3497.0
735,,3141,,,2022-05-17,MGRABOWS,2022-08-09 18:28:46,,,9923,3499.0
736,,3118,,,2022-05-17,MGRABOWS,2022-08-09 18:36:14,,,9924,3500.0
737,,3123,,,2022-05-17,MGRABOWS,2022-08-09 18:40:37,,,9925,3501.0
738,,3124,,,2022-05-17,MGRABOWS,2022-08-09 18:43:34,,,9925,3501.0
739,,3299,,,2022-05-17,MGRABOWS,2022-08-09 18:49:20,,,9926,3502.0
756,,3022,,,,RPERSON,2022-08-12 15:49:32,,,9981,3622.0
783,,2454,,,2021-04-06,RPERSON,2022-08-18 10:46:26,,,2220,3961.0
786,,2464,,,2021-06-28,RPERSON,2022-08-18 11:00:38,,,2832,3965.0
787,,2467,,,,RPERSON,2022-08-18 11:15:02,,,10121,3966.0
791,,12464,,,,MWILLOUG,2022-08-18 12:37:12,,,10122,3969.0
798,,12466,,,,MWILLOUG,2022-08-23 13:57:51,,,10161,4001.0
806,,2929,,,2022-04-01,MGRABOWS,2022-08-29 17:48:56,,,10241,4081.0
807,,12471,,,2022-08-30,DSTOUT01,2022-08-30 09:37:06,,,10221,4061.0
818,,2365,,,2020-08-11,MGRABOWS,2022-08-30 15:39:13,,,10304,4125.0
821,,3295,,,2020-08-19,MGRABOWS,2022-08-30 16:09:06,,,10306,4130.0
823,,2891,,,2020-01-02,MGRABOWS,2022-08-30 16:46:12,,,10309,4133.0
826,,3236,,,2021-01-02,MGRABOWS,2022-08-30 17:13:48,,,10312,4138.0
834,,12511,,,2022-09-20,DSTOUT01,2022-09-20 08:12:47,,,10383,4223.0
836,,12513,,,2022-09-27,DSTOUT01,2022-09-27 09:54:51,,,1972,4281.0
837,,12514,,,2022-09-27,DSTOUT01,2022-09-27 14:15:19,,,1968,4301.0
839,,12516,,,2022-09-27,DSTOUT01,2022-09-27 14:59:07,,,1968,4361.0
865,,12534,,,,DSTOUT01,2023-03-02 12:48:33,,,1972,4281.0
867,,12536,,,,JSEALE,2023-04-04 19:17:08,,,10962,5122.0
898,,2301,2008-05-21,2014-01-29,2023-06-02,MPOMES,2023-06-02 14:50:56,,,11282,5542.0
900,,2301,2008-12-03,2008-05-20,2023-06-02,MPOMES,2023-06-02 15:26:24,,,11284,5549.0
902,,2301,1997-05-08,2004-02-21,2023-06-02,MPOMES,2023-06-02 15:54:43,,,11286,5551.0
910,,3016,,,2017-05-17,RPERSON,2023-06-06 15:22:11,,,11302,5562.0
915,,12565,,,,DSTOUT01,2023-07-17 11:03:03,,,2003,5661.0
566,,734,2020-07-16,2020-07-16,2020-07-16,AFONG,2020-07-17 01:24:33,,,693,640.0
574,,2235,,,2020-11-03,AFONG,2021-04-08 19:15:26,,,1922,1462.0
575,,2236,,,,AFONG,2021-04-08 19:58:23,,,1923,1463.0
627,,12397,,,,ASENA,2021-05-03 15:29:57,,,9001,2261.0
630,,12398,,,,AFONG,2021-08-13 19:48:39,,,9041,2301.0
637,,12417,2020-10-31,,2021-11-03,CBOULIND,2021-11-03 17:24:40,,,6138,2461.0
638,,2916,,,,RPERSON,2021-11-03 18:23:24,,,9101,2462.0
639,,2537,,,2021-11-05,MGRABOWS,2021-11-05 13:24:36,,,9142,2502.0
648,,12423,,,,NMCKEE,2022-02-16 12:28:33,,,1947,2781.0
665,,12451,,,2006-09-01,LBRANDT,2022-04-07 17:29:57,,,713,3063.0
678,,3120,,,,RPERSON,2022-07-07 09:16:10,,,9701,3281.0
682,,12456,,,,MWILLOUG,2022-08-01 18:52:35,,,9741,3321.0
684,,12458,,,,MWILLOUG,2022-08-02 16:31:12,,,9781,3361.0
685,,12459,,,,MWILLOUG,2022-08-02 17:22:26,,,9801,3381.0
686,,12460,,,,MWILLOUG,2022-08-02 17:58:41,,,9802,3382.0
687,,12461,,,,MWILLOUG,2022-08-02 19:18:05,,,9821,3401.0
691,,2341,,,2021-11-03,MGRABOWS,2022-08-08 15:57:15,,,9861,3443.0
742,,2432,,,2020-09-03,MGRABOWS,2022-08-10 13:58:14,,,9942,3522.0
743,,2829,,,2020-09-03,MGRABOWS,2022-08-10 14:41:55,,,9943,3523.0
744,,2440,,,2021-12-12,MGRABOWS,2022-08-10 14:47:28,,,9944,3524.0
765,,2936,,,2020-11-04,MGRABOWS,2022-08-15 13:23:00,,,10061,3801.0
784,,2457,,,,RPERSON,2022-08-18 10:50:31,,,2284,3962.0
785,,2459,,,,RPERSON,2022-08-18 10:56:13,,,2225,3964.0
788,,2467,,,,RPERSON,2022-08-18 11:17:35,,,10121,3967.0
789,,2468,,,2021-06-28,RPERSON,2022-08-18 11:18:54,,,2225,3964.0
792,,12465,,,,MWILLOUG,2022-08-18 13:37:55,,,10123,3971.0
793,,3247,,,,RPERSON,2022-08-18 13:40:30,,,9423,3972.0
796,,2574,,,,RPERSON,2022-08-18 14:11:42,,,2832,3943.0
833,,12510,,,2022-09-19,DSTOUT01,2022-09-19 10:27:50,,,10363,4203.0
842,,12518,,,,MWILLOUG,2022-09-29 16:43:02,,,10461,4441.0
857,,2997,2022-11-04,,2022-12-06,RPERSON,2022-12-06 10:10:55,,,2433,4841.0
858,,3294,,,2022-12-06,RPERSON,2022-12-06 10:59:13,,,10203,4842.0
859,,12529,,,2022-12-09,DSTOUT01,2022-12-09 10:16:09,,,1994,4862.0
863,,12532,,,,JSEALE,2023-02-03 14:22:11,,,6002,4961.0
866,,3214,,,2023-03-27,MGRABOWS,2023-03-27 11:44:41,,,10941,5101.0
869,,12538,,,,JSEALE,2023-04-05 15:14:12,,,10984,5144.0
871,,12540,,,,JSEALE,2023-04-05 15:43:03,,,10988,5148.0
872,,12541,,,,JSEALE,2023-04-05 15:54:07,,,10990,5150.0
874,,12543,,,,JSEALE,2023-04-05 16:13:50,,,10993,5153.0
875,,12544,,,,JSEALE,2023-04-05 16:22:56,,,10995,5155.0
88,83.0,98,,2023-04-10,1999-05-21,,2014-02-10 19:05:30,LBRANDT,2023-04-19 18:47:57,83,83.0
888,,3293,,,2023-04-25,RPERSON,2023-05-12 15:51:29,,,2044,5382.0
903,,12559,,,,MWILLOUG,2023-06-02 15:57:03,,,11287,5552.0
906,,12561,,,,MWILLOUG,2023-06-02 16:46:00,,,11290,5555.0
