FacilityID,TankName,CompartmentID,CompartmentName,CompartmentSubstanceStored,CompartmentCapacityGallons,OverfillPreventionBallFloatValve,OverfillPreventionFlowShutoffDevice,OverfillPreventionHighLevelAlarm,OverfillPreventionOther,OverfillPreventionUnknown,OverfillPreventionNotRequired,SpillBucketInstalled,ConcreteBermInstalled,SpillPreventionOther,SpillPreventionNotRequired,SpillBucketWallType,TankInterstitialMonitoring,TankAutomaticTankGaugingReleaseDetection,AutomaticTankGaugingContinuousLeakDetection,TankManualTankGauging,TankStatisticalInventoryReconciliation,TankTightnessTesting,TankInventoryControl,TankGroundwaterMonitoring,TankVaporMonitoring,TankSubpartKTightnessTesting,TankSubpartKOther,TankOtherReleaseDetection,DispenserID,DispenserUDC,DispenserUDCWallType
GEPA-UST-001,AAFES Service Station,"AAFB Yigo, GU 96929",GEPA-UST-001,Gasoline,4 x 10000,,,,,,,X,,,,,X,,,,,,X,,,,,,,,
GEPA-UST-002,Tanguisson Beach Cable Station,"Route 34 Tanguisson Beach Road Yigo, GU 96929",GEPA-UST-002,Diesel,3 x 8000 ,,,,,X,,X,,,,,X,X,X,,,X,,,,,,,,,
GEPA-UST-003,Tumon Bay Cable Station,"1169 North Marine Corps Drive Tamuning, GU 96913",GEPA-UST-003,Diesel,2 x 12000,,,,,X,,X,,,,,X,X,X,,,X,,,,,,,,,
GEPA-UST-004,Bank of Guam,"111 Chalan Santo Papa Hagatna, GU",GEPA-UST-004,Diesel,1 x 6000,X,,,,,,X,,,,,,X,X,,,,,,,,,,,,
GEPA-UST-005,Citadel Plaza,"134 West Soledad Avenue Hagatna,  GU 96910",GEPA-UST-005,Diesel,1 x 6000,,,,61SO Flapper,,,X,,,,,X,X,X,,,X,X,,,,,,,,
GEPA-UST-006,Black Construction Coorporation," Harmon, GU",GEPA-UST-006,Used Oil,1 x 550,,,,,X,,X,,,,,X,,,,,,,,,,,,,,
GEPA-UST-007,Cars Plus Maite,"648 Purple Heart Highway Rt 8, Maite",GEPA-UST-007,Mixture,1 x 1000,,,,,,,X,,,,,,,,,,,,,,,,X,,,
GEPA-UST-008,DNA Inc. ,"238 AFC Flores Street Ste 301 Hagatna, HU 96910",GEPA-UST-008,Diesel,1 x 4000,,,,,,,X,,,,,,X,X,,,X,,,,,,,,,
GEPA-UST-009,GCIC Building,"414 Soledad Ave Ste 500 Hagatna, GU",GEPA-UST-009,Diesel,1 x 4000,,,,615SO Flapper,,,X,,,,,,,,,,,,,,,,X,,,
GEPA-UST-010,GICC,"495 Batulo St Dededo, GU 96929",GEPA-UST-010,"2 x Gasoline, 1 x Diesel","1 x 6000gas, 1 x 2500gas, 1 x 8000diesel",,,,,X,,X,,,,,X,X,X,,,X,,,,,,,,,
GEPA-UST-011,Barrigada Post Office,"489 Route 16 Barrigada, GU 96913",GEPA-UST-011,Diesel,1 x 4000,,,,,X,,X,,,,,X,X,X,,,,,,,,,,,,
GEPA-UST012,The Home Depot,"295 Chalan Pasaheru Tamuning, GU ",GEPA-UST-012,Diesel,1 x 12000,,,,,X,,X,,,,,X,X,X,,,,,,,,,,,,
GEPA-UST-014,Ladera Towers,"310 Ladera Lane Mangilao, GU",GEPA-UST-014,Diesel,1 x 4000,,,,,X,,X,,,,,,X,X,,,X,X,,,,,,,,
GEPA-UST-015,Leo Palace Resort- Booster Pump Station,"221 Lakeview Drive, Yona, GU",GEPA-UST-015,Diesel,1 x 4000,,,,615SO Flapper,,,X,,,,,,X,X,,,,,,,,,,,,
GEPA-UST-019,Micornesia Mall,"1088 West Marine Corps Drive Suite 214 Dededo, GU 96929",GEPA-UST-019,Diesel,"1 x 4000, 1 x 10000",,,,,X,,X,,,,,X,,,,,X,,,,,,,,,
GEPA-UST-020,Adelup Mobil Service Station,"490 Chorito Blvd Marine Drive Rt 1 Hagatna, GU 96910",GEPA-UST-020,"2 x Gasoline, 1 x Diesel","1 x 6000gas, 1 x 8000 gas, 1 x 4000diesel",,,,2 x 615SO Flapper,1 x unknown,,X,,,,,X,X,X,,,X,X,,,,,,,,
GEPA-UST-021 ,Agana Mobil Service Station,"B-230 Route 4 Hagatna, GU 96910",GEPA-UST-021,Gasoline,"1 x 6000, 1 x 8000",,,,615SO Flapper,,,X,,,,,,X,X,,,X,X,,,,,,,,
GEPA-UST-022,Agat Mobil Service Station,"854 North Route 2 Agat, GU",GEPA-UST-022,"2 x Gasoline, 1 x Diesel","2 x 10000gas, 1 x 6000diesel",,,,,X,,X,,,,,X,X,X,,,,,,,,,,,,
GEPA-UST-023,Airport Mobil Service Station,Bldg 101 Chalan Pasaheru,GEPA-UST-023,"3 x Gasoline, 2 x Diesel","3 x 10000gas, 2 x 5000diesel",,,,,X,,X,,,,,X,X,X,,,X,X,,,,,,,,
GEPA-UST-025,Anigua Mobil Service Station,"Bldg 752 Marine Corps Drive Anigua, GU",GEPA-UST-025,"2 x Gasoline, 1 x Diesel","1 x 10000gas, 1 x 5000gas, 1 x 5000 diesel",,,,,X,,X,,,,,X,X,X,,,,X,,,,,,,,
GEPA-UST-026,Apra Heights Mobil Service Station,Bldg 547 Santa Rita Drive,GEPA-UST-026,Gasoline,2x 10000,,,,,X,,X,,,,,,X,X,,,,,,,,,,,,
GPEA-UST-027,Barrigada Heights Mobil Service Station,"Bldg 1116 Rt 16 Barrigada, GU 96913",GEPA-UST-027,Gasoline,"1 x 10000, 2 x 60000",,,,,X,,X,,,,,X,X,X,,,,,,,,,,,,
GEPA-UST-030,East Agana Mobil Service Station,"Bldg 620 East Marine Corps Drive Hagatna, GU 96910",GEPA-UST-030,"2 x Gasoline, 1 x Diesel","2 x 10000gas, 1 x 1000diesel",,X,,,,,X,,,,,,X,X,,,,X,,,,,,,,
GEPA-UST-032,Fatima Mobil Service Station,"614 Marine Corps Drive Dededo, GU 96929",GEPA-UST-032,"2 x Gasoline, 2 x Diesel","2 x 10000gas, 2 x 5000 diesel",,,,,X,,X,,,,,X,X,X,,,,X,,,,,,,,
GEPA-UST-037,Holiday Resort & Spa Guam,"881 Pale San Vitores Road Tamuning, GU ",GEPA-UST-037,Diesel,1x 4000,,,,,X,,X,,,,,X,,,,,X,,,,,,,,,
GEPA-UST-039,Ipan Mobil Service Station,"251 North Chalan Antigo Street Route 4 Ipan, GU",GEPA-UST-039,Gasoline,2 x 4000,,,,,X,,X,,,,,X,X,X,,,X,X,,,,,,,,
GEPA-UST-041,Liguan Mobil Service Station,"Bldg 479 Faima Street Dededo, GU 92929",GEPA-UST-041,Gasoline,"1 x 7000, 1 x 8000, 1 x 15000",,,,,X,,X,,,,,X,X,X,,,X,,,,,,,,,
GEPA-UST-042,Maite Mobil Service Station,"Bldg 860 West Rt 4 Barrigada, GU 96913",GEPA-UST-042,"3 x Gasoline, 1 x Diesel","3 x 10000gas, 1 x 10000 Diesel",,,,615SO Flapper,,,X,,,,,X,X,X,,,,,,,,,,,,
GEPA-UST-043,Mangilao Mobil Service Station,"493 South Route 10 Mangilao, GU",GEPA-UST-043,"2 x Gasoline, 1 x Diesel","1 x 10000gas, 1 x 6000gas, 1x6000 Diesel",,,,615SO Flapper,,,X,,,,,,X,X,,,,X,,,,,,,,
GEPA-UST-045,Onward Agana Beach Resort,"445 Governor Carlos G Camacho Rd Tamuning, GU",GEPA-UST-045,Diesel,"1 x 1000, 1 x 4000, 1 x 6000",,,,,X,,X,,,,,X,X,X,,,X,,,,,,,,,
GEPA-UST-049,Sinajana Mobil Service Station,"Bldg 118 Chalan Canton tutujuan Sinajana, GU",GEPA-UST-049,"2 x Gasoline, 1 x Diesel","1 x 8000gas, 1 x 15000gas, 1 x 6000 diesel",,,,615SO Flapper,,,X,,,,,X,X,X,,,,X,,,,,,,,
GEPA-UST-051,Tamuning Mobil Service Station,"Bldg 706 South Marine Corps Drive Tamuning, GU",GEPA-UST-051,"2 x Gasoline, 1 x Diesel","1 x 8000gas, 1 x 120000gas, 1 x 6000 diesel",,,,615SO Flapper,,,X,,,,,X,X,X,,,,X,,,,,,,,
GEPA-UST-052,Upper Tumon Mobi Service Station,"422 North Marine Corps Drive Tamuning, GU",GEPA-UST-052,"2 x Gasoline, 1 x Diesel","2 x 10000gas, 1 x 10000diesel",,,,615SO Flapper,,,X,,,,,X,X,X,,,,X,,,,,,,,
GEPA-UST-054,Yigo North Mobil Service Station,"214 Chalan Pale Ramon Haya Rt 1 Yigo, GU 96929",GEPA-UST-054,"3 x Gasoline, 1 x Diesel","3 x 10000gas, 1 x 10000 Diesel",,X,,,,,X,,,,,X,X,X,,,,X,,,,,,,,
GEPA-UST-055,Yigo Perez Acres Mobil Service Station,"465 Marine Corps Drive Yigo, GU 96929",GEPA_UST-055,"2 x Gasoline, 1 x Diesel","1 x 8000gas, 1 x10000gas, 1 x 10000 diesel",,,,71SO Flapper,,,X,,,,,,X,X,,,,X,,,,,,,,
GEPA-UST-056,Yona Mobil Service Station,"1552 North Kanton Tasi Street Yona, GU",GEPA-UST-056,"2 x Gasoline, 1 x Diesel","1 x 6000gas, 2 x 8000gas, 1 x 6000 diesel",,,,61SO Flapper,,,X,,,,,X,X,X,,,,,,,,,,,,
GEPA-UST-057,Ysengsong Mobil Service Station,"Bldg 240 East Marine Corps Drive Dededo, GU 96929",GEPA-UST-057,3 x Gasolinek 1 x Deisel,"1 x 6000gas, 2 x 12000gas, 1 x 4000 diesel",,,,61SO Flapper,,,X,,,,,,X,X,,,,X,,,,,,,,
GEPA-UST-058,Nissan Upper Tumon,"1012 North Marine Corps Drive Tamuning, GU",GEPA-UST-058,"1 x Gasoline, 1 x Used Oil","1 x 4000gas, 1 x 1000 used oil",,,X (Used Oil),61SO Flapper (Gas),,,X,,,,, X,,,,,X,X,,,,,,,,
GEPA-UST-059,Oka Towers Condominium,"Suite 1514 162 Western Blvd Tamuning, GU",GEPA-UST-059,Diesel,1 x 1000,X,,,,,,X,,,,,,X,X,,,X,,,,,,,,,
GEPA-UST-060,Onard Mangilao Golf Club,"1810 Rt 15 Pagat Mangilao, GU",GEPA-UST-060,Used Oil,1 x 550,,,,,,,X,,,,,X,,,,,,,,,,,,,,
GEPA-UST-061,Onward Talofofo Golf Club,"825 Route 4A Talofofo, GU",GEPA-UST-061,"2 x Gasoline, 2 x Diesel, 1 x Used Oil","1 x 4000gas, 1 x 1000gas, 2 x 2000 diesel, 1 x 500 use doil",,,,61SO Flapper,,,X,,,,,X,,,,,,,,,,,,,,
GEPA-UST-062,Pacific Islands Club Guam,"210 Pale San Vitores Road Tamuning, GU",GEPA-UST-062,Diesel,2 x 4000,,,,61SO Flapper,,,X,,,,,X,X,X,,,,X,,,,,,,,
GEPA-UST-063,Reflection Center,"222 Chalan Santo Papa Suite 304 Hagatna, GU 96910",GEPA-UST-063,Diesel,1 x 550,,,,61SO Flapper,,,X,,,,,,,,,,,,,,,,,,,
GEPA-UST-064,Alupang Beach Club,"997 South Marine Drive Tamunin,g GU",GEPA-UST-064,Gasoline,1 x 4000,,,,61SO Flapper,,,X,,,,,X,X,X,,,,X,,,,,,,,
GEPA-UST-065,Shell/Foody's Barrigada ,"446 West Rt 8 Brrigada, GU 96913",GEPA-UST-065,"4 x Gasoline, 1 x Diesel","4 x 4000gas, 1 x 4000 diesel",,,,61SO Flapper,,,X,,,,,X,X,X,,,,X,,,,,,,,
GEPA-UST-066,Shell Chalan Pago,"160 North Chalan Kanton Tasi Rt 4 Chalan Pago, GU",GEPA-UST-066,"2 x Gasoline, 1 x Diesel","2 x 8000gas, 1 x 4000 diesel",,,,61SO Flapper,,,X,,,,,X,X,X,,,,X,,,,,,,,
GEPA-UST-067,Shell/Foody's Dededo,"184 East Marine Corps Drive Dededo, GU 96929",GEPA-UST-067,"2 x Gasoline, 1 x Diesel","1 x 4000gas, 1 x 12000gas, 1 x 4000 diesel",,,X,,,,X,,,,,X,x,x,,,,,,,,,,,,
GEPA-UST-068 ,Shell/Foody;s Hagatna,"380 East Marine Corps Drive Rt 1 Hagatna, GU 96910",GEPA-UST-068,"2 x Gasoline, 1 x Diesel","1 x 6000gas, 1 x 12000gas, 1 x 4000 diesel",,,X,,,,X,,,,,X,X,X,,,,X,,,,,,,,
GEPA-UST-146,Shell/Foody's Harmon,"1779 Rt 16 Tamuing, GU",GEPA-UST-146,"2 x Gasoline, 2 x Diesel",4 x 8000,,,,71SO Flapper,,,X,,,,,,X,X,,,,X,,,,,,,,
GEPA-UST-070,Hotel Nikko Guam,"245 Gun Beach Road Tamuning, GU ",GEPA-UST-070,Diesel,2 x 4000,,,,61SO Flapper,,,X,,,,,X,X,X,,,,X,,,,,,,,
GEPA-UST-071,Shell Foody's Mangilao,"480 South Rt 10 Mangilao, GU",GEPA-UST-071,Gasoline,"2 x 8000gas, 1 x 4000 diesel",,,X,,,,X,,,,,,X,X,,,,X,,,,,,,,
GEPA-UST-072,Shell/Foody's NCS,"1822 NCS Finegayan Dededo, GU",GEPA-UST-072,"2 x Gasoline, 1 x Diesel","1 x 4000gas, 1 x 8000gas, 1 x 4000 diesel",,,X,,,,X,,,,,X,X,X,,,,X,,,,,,,,
GEPA-UST-140,Shell Foody's Micro Mall/JIB,"1355 Rt 1 North Marine Corps Drive Eupper Tumon, GU",GEPA-UST-140,"3 x Gasoline, 1 x Diesel","1 x 8000 gas, 2 x 10000gas, 1 x 8000 diesel",,,X,,,,X,,,,,,,,,,,X,,,,,,,,
GEPA-UST-073,Onward Mangilao Golf Course,"1810 Route 15 Pagat Mangilao, GU",GEPA-UST-073,"1 x Gasoline, 1 x Diesel","1 4000gas, 1 x 2500 ",,,X,,,,X,,,,,,X,X,,,,,,,,,,,,
GEPA-UST-075,Shell Tamuning,"180 Chalan Pale Ramon Haya Rt 1 Yigo, GU 96929",GEPA-UST-075,"3 x Gasoline, ",3 x 12000,,,X,,,,X,,,,,X,,,,,,X,,,,,,,,
GEPA-UST-076,Shell Tiyan,"111 Tiyan Route 10 Barrigada, GU 96913",GEPA-UST-076,Gasoline,"1 x 4000, 1 x 8000",,,X,,,,X,,,,,X,X,X,,,,X,,,,,,,,
GEPA-UST-077,Shell Foody's Tumon ,"280 North Marine Corps Drive Upper Tumon Tamuning, GU",GEPA-UST-077,"3 x Gasoline, 1 x Diesel","3 x 8000gas, 1 x 4000 diesel",,,X,,,,X,,,,,,X,X,,,,X,,,,,,,,
GEPA-UST-078,Shell Foody's Yigo,"214 Chalan Pale Ramon Haya Rt 1 Yigo, GU 96929",GEPA-UST-078,"2 x Gasoline, 1 x Diesel","1 x 8000gas, 1 x 12000gas, 1 x 6000 diesel",,,X,,,,X,,,,,X,X,X,,,,X,,,,,,,,
GEPA-UST-079,Rihga Royal Laguna Resort,"470 Farenholt Avenue Tamuning, GU",GEPA-UST-079,Diesel,2 x 6000,,,,,X,,X,,,,,X,,,,,X,,,,,,,,,
GEPA-UST-080,Hyatt Regency Guam,"115 San Vitores Road Tamuning, GU",GEPA-UST-080,Diesel,2 x 10000,,,X,,,,X,,,,,X,,,,,,,,,,,,,,
GEPA-UST-081,Leo Palace Resort,"Mannnegon Hills Yona, GU",GEPA-UST-081,"LPG, Gas, Diesel","2 x 1000LPG, 1 x 500LPG, 1 x 6000gas, 1 x 6000 diesel",,,,61SO Flapper,,,X,,,,,X,,,,,,,,,,,,,,
GEPA-UST-083,Lufthansa Service (LSG),"166 Guerrero St Harmon Industrial Park Tamuning, GU",GEPA-UST-083,Diesel,1 x 2500,,,,,X,,X,,,,,X,,,,,,,,,,,,,,
GEPA-UST-084,76 Agat Station,"Route 2 Lot 33-1-1-1 Agat, GU",GEPA-UST-084,"2 x Gasoline, 1 x Diesel","1 x 10000gas, 1 x 12000gas, 1 8000 diesel",,,,61SO Flapper,,,X,,,,,X,X,X,,,,X,,,,,,,,
GEPA-UST-085,76 Airport Station,"Intersections of Rt1 & Rt10ATamunin,g GU",GEPA-UST-085,"2 x Gasoline, 1 x Diesel","1 x 10000gas, 1 x 12000gas, 1 8000 diesel",,,,61SO Flapper,,,X,,,,,X,X,X,,,,X,,,,,,,,
GEPA-UST-086,76 Anigua Station,"Rt 1 Anigua, GU",GEPA-UST-086,"2 x Gasoline, 1 x Diesel","2 x 12000gas, 1 x 10000 diesel",,,,61SO Flapper,,,X,,,,,X,,,,,,X,,,,,,,,
GEPA-UST-087,76 Barrigada Station,"Intersection of Rt 8 & rt 10 Barrigada, GU 96913",GEPA-UST-087,"2 x Gasoline, 1 x Diesel","2 x 12000gas, 1 x 10000 diesel",,,,61SO Flapper,,,X,,,,,X,,,,,,X,,,,,,,,
GEPA-UST-088,76 Cabras Station,"Cabras Rd Rt 11 Lot 2 Lot 3A Tract 245 Cabras Island Piti, GU 96915",GEPA-UST-088,Gasoline,1 x 4000,,,,61SO Flapper,,,X,,,,,,X,X,,,,X,,,,,,,,
GEPA-UST-089,76 Dededo Station,"Rt 1 Dededo, GU 96929",GEPA-UST-089,"2 x Gasoline, 1 x Diesel","2 x 12000gas, 1 x 10000 diesel",,,,61SO Flapper,,,X,,,,,,X,X,,,,X,,,,,,,,
GEPA-UST-090,76 Malojloj Station,"Rt 4 Inarajan, GU 96917",GEPA-UST-090,"2 x Gasoline, 1 x Diesel","2 x 8000gas, 1 x 6000 diesel",,,,61SO Flapper,,,X,,,,,,X,X,,,,X,,,,,,,,
GEPA-UST-091,76 Ocean Vista Station,"Intersection of Rt 1 & Rt 10B Tamuning, GU",GEPA-UST-091,"2 x Gasoline, 1 x Diesel","2 x 12000gas, 1 x 10000 diesel",,,,61SO Flapper,,,X,,,,,X,,,,,,X,,,,,,,,
GEPA-UST-092,76 Piti Station,"396 Marine Corps Drive Piti, GU 96915",GEPA-UST-092,Gasoline,"1 x 3000, 1 x 6000",,,,61SO Flapper,,,X,,,,,X,X,X,,,,,,,,,,,,
GEPA-UST-093,76 Sinajana Station,"Rt 4 Sinajana, GU",GEPA-UST-093,"2 x Gasoline, 1 x Diesel","2 x 12000gas, 1 x 10000 diesel",,,,61SO Flapper,,,X,,,,,X,,,,,,X,,,,,,,,
GEPA-UST-094,76 Ypao Station,"Intersection of Rt 1 & Rt 10B Tamuning, GU",GEPA-UST-094,"2 x Gasoline, 1 x Diesel","2 x 12000gas, 1 x 4000 diesel",,,,61SO Flapper,,,X,,,,,X,X,X,,,,,,,,,,,,
GEPA-UST-095,Paradisu Estates,"Cross Island Road Rt 4A Talofofo, GU",GEPA-UST-095,Propane,1 x 1000,,,,,,,X,,,,,,,,,,,,,,,X,X,,,
GEPA-UST-096,Talo Verde Estates,"Ypao Road Tamuning, GU ",GEPA-UST-096,Propane,2 x 1000,,,,,,,X,,,,,,,,,,,,,,,X,X,,,
GEPA-UST-097,Bldg 303 NEX Autoport,"Bldg 303 Buktard Avenue NCTAMS Dededo, GU 96929",GEPA-UST-097,"3 x Gasoline, 1 x Diesel","1 x 12000gas, 2 x 20000gas, 1 x 10000 diesel",,,,71SO Flapper,,,X,,,,,X,X,X,,,X,X,,,,,,,,
GEPA-UST-099,University of Guam,"UOG Station Mangilao, GU",GEPA-UST-099,Diesel,"2 x 2500, 1 x 4000",,,,61SO Flapper,,,X,,,,,X,,,,,,,,,,,,,,
GEPA-UST-100,East West Business Center,"744 North Marine Corps Drive Tamuning, GU",GEPA-UST-100,Diesel,"1 x 1000, 1 x 2500",,,,61SO Flapper,,,X,,,,,,,,,,,,,,,,,,,
GEPA-UST101,Pacific Star And Spa Resort,"627B Pale San Vitores Road Tamuning, GU",GEPA-UST-101,Diesel,2 x 15000,,,,61SO Flapper,,,X,,,,,,X,X,,,X,,,,,,,,,
GEPA-UST-102 ,Docomo Pacific Agana,"173 Aspinall Avenue Hagana, GU",GEPA-UST-102,Diesel,1 x 2500,,,,61SO Flapper,,,x,,,,,,X,X,,,,,,,,,,,,
GEPA-UST-103,Docomo Pacific Yona,"Lot 177-1 Pulantat 570 Chalan Teloforo Yona, GU",GEPA-UST-103,Diesel,1 x 8000,,,,61SO Flapper,,,X,,,,,X,X,X,,,X,,,,,,,,,
GEPA-UST-104,"Triple J Enterprises, Inc.","470 N Marine Corps Drive Tamuning, GU",GEPA-UST-104,"1 x Diesel, 1 x Used oil","1 x 3500 diesel, 1 x 1000 used oil",,,,61SO Flapper,,,X,,,,,X,,,,,,X,,,,,,,,
GEPA-UST-105,MVP Business Complex,"T232 B21122 777 Rt 4 Sinajana, GU",GEPA-UST-105,Diesel,1 x 1000,,,,61SO Flapper,,,X,,,,,,,,,,,,,,,,,,,
GEPA-UST-106,GTA Mangilao Remote,"Intersection of Rt 10 & Rt 15 Mangilao, GU",GEPA-UST-106,Diesel,1 x 1200,,,,61SO Flapper,,,X,,,,,,,,,,X,,,,,,,,,
GEPA-UST-107,GTA Tumon Central Office,"624 N Marine Corps Drive Tamuning, GU",GEPA-UST-107,Diesel,1 x 6000,,,,71SO Flapper,,,X,,,,,X,,,,,X,,,,,,,,,
GEPA-UST-108 ,GTA Agana Central Office,"241 Martyr St Hagatna, GU",GEPA-UST-108,Diesel,1 x 4000,,,,61SO Flapper,,,X,,,,,X,,,,,X,,,,,,,,,
GEPA-UST-109,GTA Dededo Central Office,"Intersection of Rt 1 and Rt 27 Dededo, GU",GEPA0-UST-109,Diesel,1 x 4000,X,,,,,,X,,,,,,,X,X,,X,,,,,,,,,
GEPA-UST-110,AAFES Gas Station & Kiosk,"430 Army Drive Barrigada, GU 96913",GEPA-UST-110,Gasoline,"1 x 10000, 1 x 15000",,,X,,,,X,,,,,,X,X,X,,X,,,,,,,,,
GEPA-UST-111,Guam Judicial Center,"120 West O'Brien  Hagatna, GU",GEPA-UST-111,Diesel,1 x 4000,,,,61SO Flapper,,,X,,,,,,X,X,,,,,,,,,,,,
GEPA-UST-113,Agana Beach Condominium,"Lot 2121 1-4 Tamuning, GU",GEPA-UST-113,Diesel,1 x 4000,,,,61SO Flapper,,,X,,,,,X,,,,,,,,,,,,,,
GEPA-UST-114,Coast 360 Federal Credit Union,"450 Rt 8 Maite, GU",GEPA-UST-114,Diesel,1 x 2500,,,X,,,,X,,,,,X,X,X,,,X,X,,,,,,,,
GEPA-UST-115,Villa Kanton Tasi Condominium,"301 Frank Cushing Way Tamuning, GU",GEPA-UST-115,Diesel,1 x 2500,,,,61SO Flapper,,,X,,,,,X,,,,,,,,,,,,,,
GEPA-UST-116,Agat New SPS 1,"Rt 2 across Agat Marina Agat, GU",GEPA-UST-116,Diesel,1 x 10000,,,,61SO Flapper,,,X,,,,,X,,,,,,,,,,,,,,
GEPA-UST-117,Agat New SPS 2 (Tipalao),"Route 2A Agat, GU",GEPA-UST-117,Diesel,1 x 10000,,,,61SO Flapper,,,X,,,,,X,,,,,,,,,,,,,,
GEPA-UST-119,Chaligan/Taleyfac SPS,"Rt 2 Across Agat Marina Agat, GU",GEPA-UST-119,Diesel,1 x 6000,,,,61SO Flapper,,,X,,,,,,,,,,,,,,,X,X,,,
GEPA-UST-120,Chaot SPS - New,"Afame rt 4 Sinajana, GU",GEPA-UST-120,Diesel,1 x 4000,,,,61SO Flapper,,,X,,,,,,,,,,,,,,,X,X,,,
GEPA-UST-121,Commercial Port SPS - New,"Cabras Highway Piti, GU 96915",GEPA-UST-121,Diesel,1 x 2500,,,,61SO Flapper,,,X,,,,,X,,,,,,,,,,,,,,
GEPA-UST-122,Leyang SPS,"off Dairy Road Mangilao, GU",GEPA-UST-122,Diesel,1 x 2500,,,,61SO Flapper,,,X,,,,,X,X,X,,,,X,,,,,,,,
GEPA-UST-123,SureStay Hotel,"122 Hassalao Street Rt 8 Barrigada, GU 96913",GEPA-UST-123,Diesel,1 x 1000,,,,61SO Flapper,,,X,,,,,,,,,,,,,,,X,X,,,
GEPA-UST-124,NEX NRMC Bldg 5 Autoport,"Bldg 5 Naval Regional Medical Center, Agana Heights, GU",GEPA-UST-124,Gasoline,"1 x 6000, 1 x 10000",,,X,,,,X,,,,,X,X,X,,,X,X,,,,,,,,
GEPA-UST-126,Laguna Pago Bay,"rt 4 Yona, GU",GEPA-UST-126,LPG,2 x 2000,,,,,X,,X,,,,,,,,,,,,,,,X,X,,,
GEPA-UST-127,POL Fuel Pump House 1 & Receipt Pad,"B26200 & 26210 MArinanas Blvd Andersen AFB, GU",GEPA-UST-127,Jet Fuel,2 x 4000,,,,,X,,X,,,,,X,X,X,,,X,X,,,,,,,,
GEPA-UST-127,POL Fuel Pump House 2,"Bldg 19021 Arc Light Blvd Andersen AFB, GU",GEPA-UST-127,Jet Fuel,1 x 4000,,,,,X,,X,,,,,X,X,X,,,X,X,,,,,,,,
GEPA-UST-127,Fuel Pump Houses 3 & 4,"B-2590 & 2595 Marianas Blvd Andersen AFB, GU",GEPA-UST-127,Jet Fuel,2 x 4000,,,,,X,,X,,,,,X,X,X,,,X,X,,,,,,,,
GEPA-UST-128,Sand Castle,1199 Pale San Vitores Road Tamuning. GU,GEPA-UST-128,Diesel,1 x 10000,,,,61SO Flapper,,,X,,,,,X,,,,,,,,,,,,,,
GEPA-UST-129,First Hawaiian Bank,"400 Rt 8 MongMong Maite Branch MongMong, GU",GEPA-UST-129,Diesel,1 x 8000,,,,61SO Flapper,,,X,,,,,,,,,,,,,,,X,X,,,
GEPA-UST-130,Guam Homeland Security/OCD,"221-B Chalan Payasyo Agana Heights, GU",GEPA-UST-130,Diesel,1 x 2500,,,,61SO Flapper,,,X,,,,,X,,,,,X,,,,,,,,,
GEPA-UST-131,Skilled Nursing Unit,"449 North Sabana Drive Barrigada, GU 96913",GEPA-UST-131,Diesel,1 x 8000,,,,61SO Flapper,,,X,,,,,,X,X,,,,,,,,,,,,
GEPA-UST-132,Mental Health and Substance Abuse,"790 Gov Carlos G Camacho Rd Tamuning, GU",GEPA-UST-132,Diesel,1 x 1000,,,,61SO Flapper,,,X,,,,,,X,X,,,,,,,,,,,,
GEPA-UST-135,Layon Landfill,"1130 Chalan Layon Inarajan, GU 96917",GEPA-UST-135,OWS,1 x 1000,,,,,,,,,,,,X,,,,,,,,,,,,,,
GEPA-UST-137,Guam Area Fuel Division,"Bldg 1700 Marine Corps Drive Piti, GU 96915",GEPA-UST-137,Hazardous Substance,T1-T18 x 40800000,,,X,,,,X,,,,,,X,X,,,X,X,,,,,,,,
GEPA-UST-137,Guam Area Fuel Division,"Bldg 1700 Marine Corps Drive Piti, GU 96915",GEPA-UST-137,Hazardous Substance,T19-T20 x 4200000,,,X,,,,X,,,,,,X,X,,,X,X,,,,,,,,
GEPA-UST-137,Guam Area Fuel Division,"Bldg 1700 Marine Corps Drive Piti, GU 96915",GEPA-UST-137,Hazardous Substance,T21 x T22 x 4200000,,,X,,,,X,,,,,,X,X,,,X,X,,,,,,,,
GEPA-UST-137,Guam Area Fuel Division,"Bldg 1700 Marine Corps Drive Piti, GU 96915",GEPA-UST-137,Hazardous Substance,T23-T27 x 120000000,,,X,,,,X,,,,,,X,X,,,X,X,,,,,,,,
GEPA-UST-138,Andy III Tanks 19-24,"Bldg 14513-14510 Andy III Tank Farm AAFB Yigo, GU",GEPA-UST-138,Hazardous Substance,T1-T6 x 26656729,,,,,,,X,,,,,,X,X,,,X,X,,X,,,,,,
GEPA-UST-139,Guam Memorial Hospital Authority,"850 Governor Carlos Camacho Rd Tamuning, GU",GEPA-UST-139,Hazardous Substance,1 x 1000,,,X,,,,X,,,,,X,X,X,,,,,,,,,,,,
GEPA-UST-141,NEX Autoport/ Minimart Service Station,"Bldg 1760 Marine Corps Drive Sanata rita, GU",GEPA-UST-141,"3 x Gasoline, 1 x Diesel","1 x 12000gas, 2 x 20000gas, 1 x 10000 diesel",,,,71SO Flapper,,,X,,,,,X,X,X,,,,,,,,,,,,
GEPA-UST-142,Applebee's Restaurant,"341 Chalan San Santonio Unit A Tamuning, GU",GEPA-UST-142,Diesel,1 x 600,,,,61SO Flapper,,,X,,,,,,,,,,,,,,,,X,,,
GEPA-UST-143,IHOP,"249 Chalan San Antonio Bldg 3 Tamuning, GU",GEPA-UST-143,Diesel,1 x 1000,,,,61SO Flapper,,,X,,,,,,,,,,,,,,,,X,,,
GEPA-UST-144,Ambros Incorporated,"124 Chalan Achote HArmon Industrial Park Tamuning, GU",GEPA-UST-144,"1 x Gasoline, 1 x Diesel","1 x 2000gas, 1 x 4000 diesel",,,,61SO Flapper,,,X,,,,,X,X,X,,,,,,,,,,,,
GEPA-UST-145,Westin Resort Guam,"105 Gun Beach Road Tamuning, GU",GEPA-UST-145,Diesel,1 x 8000,,,,61SO Flapper,,,X,,,,,,X,X,,,X,,,,,,,,,
GEPA-UST-044,Naval Hospital,"Bldg 5 Naval Regional Medical Center, Agana Heights, GU",GEPA-UST-044,Hazrdous Substance,1 x 2500,,,,,,,,,,,,,,,,,,,,,,,X,,,
GEPA-UST-045,Guam Regional Medical Facility,"133 Route 3 Dededo, GU 96929",GEPA-UST-045,Hazrdous Substance,1 x 550,,,,,,,,,,,,,,,,,,,,,,,X,,,
GEPA-UST-048,GIAA,"Chalan Pasheru Tamuning, GU",GEPA-UST-048,Hazrdous Substance,1 x 1000,,,,,,,,,,,,,,,,,,,,,,,X,,,
GEPA-UST-049,Red Horse Gas Station,"Ritidian Dededo, GU 96929",GEPA-UST-049,Hazrdous Substance,1 x 2000,,,,,,,,,,,,,,,,,,,,,,,X,,,
GEPA-UST-050,Marine Wing Support Squadron Facility,"AAFB North Ramp AAFB, Yigo, GU 96929",GEPA-UST-050,Hazrdous Substance,1 x 25000,,,,,,,,,,,,,,,,,,,,,,,X,,,
GEPA-UST-038,Former Martinez Service Station,"Lot 10 Block 1 Tract 109 Barrigada, GU 96913",GEPA--UST-038,"2 x Gasoline, 1 x Diesel","2 x 8000gas, 1 x 8000 diesel",X,,,,,,X,,,,,,,,,,,,,,,,,,,
GEPA-UST-043,Tumon Bay Capitol Hotel,"1448 Pale San Vitores St Taamuning, GU",GEPA-UST-043,Diesel,1 x 1000,,,,,,,,,,,,,,,,,,,,,,,,,,
