AltFacilityID,LocName,Latitude,Longitude
GEPA038,Former Martinez Service Station,13.471997,144.794883
GEPA038,Former Martinez Service Station,13.471997,144.794883
GEPA038,Former Martinez Service Station,13.471997,144.794883
GEPA043,Tumon Bay Capital Hotel,13.515133,144.809469
GEPA-UST-001,AAFES Service Station,13.566847,144.918902
GEPA-UST-001,AAFES Service Station,13.566847,144.918902
GEPA-UST-001,AAFES Service Station,13.566847,144.918902
GEPA-UST-001,AAFES Service Station,13.566847,144.918902
GEPA-UST-002,Tanguisson Beach Cable Station,13.543802,144.812283
GEPA-UST-002,Tanguisson Beach Cable Station,13.543802,144.812283
GEPA-UST-002,Tanguisson Beach Cable Station,13.543802,144.812283
GEPA-UST-003,Tumon Bay Cable Station,13.516447,144.811241
GEPA-UST-003,Tumon Bay Cable Station,13.516447,144.811241
GEPA-UST-004,Bank of Guam,13.474731,144.754942
GEPA-UST-005,Bank of Hawaii,13.476569,144.753591
GEPA-UST-006,Black Construction Corporation,13.501197,144.8150061
GEPA-UST-006,Black Construction Corporation,13.501197,144.8150061
GEPA-UST-007,Car's Plus Maite,13.4755,144.771602
GEPA-UST-008,"DNA, Inc.",13.473113,144.752933
GEPA-UST-009,GCIC BUILDING,13.4766,144.74543
GEPA-UST-010,Guam International Country Club,13.526517,144.854853
GEPA-UST-010,Guam International Country Club,13.526517,144.854853
GEPA-UST-010,Guam International Country Club,13.526517,144.854853
GEPA-UST-011,"Barrigada Post Office, GMF",13.478144,144.809541
GEPA-UST-012,The Home Depot #1710,13.492513,144.799663
GEPA-UST-013,IXORA INDUSTRIAL PARK,13.498477,144.8059
GEPA-UST-014,LADERA TOWERS,13.4451833,144.80885
GEPA-UST-015,Leo Palace Resort - Booster Pump Station,13.419266,144.748969
GEPA-UST-016,McDonald's of Hagatna,13.468833,144.753222
GEPA-UST-017,McDonald's of Harmon,13.509383,144.819141
GEPA-UST-018,McDonald's of Tamuning,13.493011,144.79245
GEPA-UST-019,Micronesia Mall,13.003366,144.818872
GEPA-UST-019,Micronesia Mall,13.003366,144.818872
GEPA-UST-020,Adelup Service Station (Mobil),13.477619,144.730286
GEPA-UST-020,Adelup Service Station (Mobil),13.477619,144.730286
GEPA-UST-020,Adelup Service Station (Mobil),13.477619,144.730286
GEPA-UST-021,Agana Service Station (Mobil),13.473436,144.754636
GEPA-UST-021,Agana Service Station (Mobil),13.473436,144.754636
GEPA-UST-022,Agat Inn on the Bay Service Station (Mobil),13.399408,144.663916
GEPA-UST-022,Agat Inn on the Bay Service Station (Mobil),13.399408,144.663916
GEPA-UST-022,Agat Inn on the Bay Service Station (Mobil),13.399408,144.663916
GEPA-UST-023,Airport Service Station (Mobil),13.494977,144.794141
GEPA-UST-023,Airport Service Station (Mobil),13.494977,144.794141
GEPA-UST-023,Airport Service Station (Mobil),13.494977,144.794141
GEPA-UST-023,Airport Service Station (Mobil),13.494977,144.794141
GEPA-UST-023,Airport Service Station (Mobil),13.494977,144.794141
GEPA-UST-025,Anigua Service Station (Mobil),13.47745,144.736125
GEPA-UST-025,Anigua Service Station (Mobil),13.47745,144.736125
GEPA-UST-025,Anigua Service Station (Mobil),13.47745,144.736125
GEPA-UST-026,Apra Heights Service Station (Mobil),13.410611,144.676375
GEPA-UST-026,Apra Heights Service Station (Mobil),13.410611,144.676375
GEPA-UST-027,Barrigada Heights Service Station (Mobil),13.489597,144.820683
GEPA-UST-027,Barrigada Heights Service Station (Mobil),13.489597,144.820683
GEPA-UST-027,Barrigada Heights Service Station (Mobil),13.489597,144.820683
GEPA-UST-030,East Agana Service Station (Mobil),13.480111,144.768916
GEPA-UST-030,East Agana Service Station (Mobil),13.480111,144.768916
GEPA-UST-030,East Agana Service Station (Mobil),13.480111,144.768916
GEPA-UST-032,Fatima Service Station (Mobil),13.520511,144.827772
GEPA-UST-032,Fatima Service Station (Mobil),13.520511,144.827772
GEPA-UST-032,Fatima Service Station (Mobil),13.520511,144.827772
GEPA-UST-032,Fatima Service Station (Mobil),13.520511,144.827772
GEPA-UST-037,Holiday Resort & Spa Guam,13.506591,144.799483
GEPA-UST-039,Ipan Service Station (Mobil),13.358966,144.770097
GEPA-UST-039,Ipan Service Station (Mobil),13.358966,144.770097
GEPA-UST-041,Liguan Service Station (Mobil),13.517427,144.817372
GEPA-UST-041,Liguan Service Station (Mobil),13.517427,144.817372
GEPA-UST-041,Liguan Service Station (Mobil),13.517427,144.817372
GEPA-UST-042,Maite Service Station (Mobil),13.475005,144.787586
GEPA-UST-042,Maite Service Station (Mobil),13.475005,144.787586
GEPA-UST-042,Maite Service Station (Mobil),13.475005,144.787586
GEPA-UST-042,Maite Service Station (Mobil),13.475005,144.787586
GEPA-UST-043,Mangilao Service Station (Mobil),13.439969,144.798322
GEPA-UST-043,Mangilao Service Station (Mobil),13.439969,144.798322
GEPA-UST-043,Mangilao Service Station (Mobil),13.439969,144.798322
GEPA-UST-045,Onward Agana Beach Resort,13.495491,144.775147
GEPA-UST-045,Onward Agana Beach Resort,13.495491,144.775147
GEPA-UST-045,Onward Agana Beach Resort,13.495491,144.775147
GEPA-UST-049,Sinajana Service Station (Mobil),13.458922,144.758883
GEPA-UST-049,Sinajana Service Station (Mobil),13.458922,144.758883
GEPA-UST-049,Sinajana Service Station (Mobil),13.458922,144.758883
GEPA-UST-051,Tamuning Service Station (Mobil),13.485625,144.780261
GEPA-UST-051,Tamuning Service Station (Mobil),13.485625,144.780261
GEPA-UST-051,Tamuning Service Station (Mobil),13.485625,144.780261
GEPA-UST-052,Upper Tumon Service Station (Mobil),13.501475,144.800244
GEPA-UST-052,Upper Tumon Service Station (Mobil),13.501475,144.800244
GEPA-UST-052,Upper Tumon Service Station (Mobil),13.501475,144.800244
GEPA-UST-054,Yigo McDonalds Service Station (Mobil),13.5331,144.88668
GEPA-UST-054,Yigo McDonalds Service Station (Mobil),13.5331,144.88668
GEPA-UST-054,Yigo McDonalds Service Station (Mobil),13.5331,144.88668
GEPA-UST-054,Yigo McDonalds Service Station (Mobil),13.5331,144.88668
GEPA-UST-055,Yigo Perez Acres Service Station (Mobil),13.526522,144.884322
GEPA-UST-055,Yigo Perez Acres Service Station (Mobil),13.526522,144.884322
GEPA-UST-055,Yigo Perez Acres Service Station (Mobil),13.526522,144.884322
GEPA-UST-056,Yona Service Station (Mobil),13.412852,144.779194
GEPA-UST-056,Yona Service Station (Mobil),13.412852,144.779194
GEPA-UST-056,Yona Service Station (Mobil),13.412852,144.779194
GEPA-UST-056,Yona Service Station (Mobil),13.412852,144.779194
GEPA-UST-056,Yona Service Station (Mobil),13.412852,144.779194
GEPA-UST-056,Yona Service Station (Mobil),13.412852,144.779194
GEPA-UST-057,Ysengsong Service Station (Mobil),13.513752,144.843313
GEPA-UST-057,Ysengsong Service Station (Mobil),13.513752,144.843313
GEPA-UST-057,Ysengsong Service Station (Mobil),13.513752,144.843313
GEPA-UST-057,Ysengsong Service Station (Mobil),13.513752,144.843313
GEPA-UST-058,Nissan Upper Tumon,13.512055,144.8118
GEPA-UST-058,Nissan Upper Tumon,13.512055,144.8118
GEPA-UST-059,Oka Towers Condominium,13.503619,144.808433
GEPA-UST-060,Onward Mangilao Golf Club,13.466438,144.841931
GEPA-UST-061,Onward Talofofo Golf Club,13.36223,144.740491
GEPA-UST-061,Onward Talofofo Golf Club,13.36223,144.740491
GEPA-UST-061,Onward Talofofo Golf Club,13.36223,144.740491
GEPA-UST-061,Onward Talofofo Golf Club,13.36223,144.740491
GEPA-UST-061,Onward Talofofo Golf Club,13.36223,144.740491
GEPA-UST-062,Pacific Islands Club Guam,13.502813,144.792472
GEPA-UST-062,Pacific Islands Club Guam,13.502813,144.792472
GEPA-UST-063,REFLECTIONS CENTER,13.475852,144.75678
GEPA-UST-064,Alupang Beach Club (IP&E),13.484255,144.7718
GEPA-UST-065,Shell Barrigada BK (IP&E),13.474652,144.783361
GEPA-UST-065,Shell Barrigada BK (IP&E),13.474652,144.783361
GEPA-UST-065,Shell Barrigada BK (IP&E),13.474652,144.783361
GEPA-UST-065,Shell Barrigada BK (IP&E),13.474652,144.783361
GEPA-UST-065,Shell Barrigada BK (IP&E),13.474652,144.783361
GEPA-UST-066,Shell Chalan Pago (IP&E),13.443458,144.767563
GEPA-UST-066,Shell Chalan Pago (IP&E),13.443458,144.767563
GEPA-UST-066,Shell Chalan Pago (IP&E),13.443458,144.767563
GEPA-UST-067,Shell Dededo (IP&E),13.513427,144.842794
GEPA-UST-067,Shell Dededo (IP&E),13.513427,144.842794
GEPA-UST-067,Shell Dededo (IP&E),13.513427,144.842794
GEPA-UST-068,Shell Hagatna (IP&E),13.477361,144.762297
GEPA-UST-068,Shell Hagatna (IP&E),13.477361,144.762297
GEPA-UST-068,Shell Hagatna (IP&E),13.477361,144.762297
GEPA-UST-070,Hotel Nikko Guam (IP&E),13.523097,144.804725
GEPA-UST-070,Hotel Nikko Guam (IP&E),13.523097,144.804725
GEPA-UST-071,Shell Mangilao (IP&E),13.440116,144.799702
GEPA-UST-071,Shell Mangilao (IP&E),13.440116,144.799702
GEPA-UST-072,Shell NCS (IP&E),13.565075,144.845294
GEPA-UST-072,Shell NCS (IP&E),13.565075,144.845294
GEPA-UST-072,Shell NCS (IP&E),13.565075,144.845294
GEPA-UST-073,Onward Mangilao Golf Course (IP&E),13.466438,144.84193
GEPA-UST-073,Onward Mangilao Golf Course (IP&E),13.466438,144.84193
GEPA-UST-075,Shell Tamuning (IP&E),13.489597,144.783891
GEPA-UST-075,Shell Tamuning (IP&E),13.489597,144.783891
GEPA-UST-075,Shell Tamuning (IP&E),13.489597,144.783891
GEPA-UST-076,Shell Tiyan (IP&E),13.469836,144.801088
GEPA-UST-076,Shell Tiyan (IP&E),13.469836,144.801088
GEPA-UST-077,Shell Tumon (IP&E),13.498786,144.797677
GEPA-UST-077,Shell Tumon (IP&E),13.498786,144.797677
GEPA-UST-077,Shell Tumon (IP&E),13.498786,144.797677
GEPA-UST-077,Shell Tumon (IP&E),13.498786,144.797677
GEPA-UST-078,Shell Yigo (IP&E),13.529963,144.885125
GEPA-UST-078,Shell Yigo (IP&E),13.529963,144.885125
GEPA-UST-078,Shell Yigo (IP&E),13.529963,144.885125
GEPA-UST-080,Hyatt Regency Guam (SPPC),13.512069,144.805633
GEPA-UST-080,Hyatt Regency Guam (SPPC),13.512069,144.805633
GEPA-UST-081,Leo Palace Resort (SPPC),13.414716,144.737083
GEPA-UST-081,Leo Palace Resort (SPPC),13.414716,144.737083
GEPA-UST-081,Leo Palace Resort (SPPC),13.414716,144.737083
GEPA-UST-081,Leo Palace Resort (SPPC),13.414716,144.737083
GEPA-UST-081,Leo Palace Resort (SPPC),13.414716,144.737083
GEPA-UST-083,Lufthansa Service (LSG) (SPPC),13.500047,144.809766
GEPA-UST-084,SPPC 76 Agat Station,13.397858,144.663438
GEPA-UST-084,SPPC 76 Agat Station,13.397858,144.663438
GEPA-UST-084,SPPC 76 Agat Station,13.397858,144.663438
GEPA-UST-085,SPPC 76 Airport Station,13.494738,144.794752
GEPA-UST-085,SPPC 76 Airport Station,13.494738,144.794752
GEPA-UST-085,SPPC 76 Airport Station,13.494738,144.794752
GEPA-UST-086,SPPC 76 Anigua Station,13.4781,144.737327
GEPA-UST-086,SPPC 76 Anigua Station,13.4781,144.737327
GEPA-UST-086,SPPC 76 Anigua Station,13.4781,144.737327
GEPA-UST-087,SPPC 76 Barrigada Station,13.469447,144.801527
GEPA-UST-087,SPPC 76 Barrigada Station,13.469447,144.801527
GEPA-UST-087,SPPC 76 Barrigada Station,13.469447,144.801527
GEPA-UST-088,SPPC 76 Cabras Station,13.463761,144.665461
GEPA-UST-089,SPPC 76 Dededo Station,13.5139,144.839269
GEPA-UST-089,SPPC 76 Dededo Station,13.5139,144.839269
GEPA-UST-089,SPPC 76 Dededo Station,13.5139,144.839269
GEPA-UST-090,SPPC 76 Malojloj Station,13.302067,144.76205
GEPA-UST-090,SPPC 76 Malojloj Station,13.302067,144.76205
GEPA-UST-090,SPPC 76 Malojloj Station,13.302067,144.76205
GEPA-UST-091,SPPC 76 Ocean Vista Station,13.497986,144.81958
GEPA-UST-091,SPPC 76 Ocean Vista Station,13.497986,144.81958
GEPA-UST-091,SPPC 76 Ocean Vista Station,13.497986,144.81958
GEPA-UST-092,SPPC 76 Piti Station,13.46475,144.693877
GEPA-UST-092,SPPC 76 Piti Station,13.46475,144.693877
GEPA-UST-093,SPPC 76 Sinajana Station,13.459711,144.759402
GEPA-UST-093,SPPC 76 Sinajana Station,13.459711,144.759402
GEPA-UST-093,SPPC 76 Sinajana Station,13.459711,144.759402
GEPA-UST-094,SPPC 76 Ypao Station,13.490958,144.790047
GEPA-UST-094,SPPC 76 Ypao Station,13.490958,144.790047
GEPA-UST-094,SPPC 76 Ypao Station,13.490958,144.790047
GEPA-UST-095,Paradisu Estates (SPPC),13.365286,144.742544
GEPA-UST-096,Talo Verde Estates,13.498631,144.793008
GEPA-UST-096,Talo Verde Estates,13.498631,144.793008
GEPA-UST-097,NEX NCTAMS WestPac Autoport,13.579686,144.843988
GEPA-UST-097,NEX NCTAMS WestPac Autoport,13.579686,144.843988
GEPA-UST-097,NEX NCTAMS WestPac Autoport,13.579686,144.843988
GEPA-UST-099,University of Guam,13.430505,144.80413
GEPA-UST-099,University of Guam,13.430505,144.80413
GEPA-UST-099,University of Guam,13.430505,144.80413
GEPA-UST-100,East West Business Center,13.503619,144.808433
GEPA-UST-100,East West Business Center,13.503619,144.808433
GEPA-UST-101,Pacific Star Resort & Spa,13.503597,144.79448
GEPA-UST-101,Pacific Star Resort & Spa,13.503597,144.79448
GEPA-UST-102,Docomo Pacific - Agana,13.475319,144.749772
GEPA-UST-103,Docomo Pacific - Yona,13.418563,144.751566
GEPA-UST-104,"Triple J Enterprises, Inc.",13.501491,144.800794
GEPA-UST-104,"Triple J Enterprises, Inc.",13.501491,144.800794
GEPA-UST-105,MVP Business Complex,13.459213,144.758916
GEPA-UST-106,GTA Mangilao Remote,13.4501,144.802752
GEPA-UST-107,GTA Tumon Central Office,13.503283,144.8053
GEPA-UST-108,GTA Agana Central Office,13.473044,144.75375
GEPA-UST-109,GTA  Dededo Central Office,13.515363,144.833463
GEPA-UST-110,AAFES Gas Station & KIOSK,13.475906,144.809931
GEPA-UST-110,AAFES Gas Station & KIOSK,13.475906,144.809931
GEPA-UST-111,Guam Judicial Center,13.472152,144.752536
GEPA-UST-113,Agana Beach Condominium,13.486338,144.773655
GEPA-UST-114,Coast 360 Federal Credit Union,13.476831,144.766178
GEPA-UST-115,Villa Kanton Tasi Condominium,13.507475,144.800597
GEPA-UST-116,Agat New SPS 1,13.386041,144.657516
GEPA-UST-117,Agat New SPS 2 (Tipalao),13.367338,144.651127
GEPA-UST-119,Chaligan/Taleyfac SPS,13.404205,144.671108
GEPA-UST-120,Chaot SPS - New,13.455183,144.759833
GEPA-UST-121,Commercial Port Sewer Pump Station - New,13.462761,144.669161
GEPA-UST-122,Leyang Sewer Pump Station,13.453163,144.792727
GEPA-UST-123,SureStay Hotel,13.474669,144.784561
GEPA-UST-124,"NEX NRMC, Building 5, Autoport",13.473519,144.740352
GEPA-UST-124,"NEX NRMC, Building 5, Autoport",13.473519,144.740352
GEPA-UST-126,The Laguna at Pago Bay (SPPC),13.416186,144.782864
GEPA-UST-126,The Laguna at Pago Bay (SPPC),13.416186,144.782864
GEPA-UST-127,POL Fuel Pump House I & Reciept Pad,13.565619,144.917091
GEPA-UST-127,POL Fuel Pump House I & Reciept Pad,13.565619,144.917091
GEPA-UST-127A,POL Hydrant Fuel System Phase II,13.580286,144.939038
GEPA-UST-127B,Fuel Pump Houses 3 & 4,13.590402,144.92185
GEPA-UST-127B,Fuel Pump Houses 3 & 4,13.590402,144.92185
GEPA-UST-128,Sandcastle Incorporated,13.513333,144.805611
GEPA-UST-129,First Hawaiian Bank,13.477047,144.7646
GEPA-UST-130,Guam Homeland Security/OCD,13.472194,144.749044
GEPA-UST-131,SKILLED NURSING UNIT,13.492333,144.833197
GEPA-UST-132,MENTAL HEALTH & SUBSTANCE ABUSE,13.503494,144.776225
GEPA-UST-135,Layon Landfill,13.299225,144.730783
GEPA-UST-137,Guam Area Fuel Division,13.453969,144.688156
GEPA-UST-137,Guam Area Fuel Division,13.453969,144.688156
GEPA-UST-137,Guam Area Fuel Division,13.453969,144.688156
GEPA-UST-137,Guam Area Fuel Division,13.453969,144.688156
GEPA-UST-137,Guam Area Fuel Division,13.453969,144.688156
GEPA-UST-137,Guam Area Fuel Division,13.453969,144.688156
GEPA-UST-137,Guam Area Fuel Division,13.453969,144.688156
GEPA-UST-137,Guam Area Fuel Division,13.453969,144.688156
GEPA-UST-137,Guam Area Fuel Division,13.453969,144.688156
GEPA-UST-137,Guam Area Fuel Division,13.453969,144.688156
GEPA-UST-137,Guam Area Fuel Division,13.453969,144.688156
GEPA-UST-137,Guam Area Fuel Division,13.453969,144.688156
GEPA-UST-137,Guam Area Fuel Division,13.453969,144.688156
GEPA-UST-137,Guam Area Fuel Division,13.453969,144.688156
GEPA-UST-137,Guam Area Fuel Division,13.453969,144.688156
GEPA-UST-137,Guam Area Fuel Division,13.453969,144.688156
GEPA-UST-137,Guam Area Fuel Division,13.453969,144.688156
GEPA-UST-137,Guam Area Fuel Division,13.453969,144.688156
GEPA-UST-137,Guam Area Fuel Division,13.453969,144.688156
GEPA-UST-137,Guam Area Fuel Division,13.453969,144.688156
GEPA-UST-137,Guam Area Fuel Division,13.453969,144.688156
GEPA-UST-137,Guam Area Fuel Division,13.453969,144.688156
GEPA-UST-137,Guam Area Fuel Division,13.453969,144.688156
GEPA-UST-137,Guam Area Fuel Division,13.453969,144.688156
GEPA-UST-137,Guam Area Fuel Division,13.453969,144.688156
GEPA-UST-137,Guam Area Fuel Division,13.453969,144.688156
GEPA-UST-137,Guam Area Fuel Division,13.453969,144.688156
GEPA-UST-138,"Andy III, Tanks 19,20,21,22,23,24",13.56435,144.907647
GEPA-UST-138,"Andy III, Tanks 19,20,21,22,23,24",13.56435,144.907647
GEPA-UST-138,"Andy III, Tanks 19,20,21,22,23,24",13.56435,144.907647
GEPA-UST-138,"Andy III, Tanks 19,20,21,22,23,24",13.56435,144.907647
GEPA-UST-138,"Andy III, Tanks 19,20,21,22,23,24",13.56435,144.907647
GEPA-UST-138,"Andy III, Tanks 19,20,21,22,23,24",13.56435,144.907647
GEPA-UST-139,Guam Memorial Hospital Authority (Decon),13.49233,144.83319
GEPA-UST-140,Shell NTI MM - Upper Tumon,13.49878,144.79767
GEPA-UST-140,Shell NTI MM - Upper Tumon,13.49878,144.79767
GEPA-UST-140,Shell NTI MM - Upper Tumon,13.49878,144.79767
GEPA-UST-140,Shell NTI MM - Upper Tumon,13.49878,144.79767
GEPA-UST-141,NEX Autoport/Minimart Service Station B1760,13.47351,144.74035
GEPA-UST-141,NEX Autoport/Minimart Service Station B1760,13.47351,144.74035
GEPA-UST-141,NEX Autoport/Minimart Service Station B1760,13.47351,144.74035
GEPA-UST-141,NEX Autoport/Minimart Service Station B1760,13.47351,144.74035
GEPA-UST-142,Applebee's Restaurant,13.49156,144.7826
GEPA-UST-143,IHOP,13.491311,144.78156
GEPA-UST-144,Ambros Incorporated (SPPC),13.4979,144.81
GEPA-UST-144,Ambros Incorporated (SPPC),13.4979,144.81
GEPA-UST-145,Westin Resort Guam,13.518202,144.806805
GEPA-UST-146,Shell Foodys Harmon (IP&E),13.50643,144.82059
GEPA-UST-146,Shell Foodys Harmon (IP&E),13.50643,144.82059
GEPA-UST-146,Shell Foodys Harmon (IP&E),13.50643,144.82059
GEPA-UST-146,Shell Foodys Harmon (IP&E),13.50643,144.82059
GIAA01,A.B. Won Pat Guam International Airport,13.495675,144.809938
GIAA01,A.B. Won Pat Guam International Airport,13.495675,144.809938
GIAA01,A.B. Won Pat Guam International Airport,13.495675,144.809938
GIAA01,A.B. Won Pat Guam International Airport,13.495675,144.809938
GIAA01,A.B. Won Pat Guam International Airport,13.495675,144.809938
GPA01,Talofofo GPA Substation,13.353258,144.752452
UST-00A,DFS Galleria - Tumon,13.501913,144.779522
