FacilityID,TankID,TankName,CompartmentID,CompartmentName,PipingID,PipingStyle,SafeSuction,AmericanSuction,HighPressureOrBulkPiping,PipingMaterialFRP,PipingMaterialGalSteel,PipingMaterialStainlessSteel,PipingMaterialSteel,PipingMaterialCopper,PipingMaterialFlex,PipingMaterialNoPiping,PipingMaterialOther,PipingMaterialUnknown,PipingFlexConnector,PipingCorrosionProtectionSacrificialAnode,PipingCorrosionProtectionImpressedCurrent,PipingCorrosionProtectionCathodicNotRequired,PipingCorrosionProtectionOther,PipingCorrosionProtectionUnknown,PipingLineLeakDetector,PipingAutomatedIntersticialMonitoring,PipingLineTestAnnual,PipingLineTest3yr,PipingGroundwaterMonitoring,PipingVaporMonitoring,PipingInterstitialMonitoring,PipingStatisticalInventoryReconciliation,PipingReleaseDetectionOther,PipingSubpartKLineTest,PipingSubpartKOther,PipeTankTopSump,PipeTankTopSumpWallType,PipingWallType,PipeTrenchLiner,PipeSecondaryContainmentOther,PipeSecondaryContainmentUnknown
GEPA-UST-001,,AAFES Service Station,"AAFB Yigo, GU 96929",GEPA-UST-001,,Pressurized,,,X,X,,,,,,,,,,,,,,,,,X,X,,,,,,,,,,,,,
GEPA-UST-002,,Tanguisson Beach Cable Station,"Route 34 Tanguisson Beach Road Yigo, GU 96929",GEPA-UST-002,,Unsafe Suction,,,,X,,,,,,,,,,,,,FRP,,,X,,,,,,,,,,,,,,,
GEPA-UST-003,,Tumon Bay Cable Station,"1169 North Marine Corps Drive Tamuning, GU 96913",GEPA-UST-003,,Unsafe Suction,,,,X,,,,,,,,,,,,,FRP,,,X,,,,,,,,,,,,,,,
GEPA-UST-004,,Bank of Guam,"111 Chalan Santo Papa Hagatna, GU",GEPA-UST-004,,Safe Suction,X,,,,X,,,,,,,,,,,,,,,X,,,,,,,,,,,,,,,
GEPA-UST-005,,Citadel Plaza,"134 West Soledad Avenue Hagatna,  GU 96910",GEPA-UST-005,,Unsafe Suction,,,,,,,,,,,,X,,,,,,,,,,,,,,,,,,,,,,X,
GEPA-UST-006,,Black Construction Coorporation," Harmon, GU",GEPA-UST-006,,Gravity Fed,,,,X,,,,,,,,,,,,,FRP,,,X,,,,,,,,,,,,,,,
GEPA-UST-007,,Cars Plus Maite,"648 Purple Heart Highway Rt 8, Maite",GEPA-UST-007,,Gravity Fed,,,,,,,,,,,X,,,,,,,,,X,,,,,,,,,,,,,,,
GEPA-UST-008,,DNA Inc. ,"238 AFC Flores Street Ste 301 Hagatna, HU 96910",GEPA-UST-008,,Unsafe Suction,,,,,X,,,,,,,,,,,,,,,X,,,,,,,,,,,,,,,
GEPA-UST-009,,GCIC Building,"414 Soledad Ave Ste 500 Hagatna, GU",GEPA-UST-009,,Unsafe Suction,,,,,,,X,,,,,,,,,,,,,,,,,,,,,,,,,,,,X
GEPA-UST-010,,GICC,"495 Batulo St Dededo, GU 96929",GEPA-UST-010,,Unsafe Suction,,,,X,,,,,,,,,,,,,FRP,,,,,,,,,,,,,,,,,,X
GEPA-UST-011,,Barrigada Post Office,"489 Route 16 Barrigada, GU 96913",GEPA-UST-011,,Unsafe Suction,,,,X,,,,,,,,,,,,,FRP,,,X,,,,,,,,,,,,,,,
GEPA-UST012,,The Home Depot,"295 Chalan Pasaheru Tamuning, GU ",GEPA-UST-012,,Unsafe Suction,,,,X,,,,,,,,,,,,,FRP,,,X,,,,,,,,,,,,,,,
GEPA-UST-014,,Ladera Towers,"310 Ladera Lane Mangilao, GU",GEPA-UST-014,,Safe Suction,X,,,X,,,,,,,,,,,,,FRP,,,X,,,,,,,,,,,,,,,
GEPA-UST-015,,Leo Palace Resort- Booster Pump Station,"221 Lakeview Drive, Yona, GU",GEPA-UST-015,,Safe Suction,X,,,X,,,,,,,,,,,,,FRP,,,X,,,,,,,,,,,,,,,
GEPA-UST-019,,Micornesia Mall,"1088 West Marine Corps Drive Suite 214 Dededo, GU 96929",GEPA-UST-019,,Safe Suction,X,,,X,,,,,,,,,,,,,FRP,,,X,,,,,,,,,,,,,,,
GEPA-UST-020,,Adelup Mobil Service Station,"490 Chorito Blvd Marine Drive Rt 1 Hagatna, GU 96910",GEPA-UST-020,,Pressurized,,,X,X,,,,,,,,,,,,,FTP,,,X,,,,,,,,,,,,,,,
GEPA-UST-021 ,,Agana Mobil Service Station,"B-230 Route 4 Hagatna, GU 96910",GEPA-UST-021,,Pressurized,,,X,,,,,,X,,,,,,,,,,,,,,,,,,,,,,,,,,
GEPA-UST-022,,Agat Mobil Service Station,"854 North Route 2 Agat, GU",GEPA-UST-022,,Pressurized,,,X,,,,,,X,,,,,,,,,,X,,,,,,X,,,,,,,,,,
GEPA-UST-023,,Airport Mobil Service Station,Bldg 101 Chalan Pasaheru,GEPA-UST-023,,Pressurized,,,X,,,,,,X,,,,,,,,,,,X,,,,,,,,,,,,,,,
GEPA-UST-025,,Anigua Mobil Service Station,"Bldg 752 Marine Corps Drive Anigua, GU",GEPA-UST-025,,Pressurized,,,X,,,,,,X,,,,,,,,,,X,X,,,,,,,,,,,,,,,
GEPA-UST-026,,Apra Heights Mobil Service Station,Bldg 547 Santa Rita Drive,GEPA-UST-026,,Pressurized,,,X,,,,,,X,,,,,,,,,,X,X,,,,,,,,,,,,,,,
GPEA-UST-027,,Barrigada Heights Mobil Service Station,"Bldg 1116 Rt 16 Barrigada, GU 96913",GEPA-UST-027,,Pressurized,,,X,,,,,,X,,,,,,,,,,X,,,,,,,,,,,,,,,,
GEPA-UST-030,,East Agana Mobil Service Station,"Bldg 620 East Marine Corps Drive Hagatna, GU 96910",GEPA-UST-030,,Pressurized,,,X,X,,,,,,,,,,,,,FRP,,X,X,,,,,,,,,,,,,,,
GEPA-UST-032,,Fatima Mobil Service Station,"614 Marine Corps Drive Dededo, GU 96929",GEPA-UST-032,,Pressurized,,,X,,,,,,,,,,,,,,,,X,X,X,X,,,,,,,,,,,,,
GEPA-UST-037,,Holiday Resort & Spa Guam,"881 Pale San Vitores Road Tamuning, GU ",GEPA-UST-037,,Safe Suction,X,,,,,,,,X,,,,,,,,,,,X,X,X,,,,,,,,,,,,,
GEPA-UST-039,,Ipan Mobil Service Station,"251 North Chalan Antigo Street Route 4 Ipan, GU",GEPA-UST-039,,Pressurized,,,X,,,,,,X,,,,,,,,,,X,X,X,X,,,,,,,,,,,,,
GEPA-UST-041,,Liguan Mobil Service Station,"Bldg 479 Faima Street Dededo, GU 92929",GEPA-UST-041,,Pressurized,,,X,,,,,,X,,,,,,,,,,,X,X,X,,,,,,,,,,,,,
GEPA-UST-042,,Maite Mobil Service Station,"Bldg 860 West Rt 4 Barrigada, GU 96913",GEPA-UST-042,,Pressurized,,,X,X,,,,,,,,,,,,,FRP,,X,X,X,X,,,,,,,,,,,,,
GEPA-UST-043,,Mangilao Mobil Service Station,"493 South Route 10 Mangilao, GU",GEPA-UST-043,,Pressurized,,,X,X,,,,,,,,,,,,,FRP,,X,X,X,X,,,,,,,,,,,,,
GEPA-UST-045,,Onward Agana Beach Resort,"445 Governor Carlos G Camacho Rd Tamuning, GU",GEPA-UST-045,,"2 x Unsafe Suction, 1 x Pressurized",,,X,X,,,,,,,,,,,,,FRP,,X,X,X,X,,,,,,,,,,,,,
GEPA-UST-049,,Sinajana Mobil Service Station,"Bldg 118 Chalan Canton tutujuan Sinajana, GU",GEPA-UST-049,,Pressurized,,,X,X,,,,,,,,,,,,,FRP,,X,X,X,X,,,,,,,,,,,,,
GEPA-UST-051,,Tamuning Mobil Service Station,"Bldg 706 South Marine Corps Drive Tamuning, GU",GEPA-UST-051,,Pressurized,,,X,X,,,,,,,,,,,,,FRP,,X,X,X,X,,,,,,,,,,,,,
GEPA-UST-052,,Upper Tumon Mobi Service Station,"422 North Marine Corps Drive Tamuning, GU",GEPA-UST-052,,Pressurized,,,,,,,,,X,,,,,,,,,,X,X,X,X,,,,,,,,,,,,,
GEPA-UST-054,,Yigo North Mobil Service Station,"214 Chalan Pale Ramon Haya Rt 1 Yigo, GU 96929",GEPA-UST-054,,Pressurized,,,X,X,,,,,,,,,,,,,FRP,,X,X,X,X,,,,,,,,,,,,,
GEPA-UST-055,,Yigo Perez Acres Mobil Service Station,"465 Marine Corps Drive Yigo, GU 96929",GEPA-UST-055,,Pressurized,,,X,,,,,,X,,,,,,,,FRP,,X,X,X,X,,,,,,,,,,,,,
GEPA-UST-056,,Yona Mobil Service Station,"1552 North Kanton Tasi Street Yona, GU",GEPA-UST-056,,Pressurized,,,X,,,,,,X,,,,,,,,FRP,,X,X,X,X,,,,,,,,,,,,,
GEPA-UST-057,,Ysengsong Mobil Service Station,"Bldg 240 East Marine Corps Drive Dededo, GU 96929",GEPA-UST-057,,Pressurized,,,X,,,,,,X,,,,,,,,FRP,,X,X,X,X,,,,,,,,,,,,,
GEPA-UST-058,,Nissan Upper Tumon,"1012 North Marine Corps Drive Tamuning, GU",GEPA-UST-058,,"Pressurized, Gravity Fed",,,X (Gas),X (Gas),,,,,X (Used Oil),,,,,,,,FRP,,X,X,X,X,,,,,,,,,,,,,
GEPA-UST-059,,Oka Towers Condominium,"Suite 1514 162 Western Blvd Tamuning, GU",GEPA-UST-059,,Safe Suction,X,,,,X,,,,,,,,,,,,,,,,X,X,,,,,,,,,,,,,
GEPA-UST-060,,Onard Mangilao Golf Club,"1810 Rt 15 Pagat Mangilao, GU",GEPA-UST-060,,Gravity Fed,,,,X,,,,,,,,,,,,,FRP,,,,X,X,,,,,,,,,,,,,
GEPA-UST-061,,Onward Talofofo Golf Club,"825 Route 4A Talofofo, GU",GEPA-UST-061,,Safe Suction,X,,,X,,,,,,,,,,,,,FRP,,,X,X,X,,,,,,,,,,,,,
GEPA-UST-062,,Pacific Islands Club Guam,"210 Pale San Vitores Road Tamuning, GU",GEPA-UST-062,,Safe Suction,X,,,X,,,,,,,,,,,,,FRP,,X,,,,,,,,,,,,,,,,
GEPA-UST-063,,Reflection Center,"222 Chalan Santo Papa Suite 304 Hagatna, GU 96910",GEPA-UST-063,,Safe Suction,X,,,,,,,,X,,,,,,,,,,,,,,,,,,,,,,,,,,X
GEPA-UST-064,,Alupang Beach Club,"997 South Marine Drive Tamunin,g GU",GEPA-UST-064,,Safe Suction,X,,,,,,,,X,,,,,,,,,,,X,X,X,,,,,,,,,,,,,
GEPA-UST-065,,Shell/Foody's Barrigada ,"446 West Rt 8 Brrigada, GU 96913",GEPA-UST-065,,Pressurized,,,X,,,,,,X,,,,,,,,,,,,,,,,,,,,,,,,,,
GEPA-UST-066,,Shell Chalan Pago,"160 North Chalan Kanton Tasi Rt 4 Chalan Pago, GU",GEPA-UST-066,,Pressurized,,,X,,,,,,X,,,,,,,,,,x,x,,,,,,,,,,,,,,,
GEPA-UST-067,,Shell/Foody's Dededo,"184 East Marine Corps Drive Dededo, GU 96929",GEPA-UST067,,Pressurized,,,X,,,,,,X,,,,,,,,,,x,x,,,,,,,,,,,,,,,
GEPA-UST-068 ,,Shell/Foody;s Hagatna,"380 East Marine Corps Drive Rt 1 Hagatna, GU 96910",GEPA-UST-068,,Pressurized,,,X,,,,,,X,,,,,,,,,,X,X,,,,,,,,,,,,,,,
GEPA-UST-146,,Shell/Foody's Harmon,"1779 Rt 16 Tamuing, GU",GEPA-UST-146,,Pressurized,,,X,,,,,,X,,,,,,,,,,X,,,,,,,X,,,,,,,,,
GEPA-UST-070,,Hotel Nikko Guam,"245 Gun Beach Road Tamuning, GU ",GEPA-UST-070,,Pressurized,,,X,,,,,,X,,,,,,,,,,,,X,X,,,,,,,,,,,,,
GEPA-UST-071,,Shell Foody's Mangilao,"480 South Rt 10 Mangilao, GU",GEPA-UST-071,,Pressurized,,,X,,,,,,X,,,,,,,,,,X,,,,,,,,,,,,,,,,
GEPA-UST-072,,Shell/Foody's NCS,"1822 NCS Finegayan Dededo, GU 96929",GEPA-UST-072,,Pressurized,,,X,,,,,,X,,,,,,,,,,X,X,,,,,,,,,,,,,,,
GEPA-UST-140,,Shell Foody's Micro Mall/JIB,"1355 Rt 1 North Marine Corps Drive Eupper Tumon, GU",GEPA-UST-140,,Pressurized,,,X,X,,,,,,,,,,,,,FRP,,,,,,,,,,,,,,,,,,
GEPA-UST-073,,Onward Mangilao Golf Course,"1810 Route 15 Pagat Mangilao, GU",GEPA-UST-073,,Safe Suction,X,,,X,,,,,,,,,,,,,FRP,,,,X,X,,,,,,,,,,,,,
GEPA-UST-075,,Shell Tamuning,"180 Chalan Pale Ramon Haya Rt 1 Yigo, GU 96929",GEPA-UST-075,,Pressurized,,,X,X,,,,,,,,,,,,,FRP,,X,X,,,,,,,,,,,,,,,
GEPA-UST-076,,Shell Tiyan,"111 Tiyan Route 10 Barrigada, GU 96913",GEPA-UST-076,,Pressurized,,,X,,,,,,X,,,,,,,,,,X,X,,,,,,,,,,,,,,,
GEPA-UST-077,,Shell Foody's Tumon ,"280 North Marine Corps Drive Upper Tumon Tamuning, GU",GEPA-UST-077,,Pressurized,,,X,X,,,,,,,,,,,,,FRP,,X,,,,,,,,,,,,,,,,
GEPA-UST-078,,Shell Foody's Yigo,"214 Chalan Pale Ramon Haya Rt 1 Yigo, GU 96929",GEPA-UST-078,,Pressurized,,,X,,,,,,X,,,,,,,,,,X,X,,,,,,,,,,,,,,,
GEPA-UST-079,,Rihga Royal Laguna Resort,"470 Farenholt Avenue Tamuning, GU",GEPA-UST-079,,Unsafe Suction,,,,X,,,,,,,,,,,,,FRP,,,,X,X,,,,,,,,,,,,,
GEPA-UST-080,,Hyatt Regency Guam,"115 San Vitores Road Tamuning, GU",GEPA-UST-080,,Pressurized,,,X,X,,,,,,,,,,,,,FRP,,X,X,,,,,,,,,,,,,,,
GEPA-UST-081,,Leo Palace Resort,"Mannnegon Hills Yona, GU",GEPA-UST-081,,Safe Suction/Pressurized,,2x,3x,1x,3x,,,,1x,,,,,,,,FRP,,X,X,,,,,,,,,,,,,,,
GEPA-UST-083,,Lufthansa Service (LSG),"166 Guerrero St Harmon Industrial Park Tamuning, GU",GEPA-UST-083,,Safe Suction,X,,,,,,,,X,,,,,,,,,,,X,,,,,,,,,,,,,,,
GEPA-UST-084,,76 Agat Station,"Route 2 Lot 33-1-1-1 Agat, GU",GEPA-UST-084,,Pressurized,,,X,,,,,,X,,,,,,,,,,X,X,,,,,,,,,,,,,,,
GEPA-UST-085,,76 Airport Station,"Intersections of Rt1 & Rt10ATamunin,g GU",GEPA-UST-085,,Pressurized,,,X,,,,,,X,,,,,,,,,,X,X,,,,,,,,,,,,,,,
GEPA-UST-086,,76 Anigua Station,"Rt 1 Anigua, GU",GEPA-UST-086,,Pressurized,,,X,,,,,,X,,,,,,,,,,X,X,,,,,,,,,,,,,,,
GEPA-UST-087,,76 Barrigada Station,"Intersection of Rt 8 & rt 10 Barrigada, GU 96913",GEPA-UST-087,,Pressurized,,,X,,,,,,X,,,,,,,,,,X,X,,,,,,,,,,,,,,,
GEPA-UST-088,,76 Cabras Station,"Cabras Rd Rt 11 Lot 2 Lot 3A Tract 245 Cabras Island Piti, GU 96915",GEPA-UST-088,,Pressurized,,,X,,,,,,X,,,,,,,,,,X,X,,,,,,,,,,,,,,,
GEPA-UST-089,,76 Dededo Station,"Rt 1 Dededo, GU 96929",GEPA-UST-089,,Pressurized,,,X,,,,,,X,,,,,,,,,,X,X,,,,,,,,,,,,,,,
GEPA-UST-090,,76 Malojloj Station,"Rt 4 Inarajan, GU 96917",GEPA-UST-090,,Pressurized,,,X,X,,,,,,,,,,,,,FRP,,X,X,,,,,,,,,,,,,,,
GEPA-UST-091,,76 Ocean Vista Station,"Intersection of Rt 1 & Rt 10B Tamuning, GU",GEPA-UST-091,,Pressurized,,,X,,,,,,X,,,,,,,,,,X,X,,,,,,,,,,,,,,,
GEPA-UST-092,,76 Piti Station,"396 Marine Corps Drive Piti, GU 96915",GEPA-UST-092,,Pressurized,,,X,,,,,,X,,,,,,,,,,X,,,,,,,,,,,,,,,,
GEPA-UST-093,,76 Sinajana Station,"Rt 4 Sinajana, GU",GEPA-UST-093,,Pressurized,,,X,,,,,,X,,,,,,,,,,X,X,,,,,,,,,,,,,,,
GEPA-UST-094,,76 Ypao Station,"Intersection of Rt 1 & Rt 10B Tamuning, GU",GEPA-UST-094,,Pressurized,,,X,,,,,,X,,,,,,,,,,X,X,,,,,,,,,,,,,,,
GEPA-UST-095,,Paradisu Estates,"Cross Island Road Rt 4A Talofofo, GU",GEPA-UST-095,,Pressurized,,,X,,X,,,,,,,,,,,,,,,,,,,,,,,,,,,,,,X
GEPA-UST-096,,Talo Verde Estates,"Ypao Road Tamuning, GU ",GEPA-UST-096,,Pressurized,,,X,,X,,,,,,,,,,,,,,,,,,,,,,,,,,,,,,X
GEPA-UST-097,,Bldg 303 NEX Autoport,"Bldg 303 Buktard Avenue NCTAMS Dededo, GU 96929",GEPA-UST-097,,Pressurized,,,X,,X,,,,,,,,,,,,,,X,X,,,,,,,,,,,,,,,
GEPA-UST-099,,University of Guam,"UOG Station Mangilao, GU",GEPA-UST-099,,Safe Suction,X,,,,,,X,,,,,,,,,,,,,X,,,,,,,,,,,,,,,
GEPA-UST-100,,East West Business Center,"744 North Marine Corps Drive Tamuning, GU",GEPA-UST-100,,Safe Suction,X,,,X,,,,,,,,,,,,,FRP,,X,,,,,,,,,,,,,,,,
GEPA-UST101,,Pacific Star And Spa Resort,"627B Pale San Vitores Road Tamuning, GU",GEPA-UST-101,,Safe Suction,X,,,,,,,,X,,,,,,,,,,X,X,,,,,,,,,,,,,,,
GEPA-UST-102 ,,Docomo Pacific Agana,"173 Aspinall Avenue Hagana, GU",GEPA-UST-102,,US Suction,,X,,X,,,,,,,,,,,,,FRP,,X,,,,,,,,,,,,,,,,
GEPA-UST-103,,Docomo Pacific Yona,"Lot 177-1 Pulantat 570 Chalan Teloforo Yona, GU",GEPA-UST-103,,US Suction,,X,,X,,,,,,,,,,,,,FRP,,,,X,X,,,,,,,,,,,,,
GEPA-UST-104,,"Triple J Enterprises, Inc.","470 N Marine Corps Drive Tamuning, GU",GEPA-UST-104,,US Suction,,X,,X,,,,,,,,,,,,,FRP,,,X,,,,,,,,,,,,,,,
GEPA-UST-105,,MVP Business Complex,"T232 B21122 777 Rt 4 Sinajana, GU",GEPA-UST-105,,Gravity Fed,,,,,X,,,,,,,,,,,,,,,,,,,,,,,,,,,,,X,
GEPA-UST-106,,GTA Mangilao Remote,"Intersection of Rt 10 & Rt 15 Mangilao, GU",GEPA-UST-106,,US Suction,,X,,,,,,,X,,,,,,,,,,,,X,X,,,,,,,,,,,,,
GEPA-UST-107,,GTA Tumon Central Office,"624 N Marine Corps Drive Tamuning, GU",GEPA-UST-107,,US Suction,,X,,X,,,,,,,,,,,,,FRP,,,,X,X,,,,,,,,,,,,,
GEPA-UST-108 ,,GTA Agana Central Office,"241 Martyr St Hagatna, GU",GEPA-UST-108,,US Suction,,X,,X,,,,,,,,,,,,,FRP,,,,X,X,,,,,,,,,,,,,
GEPA-UST-109,,GTA Dededo Central Office,"Intersection of Rt 1 and Rt 27 Dededo, GU",GEPA-UST-109,,US Suction,,X,,,,,,,X,,,,,,,,Double-walled,,,,X,X,,,,,,,,,,,,,
GEPA-UST-110,,AAFES Gas Station & Kiosk,"430 Army Drive Barrigada, GU 96913",GEPA-UST-110,,Pressurized,,,X,,,,,,,,,,,,,,Double-walled,,,X,X,X,,,X,,,,,,,,,,
GEPA-UST-111,,Guam Judicial Center,"120 West O'Brien  Hagatna, GU",GEPA-UST-111,,US Suction,,X,,X,,,,,,,,,,,,,FRP,,,,,,,,,,,,X,,,,,,
GEPA-UST-113,,Agana Beach Condominium,"Lot 2121 1-4 Tamuning, GU",GEPA-UST-113,,US Suction,,X,,,X,,,,,,,,,,,,Cathodically Protected,,,,,,,,,,,,,,,,,X,
GEPA-UST-114,,Coast 360 Federal Credit Union,"450 Rt 8 Maite, GU",GEPA-UST-114,,US Suction,,X,,X,,,,,,,,,,,,,FRP,,,,X,X,,,,,,,,,,,,,
GEPA-UST-115,,Villa Kanton Tasi Condominium,"301 Frank Cushing Way Tamuning, GU",GEPA-UST-115,,US Suction,,X,,,,,,,X,,,,,,,,FRP,,,X,,,,,,,,,,,,,,,
GEPA-UST-116,,Agat New SPS 1,"Rt 2 across Agat Marina Agat, GU",GEPA-UST-116,,US Suction,,X,,,X,,,,,,,,,,,,Double-walled,,,X,,,,,,,,,,,,,,,
GEPA-UST-117,,Agat New SPS 2 (Tipalao),"Route 2A Agat, GU",GEPA-UST-117,,US Suction,,X,,,X,,,,,,,,,,,,Secondary Containment,,,X,,,,,,,,,,,,,,,
GEPA-UST-119,,Chaligan/Taleyfac SPS,"Rt 2 Across Agat Marina Agat, GU",GEPA-UST-119,,US Suction,,X,,X,,,,,,,,,,,,,FRP,,,,,,,,,,,,,,,,,X,
GEPA-UST-120,,Chaot SPS - New,"Afame rt 4 Sinajana, GU",GEPA-UST-120,,Safe Suction,X,,,X,,,,,,,,,,,,,Double-walled,,,,,,,,,,,,,,,,,X,
GEPA-UST-121,,Commercial Port SPS - New,"Cabras Highway Piti, GU 96915",GEPA-UST-121,,Safe Suction,X,,,X,,,,,,,,,,,,,Double-walled,,,,,,,,X,,,,,,,,,,
GEPA-UST-122,,Leyang SPS,"off Dairy Road Mangilao, GU",GEPA-UST-122,,Safe Suction,X,,,X,,,,,,,,,,,,,Double-walled,,X,,,,,,,,,,,,,,,,
GEPA-UST-123,,SureStay Hotel,"122 Hassalao Street Rt 8 Barrigada, GU 96913",GEPA-UST-123,,US Suction,,X,,X,,,,,,,,,,,,,Double-walled,,,,,,,,,,,,,,,,,X,
GEPA-UST-124,,NEX NRMC Bldg 5 Autoport,"Bldg 5 Naval Regional Medical Center, Agana Heights, GU",GEPA-UST-124,,Pressurized,,,X,X,,,,,,,,,,,,,Double-walled,,X,X,,,,,,,,,,,,,,,
GEPA-UST-126,,Laguna Pago Bay,"rt 4 Yona, GU",GEPA-UST-126,,Pressurized,,,X,,X,,,,,,,,,,,,,,,,,,,,,,,,,,,,,X,
GEPA-UST-127,,POL Fuel Pump House 1 & Receipt Pad,"B26200 & 26210 MArinanas Blvd Andersen AFB, GU",GEPA-UST-127,,Pressurized,,,X,,,,,,,,X,,,,,,Cathodically Protected,,,,,,,,,,,,,,,,,X,
GEPA-UST-127,,POL Fuel Pump House 2,"Bldg 19021 Arc Light Blvd Andersen AFB, GU",GEPA-UST-127,,Pressurized,,,X,,,,,,,,,,,,,,Cathodically Protected,,,,,,,,,,,,,,,,,X,
GEPA-UST-127,,Fuel Pump Houses 3 & 4,"B-2590 & 2595 Marianas Blvd Andersen AFB, GU",GEPA-UST-127,,Pressurized,,,X,,,,,,,,,,,,,,Cathodically Protected,,,,,,,,,,,,,,,,,X,
GEPA-UST-128,,Sand Castle,1199 Pale San Vitores Road Tamuning. GU,GEPA-UST-128,,U.S Suction,,X,,X,,,,,,,,,,,,,Double-walled,,,,X,X,,,,,,,,,,,,,
GEPA-UST-129,,First Hawaiian Bank,"400 Rt 8 MongMong Maite Branch MongMong, GU",GEPA-UST-129,,U.S Suction,,X,,X,,,,,,,,,,,,,Double-walled,,,,,,,,,,,,,,,,,X,
GEPA-UST-130,,Guam Homeland Security/OCD,"221-B Chalan Payasyo Agana Heights, GU",GEPA-UST-130,,Safe Suction,X,,,X,,,,,,,,,,,,,Double-walled,,,,,,,,,,,,,,,,,X,
GEPA-UST-131,,Skilled Nursing Unit,"449 North Sabana Drive Barrigada, GU 96913",GEPA-UST-131,,US Suction,,X,,X,,,,,,,,,,,,,Double-walled,,,,X,X,,,,,,,,,,,,,
GEPA-UST-132,,Mental Health and Substance Abuse,"790 Gov Carlos G Camacho Rd Tamuning, GU",GEPA-UST-132,,Safe Suction,X,,,,,,,,,,,,,,,,Double-walled,,,,,,,,,,,,,,,,,X,
GEPA-UST-135,,Layon Landfill,"1130 Chalan Layon Inarajan, GU 96917",GEPA-UST-135,,Preesurized,,,X,X,,,,,,,,,,,,,,,,,,,,,,,,,,,,,,X,
GEPA-UST-137,,Guam Area Fuel Division,"Bldg 1700 Marine Corps Drive Piti, GU 96915",GEPA-UST-137,,Pressurized,,,X,,,,X,,,,,,,,,,Cathodically Protected,,X,,X,X,,,,,,,,,,,,,
GEPA-UST-137,,Guam Area Fuel Division,"Bldg 1700 Marine Corps Drive Piti, GU 96915",GEPA-UST-137,,Pressurized,,,X,,,,X,,,,,,,,,,Cathodically Protected,,X,,X,X,,,,,,,,,,,,,
GEPA-UST-137,,Guam Area Fuel Division,"Bldg 1700 Marine Corps Drive Piti, GU 96915",GEPA-UST-137,,Pressurized,,,X,,,,X,,,,,,,,,,Cathodically Protected,,X,,X,X,,,,,,,,,,,,,
GEPA-UST-137,,Guam Area Fuel Division,"Bldg 1700 Marine Corps Drive Piti, GU 96915",GEPA-UST-137,,Pressurized,,,X,,,,X,,,,,,,,,,Cathodically Protected,,X,,X,X,,,,,,,,,,,,,
GEPA-UST-138,,Andy III Tanks 19-24,"Bldg 14513-14510 Andy III Tank Farm AAFB Yigo, GU",GEPA-UST-138,,Pressurized,,,X,,,,X,,,,,,,,,,Cathodically Protected,,,,X,X,,,,,,,,,,,,,
GEPA-UST-139,,Guam Memorial Hospital Authority,"850 Governor Carlos Camacho Rd Tamuning, GU",GEPA-UST-139,,Gravity Fed,,,,X,,,,,,,,,,,,,Double-walled,,,,X,X,,,,,,,,,,,,,
GEPA-UST-141,,NEX Autoport/ Minimart Service Station,"Bldg 1760 Marine Corps Drive Sanata rita, GU",GEPA-UST-141,,Pressurized,,,X,X,,,,,,,,,,,,,Double-walled,,X,,X,X,,,,,,,,,,,,,
GEPA-UST-142,,Applebee's Restaurant,"341 Chalan San Santonio Unit A Tamuning, GU",GEPA-UST-142,,Safe Suction,X,,,X,,,,,,,,,,,,,Double-walled,,,,,,,,,,,,,,,,,X,
GEPA-UST-143,,IHOP,"249 Chalan San Antonio Bldg 3 Tamuning, GU",GEPA-UST-143,,Safe Suction,X,,,X,,,,,,,,,,,,,Double-walled,,,,,,,,,,,,,,,,,X,
GEPA-UST-144,,Ambros Incorporated,"124 Chalan Achote HArmon Industrial Park Tamuning, GU",GEPA-UST-144,,Pressurized,,,X,X,,,,,,,,,,,,,Double-walled,,X,,,,,,,,,,,,,,,,
GEPA-UST-145,,Westin Resort Guam,"105 Gun Beach Road Tamuning, GU",GEPA-UST-145,,US Suction,,X,,X,,,,,,,,,,,,,Double-walled,,,X,X,X,,,,,,,,,,,,,
GEPA-UST-044,,Naval Hospital,"Bldg 5 Naval Regional Medical Center, Agana Heights, GU",GEPA-UST-044,,Uknown,,,,,,,,,,,,X,,,,,,X,,,,,,,,,,,,,,,,,X
GEPA-UST-045,,Guam Regional Medical Facility,"133 Route 3 Dededo, GU 96929",GEPA-UST-045,,Uknown,,,,,,,,,,,,X,,,,,,X,,,,,,,,,,,,,,,,,X
GEPA-UST-048,,GIAA,"Chalan Pasheru Tamuning, GU",GEPA-UST-048,,Uknown,,,,,,,,,,,,X,,,,,,X,,,,,,,,,,,,,,,,,X
GEPA-UST-049,,Red Horse Gas Station,"Ritidian Dededo, GU 96929",GEPA-UST-049,,Uknown,,,,,,,,,,,,X,,,,,,X,,,,,,,,,,,,,,,,,X
GEPA-UST-050,,Marine Wing Support Squadron Facility,"AAFB North Ramp AAFB, Yigo, GU 96929",GEPA-UST-050,,Uknown,,,,,,,,,,,,X,,,,,,X,,,,,,,,,,,,,,,,,X
GEPA-UST-038,,Former Martinez Service Station,"Lot 10 Block 1 Tract 109 Barrigada, GU 96913",GEPA--UST-038,,Pressurized,,,X,X,,,,,,,,,,,,,Double-walled,,,,,,,,,,,,,,,,,,
GEPA-UST-043,,Tumon Bay Capitol Hotel,"1448 Pale San Vitores St Taamuning, GU",GEPA-UST-043,,Safe Suction,X,,,X,,,,,,,,,,,,,,,,,,,,,,,,,,,,,,,
