FacilityID,TankName,TankLocation,TankStatus,FederallyRegulated,FieldConstructed,EmergencyGenerator,AirportHydrantSystem,MultipleTanks,TankClosureDate,TankInstallationDate,NumberOfCompartments,TankMaterialDescription,TankCorrosionProtectionSacrificialAnode,TankCorrosionProtectionImpressedCurrent,TankCorrosionProtectionCathodicNotRequired,TankCorrosionProtectionInteriorLining,TankCorrosionProtectionOther,TankCorrosionProtectionUnknown,TankSecondaryContainment,CertOfInstallation,CertOfInstallationOther,DispenserID,DispenserUDC,DispenserUDCWallType
GEPA-UST-001,AAFES Service Station,"AAFB Yigo, GU 96929",Active,Yes,,,,3,,1994-06-01 00:00:00,Double-walled,Fiberglass Reinforced Plastic,,,,,FRP,,,1994-06-01 00:00:00,,,,
GEPA-UST-002,Tanguisson Beach Cable Station,"Route 34 Tanguisson Beach Road Yigo, GU 96929",Active,Yes,,,,3,,1991-01-12 00:00:00,Double-walled,Fiberglass Reinforced Plastic,,,,,FRP,,,1991-01-12 00:00:00,,,,
GEPA-UST-003,Tumon Bay Cable Station,"1169 North Marine Corps Drive Tamuning, GU 96913",Active,Yes,,,,2,,1994-01-06 00:00:00,Double-walled,Fiberglass Reinforced Plastic,,,,,FRP,,,1994-01-06 00:00:00,,,,
GEPA-UST-004,Bank of Guam,"111 Chalan Santo Papa Hagatna, GU 96910",Active,Yes,,,,1,,1988-01-05 00:00:00,,Composite (Steel w/ FRP),,,,,FRP,,Secondary Containment,1988-01-05 00:00:00,,,,
GEPA-UST-005,Citadel Plaza,"134 West Soledad Avenue Hagatna,  GU 96910",Active,Yes,,,,1,,1974-01-01 00:00:00,Double-walled,Fiberglass Reinforced Plastic,,,,,FRP,,,1974-01-01 00:00:00,,,,
GEPA-UST-006,Black Construction Coorporation," JL Baker Street Harmon, GU",Active,Yes,,,,1,,,,Fiberglass Reinforced Plastic,,,,,FRP,,Secondary Containment,,,,,
GEPA-UST-007,Cars Plus Maite,"648 Purple Heart Highway Rt 8, Maite",Active,Yes,,,,1,,2007-01-12 00:00:00,Double-walled,Fiberglass Reinforced Plastic,,,,,FRP,,,2007-01-12 00:00:00,,,,
GEPA-UST-008,DNA Inc. ,"238 AFC Flores Street Ste 301 Hagatna, HU 96910",Active,Yes,,,,1,,1999-11-01 00:00:00,Double-walled,Fiberglass Reinforced Plastic,,,,,FRP,,,1999-11-01 00:00:00,,,,
GEPA-UST-009,GCIC Building,"414 Soledad Ave Ste 500 Hagatna, GU",Active,Yes,,,,1,,1994-02-01 00:00:00,Double-walled,Fiberglass Reinforced Plastic,,,,,FRP,,Secondary Containment,1994-02-01 00:00:00,,,,
GEPA-UST-010,GICC,"495 Batulo St Dededo, GU 96929",Active,Yes,,,,3,,1994-01-07 00:00:00,Doubnle-walled,Fiberglass Reinforced Plastic,,,,,FRP,,,1994-01-07 00:00:00,,,,
GEPA-UST-011,Barrigada Post Office,"489 Route 16 Barrigada, GU 96913",Active,Yes,,,,1,,1991-07-01 00:00:00,Double-walled,Fiberglass Reinforced Plastic,,,,,FRP,,,1991-07-01 00:00:00,,,,
GEPA-UST012,The Home Depot,"295 Chalan Pasaheru Tamuning, GU ",Active,Yes,,,,1,,2007-06-01 00:00:00,Double-walled,Fiberglass Reinforced Plastic,,,,,FRP,,,2007-06-01 00:00:00,,,,
GEPA-UST-014,Ladera Towers,"310 Ladera Lane Mangilao, GU",Active,Yes,,,,1,,1994-01-01 00:00:00,Lined Interior,Polyethylene Tank Jacket,,,,X,,,,1994-01-01 00:00:00,,,,
GEPA-UST-015,Leo Palace Resort- Booster Pump Station,"221 Lakeview Drive, Yona, GU",Active,Yes,,,,1,,1991-08-30 00:00:00,Double-walled,Fiberglass Reinforced Plastic,,,,,FRP,,,1991-08-30 00:00:00,,,,
GEPA-UST-019,Micornesia Mall,"1088 West Marine Corps Drive Suite 214 Dededo, GU 96929",Active,Yes,,,,2,,1998-12-31 00:00:00,Double-walled,Fiberglass Reinforced Plastic,,,,,FRP,,,1998-12-31 00:00:00,,,,
GEPA-UST-020,Adelup Mobil Service Station,"490 Chorito Blvd Marine Drive Rt 1 Hagatna, GU 96910",Active,Yes,,,,3,,"1: 7/29/1988, 2: 6/1/1989",Double-walled,Fiberglass Reinforced Plastic,,,,,FRP,,,"1: 7/29/1988, 2: 6/1/1989",,,,
GEPA-UST-021 ,Agana Mobil Service Station,"B-230 Route 4 Hagatna, GU 96910",Active,Yes,,,,3,,2023-05-09 00:00:00,,Fiberglass Reinforced Plastic,,,,,FRP,,,1990-01-31 00:00:00,,,,
GEPA-UST-022,Agat Mobil Service Station,"854 North Route 2 Agat, GU",Active,Yes,,,,3,,1985-01-01 00:00:00,Double-walled,Fiberglass Reinforced Plastic,,,,,FRP,,,1985-01-01 00:00:00,,,,
GEPA-UST-023,Airport Mobil Service Station,Bldg 101 Chalan Pasaheru,Active,Yes,,,,5,,1998-10-30 00:00:00,Double-walled,Fiberglass Reinforced Plastic,,,,,FRP,,,1998-10-30 00:00:00,,,,
GEPA-UST-025,Anigua Mobil Service Station,"Bldg 752 Marine Corps Drive Anigua, GU",Active, Yes,,,,3,,1992-07-31 00:00:00,Double-walled,"2 x Fiberglass Reinforced Plastic, 1 x Epoxy Coated Steel",,,,,FRP,,,1992-07-31 00:00:00,,,,
GEPA-UST-026,Apra Heights Mobil Service Station,Bldg 547 Santa Rita Drive,Active,Yes,,,,2,,2017-12-17 00:00:00,Double-walled,Fiberglass Reinforced Plastic,,,,,FRP,,,2017-12-17 00:00:00,,,,
GPEA-UST-027,Barrigada Heights Mobil Service Station,"Bldg 1116 Rt 16 Barrigada, GU 96913",Active,Yes,,,,3,,1996-06-28 00:00:00,Double-walled,Fiberglass Reinforced Plastic,,,,,FRP,,,1996-06-28 00:00:00,,,,
GEPA-UST-030,East Agana Mobil Service Station,"Bldg 620 East Marine Corps Drive Hagatna, GU 96910",Active,Yes,,,,3,,2019-12-11 00:00:00,Double-walled,Fiberglass Reinforced Plastic,,,,,FRP,,,2019-12-11 00:00:00,,,,
GEPA-UST-032,Fatima Mobil Service Station,"614 Marine Corps Drive Dededo, GU 96929",Active ,Yes,,,,4,,1996-04-30 00:00:00,Double-walled,Fiberglass Reinforced Plastic,,,,,FRP,,,1996-04-30 00:00:00,,,,
GEPA-UST-037,Holiday Resort & Spa Guam,"881 Pale San Vitores Road Tamuning, GU ",Active,Yes,,,,1,,1996-02-29 00:00:00,Double-walled,Fiberglass Reinforced Plastic,,,,,FRP,,,1996-02-29 00:00:00,,,,
GEPA-UST-039,Ipan Mobil Service Station,"251 North Chalan Antigo Street Route 4 Ipan, GU",Active,Yes,,,,2,,1987-03-31 00:00:00,,Fiberglass Reinforced Plastic,,,,,FRP,,,1987-03-31 00:00:00,,,,
GEPA-UST-041,Liguan Mobil Service Station,"Bldg 479 Faima Street Dededo, GU 92929",Active,Yes,,,,3,,2006-05-31 00:00:00,Double-walled,Fiberglass Reinforced Plastic,,,,,FRP,,,2006-05-31 00:00:00,,,,
GEPA-UST-042,Maite Mobil Service Station,"Bldg 860 West Rt 4 Barrigada, GU 96913",Active,Yes,,,,4,,1995-07-01 00:00:00,Double-walled,Fiberglass Reinforced Plastic,,,,,FRP,,,1995-07-01 00:00:00,,,,
GEPA-UST-043,Mangilao Mobil Service Station,"493 South Route 10 Mangilao, GU",Active,Yes,,,,3,,2004-04-01 00:00:00,Double-walled,Fiberglass Reinforced Plastic,,,,,FRP,,,2004-04-01 00:00:00,,,,
GEPA-UST-045,Onward Agana Beach Resort,"445 Governor Carlos G Camacho Rd Tamuning, GU",Active,Yes,,,,3,,1990-03-01 00:00:00,Double-walled,Fiberglass Reinforced Plastic,,,,,FRP,,Secondary Containment,1990-03-01 00:00:00,,,,
GEPA-UST-049,Sinajana Mobil Service Station,"Bldg 118 Chalan Canton tutujuan Sinajana, GU",Active,Yes,,,,3,,1995-05-01 00:00:00,Double-walled,Fiberglass Reinforced Plastic,,,,,FRP,,,1995-05-01 00:00:00,,,,
GEPA-UST-051,Tamuning Mobil Service Station,"Bldg 706 South Marine Corps Drive Tamuning, GU",Active,Yes,,,,3,,1990-05-01 00:00:00,Double-walled,Fiberglass Reinforced Plastic,,,,,FRP,,,1990-05-01 00:00:00,,,,
GEPA-UST-052,Upper Tumon Mobi Service Station,"422 North Marine Corps Drive Tamuning, GU",Active,Yes,,,,3,,1996-04-01 00:00:00,Double-walled,Composite (Steel w/ FRP),,,,,FRP,,,1996-04-01 00:00:00,,,,
GEPA-UST-054,Yigo North Mobil Service Station,"214 Chalan Pale Ramon Haya Rt 1 Yigo, GU 96929",Active,Yes,,,,4,,2018-12-05 00:00:00,Double-walled,Fiberglass Reinforced Plastic,,,,,FRP,,,2018-12-05 00:00:00,,,,
GEPA-UST-055,Yigo Perez Acres Mobil Service Station,"465 Marine Corps Drive Yigo, GU 96929",Active,Yes,,,,3,,2018-08-31 00:00:00,Double-walled,Fiberglass Reinforced Plastic,,,,,FRP,,,2018-08-31 00:00:00,,,,
GEPA-UST-056,Yona Mobil Service Station,"1552 North Kanton Tasi Street Yona, GU",Active,Yes,,,,4,,1994-08-31 00:00:00,Double-walled,Fiberglass Reinforced Plastic,,,,,FRP,,,1994-08-31 00:00:00,,,,
GEPA-UST-057,Ysengsong Mobil Service Station,"Bldg 240 East Marine Corps Drive Dededo, GU 96929",Active,Yes,,,,4,,2003-07-01 00:00:00,Doubnle-walled,Fiberglass Reinforced Plastic,,,,,FRP,,,2003-07-01 00:00:00,,,,
GEPA-UST-058,Nissan Upper Tumon,"1012 North Marine Corps Drive Tamuning, GU",Active,Yes,,,,2,,2016-08-31 00:00:00,Double-walled,Fiberglass Reinforced Plastic,,,,,FRP,,,2016-08-31 00:00:00,,,,
GEPA-UST-059,Oka Towers Condominium,"Suite 1514 162 Western Blvd Tamuning, GU",Active,Yes,,,,1,,1989-01-31 00:00:00,,Epoxy Coated Steel,,,,,,X,Secondary Containment,1989-01-31 00:00:00,,,,
GEPA-UST-060,Onard Mangilao Golf Club,"1810 Rt 15 Pagat Mangilao, GU",Active,Yes,,,,1,,1999-12-31 00:00:00,Double-walled,Fiberglass Reinforced Plastic,,,,,FRP,,,1999-12-31 00:00:00,,,,
GEPA-UST-061,Onward Talofofo Golf Club,"825 Route 4A Talofofo, GU",Active,Yes,,,,5,,1992-12-31 00:00:00,Double-walled,Fiberglass Reinforced Plastic,,,,,FRP,,,1992-12-31 00:00:00,,,,
GEPA-UST-062,Pacific Islands Club Guam,"210 Pale San Vitores Road Tamuning, GU",Active,Yes,,,,2,,1985-07-31 00:00:00,Double-walled,Fiberglass Reinforced Plastic,,,,,FRP,,,1985-07-31 00:00:00,,,,
GEPA-UST-063,Reflection Center,"222 Chalan Santo Papa Suite 304 Hagatna, GU 96910",Active,Yes,,,,1,,1989-01-31 00:00:00,,Fiberglass Reinforced Plastic,,,,,FRP,,,1989-01-31 00:00:00,,,,
GEPA-UST-064,Alupang Beach Club,"997 South Marine Drive Tamunin,g GU",Active,Yes,,,,1,,1991-12-31 00:00:00,Double-walled,Fiberglass Reinforced Plastic,,,,,FRP,,,1991-12-31 00:00:00,,,,
GEPA-UST-065,Shell/Foody's Barrigada ,"446 West Rt 8 Brrigada, GU 96913",Active,Yes,,,,5,,1988-12-01 00:00:00,Double-walled,Fiberglass Reinforced Plastic,,,,,FRP,,,1988-12-01 00:00:00,,,,
GEPA-UST-066,Shell Chalan Pago,"160 North Chalan Kanton Tasi Rt 4 Chalan Pago, GU",Active,Yes,,,,3,,1998-11-30 00:00:00,Double-walled,Fiberglass Reinforced Plastic,,,,,FRP,,,1998-11-30 00:00:00,,,,
GEPA-UST-067,Shell/Foody's Dededo,"184 East Marine Corps Drive Dededo, GU 96929",Active,Yes,,,,3,,2004-12-31 00:00:00,Double-walled,Fiberglass Reinforced Plastic,,,,,FRP,,,2004-12-31 00:00:00,,,,
GEPA-UST-068 ,Shell/Foody;s Hagatna,"380 East Marine Corps Drive Rt 1 Hagatna, GU 96910",Active,Yes,,,,3,,2005-05-31 00:00:00,Double-walled,Fiberglass Reinforced Plastic,,,,,FRP,,,2005-05-31 00:00:00,,,,
GEPA-UST-146,Shell/Foody's Harmon,"1779 Rt 16 Tamuing, GU",Active,Yes,,,,3,,2018-01-01 00:00:00,Double-walled,Fiberglass Reinforced Plastic,,,,,FRP,,,2018-01-01 00:00:00,,,,
GEPA-UST-070,Hotel Nikko Guam,"245 Gun Beach Road Tamuning, GU ",Active,Yes,,,,2,,1991-12-31 00:00:00,Double-walled,Fiberglass Reinforced Plastic,,,,,FRP,,,1991-12-31 00:00:00,,,,
GEPA-UST-071,Shell Foody's Mangilao,"480 South Rt 10 Mangilao, GU",Active,Yes,,,,2,,1989-01-31 00:00:00,Double-walled,Fiberglass Reinforced Plastic,,,,,FRP,,,1989-01-31 00:00:00,,,,
GEPA-UST-072,Shell/Foody's NCS,"1822 NCS Finegayan Dededo, GU",Active,Yes,,,,3,,2002-01-31 00:00:00,Double-walled,Fiberglass Reinforced Plastic,,,,,FRP,,,2002-01-31 00:00:00,,,,
GEPA-UST-140,Shell Foody's Micro Mall/JIB,"1355 Rt 1 North Marine Corps Drive Eupper Tumon, GU",Active,Yes,,,,4,,2014-03-30 00:00:00,Double-walled,Fiberglass Reinforced Plastic,,,,,FRP,,,2014-03-30 00:00:00,,,,
GEPA-UST-073,Onward Mangilao Golf Course,"1810 Route 15 Pagat Mangilao, GU",Active,Yes,,,,2,,1991-12-31 00:00:00,Double-walled,Fiberglass Reinforced Plastic,,,,,FRP,,,1991-12-31 00:00:00,,,,
GEPA-UST-075,Shell Tamuning,"180 Chalan Pale Ramon Haya Rt 1 Yigo, GU 96929",Active,Yes,,,,3,,1991-12-31 00:00:00,Double-walled,Fiberglass Reinforced Plastic,,,,,FRP,,,1991-12-31 00:00:00,,,,
GEPA-UST-076,Shell Tiyan,"111 Tiyan Route 10 Barrigada, GU 96913",Active,Yes,,,,2,,2002-07-31 00:00:00,Double-walled,Fiberglass Reinforced Plastic,,,,,FRP,,,2002-07-31 00:00:00,,,,
GEPA-UST-077,Shell Foody's Tumon ,"280 North Marine Corps Drive Upper Tumon Tamuning, GU",Active,Yes,,,,4,,1989-12-29 00:00:00,Double-walled,Fiberglass Reinforced Plastic,,,,,FRP,,,1989-12-29 00:00:00,,,,
GEPA-UST-078,Shell Foody's Yigo,"214 Chalan Pale Ramon Haya Rt 1 Yigo, GU 96929",Active,Yes,,,,3,,1994-12-30 00:00:00,Double-walled,Fiberglass Reinforced Plastic,,,,,FRP,,,1994-12-30 00:00:00,,,,
GEPA-UST-079,Rihga Royal Laguna Resort,"470 Farenholt Avenue Tamuning, GU",Active,Yes,,,,2,,1990-12-01 00:00:00,Double-walled,Fiberglass Reinforced Plastic,,,,,FRP,,,1990-12-01 00:00:00,,,,
GEPA-UST-080,Hyatt Regency Guam,"115 San Vitores Road Tamuning, GU",Active,Yes,,,,2,,1993-04-30 00:00:00,Double-walled,Fiberglass Reinforced Plastic,,,,,FRP,,,1993-04-30 00:00:00,,,,
GEPA-UST-081,Leo Palace Resort,"Mannnegon Hills Yona, GU",Active,Yes,,,,5,,1992-09-30 00:00:00,Double-walled,Fiberglass Reinforced Plastic/Cathodically Protected Steel,,,,,FRP,,,1992-09-30 00:00:00,,,,
GEPA-UST-083,Lufthansa Service (LSG),"166 Guerrero St Harmon Industrial Park Tamuning, GU",Active,Yes,,,,1,,1993-09-30 00:00:00,Double-walled,Fiberglass Reinforced Plastic,,,,,FRP,,,1993-09-30 00:00:00,,,,
GEPA-UST-084,76 Agat Station,"Route 2 Lot 33-1-1-1 Agat, GU",Active,Yes,,,,3,,1994-11-30 00:00:00,Double-walled,Fiberglass Reinforced Plastic,,,,,FRP,,,1994-11-30 00:00:00,,,,
GEPA-UST-085,76 Airport Station,"Intersections of Rt1 & Rt10ATamunin,g GU",Active,Yes,,,,3,,1994-09-30 00:00:00,Double-walled,Fiberglass Reinforced Plastic,,,,,FRP,,,1994-09-30 00:00:00,,,,
GEPA-UST-086,76 Anigua Station,"Rt 1 Anigua, GU",Active,Yes,,,,3,,1992-04-30 00:00:00,Double-walled,Fiberglass Reinforced Plastic,,,,,FRP,,,1992-04-30 00:00:00,,,,
GEPA-UST-087,76 Barrigada Station,"Intersection of Rt 8 & rt 10 Barrigada, GU 96913",Active,Yes,,,,3,,1992-03-31 00:00:00,Double-walled,Fiberglass Reinforced Plastic,,,,,FRP,,,1992-03-31 00:00:00,,,,
GEPA-UST-088,76 Cabras Station,"Cabras Rd Rt 11 Lot 2 Lot 3A Tract 245 Cabras Island Piti, GU 96915",Active,Yes,,,,1,,1991-11-29 00:00:00,Double-walled,Fiberglass Reinforced Plastic,,,,,FRP,,,1991-11-29 00:00:00,,,,
GEPA-UST-089,76 Dededo Station,"Rt 1 Dededo, GU 96929",Active,Yes,,,,3,,1990-03-30 00:00:00,Double-walled,Fiberglass Reinforced Plastic,,,,,FRP,,,1990-03-30 00:00:00,,,,
GEPA-UST-090,76 Malojloj Station,"Rt 4 Inarajan, GU 96917",Active,Yes,,,,3,,1992-04-30 00:00:00,Double-walled,Fiberglass Reinforced Plastic,,,,,FRP,,,1992-04-30 00:00:00,,,,
GEPA-UST-091,76 Ocean Vista Station,"Intersection of Rt 1 & Rt 10B Tamuning, GU",Active,Yes,,,,3,,1992-08-31 00:00:00,Double-walled,Fiberglass Reinforced Plastic,,,,,FRP,,,1992-08-31 00:00:00,,,,
GEPA-UST-092,76 Piti Station,"396 Marine Corps Drive Piti, GU 96915",Active,Yes,,,,2,,2010-01-29 00:00:00,Double-walled,Fiberglass Reinforced Plastic,,,,,FRP,,,2010-01-29 00:00:00,,,,
GEPA-UST-093,76 Sinajana Station,"Rt 4 Sinajana, GU",Active,Yes,,,,3,,1991-10-30 00:00:00,Double-walled,Fiberglass Reinforced Plastic,,,,,FRP,,,1991-10-30 00:00:00,,,,
GEPA-UST-094,76 Ypao Station,"Intersection of Rt 1 & Rt 10B Tamuning, GU",Active,Yes,,,,3,,1990-08-31 00:00:00,Double-walled,Fiberglass Reinforced Plastic,,,,,FRP,,,1990-08-31 00:00:00,,,,
GEPA-UST-095,Paradisu Estates,"Cross Island Road Rt 4A Talofofo, GU",Active,Yes,,,,1,,2009-05-29 00:00:00,,Cathodically Protected SteeL,,,,,,X,,2009-05-29 00:00:00,,,,
GEPA-UST-096,Talo Verde Estates,"Ypao Road Tamuning, GU ",Active,Yes,,,,2,,2008-01-31 00:00:00,,Cathodically Protected Steel,x,,,,,,,2008-01-31 00:00:00,,,,
GEPA-UST-097,Bldg 303 NEX Autoport,"Bldg 303 Buktard Avenue NCTAMS Dededo, GU 96929",Active,Yes,,,,4,,2013-09-30 00:00:00,Double-walled,Polyethylene Tank Jacket,,,,,,X,,2013-09-30 00:00:00,,,,
GEPA-UST-099,University of Guam,"UOG Station Mangilao, GU",Active,Yes,,,,3,,1991-11-29 00:00:00,Double-walled,Cathodically Protected Steel,,,,,,X,,1991-11-29 00:00:00,,,,
GEPA-UST-100,East West Business Center,"744 North Marine Corps Drive Tamuning, GU",Active,Yes,,,,2,,1995-09-25 00:00:00,Double-walled,Fiberglass Reinforced Plastic,,,,,FRP,,,1995-09-25 00:00:00,,,,
GEPA-UST101,Pacific Star And Spa Resort,"627B Pale San Vitores Road Tamuning, GU",Active,Yes,,,,2,,1986-12-31 00:00:00,Double-walled,Fiberglass Reinforced Plastic,,,,,FRP,,,1986-12-31 00:00:00,,,,
GEPA-UST-102 ,Docomo Pacific Agana,"173 Aspinall Avenue Hagana, GU",Active,Yes,,,,1,,1994-02-01 00:00:00,Double-walled,Fiberglass Reinforced Plastic,,,,,FRP,,,1994-02-01 00:00:00,,,,
GEPA-UST-103,Docomo Pacific Yona,"Lot 177-1 Pulantat 570 Chalan Teloforo Yona, GU",Active,Yes,,,,1,,1994-02-02 00:00:00,Double-walled,,,,,,FRP,,,1994-02-02 00:00:00,,,,
GEPA-UST-104,"Triple J Enterprises, Inc.","470 N Marine Corps Drive Tamuning, GU",Active,Yes,,,,2,,1994-02-03 00:00:00,Double-walled,Fiberglass Reinforced Plastic,,,,,FRP,,,1994-02-03 00:00:00,,,,
GEPA-UST-105,MVP Business Complex,"T232 B21122 777 Rt 4 Sinajana, GU",Active,Yes,,,,1,,1994-02-04 00:00:00,,Bare Steel,,,,,,,,1994-02-04 00:00:00,,,,
GEPA-UST-106,GTA Mangilao Remote,"Intersection of Rt 10 & Rt 15 Mangilao, GU",Active,Yes,,,,1,,1994-02-05 00:00:00,Double-walled,Fiberglass Reinforced Plastic,,,,,FRP,,,1994-02-05 00:00:00,,,,
GEPA-UST-107,GTA Tumon Central Office,"624 N Marine Corps Drive Tamuning, GU",Active,Yes,,,,1,,1994-02-06 00:00:00,Double-walled,Fiberglass Reinforced Plastic,,,,,FRP,,,1994-02-06 00:00:00,,,,
GEPA-UST-108 ,GTA Agana Central Office,"241 Martyr St Hagatna, GU",Active,Yes,,,,1,,1994-02-07 00:00:00,Double-walled,Fiberglass Reinforced Plastic,,,,,FRP,,,1994-02-07 00:00:00,,,,
GEPA-UST-109,GTA Dededo Central Office,"Intersection of Rt 1 and Rt 27 Dededo, GU",Active,Yes,,,,1,,1994-02-08 00:00:00,Double-walled,Fiberglass Reinforced Plastic,,,,,FRP,,,1994-02-08 00:00:00,,,,
GEPA-UST-110,AAFES Gas Station & Kiosk,"430 Army Drive Barrigada, GU 96913",Active,Yes,,,,2,,1994-02-09 00:00:00,Double-walled,Fiberglass Reinforced Plastic,,,,,FRP,,,1994-02-09 00:00:00,,,,
GEPA-UST-111,Guam Judicial Center,"120 West O'Brien  Hagatna, GU",Active,Yes,,,,1,,1990-01-01 00:00:00,Double-walled,Fiberglass Reinforced Plastic,,,,,FRP,,,1990-01-01 00:00:00,,,,
GEPA-UST-113,Agana Beach Condominium,"Lot 2121 1-4 Tamuning, GU",Active,Yes,,,,1,,1992-12-01 00:00:00,Double-walled,Fiberglass Reinforced Plastic,,,,,FRP,,,1992-12-01 00:00:00,,,,
GEPA-UST-114,Coast 360 Federal Credit Union,"450 Rt 8 Maite, GU",Active,Yes,,,,1,,2010-03-01 00:00:00,Double-walled,Fiberglass Reinforced Plastic,,,,,FRP,,,2010-03-01 00:00:00,,,,
GEPA-UST-115,Villa Kanton Tasi Condominium,"301 Frank Cushing Way Tamuning, GU",Active,Yes,,,,1,,2001-02-06 00:00:00,Double-walled,Fiberglass Reinforced Plastic,,,,,FRP,,,2001-02-06 00:00:00,,,,
GEPA-UST-116,Agat New SPS 1,"Rt 2 across Agat Marina Agat, GU",Active,Yes,,,,1,,1997-07-01 00:00:00,Double-walled,Fiberglass Reinforced Plastic,,,,,FRP,,,1997-07-01 00:00:00,,,,
GEPA-UST-117,Agat New SPS 2 (Tipalao),"Route 2A Agat, GU",Active,Yes,,,,1,,1997-05-01 00:00:00,Double-walled,Fiberglass Reinforced Plastic,,,,,FRP,,,1997-05-01 00:00:00,,,,
GEPA-UST-119,Chaligan/Taleyfac SPS,"Rt 2 Across Agat Marina Agat, GU",Active,Yes,,,,1,,1997-10-01 00:00:00,Double-walled,Fiberglass Reinforced Plastic,,,,,FRP,,,1997-10-01 00:00:00,,,,
GEPA-UST-120,Chaot SPS - New,"Afame rt 4 Sinajana, GU",Active,Yes,,,,1,,1999-06-01 00:00:00,,,,,,,,X,,1999-06-01 00:00:00,,,,
GEPA-UST-121,Commercial Port SPS - New,"Cabras Highway Piti, GU 96915",Active,Yes,,,,1,,2001-12-01 00:00:00,Double-walled,Fiberglass Reinforced Plastic,,,,,FRP,,,2001-12-01 00:00:00,,,,
GEPA-UST-122,Leyang SPS,"off Dairy Road Mangilao, GU",Active ,Yes,,,,1,,2006-02-01 00:00:00,Double-walled,Fiberglass Reinforced Plastic,,,,,FRP,,,2006-02-01 00:00:00,,,,
GEPA-UST-123,SureStay Hotel,"122 Hassalao Street Rt 8 Barrigada, GU 96913",Active,Yes,,,,1,,1991-12-01 00:00:00,Double-walled,Fiberglass Reinforced Plastic,,,,,FRP,,,1991-12-01 00:00:00,,,,
GEPA-UST-124,NEX NRMC Bldg 5 Autoport,"Bldg 5 Naval Regional Medical Center, Agana Heights, GU",Active,Yes,,,,2,,1990-08-01 00:00:00,Double-walled,Fiberglass Reinforced Plastic,,,,,FRP,,,1990-08-01 00:00:00,,,,
GEPA-UST-126,Laguna Pago Bay,"rt 4 Yona, GU",Active,Yes,,,,2,,2009-12-01 00:00:00,,Epoxy Coated Steel,,,,,,,,2009-12-01 00:00:00,,,,
GEPA-UST-127,POL Fuel Pump House 1 & Receipt Pad,"B26200 & 26210 MArinanas Blvd Andersen AFB, GU",Active,Yes,,,,2,,12/1/2000 & 2/1/2001,,Composite (Steel w/ FRP),,,,,FRP,,,12/1/2000 & 2/1/2001,,,,
GEPA-UST-127,POL Fuel Pump House 2,"Bldg 19021 Arc Light Blvd Andersen AFB, GU",Active,Yes,,,,1,,2001-11-01 00:00:00,,Cathodically Protected Steel,,,,,,,,2001-11-01 00:00:00,,,,
GEPA-UST-127,Fuel Pump Houses 3 & 4,"B-2590 & 2595 Marianas Blvd Andersen AFB, GU",Active,Yes,,,,2,,2005-01-01 00:00:00,Double-walled,Cathodically Protected Steel,,,,,,,,2005-01-01 00:00:00,,,,
GEPA-UST-128,Sand Castle Incorporated,1199 Pale San Vitores Road Tamuning. GU,Active,Yes,,,,1,,1990-10-01 00:00:00,Double-walled,Cathodically Protected Steel,,,,,,,,1990-10-01 00:00:00,,,,
GEPA-UST-129,First Hawaiian Bank,"400 Rt 8 MongMong Maite Branch MongMong, GU",Active,Yes,,,,1,,1993-10-01 00:00:00,Double-walled,Fiberglass Reinforced Plastic,,,,,FRP,,,1993-10-01 00:00:00,,,,
GEPA-UST-130,Guam Homeland Security/OCD,"221-B Chalan Payasyo Agana Heights, GU",Active,Yes,,,,1,,2007-09-01 00:00:00,Double-walled,Fiberglass Reinforced Plastic,,,,,FRP,,,2007-09-01 00:00:00,,,,
GEPA-UST-131,Skilled Nursing Unit,"449 North Sabana Drive Barrigada, GU 96913",Active,Yes,,,,1,,1995-05-01 00:00:00,Double-walled,Fiberglass Reinforced Plastic,,,,,FRP,,,1995-05-01 00:00:00,,,,
GEPA-UST-132,Mental Health and Substance Abuse,"790 Gov Carlos G Camacho Rd Tamuning, GU",Active,Yes,,,,1,,1993-12-01 00:00:00,Double-walled,Fiberglass Reinforced Plastic,,,,,FRP,,,1993-12-01 00:00:00,,,,
GEPA-UST-135,Layon Landfill,"1130 Chalan Layon Inarajan, GU 96917",Active,Yes,,,,1,,2011-01-01 00:00:00,Double-walled,Fiberglass Reinforced Plastic,,,,,FRP,,,2011-01-01 00:00:00,,,,
GEPA-UST-137,Guam Area Fuel Division,"Bldg 1700 Marine Corps Drive Piti, GU 96915",Active,Yes,,,,18,,1952-12-01 00:00:00,,Bare Steel,,,,,,,,1952-12-01 00:00:00,,,,
GEPA-UST-137,Guam Area Fuel Division,"Bldg 1700 Marine Corps Drive Piti, GU 96915",Active,Yes,,,,2,,1954-12-01 00:00:00,,Bare Steel,,,,,,,,1954-12-01 00:00:00,,,,
GEPA-UST-137,Guam Area Fuel Division,"Bldg 1700 Marine Corps Drive Piti, GU 96915",Active,Yes,,,,2,,1957-12-01 00:00:00,,Bare Steel,,,,,,,,1957-12-01 00:00:00,,,,
GEPA-UST-137,Guam Area Fuel Division,"Bldg 1700 Marine Corps Drive Piti, GU 96915",Active,Yes,,,,5,,1960-12-01 00:00:00,,Bare Steel,,,,,,,,1960-12-01 00:00:00,,,,
GEPA-UST-138,Andy III Tanks 19-24,"Bldg 14513-14510 Andy III Tank Farm AAFB Yigo, GU",Active,Yes,,,,6,,1984-12-01 00:00:00,,Epoxy Coated Steel,,X,,,,,,1984-12-01 00:00:00,,,,
GEPA-UST-139,Guam Memorial Hospital Authority,"850 Governor Carlos Camacho Rd Tamuning, GU",Active,Yes,,,,1,,2013-06-01 00:00:00,,Cathodically Protected Steel,,,,,,,,2013-06-01 00:00:00,,,,
GEPA-UST-141,NEX Autoport/ Minimart Service Station,"Bldg 1760 Marine Corps Drive Sanata rita, GU",Active,Yes,,,,4,,2013-07-22 00:00:00,Double-walled,Fiberglass Reinforced Plastic,,,,,FRP,,,2013-07-22 00:00:00,,,,
GEPA-UST-142,Applebee's Restaurant,"341 Chalan San Santonio Unit A Tamuning, GU",Active,Yes,,,,1,,2014-07-01 00:00:00,Double-walled,Fiberglass Reinforced Plastic,,,,,FRP,,,2014-07-01 00:00:00,,,,
GEPA-UST-143,IHOP,"249 Chalan San Antonio Bldg 3 Tamuning, GU",Active,Yes,,,,1,,2015-06-01 00:00:00,Double-walled,Fiberglass Reinforced Plastic,,,,,FRP,,,2015-06-01 00:00:00,,,,
GEPA-UST-144,Ambros Incorporated,"124 Chalan Achote HArmon Industrial Park Tamuning, GU",Active,Yes,,,,2,,2015-04-01 00:00:00,Double-walled,Fiberglass Reinforced Plastic,,,,,FRP,,,2015-04-01 00:00:00,,,,
GEPA-UST-145,Westin Resort Guam,"105 Gun Beach Road Tamuning, GU",Active,Yes,,,,1,,1992-02-01 00:00:00,,Fiberglass Reinforced Plastic,,,,,FRP,,,1992-02-01 00:00:00,,,,
GEPA-UST-044,Naval Hospital,"Bldg 5 Naval Regional Medical Center, Agana Heights, GU",Active,Yes,,,,1,,2014-03-18 00:00:00,,,,,,,,,,2014-03-18 00:00:00,,,,
GEPA-UST-045,Guam Regional Medical Facility,"133 Route 3 Dededo, GU 96929",Active,,,,,1,,2014-03-05 00:00:00,,,,,,,,,,2014-03-05 00:00:00,,,,
GEPA-UST-048,GIAA,"Chalan Pasheru Tamuning, GU",Active,Yes,,,,1,,2011-08-01 00:00:00,,,,,,,,,,2011-08-01 00:00:00,,,,
GEPA-UST-049,Red Horse Gas Station,"Ritidian Dededo, GU 96929",Active,Yes,,,,1,,2006-12-01 00:00:00,,,,,,,,,,2006-12-01 00:00:00,,,,
GEPA-UST-050,Marine Wing Support Squadron Facility,"AAFB North Ramp AAFB, Yigo, GU 96929",Active,Yes,,,,5,,2000-06-01 00:00:00,,,,,,,,,,2000-06-01 00:00:00,,,,
GEPA-UST-038,Former Martinez Service Station,"Lot 10 Block 1 Tract 109 Barrigada, GU 96913",Active,Yes,,,,3,,1986-06-01 00:00:00,Double-walled,Fiberglass Reinforced Plastic,,,,,FRP,,,1986-06-01 00:00:00,,,,
GEPA-UST-043,Tumon Bay Capitol Hotel,"1448 Pale San Vitores St Taamuning, GU",Active,Yes,,,,1,,2001-05-01 00:00:00,,,,,,,,,,2001-05-01 00:00:00,,,,
